{
    "landmark_0": {
        "x": 0.5062640309333801,
        "y": 0.4393523037433624,
        "z": -0.28948909044265747
    },
    "landmark_1": {
        "x": 0.5085371136665344,
        "y": 0.4267232120037079,
        "z": -0.27984946966171265
    },
    "landmark_2": {
        "x": 0.509697675704956,
        "y": 0.4258035123348236,
        "z": -0.2798740863800049
    },
    "landmark_3": {
        "x": 0.5110102891921997,
        "y": 0.42504608631134033,
        "z": -0.27993568778038025
    },
    "landmark_4": {
        "x": 0.5041839480400085,
        "y": 0.4255112111568451,
        "z": -0.2850036919116974
    },
    "landmark_5": {
        "x": 0.5024641156196594,
        "y": 0.42368727922439575,
        "z": -0.2850774824619293
    },
    "landmark_6": {
        "x": 0.499871164560318,
        "y": 0.4217527508735657,
        "z": -0.28516316413879395
    },
    "landmark_7": {
        "x": 0.509385883808136,
        "y": 0.4228956997394562,
        "z": -0.19104616343975067
    },
    "landmark_8": {
        "x": 0.49469098448753357,
        "y": 0.41778627038002014,
        "z": -0.21430209279060364
    },
    "landmark_9": {
        "x": 0.5082297325134277,
        "y": 0.44687142968177795,
        "z": -0.25231513381004333
    },
    "landmark_10": {
        "x": 0.5024786591529846,
        "y": 0.44721847772598267,
        "z": -0.25943878293037415
    },
    "landmark_11": {
        "x": 0.5275235772132874,
        "y": 0.4752098619937897,
        "z": -0.11504952609539032
    },
    "landmark_12": {
        "x": 0.4691675305366516,
        "y": 0.4654093384742737,
        "z": -0.1689816415309906
    },
    "landmark_13": {
        "x": 0.5317606329917908,
        "y": 0.5548921823501587,
        "z": -0.1277301162481308
    },
    "landmark_14": {
        "x": 0.4867347776889801,
        "y": 0.5543467402458191,
        "z": -0.21924635767936707
    },
    "landmark_15": {
        "x": 0.5278485417366028,
        "y": 0.5635300874710083,
        "z": -0.19545429944992065
    },
    "landmark_16": {
        "x": 0.5207338333129883,
        "y": 0.5741551518440247,
        "z": -0.2964281737804413
    },
    "landmark_17": {
        "x": 0.528644859790802,
        "y": 0.5679188370704651,
        "z": -0.2163112610578537
    },
    "landmark_18": {
        "x": 0.5278545618057251,
        "y": 0.5846186280250549,
        "z": -0.32523417472839355
    },
    "landmark_19": {
        "x": 0.5275158286094666,
        "y": 0.5595970749855042,
        "z": -0.22914251685142517
    },
    "landmark_20": {
        "x": 0.5287554264068604,
        "y": 0.5757052898406982,
        "z": -0.33039870858192444
    },
    "landmark_21": {
        "x": 0.5262477993965149,
        "y": 0.5575531125068665,
        "z": -0.20252713561058044
    },
    "landmark_22": {
        "x": 0.5268266797065735,
        "y": 0.5726755857467651,
        "z": -0.2995006740093231
    },
    "landmark_23": {
        "x": 0.518405556678772,
        "y": 0.6489331722259521,
        "z": 0.0003618613991420716
    },
    "landmark_24": {
        "x": 0.47560256719589233,
        "y": 0.6389418244361877,
        "z": -0.000266407267190516
    },
    "landmark_25": {
        "x": 0.5263398885726929,
        "y": 0.7744395136833191,
        "z": -0.08107147365808487
    },
    "landmark_26": {
        "x": 0.41957226395606995,
        "y": 0.7227477431297302,
        "z": -0.14714579284191132
    },
    "landmark_27": {
        "x": 0.5149356722831726,
        "y": 0.8560948967933655,
        "z": 0.10531289875507355
    },
    "landmark_28": {
        "x": 0.376762330532074,
        "y": 0.8328427076339722,
        "z": -0.08721126616001129
    },
    "landmark_29": {
        "x": 0.5073894262313843,
        "y": 0.8717263340950012,
        "z": 0.11942888796329498
    },
    "landmark_30": {
        "x": 0.37319642305374146,
        "y": 0.8711708188056946,
        "z": -0.08591897785663605
    },
    "landmark_31": {
        "x": 0.5274117588996887,
        "y": 0.9059509038925171,
        "z": 0.035757750272750854
    },
    "landmark_32": {
        "x": 0.3411901295185089,
        "y": 0.8277609348297119,
        "z": -0.187848299741745
    }
}