{
    "landmark_0": {
        "x": 0.5290316343307495,
        "y": 0.4578727185726166,
        "z": -0.18622149527072906
    },
    "landmark_1": {
        "x": 0.5332633256912231,
        "y": 0.4465961158275604,
        "z": -0.1733497828245163
    },
    "landmark_2": {
        "x": 0.5351894497871399,
        "y": 0.44656071066856384,
        "z": -0.17339715361595154
    },
    "landmark_3": {
        "x": 0.5370787382125854,
        "y": 0.4466068148612976,
        "z": -0.173489049077034
    },
    "landmark_4": {
        "x": 0.5275335311889648,
        "y": 0.4446372985839844,
        "z": -0.17547999322414398
    },
    "landmark_5": {
        "x": 0.5254350304603577,
        "y": 0.4431590735912323,
        "z": -0.1754688173532486
    },
    "landmark_6": {
        "x": 0.5232661366462708,
        "y": 0.4417998492717743,
        "z": -0.17548146843910217
    },
    "landmark_7": {
        "x": 0.538419246673584,
        "y": 0.44839346408843994,
        "z": -0.08391064405441284
    },
    "landmark_8": {
        "x": 0.5182291865348816,
        "y": 0.4422902464866638,
        "z": -0.09377007931470871
    },
    "landmark_9": {
        "x": 0.5320417881011963,
        "y": 0.4681677222251892,
        "z": -0.1509658694267273
    },
    "landmark_10": {
        "x": 0.5235830545425415,
        "y": 0.46670883893966675,
        "z": -0.1540321707725525
    },
    "landmark_11": {
        "x": 0.5495021939277649,
        "y": 0.5008407235145569,
        "z": -0.04413653910160065
    },
    "landmark_12": {
        "x": 0.4935406744480133,
        "y": 0.48493820428848267,
        "z": -0.07216046005487442
    },
    "landmark_13": {
        "x": 0.5685364603996277,
        "y": 0.5399570465087891,
        "z": -0.1844247728586197
    },
    "landmark_14": {
        "x": 0.4987117350101471,
        "y": 0.549945056438446,
        "z": -0.18341143429279327
    },
    "landmark_15": {
        "x": 0.5781409740447998,
        "y": 0.46930545568466187,
        "z": -0.34315386414527893
    },
    "landmark_16": {
        "x": 0.5126239061355591,
        "y": 0.5600727200508118,
        "z": -0.31970593333244324
    },
    "landmark_17": {
        "x": 0.5852363705635071,
        "y": 0.4477759897708893,
        "z": -0.38259461522102356
    },
    "landmark_18": {
        "x": 0.5130431056022644,
        "y": 0.5643772482872009,
        "z": -0.35121917724609375
    },
    "landmark_19": {
        "x": 0.5845736265182495,
        "y": 0.442393958568573,
        "z": -0.3783315420150757
    },
    "landmark_20": {
        "x": 0.514657199382782,
        "y": 0.5604375600814819,
        "z": -0.3543289303779602
    },
    "landmark_21": {
        "x": 0.5790536403656006,
        "y": 0.4503326117992401,
        "z": -0.3471873104572296
    },
    "landmark_22": {
        "x": 0.515130341053009,
        "y": 0.5608821511268616,
        "z": -0.32554152607917786
    },
    "landmark_23": {
        "x": 0.5174791216850281,
        "y": 0.6735986471176147,
        "z": 0.005610723048448563
    },
    "landmark_24": {
        "x": 0.47676438093185425,
        "y": 0.6586989164352417,
        "z": -0.005494608078151941
    },
    "landmark_25": {
        "x": 0.5463675856590271,
        "y": 0.7757072448730469,
        "z": -0.12227128446102142
    },
    "landmark_26": {
        "x": 0.41818323731422424,
        "y": 0.7457364201545715,
        "z": -0.1487710326910019
    },
    "landmark_27": {
        "x": 0.5216780304908752,
        "y": 0.8529695868492126,
        "z": 0.0704447403550148
    },
    "landmark_28": {
        "x": 0.3900897800922394,
        "y": 0.8516420722007751,
        "z": -0.02696159854531288
    },
    "landmark_29": {
        "x": 0.5104721188545227,
        "y": 0.8698495030403137,
        "z": 0.08557526022195816
    },
    "landmark_30": {
        "x": 0.39177870750427246,
        "y": 0.878034234046936,
        "z": -0.01988065056502819
    },
    "landmark_31": {
        "x": 0.5428984761238098,
        "y": 0.8979240655899048,
        "z": 0.017920726910233498
    },
    "landmark_32": {
        "x": 0.3633793592453003,
        "y": 0.8704499006271362,
        "z": -0.10796044766902924
    }
}