{
    "landmark_0": {
        "x": 0.519717276096344,
        "y": 0.3899202048778534,
        "z": -0.1539739966392517
    },
    "landmark_1": {
        "x": 0.5246720910072327,
        "y": 0.3783230185508728,
        "z": -0.13928410410881042
    },
    "landmark_2": {
        "x": 0.5264835357666016,
        "y": 0.37943047285079956,
        "z": -0.13927118480205536
    },
    "landmark_3": {
        "x": 0.5283041000366211,
        "y": 0.3803793489933014,
        "z": -0.13930846750736237
    },
    "landmark_4": {
        "x": 0.519286036491394,
        "y": 0.3728569746017456,
        "z": -0.15177209675312042
    },
    "landmark_5": {
        "x": 0.5172361135482788,
        "y": 0.3705040514469147,
        "z": -0.15176445245742798
    },
    "landmark_6": {
        "x": 0.5152992606163025,
        "y": 0.36831697821617126,
        "z": -0.15176737308502197
    },
    "landmark_7": {
        "x": 0.5274325013160706,
        "y": 0.38348084688186646,
        "z": -0.043426476418972015
    },
    "landmark_8": {
        "x": 0.5076780319213867,
        "y": 0.36805596947669983,
        "z": -0.10192029178142548
    },
    "landmark_9": {
        "x": 0.520715594291687,
        "y": 0.40319421887397766,
        "z": -0.11569331586360931
    },
    "landmark_10": {
        "x": 0.5124706029891968,
        "y": 0.3967120349407196,
        "z": -0.1328803300857544
    },
    "landmark_11": {
        "x": 0.5291793942451477,
        "y": 0.4494692087173462,
        "z": 0.026253681629896164
    },
    "landmark_12": {
        "x": 0.47247427701950073,
        "y": 0.4209119975566864,
        "z": -0.08127442747354507
    },
    "landmark_13": {
        "x": 0.5586410164833069,
        "y": 0.48251470923423767,
        "z": 0.012117501348257065
    },
    "landmark_14": {
        "x": 0.46937090158462524,
        "y": 0.4894827604293823,
        "z": -0.1044253259897232
    },
    "landmark_15": {
        "x": 0.5690367221832275,
        "y": 0.42476561665534973,
        "z": -0.05618564039468765
    },
    "landmark_16": {
        "x": 0.49034109711647034,
        "y": 0.5100510120391846,
        "z": -0.08953780680894852
    },
    "landmark_17": {
        "x": 0.5746409296989441,
        "y": 0.4105879068374634,
        "z": -0.06825192272663116
    },
    "landmark_18": {
        "x": 0.49472540616989136,
        "y": 0.5205875635147095,
        "z": -0.09633845090866089
    },
    "landmark_19": {
        "x": 0.5714498162269592,
        "y": 0.4035049080848694,
        "z": -0.06919275969266891
    },
    "landmark_20": {
        "x": 0.49603453278541565,
        "y": 0.51569002866745,
        "z": -0.1004987582564354
    },
    "landmark_21": {
        "x": 0.5690966248512268,
        "y": 0.40860316157341003,
        "z": -0.059603072702884674
    },
    "landmark_22": {
        "x": 0.4954686760902405,
        "y": 0.5136386156082153,
        "z": -0.08968156576156616
    },
    "landmark_23": {
        "x": 0.5063961148262024,
        "y": 0.6419566869735718,
        "z": 0.015406429767608643
    },
    "landmark_24": {
        "x": 0.46809202432632446,
        "y": 0.6346269845962524,
        "z": -0.015297474339604378
    },
    "landmark_25": {
        "x": 0.5083072185516357,
        "y": 0.7684109210968018,
        "z": 0.06829390674829483
    },
    "landmark_26": {
        "x": 0.42291903495788574,
        "y": 0.7496712803840637,
        "z": -0.0035239867866039276
    },
    "landmark_27": {
        "x": 0.5004077553749084,
        "y": 0.8684604167938232,
        "z": 0.24053756892681122
    },
    "landmark_28": {
        "x": 0.3864447772502899,
        "y": 0.8442562818527222,
        "z": 0.123221755027771
    },
    "landmark_29": {
        "x": 0.493375688791275,
        "y": 0.8794946670532227,
        "z": 0.2543599307537079
    },
    "landmark_30": {
        "x": 0.3872227668762207,
        "y": 0.8641205430030823,
        "z": 0.13185565173625946
    },
    "landmark_31": {
        "x": 0.5079599022865295,
        "y": 0.9180366396903992,
        "z": 0.18727438151836395
    },
    "landmark_32": {
        "x": 0.360061913728714,
        "y": 0.8659073114395142,
        "z": 0.045375775545835495
    }
}