{
    "landmark_0": {
        "x": 0.5470042824745178,
        "y": 0.6754149198532104,
        "z": -0.15106748044490814
    },
    "landmark_1": {
        "x": 0.5494644045829773,
        "y": 0.6749817132949829,
        "z": -0.15831904113292694
    },
    "landmark_2": {
        "x": 0.5499411225318909,
        "y": 0.6748328804969788,
        "z": -0.1582595705986023
    },
    "landmark_3": {
        "x": 0.5504017472267151,
        "y": 0.6747047901153564,
        "z": -0.15824060142040253
    },
    "landmark_4": {
        "x": 0.5479779839515686,
        "y": 0.6744574308395386,
        "z": -0.16280092298984528
    },
    "landmark_5": {
        "x": 0.5475575923919678,
        "y": 0.6741595268249512,
        "z": -0.1628687083721161
    },
    "landmark_6": {
        "x": 0.5471213459968567,
        "y": 0.6738407015800476,
        "z": -0.16295573115348816
    },
    "landmark_7": {
        "x": 0.5506067872047424,
        "y": 0.6722111701965332,
        "z": -0.15719947218894958
    },
    "landmark_8": {
        "x": 0.5456702709197998,
        "y": 0.6704899072647095,
        "z": -0.1784113198518753
    },
    "landmark_9": {
        "x": 0.5461319088935852,
        "y": 0.6748598217964172,
        "z": -0.14594732224941254
    },
    "landmark_10": {
        "x": 0.5447775721549988,
        "y": 0.67397540807724,
        "z": -0.15237531065940857
    },
    "landmark_11": {
        "x": 0.550201952457428,
        "y": 0.6662234663963318,
        "z": -0.1214066743850708
    },
    "landmark_12": {
        "x": 0.5257710218429565,
        "y": 0.6598201990127563,
        "z": -0.15590845048427582
    },
    "landmark_13": {
        "x": 0.548931896686554,
        "y": 0.6573926210403442,
        "z": -0.040495749562978745
    },
    "landmark_14": {
        "x": 0.4929756224155426,
        "y": 0.646578848361969,
        "z": -0.13987715542316437
    },
    "landmark_15": {
        "x": 0.5414612889289856,
        "y": 0.647697389125824,
        "z": 0.02719894051551819
    },
    "landmark_16": {
        "x": 0.4602028727531433,
        "y": 0.6488864421844482,
        "z": -0.1354028433561325
    },
    "landmark_17": {
        "x": 0.5404008030891418,
        "y": 0.6441942453384399,
        "z": 0.0345076248049736
    },
    "landmark_18": {
        "x": 0.44857674837112427,
        "y": 0.6481249332427979,
        "z": -0.14275434613227844
    },
    "landmark_19": {
        "x": 0.5380460023880005,
        "y": 0.6447432637214661,
        "z": 0.02976328134536743
    },
    "landmark_20": {
        "x": 0.45041197538375854,
        "y": 0.6511244177818298,
        "z": -0.15344169735908508
    },
    "landmark_21": {
        "x": 0.5384314060211182,
        "y": 0.6470347046852112,
        "z": 0.027341555804014206
    },
    "landmark_22": {
        "x": 0.4550234377384186,
        "y": 0.6554576754570007,
        "z": -0.1399630606174469
    },
    "landmark_23": {
        "x": 0.5236769318580627,
        "y": 0.7039767503738403,
        "z": 0.010161804966628551
    },
    "landmark_24": {
        "x": 0.5135364532470703,
        "y": 0.6984686851501465,
        "z": -0.010315967723727226
    },
    "landmark_25": {
        "x": 0.5316342711448669,
        "y": 0.6507630348205566,
        "z": 0.1386161744594574
    },
    "landmark_26": {
        "x": 0.5288372039794922,
        "y": 0.6474470496177673,
        "z": 0.11232469230890274
    },
    "landmark_27": {
        "x": 0.5227838754653931,
        "y": 0.6480050683021545,
        "z": 0.28081777691841125
    },
    "landmark_28": {
        "x": 0.518795371055603,
        "y": 0.6434122323989868,
        "z": 0.2552854120731354
    },
    "landmark_29": {
        "x": 0.5194518566131592,
        "y": 0.6478063464164734,
        "z": 0.2955797016620636
    },
    "landmark_30": {
        "x": 0.5171924233436584,
        "y": 0.6416864395141602,
        "z": 0.26983150839805603
    },
    "landmark_31": {
        "x": 0.5246861577033997,
        "y": 0.6437365412712097,
        "z": 0.2875346839427948
    },
    "landmark_32": {
        "x": 0.521102249622345,
        "y": 0.6429462432861328,
        "z": 0.258122980594635
    }
}