{
    "landmark_0": {
        "x": 0.5159406661987305,
        "y": 0.4390208423137665,
        "z": -0.2115139663219452
    },
    "landmark_1": {
        "x": 0.5172245502471924,
        "y": 0.42578935623168945,
        "z": -0.1975652426481247
    },
    "landmark_2": {
        "x": 0.5188450813293457,
        "y": 0.42522573471069336,
        "z": -0.19760486483573914
    },
    "landmark_3": {
        "x": 0.5205186009407043,
        "y": 0.424996018409729,
        "z": -0.19768235087394714
    },
    "landmark_4": {
        "x": 0.5117137432098389,
        "y": 0.42631810903549194,
        "z": -0.20586737990379333
    },
    "landmark_5": {
        "x": 0.5094282031059265,
        "y": 0.4259866178035736,
        "z": -0.2058674544095993
    },
    "landmark_6": {
        "x": 0.5075040459632874,
        "y": 0.42573970556259155,
        "z": -0.20588982105255127
    },
    "landmark_7": {
        "x": 0.519133448600769,
        "y": 0.4264678657054901,
        "z": -0.10258927196264267
    },
    "landmark_8": {
        "x": 0.5017991662025452,
        "y": 0.4282516539096832,
        "z": -0.13914020359516144
    },
    "landmark_9": {
        "x": 0.5186235904693604,
        "y": 0.44792258739471436,
        "z": -0.17322757840156555
    },
    "landmark_10": {
        "x": 0.5108349323272705,
        "y": 0.44725921750068665,
        "z": -0.1839648336172104
    },
    "landmark_11": {
        "x": 0.5337865352630615,
        "y": 0.4708227515220642,
        "z": -0.03400789573788643
    },
    "landmark_12": {
        "x": 0.47690731287002563,
        "y": 0.4711231291294098,
        "z": -0.11308320611715317
    },
    "landmark_13": {
        "x": 0.5659174919128418,
        "y": 0.5021857023239136,
        "z": -0.12434645742177963
    },
    "landmark_14": {
        "x": 0.48953109979629517,
        "y": 0.5309970378875732,
        "z": -0.21872273087501526
    },
    "landmark_15": {
        "x": 0.5747706294059753,
        "y": 0.43547913432121277,
        "z": -0.26396846771240234
    },
    "landmark_16": {
        "x": 0.5347170233726501,
        "y": 0.5229867696762085,
        "z": -0.32837504148483276
    },
    "landmark_17": {
        "x": 0.5814496278762817,
        "y": 0.41568395495414734,
        "z": -0.29520177841186523
    },
    "landmark_18": {
        "x": 0.5451581478118896,
        "y": 0.521647036075592,
        "z": -0.35982754826545715
    },
    "landmark_19": {
        "x": 0.5808696150779724,
        "y": 0.4079034924507141,
        "z": -0.29811811447143555
    },
    "landmark_20": {
        "x": 0.5451482534408569,
        "y": 0.5130071640014648,
        "z": -0.3548367917537689
    },
    "landmark_21": {
        "x": 0.5807285308837891,
        "y": 0.42075225710868835,
        "z": -0.27051523327827454
    },
    "landmark_22": {
        "x": 0.5419024229049683,
        "y": 0.5155426263809204,
        "z": -0.3289477825164795
    },
    "landmark_23": {
        "x": 0.5199301838874817,
        "y": 0.6460572481155396,
        "z": 0.0033960845321416855
    },
    "landmark_24": {
        "x": 0.48056477308273315,
        "y": 0.6385008692741394,
        "z": -0.003219459904357791
    },
    "landmark_25": {
        "x": 0.5383561253547668,
        "y": 0.762052595615387,
        "z": -0.11378145217895508
    },
    "landmark_26": {
        "x": 0.4246273934841156,
        "y": 0.7269713282585144,
        "z": -0.11171939224004745
    },
    "landmark_27": {
        "x": 0.5191134214401245,
        "y": 0.8514906167984009,
        "z": 0.03170826658606529
    },
    "landmark_28": {
        "x": 0.4119764268398285,
        "y": 0.8364088535308838,
        "z": 0.0022109905257821083
    },
    "landmark_29": {
        "x": 0.5089374780654907,
        "y": 0.8687022924423218,
        "z": 0.04116704687476158
    },
    "landmark_30": {
        "x": 0.4159354567527771,
        "y": 0.8661410212516785,
        "z": 0.008167745545506477
    },
    "landmark_31": {
        "x": 0.5353448987007141,
        "y": 0.8932570815086365,
        "z": -0.040864765644073486
    },
    "landmark_32": {
        "x": 0.38336876034736633,
        "y": 0.8573378920555115,
        "z": -0.07583742588758469
    }
}