{
    "landmark_0": {
        "x": 0.49338284134864807,
        "y": 0.37144172191619873,
        "z": -0.14029031991958618
    },
    "landmark_1": {
        "x": 0.49813979864120483,
        "y": 0.36004912853240967,
        "z": -0.12641161680221558
    },
    "landmark_2": {
        "x": 0.5006038546562195,
        "y": 0.3600856065750122,
        "z": -0.12642477452754974
    },
    "landmark_3": {
        "x": 0.5032944083213806,
        "y": 0.3604584038257599,
        "z": -0.12645907700061798
    },
    "landmark_4": {
        "x": 0.4919261336326599,
        "y": 0.3607311248779297,
        "z": -0.12435605376958847
    },
    "landmark_5": {
        "x": 0.49001345038414,
        "y": 0.3610151410102844,
        "z": -0.12434915453195572
    },
    "landmark_6": {
        "x": 0.4884290099143982,
        "y": 0.36144062876701355,
        "z": -0.12438909709453583
    },
    "landmark_7": {
        "x": 0.5060858726501465,
        "y": 0.36608174443244934,
        "z": -0.044270776212215424
    },
    "landmark_8": {
        "x": 0.48699110746383667,
        "y": 0.36936330795288086,
        "z": -0.03415672108530998
    },
    "landmark_9": {
        "x": 0.4975837767124176,
        "y": 0.3821030855178833,
        "z": -0.10931505262851715
    },
    "landmark_10": {
        "x": 0.4910460114479065,
        "y": 0.38172799348831177,
        "z": -0.1066075786948204
    },
    "landmark_11": {
        "x": 0.5224381685256958,
        "y": 0.4276617169380188,
        "z": -0.01332042831927538
    },
    "landmark_12": {
        "x": 0.4663364291191101,
        "y": 0.42452141642570496,
        "z": 0.0015544474590569735
    },
    "landmark_13": {
        "x": 0.5462122559547424,
        "y": 0.4675828814506531,
        "z": -0.13810965418815613
    },
    "landmark_14": {
        "x": 0.45250916481018066,
        "y": 0.47237586975097656,
        "z": -0.1111999973654747
    },
    "landmark_15": {
        "x": 0.5286001563072205,
        "y": 0.41305795311927795,
        "z": -0.27216580510139465
    },
    "landmark_16": {
        "x": 0.47974681854248047,
        "y": 0.426047682762146,
        "z": -0.24731862545013428
    },
    "landmark_17": {
        "x": 0.5249303579330444,
        "y": 0.3980194628238678,
        "z": -0.301635205745697
    },
    "landmark_18": {
        "x": 0.48552507162094116,
        "y": 0.4076918363571167,
        "z": -0.2782500982284546
    },
    "landmark_19": {
        "x": 0.5222603678703308,
        "y": 0.39265310764312744,
        "z": -0.2904268801212311
    },
    "landmark_20": {
        "x": 0.48885688185691833,
        "y": 0.40646302700042725,
        "z": -0.2680874466896057
    },
    "landmark_21": {
        "x": 0.5221400856971741,
        "y": 0.39924654364585876,
        "z": -0.27133381366729736
    },
    "landmark_22": {
        "x": 0.48836374282836914,
        "y": 0.41300827264785767,
        "z": -0.24721363186836243
    },
    "landmark_23": {
        "x": 0.5105152726173401,
        "y": 0.6055173873901367,
        "z": -0.01386782806366682
    },
    "landmark_24": {
        "x": 0.47156038880348206,
        "y": 0.6019403338432312,
        "z": 0.0139278220012784
    },
    "landmark_25": {
        "x": 0.5309810638427734,
        "y": 0.7338769435882568,
        "z": -0.08661249279975891
    },
    "landmark_26": {
        "x": 0.4301334023475647,
        "y": 0.7100182175636292,
        "z": -0.09141992777585983
    },
    "landmark_27": {
        "x": 0.5152820348739624,
        "y": 0.8494797348976135,
        "z": 0.03278444707393646
    },
    "landmark_28": {
        "x": 0.44103187322616577,
        "y": 0.8203455805778503,
        "z": 0.0469413623213768
    },
    "landmark_29": {
        "x": 0.5073360800743103,
        "y": 0.8610557317733765,
        "z": 0.03866812586784363
    },
    "landmark_30": {
        "x": 0.4497739374637604,
        "y": 0.8360351324081421,
        "z": 0.05582837387919426
    },
    "landmark_31": {
        "x": 0.5234102010726929,
        "y": 0.89900803565979,
        "z": -0.056837908923625946
    },
    "landmark_32": {
        "x": 0.4200058579444885,
        "y": 0.8589848875999451,
        "z": -0.023152466863393784
    }
}