{
    "landmark_0": {
        "x": 0.5178447365760803,
        "y": 0.36048197746276855,
        "z": -0.1551164984703064
    },
    "landmark_1": {
        "x": 0.5220234990119934,
        "y": 0.3504381477832794,
        "z": -0.13664284348487854
    },
    "landmark_2": {
        "x": 0.523605465888977,
        "y": 0.35151976346969604,
        "z": -0.13660599291324615
    },
    "landmark_3": {
        "x": 0.5253565311431885,
        "y": 0.35270485281944275,
        "z": -0.13661430776119232
    },
    "landmark_4": {
        "x": 0.517331063747406,
        "y": 0.3463487923145294,
        "z": -0.15143296122550964
    },
    "landmark_5": {
        "x": 0.5154324769973755,
        "y": 0.3445306122303009,
        "z": -0.15142405033111572
    },
    "landmark_6": {
        "x": 0.5136125087738037,
        "y": 0.34274065494537354,
        "z": -0.15145663917064667
    },
    "landmark_7": {
        "x": 0.524468719959259,
        "y": 0.3584388196468353,
        "z": -0.03468907251954079
    },
    "landmark_8": {
        "x": 0.5063324570655823,
        "y": 0.34354811906814575,
        "z": -0.10258156061172485
    },
    "landmark_9": {
        "x": 0.5179338455200195,
        "y": 0.3736723065376282,
        "z": -0.1156325563788414
    },
    "landmark_10": {
        "x": 0.5108190774917603,
        "y": 0.3696521818637848,
        "z": -0.13565678894519806
    },
    "landmark_11": {
        "x": 0.5266525149345398,
        "y": 0.43199747800827026,
        "z": 0.03157728165388107
    },
    "landmark_12": {
        "x": 0.47427934408187866,
        "y": 0.39664220809936523,
        "z": -0.09959400445222855
    },
    "landmark_13": {
        "x": 0.554466187953949,
        "y": 0.46070781350135803,
        "z": 0.0573379322886467
    },
    "landmark_14": {
        "x": 0.4898832440376282,
        "y": 0.4716923236846924,
        "z": -0.11472533643245697
    },
    "landmark_15": {
        "x": 0.5641232132911682,
        "y": 0.38263288140296936,
        "z": 0.04838060960173607
    },
    "landmark_16": {
        "x": 0.5170154571533203,
        "y": 0.5042004585266113,
        "z": -0.052080102264881134
    },
    "landmark_17": {
        "x": 0.5705744028091431,
        "y": 0.3672574460506439,
        "z": 0.042120374739170074
    },
    "landmark_18": {
        "x": 0.5220791697502136,
        "y": 0.5189788937568665,
        "z": -0.05712006241083145
    },
    "landmark_19": {
        "x": 0.5666491389274597,
        "y": 0.36190059781074524,
        "z": 0.03987034782767296
    },
    "landmark_20": {
        "x": 0.5219876170158386,
        "y": 0.5184498429298401,
        "z": -0.06520403921604156
    },
    "landmark_21": {
        "x": 0.5633201003074646,
        "y": 0.36786508560180664,
        "z": 0.044970057904720306
    },
    "landmark_22": {
        "x": 0.5206089615821838,
        "y": 0.515164315700531,
        "z": -0.05253288894891739
    },
    "landmark_23": {
        "x": 0.5108007192611694,
        "y": 0.6244348883628845,
        "z": 0.010056907311081886
    },
    "landmark_24": {
        "x": 0.4695242941379547,
        "y": 0.6155970096588135,
        "z": -0.00991868320852518
    },
    "landmark_25": {
        "x": 0.5129555463790894,
        "y": 0.7552681565284729,
        "z": 0.07793498784303665
    },
    "landmark_26": {
        "x": 0.4179581105709076,
        "y": 0.724382758140564,
        "z": -0.022271715104579926
    },
    "landmark_27": {
        "x": 0.5063883662223816,
        "y": 0.8553597927093506,
        "z": 0.26012280583381653
    },
    "landmark_28": {
        "x": 0.3859705924987793,
        "y": 0.8336546421051025,
        "z": 0.08704192191362381
    },
    "landmark_29": {
        "x": 0.501383364200592,
        "y": 0.8665570020675659,
        "z": 0.2741624116897583
    },
    "landmark_30": {
        "x": 0.3862132132053375,
        "y": 0.8636960387229919,
        "z": 0.09339755773544312
    },
    "landmark_31": {
        "x": 0.5090214610099792,
        "y": 0.9135866165161133,
        "z": 0.19867651164531708
    },
    "landmark_32": {
        "x": 0.3476186990737915,
        "y": 0.8391489386558533,
        "z": 0.004428689833730459
    }
}