{
    "landmark_0": {
        "x": 0.4850255846977234,
        "y": 0.4482985734939575,
        "z": -0.2302960455417633
    },
    "landmark_1": {
        "x": 0.4865254759788513,
        "y": 0.4359041452407837,
        "z": -0.22856828570365906
    },
    "landmark_2": {
        "x": 0.4887455999851227,
        "y": 0.43497002124786377,
        "z": -0.22860577702522278
    },
    "landmark_3": {
        "x": 0.49132996797561646,
        "y": 0.43417689204216003,
        "z": -0.22868335247039795
    },
    "landmark_4": {
        "x": 0.48099857568740845,
        "y": 0.4357551634311676,
        "z": -0.2217535525560379
    },
    "landmark_5": {
        "x": 0.4791683554649353,
        "y": 0.4347785413265228,
        "z": -0.22180719673633575
    },
    "landmark_6": {
        "x": 0.47725361585617065,
        "y": 0.4341515302658081,
        "z": -0.22181494534015656
    },
    "landmark_7": {
        "x": 0.4957504868507385,
        "y": 0.4277248680591583,
        "z": -0.17030362784862518
    },
    "landmark_8": {
        "x": 0.47568219900131226,
        "y": 0.43028250336647034,
        "z": -0.13839423656463623
    },
    "landmark_9": {
        "x": 0.4889185428619385,
        "y": 0.4523026645183563,
        "z": -0.20431706309318542
    },
    "landmark_10": {
        "x": 0.4829913079738617,
        "y": 0.4531283974647522,
        "z": -0.19535058736801147
    },
    "landmark_11": {
        "x": 0.522101879119873,
        "y": 0.4595189690589905,
        "z": -0.14544959366321564
    },
    "landmark_12": {
        "x": 0.4570778012275696,
        "y": 0.46815061569213867,
        "z": -0.061851806938648224
    },
    "landmark_13": {
        "x": 0.5205230712890625,
        "y": 0.5072461366653442,
        "z": -0.23385007679462433
    },
    "landmark_14": {
        "x": 0.4330003261566162,
        "y": 0.4798129200935364,
        "z": -0.11220426857471466
    },
    "landmark_15": {
        "x": 0.48300737142562866,
        "y": 0.5240218043327332,
        "z": -0.3387339115142822
    },
    "landmark_16": {
        "x": 0.42291584610939026,
        "y": 0.43435877561569214,
        "z": -0.2530430257320404
    },
    "landmark_17": {
        "x": 0.47865134477615356,
        "y": 0.5425211787223816,
        "z": -0.36939576268196106
    },
    "landmark_18": {
        "x": 0.41680335998535156,
        "y": 0.42482155561447144,
        "z": -0.2796766757965088
    },
    "landmark_19": {
        "x": 0.4743282198905945,
        "y": 0.5308523774147034,
        "z": -0.3692116439342499
    },
    "landmark_20": {
        "x": 0.42097944021224976,
        "y": 0.4199120104312897,
        "z": -0.2872627377510071
    },
    "landmark_21": {
        "x": 0.47710585594177246,
        "y": 0.5276587605476379,
        "z": -0.34028682112693787
    },
    "landmark_22": {
        "x": 0.4247395098209381,
        "y": 0.42275455594062805,
        "z": -0.2608757019042969
    },
    "landmark_23": {
        "x": 0.5251500010490417,
        "y": 0.6270806789398193,
        "z": -0.014909888617694378
    },
    "landmark_24": {
        "x": 0.48188868165016174,
        "y": 0.6341365575790405,
        "z": 0.014810982160270214
    },
    "landmark_25": {
        "x": 0.5663511753082275,
        "y": 0.7075108885765076,
        "z": -0.08924394100904465
    },
    "landmark_26": {
        "x": 0.47017398476600647,
        "y": 0.7328366637229919,
        "z": -0.06312143057584763
    },
    "landmark_27": {
        "x": 0.5960840582847595,
        "y": 0.8288313150405884,
        "z": -0.009377781301736832
    },
    "landmark_28": {
        "x": 0.4823949933052063,
        "y": 0.8266806602478027,
        "z": 0.06529625505208969
    },
    "landmark_29": {
        "x": 0.5949464440345764,
        "y": 0.8599694967269897,
        "z": -0.006481348071247339
    },
    "landmark_30": {
        "x": 0.49197229743003845,
        "y": 0.8433444499969482,
        "z": 0.07406872510910034
    },
    "landmark_31": {
        "x": 0.6309846639633179,
        "y": 0.839173436164856,
        "z": -0.09089142084121704
    },
    "landmark_32": {
        "x": 0.46585988998413086,
        "y": 0.8726000189781189,
        "z": 0.002578036393970251
    }
}