{
    "landmark_0": {
        "x": 0.4856850206851959,
        "y": 0.3559008836746216,
        "z": -0.21232011914253235
    },
    "landmark_1": {
        "x": 0.489509254693985,
        "y": 0.3427368700504303,
        "z": -0.19957353174686432
    },
    "landmark_2": {
        "x": 0.4918946325778961,
        "y": 0.3426513373851776,
        "z": -0.19961002469062805
    },
    "landmark_3": {
        "x": 0.4943115711212158,
        "y": 0.3429161310195923,
        "z": -0.19964450597763062
    },
    "landmark_4": {
        "x": 0.4831044673919678,
        "y": 0.34344860911369324,
        "z": -0.1969083845615387
    },
    "landmark_5": {
        "x": 0.480914831161499,
        "y": 0.3439137637615204,
        "z": -0.19690722227096558
    },
    "landmark_6": {
        "x": 0.4785800874233246,
        "y": 0.3445122539997101,
        "z": -0.1968601793050766
    },
    "landmark_7": {
        "x": 0.49744242429733276,
        "y": 0.349703311920166,
        "z": -0.1220649927854538
    },
    "landmark_8": {
        "x": 0.47434091567993164,
        "y": 0.35260075330734253,
        "z": -0.1089225560426712
    },
    "landmark_9": {
        "x": 0.4897652566432953,
        "y": 0.3685093820095062,
        "z": -0.18349140882492065
    },
    "landmark_10": {
        "x": 0.48022550344467163,
        "y": 0.3711819648742676,
        "z": -0.17987579107284546
    },
    "landmark_11": {
        "x": 0.5160388946533203,
        "y": 0.42287251353263855,
        "z": -0.12297429144382477
    },
    "landmark_12": {
        "x": 0.454402357339859,
        "y": 0.42536357045173645,
        "z": -0.07754205167293549
    },
    "landmark_13": {
        "x": 0.515589714050293,
        "y": 0.44655606150627136,
        "z": -0.2990378737449646
    },
    "landmark_14": {
        "x": 0.43408432602882385,
        "y": 0.43087926506996155,
        "z": -0.23342761397361755
    },
    "landmark_15": {
        "x": 0.4711548388004303,
        "y": 0.44138962030410767,
        "z": -0.44942688941955566
    },
    "landmark_16": {
        "x": 0.4286342263221741,
        "y": 0.3652676045894623,
        "z": -0.4161504805088043
    },
    "landmark_17": {
        "x": 0.45982035994529724,
        "y": 0.4514516592025757,
        "z": -0.4889664649963379
    },
    "landmark_18": {
        "x": 0.4252355694770813,
        "y": 0.3529631197452545,
        "z": -0.4549639821052551
    },
    "landmark_19": {
        "x": 0.4557347893714905,
        "y": 0.4454916715621948,
        "z": -0.4760616421699524
    },
    "landmark_20": {
        "x": 0.42751091718673706,
        "y": 0.3482174277305603,
        "z": -0.44623035192489624
    },
    "landmark_21": {
        "x": 0.459540456533432,
        "y": 0.44315826892852783,
        "z": -0.4478831887245178
    },
    "landmark_22": {
        "x": 0.430286705493927,
        "y": 0.35329318046569824,
        "z": -0.41948333382606506
    },
    "landmark_23": {
        "x": 0.5048129558563232,
        "y": 0.6191927194595337,
        "z": 0.0013612087350338697
    },
    "landmark_24": {
        "x": 0.4634588360786438,
        "y": 0.6255784630775452,
        "z": -0.0015214936574921012
    },
    "landmark_25": {
        "x": 0.5431361794471741,
        "y": 0.7302970290184021,
        "z": -0.056679874658584595
    },
    "landmark_26": {
        "x": 0.470092236995697,
        "y": 0.7505902051925659,
        "z": 0.07639242708683014
    },
    "landmark_27": {
        "x": 0.5798919200897217,
        "y": 0.837231457233429,
        "z": 0.03413541242480278
    },
    "landmark_28": {
        "x": 0.47472643852233887,
        "y": 0.8332751989364624,
        "z": 0.2955460846424103
    },
    "landmark_29": {
        "x": 0.5799546837806702,
        "y": 0.8607520461082458,
        "z": 0.03925956040620804
    },
    "landmark_30": {
        "x": 0.48170286417007446,
        "y": 0.8438625931739807,
        "z": 0.3133206367492676
    },
    "landmark_31": {
        "x": 0.6093301177024841,
        "y": 0.8400328159332275,
        "z": -0.05621619150042534
    },
    "landmark_32": {
        "x": 0.4663340151309967,
        "y": 0.8803205490112305,
        "z": 0.24059799313545227
    }
}