{
    "landmark_0": {
        "x": 0.49533453583717346,
        "y": 0.32645246386528015,
        "z": -0.1799452304840088
    },
    "landmark_1": {
        "x": 0.49869245290756226,
        "y": 0.3164701461791992,
        "z": -0.16569884121418
    },
    "landmark_2": {
        "x": 0.5010063648223877,
        "y": 0.3164082467556,
        "z": -0.16567443311214447
    },
    "landmark_3": {
        "x": 0.5034745335578918,
        "y": 0.3162876069545746,
        "z": -0.16566403210163116
    },
    "landmark_4": {
        "x": 0.4924125075340271,
        "y": 0.31544291973114014,
        "z": -0.1640215814113617
    },
    "landmark_5": {
        "x": 0.49046486616134644,
        "y": 0.3150588572025299,
        "z": -0.1640070527791977
    },
    "landmark_6": {
        "x": 0.4883425831794739,
        "y": 0.31476151943206787,
        "z": -0.16406208276748657
    },
    "landmark_7": {
        "x": 0.5068925023078918,
        "y": 0.321479469537735,
        "z": -0.08169497549533844
    },
    "landmark_8": {
        "x": 0.48581090569496155,
        "y": 0.32119372487068176,
        "z": -0.07262870669364929
    },
    "landmark_9": {
        "x": 0.5002220869064331,
        "y": 0.33794108033180237,
        "z": -0.14795874059200287
    },
    "landmark_10": {
        "x": 0.49253758788108826,
        "y": 0.33717963099479675,
        "z": -0.1456441730260849
    },
    "landmark_11": {
        "x": 0.5264752507209778,
        "y": 0.3916236162185669,
        "z": -0.06837271898984909
    },
    "landmark_12": {
        "x": 0.46571865677833557,
        "y": 0.3895653486251831,
        "z": -0.05890453979372978
    },
    "landmark_13": {
        "x": 0.5425701141357422,
        "y": 0.3839830756187439,
        "z": -0.23956024646759033
    },
    "landmark_14": {
        "x": 0.4370385706424713,
        "y": 0.3572756052017212,
        "z": -0.23947978019714355
    },
    "landmark_15": {
        "x": 0.5231510996818542,
        "y": 0.2941144108772278,
        "z": -0.3642560541629791
    },
    "landmark_16": {
        "x": 0.47756606340408325,
        "y": 0.31287264823913574,
        "z": -0.3729057312011719
    },
    "landmark_17": {
        "x": 0.5205172896385193,
        "y": 0.26958489418029785,
        "z": -0.396423876285553
    },
    "landmark_18": {
        "x": 0.4892875552177429,
        "y": 0.3086148798465729,
        "z": -0.40511617064476013
    },
    "landmark_19": {
        "x": 0.5196112394332886,
        "y": 0.27496740221977234,
        "z": -0.3801766633987427
    },
    "landmark_20": {
        "x": 0.4969020485877991,
        "y": 0.31242892146110535,
        "z": -0.3843047320842743
    },
    "landmark_21": {
        "x": 0.5193489789962769,
        "y": 0.2849912643432617,
        "z": -0.3629366159439087
    },
    "landmark_22": {
        "x": 0.49338531494140625,
        "y": 0.3184237480163574,
        "z": -0.3697379231452942
    },
    "landmark_23": {
        "x": 0.5104418396949768,
        "y": 0.589652419090271,
        "z": -0.013276996091008186
    },
    "landmark_24": {
        "x": 0.47009024024009705,
        "y": 0.5845289826393127,
        "z": 0.013209772296249866
    },
    "landmark_25": {
        "x": 0.5172135233879089,
        "y": 0.72962886095047,
        "z": -0.030480453744530678
    },
    "landmark_26": {
        "x": 0.42859989404678345,
        "y": 0.6982710361480713,
        "z": -0.007997404783964157
    },
    "landmark_27": {
        "x": 0.5048272609710693,
        "y": 0.8437992334365845,
        "z": 0.09803490340709686
    },
    "landmark_28": {
        "x": 0.4211546778678894,
        "y": 0.8226786851882935,
        "z": 0.13156236708164215
    },
    "landmark_29": {
        "x": 0.4986875653266907,
        "y": 0.8566659092903137,
        "z": 0.10412708669900894
    },
    "landmark_30": {
        "x": 0.4276295304298401,
        "y": 0.8486764430999756,
        "z": 0.13946884870529175
    },
    "landmark_31": {
        "x": 0.5092563033103943,
        "y": 0.8957346677780151,
        "z": 0.008707312867045403
    },
    "landmark_32": {
        "x": 0.38503557443618774,
        "y": 0.8414961695671082,
        "z": 0.05680971220135689
    }
}