{
    "landmark_0": {
        "x": 0.46923428773880005,
        "y": 0.3962853252887726,
        "z": -0.21328160166740417
    },
    "landmark_1": {
        "x": 0.4714115560054779,
        "y": 0.38004952669143677,
        "z": -0.2035302370786667
    },
    "landmark_2": {
        "x": 0.47383731603622437,
        "y": 0.37892866134643555,
        "z": -0.20357175171375275
    },
    "landmark_3": {
        "x": 0.4765639901161194,
        "y": 0.3780500292778015,
        "z": -0.20360532402992249
    },
    "landmark_4": {
        "x": 0.465278685092926,
        "y": 0.38146162033081055,
        "z": -0.199558824300766
    },
    "landmark_5": {
        "x": 0.46316760778427124,
        "y": 0.3812372386455536,
        "z": -0.1995527446269989
    },
    "landmark_6": {
        "x": 0.46100670099258423,
        "y": 0.3812509775161743,
        "z": -0.1995646208524704
    },
    "landmark_7": {
        "x": 0.48223811388015747,
        "y": 0.3804023861885071,
        "z": -0.12467746436595917
    },
    "landmark_8": {
        "x": 0.45677947998046875,
        "y": 0.38519325852394104,
        "z": -0.10602376610040665
    },
    "landmark_9": {
        "x": 0.47530150413513184,
        "y": 0.4067954123020172,
        "z": -0.1818108856678009
    },
    "landmark_10": {
        "x": 0.46649131178855896,
        "y": 0.4099239706993103,
        "z": -0.17674916982650757
    },
    "landmark_11": {
        "x": 0.5111746788024902,
        "y": 0.4371773302555084,
        "z": -0.1073928251862526
    },
    "landmark_12": {
        "x": 0.4411540627479553,
        "y": 0.4468767046928406,
        "z": -0.050983987748622894
    },
    "landmark_13": {
        "x": 0.5174283385276794,
        "y": 0.5077306628227234,
        "z": -0.23550286889076233
    },
    "landmark_14": {
        "x": 0.4234524369239807,
        "y": 0.4940461814403534,
        "z": -0.1786940097808838
    },
    "landmark_15": {
        "x": 0.4678956866264343,
        "y": 0.5075510740280151,
        "z": -0.36686113476753235
    },
    "landmark_16": {
        "x": 0.4151168465614319,
        "y": 0.42068344354629517,
        "z": -0.37415844202041626
    },
    "landmark_17": {
        "x": 0.4574460983276367,
        "y": 0.5240533947944641,
        "z": -0.4027857184410095
    },
    "landmark_18": {
        "x": 0.4107459485530853,
        "y": 0.40201881527900696,
        "z": -0.4137319028377533
    },
    "landmark_19": {
        "x": 0.4528869092464447,
        "y": 0.5157349109649658,
        "z": -0.39085376262664795
    },
    "landmark_20": {
        "x": 0.414431095123291,
        "y": 0.3957274854183197,
        "z": -0.4089938998222351
    },
    "landmark_21": {
        "x": 0.45537418127059937,
        "y": 0.5094559788703918,
        "z": -0.36410951614379883
    },
    "landmark_22": {
        "x": 0.41880184412002563,
        "y": 0.4036867916584015,
        "z": -0.378150075674057
    },
    "landmark_23": {
        "x": 0.5127604603767395,
        "y": 0.6369562745094299,
        "z": -0.01751107908785343
    },
    "landmark_24": {
        "x": 0.4708626866340637,
        "y": 0.6459360718727112,
        "z": 0.017395561560988426
    },
    "landmark_25": {
        "x": 0.5563474893569946,
        "y": 0.7467886805534363,
        "z": -0.014649048447608948
    },
    "landmark_26": {
        "x": 0.46475130319595337,
        "y": 0.7671273946762085,
        "z": 0.03732544928789139
    },
    "landmark_27": {
        "x": 0.5960817933082581,
        "y": 0.8468484878540039,
        "z": 0.08317437022924423
    },
    "landmark_28": {
        "x": 0.48555988073349,
        "y": 0.8501883745193481,
        "z": 0.21004943549633026
    },
    "landmark_29": {
        "x": 0.596362292766571,
        "y": 0.8741821050643921,
        "z": 0.08799952268600464
    },
    "landmark_30": {
        "x": 0.49776315689086914,
        "y": 0.8673143982887268,
        "z": 0.22346040606498718
    },
    "landmark_31": {
        "x": 0.628548800945282,
        "y": 0.8542969822883606,
        "z": -0.0009112530387938023
    },
    "landmark_32": {
        "x": 0.46677184104919434,
        "y": 0.89911949634552,
        "z": 0.15695659816265106
    }
}