{
    "landmark_0": {
        "x": 0.4874505400657654,
        "y": 0.4376184642314911,
        "z": -0.26353806257247925
    },
    "landmark_1": {
        "x": 0.49103274941444397,
        "y": 0.42048949003219604,
        "z": -0.25303131341934204
    },
    "landmark_2": {
        "x": 0.4935016632080078,
        "y": 0.419571191072464,
        "z": -0.25300508737564087
    },
    "landmark_3": {
        "x": 0.4959731996059418,
        "y": 0.41857871413230896,
        "z": -0.2530730962753296
    },
    "landmark_4": {
        "x": 0.4844523072242737,
        "y": 0.42017969489097595,
        "z": -0.2519197463989258
    },
    "landmark_5": {
        "x": 0.48230743408203125,
        "y": 0.4191000759601593,
        "z": -0.2520056664943695
    },
    "landmark_6": {
        "x": 0.48017627000808716,
        "y": 0.41801917552948,
        "z": -0.2520275115966797
    },
    "landmark_7": {
        "x": 0.49883967638015747,
        "y": 0.4151220917701721,
        "z": -0.162260040640831
    },
    "landmark_8": {
        "x": 0.47681260108947754,
        "y": 0.4153556823730469,
        "z": -0.15603318810462952
    },
    "landmark_9": {
        "x": 0.4922164976596832,
        "y": 0.44760656356811523,
        "z": -0.22618679702281952
    },
    "landmark_10": {
        "x": 0.48336607217788696,
        "y": 0.4461430311203003,
        "z": -0.22476080060005188
    },
    "landmark_11": {
        "x": 0.5196433067321777,
        "y": 0.4612429440021515,
        "z": -0.08017882704734802
    },
    "landmark_12": {
        "x": 0.4603101313114166,
        "y": 0.45836490392684937,
        "z": -0.1163509339094162
    },
    "landmark_13": {
        "x": 0.5224267840385437,
        "y": 0.546252965927124,
        "z": -0.04400463402271271
    },
    "landmark_14": {
        "x": 0.43742507696151733,
        "y": 0.4379037320613861,
        "z": -0.24441823363304138
    },
    "landmark_15": {
        "x": 0.5395209789276123,
        "y": 0.6244075298309326,
        "z": -0.06556346267461777
    },
    "landmark_16": {
        "x": 0.4319213032722473,
        "y": 0.38583531975746155,
        "z": -0.41693931818008423
    },
    "landmark_17": {
        "x": 0.5428828597068787,
        "y": 0.6382001042366028,
        "z": -0.07013791799545288
    },
    "landmark_18": {
        "x": 0.4250686764717102,
        "y": 0.3649370074272156,
        "z": -0.4540976583957672
    },
    "landmark_19": {
        "x": 0.5405920147895813,
        "y": 0.6379878520965576,
        "z": -0.08753097057342529
    },
    "landmark_20": {
        "x": 0.42866507172584534,
        "y": 0.3607369661331177,
        "z": -0.4530394971370697
    },
    "landmark_21": {
        "x": 0.5376700162887573,
        "y": 0.6336625814437866,
        "z": -0.0731036439538002
    },
    "landmark_22": {
        "x": 0.43204599618911743,
        "y": 0.37074553966522217,
        "z": -0.42298275232315063
    },
    "landmark_23": {
        "x": 0.5180012583732605,
        "y": 0.6424853801727295,
        "z": 0.0022926258388906717
    },
    "landmark_24": {
        "x": 0.4750913977622986,
        "y": 0.6502910852432251,
        "z": -0.002477079164236784
    },
    "landmark_25": {
        "x": 0.57131427526474,
        "y": 0.72636479139328,
        "z": -0.14271633327007294
    },
    "landmark_26": {
        "x": 0.4546530246734619,
        "y": 0.770247757434845,
        "z": -0.07254242897033691
    },
    "landmark_27": {
        "x": 0.5910035967826843,
        "y": 0.8444010615348816,
        "z": -0.013708075508475304
    },
    "landmark_28": {
        "x": 0.47469496726989746,
        "y": 0.8559538722038269,
        "z": 0.10572686046361923
    },
    "landmark_29": {
        "x": 0.5874608755111694,
        "y": 0.872772216796875,
        "z": -0.0054708863608539104
    },
    "landmark_30": {
        "x": 0.48525604605674744,
        "y": 0.8722593784332275,
        "z": 0.11943310499191284
    },
    "landmark_31": {
        "x": 0.6192071437835693,
        "y": 0.8749703168869019,
        "z": -0.09729006141424179
    },
    "landmark_32": {
        "x": 0.4539089798927307,
        "y": 0.9005225300788879,
        "z": 0.045999594032764435
    }
}