{
    "landmark_0": {
        "x": 0.48664718866348267,
        "y": 0.35710203647613525,
        "z": -0.1765766590833664
    },
    "landmark_1": {
        "x": 0.4895646572113037,
        "y": 0.3433574140071869,
        "z": -0.16493980586528778
    },
    "landmark_2": {
        "x": 0.4920012354850769,
        "y": 0.34306415915489197,
        "z": -0.16498322784900665
    },
    "landmark_3": {
        "x": 0.4946850836277008,
        "y": 0.3428042531013489,
        "z": -0.16500137746334076
    },
    "landmark_4": {
        "x": 0.4834625720977783,
        "y": 0.3437058925628662,
        "z": -0.16155023872852325
    },
    "landmark_5": {
        "x": 0.48153966665267944,
        "y": 0.343902051448822,
        "z": -0.1615331918001175
    },
    "landmark_6": {
        "x": 0.47959819436073303,
        "y": 0.3442640006542206,
        "z": -0.1615138202905655
    },
    "landmark_7": {
        "x": 0.4995267391204834,
        "y": 0.346711665391922,
        "z": -0.09147848188877106
    },
    "landmark_8": {
        "x": 0.47607797384262085,
        "y": 0.3502599596977234,
        "z": -0.07351577281951904
    },
    "landmark_9": {
        "x": 0.49311429262161255,
        "y": 0.36945340037345886,
        "z": -0.14892151951789856
    },
    "landmark_10": {
        "x": 0.48369139432907104,
        "y": 0.3698132038116455,
        "z": -0.14396268129348755
    },
    "landmark_11": {
        "x": 0.5248091220855713,
        "y": 0.4110398292541504,
        "z": -0.10090485960245132
    },
    "landmark_12": {
        "x": 0.4584025740623474,
        "y": 0.4186427593231201,
        "z": -0.052147336304187775
    },
    "landmark_13": {
        "x": 0.5222810506820679,
        "y": 0.4319494366645813,
        "z": -0.2986166179180145
    },
    "landmark_14": {
        "x": 0.43126964569091797,
        "y": 0.425393670797348,
        "z": -0.22730717062950134
    },
    "landmark_15": {
        "x": 0.48718151450157166,
        "y": 0.4293420910835266,
        "z": -0.4818111062049866
    },
    "landmark_16": {
        "x": 0.4271881580352783,
        "y": 0.3707295358181,
        "z": -0.42054373025894165
    },
    "landmark_17": {
        "x": 0.4803716242313385,
        "y": 0.43919965624809265,
        "z": -0.5239453315734863
    },
    "landmark_18": {
        "x": 0.42624515295028687,
        "y": 0.3526797592639923,
        "z": -0.4617205262184143
    },
    "landmark_19": {
        "x": 0.4739251732826233,
        "y": 0.43732646107673645,
        "z": -0.5168246626853943
    },
    "landmark_20": {
        "x": 0.42798781394958496,
        "y": 0.3456142544746399,
        "z": -0.4559362828731537
    },
    "landmark_21": {
        "x": 0.4762842059135437,
        "y": 0.43521612882614136,
        "z": -0.48440274596214294
    },
    "landmark_22": {
        "x": 0.42972150444984436,
        "y": 0.3532147705554962,
        "z": -0.4256804585456848
    },
    "landmark_23": {
        "x": 0.5241818428039551,
        "y": 0.6072732210159302,
        "z": -0.011775101535022259
    },
    "landmark_24": {
        "x": 0.4799651503562927,
        "y": 0.6171905994415283,
        "z": 0.011612176895141602
    },
    "landmark_25": {
        "x": 0.5621823668479919,
        "y": 0.709248423576355,
        "z": -0.010332216508686543
    },
    "landmark_26": {
        "x": 0.47377434372901917,
        "y": 0.7446725368499756,
        "z": 0.06904255598783493
    },
    "landmark_27": {
        "x": 0.5925142168998718,
        "y": 0.8293195366859436,
        "z": 0.06618711352348328
    },
    "landmark_28": {
        "x": 0.4871254563331604,
        "y": 0.8365691304206848,
        "z": 0.2200220823287964
    },
    "landmark_29": {
        "x": 0.5911661982536316,
        "y": 0.8525561690330505,
        "z": 0.06770763546228409
    },
    "landmark_30": {
        "x": 0.49858754873275757,
        "y": 0.8562365770339966,
        "z": 0.2301381528377533
    },
    "landmark_31": {
        "x": 0.6201816201210022,
        "y": 0.844677209854126,
        "z": -0.027975007891654968
    },
    "landmark_32": {
        "x": 0.471884161233902,
        "y": 0.8835042119026184,
        "z": 0.15853062272071838
    }
}