{
    "landmark_0": {
        "x": 0.5194559693336487,
        "y": 0.38756459951400757,
        "z": -0.1439487189054489
    },
    "landmark_1": {
        "x": 0.5242210626602173,
        "y": 0.3762010335922241,
        "z": -0.12805885076522827
    },
    "landmark_2": {
        "x": 0.5269254446029663,
        "y": 0.376463919878006,
        "z": -0.12806999683380127
    },
    "landmark_3": {
        "x": 0.5294308066368103,
        "y": 0.3766985237598419,
        "z": -0.12808836996555328
    },
    "landmark_4": {
        "x": 0.5164631009101868,
        "y": 0.37449508905410767,
        "z": -0.1305823177099228
    },
    "landmark_5": {
        "x": 0.5139780640602112,
        "y": 0.37390729784965515,
        "z": -0.13056832551956177
    },
    "landmark_6": {
        "x": 0.5115243792533875,
        "y": 0.37353143095970154,
        "z": -0.13056530058383942
    },
    "landmark_7": {
        "x": 0.5320860743522644,
        "y": 0.3801349997520447,
        "z": -0.0359792523086071
    },
    "landmark_8": {
        "x": 0.5062098503112793,
        "y": 0.3787156939506531,
        "z": -0.046453606337308884
    },
    "landmark_9": {
        "x": 0.5240358114242554,
        "y": 0.3994646668434143,
        "z": -0.10894028842449188
    },
    "landmark_10": {
        "x": 0.5134308338165283,
        "y": 0.3983440101146698,
        "z": -0.11217433214187622
    },
    "landmark_11": {
        "x": 0.5470693111419678,
        "y": 0.44461652636528015,
        "z": -0.03107091225683689
    },
    "landmark_12": {
        "x": 0.47985583543777466,
        "y": 0.429704874753952,
        "z": -0.06582286953926086
    },
    "landmark_13": {
        "x": 0.5656930804252625,
        "y": 0.456620991230011,
        "z": -0.24848899245262146
    },
    "landmark_14": {
        "x": 0.47835367918014526,
        "y": 0.4382301867008209,
        "z": -0.28388679027557373
    },
    "landmark_15": {
        "x": 0.5582948327064514,
        "y": 0.40940794348716736,
        "z": -0.4301961064338684
    },
    "landmark_16": {
        "x": 0.5213868021965027,
        "y": 0.44357410073280334,
        "z": -0.4303467273712158
    },
    "landmark_17": {
        "x": 0.562580943107605,
        "y": 0.39302507042884827,
        "z": -0.4710617959499359
    },
    "landmark_18": {
        "x": 0.5290398001670837,
        "y": 0.45493870973587036,
        "z": -0.4673561155796051
    },
    "landmark_19": {
        "x": 0.5605508685112,
        "y": 0.3897061347961426,
        "z": -0.4595164656639099
    },
    "landmark_20": {
        "x": 0.5310547947883606,
        "y": 0.454892635345459,
        "z": -0.4519142508506775
    },
    "landmark_21": {
        "x": 0.5517215132713318,
        "y": 0.40437614917755127,
        "z": -0.43256038427352905
    },
    "landmark_22": {
        "x": 0.5269616842269897,
        "y": 0.45318275690078735,
        "z": -0.42936158180236816
    },
    "landmark_23": {
        "x": 0.5222172141075134,
        "y": 0.6362426280975342,
        "z": -0.0004113000468350947
    },
    "landmark_24": {
        "x": 0.48012953996658325,
        "y": 0.6244515776634216,
        "z": 0.00046235654735937715
    },
    "landmark_25": {
        "x": 0.5234766006469727,
        "y": 0.7639738321304321,
        "z": -0.002846009796485305
    },
    "landmark_26": {
        "x": 0.4221118986606598,
        "y": 0.7330886125564575,
        "z": -0.05033468082547188
    },
    "landmark_27": {
        "x": 0.5184485912322998,
        "y": 0.8636959791183472,
        "z": 0.16913966834545135
    },
    "landmark_28": {
        "x": 0.39136236906051636,
        "y": 0.8385160565376282,
        "z": 0.069077268242836
    },
    "landmark_29": {
        "x": 0.5102583765983582,
        "y": 0.880620002746582,
        "z": 0.18102775514125824
    },
    "landmark_30": {
        "x": 0.3924509584903717,
        "y": 0.8722656965255737,
        "z": 0.07552259415388107
    },
    "landmark_31": {
        "x": 0.5348661541938782,
        "y": 0.9037079811096191,
        "z": 0.10089578479528427
    },
    "landmark_32": {
        "x": 0.3557368516921997,
        "y": 0.8479065895080566,
        "z": -0.014053193852305412
    }
}