{
    "landmark_0": {
        "x": 0.4983024001121521,
        "y": 0.345497190952301,
        "z": -0.22335608303546906
    },
    "landmark_1": {
        "x": 0.50419020652771,
        "y": 0.3372303247451782,
        "z": -0.20826120674610138
    },
    "landmark_2": {
        "x": 0.5067655444145203,
        "y": 0.33833396434783936,
        "z": -0.20821399986743927
    },
    "landmark_3": {
        "x": 0.5093536376953125,
        "y": 0.3393157124519348,
        "z": -0.20819330215454102
    },
    "landmark_4": {
        "x": 0.4980131983757019,
        "y": 0.3336890935897827,
        "z": -0.2104332447052002
    },
    "landmark_5": {
        "x": 0.4962076246738434,
        "y": 0.33251020312309265,
        "z": -0.21049804985523224
    },
    "landmark_6": {
        "x": 0.49438557028770447,
        "y": 0.3313747048377991,
        "z": -0.21055690944194794
    },
    "landmark_7": {
        "x": 0.5124642848968506,
        "y": 0.3447006940841675,
        "z": -0.1118660420179367
    },
    "landmark_8": {
        "x": 0.49090203642845154,
        "y": 0.33597829937934875,
        "z": -0.12311626970767975
    },
    "landmark_9": {
        "x": 0.5018099546432495,
        "y": 0.3584311604499817,
        "z": -0.18581902980804443
    },
    "landmark_10": {
        "x": 0.4926113486289978,
        "y": 0.3546753227710724,
        "z": -0.189555361866951
    },
    "landmark_11": {
        "x": 0.5264438390731812,
        "y": 0.4260646104812622,
        "z": -0.06387916952371597
    },
    "landmark_12": {
        "x": 0.4651969373226166,
        "y": 0.3924587368965149,
        "z": -0.08453204482793808
    },
    "landmark_13": {
        "x": 0.5253835916519165,
        "y": 0.525360107421875,
        "z": -0.06434869766235352
    },
    "landmark_14": {
        "x": 0.4509107172489166,
        "y": 0.4112327992916107,
        "z": -0.22003932297229767
    },
    "landmark_15": {
        "x": 0.5276528596878052,
        "y": 0.6098700165748596,
        "z": -0.09480166435241699
    },
    "landmark_16": {
        "x": 0.4972091615200043,
        "y": 0.3966015577316284,
        "z": -0.3902227580547333
    },
    "landmark_17": {
        "x": 0.5318798422813416,
        "y": 0.6284475326538086,
        "z": -0.10448962450027466
    },
    "landmark_18": {
        "x": 0.5071983337402344,
        "y": 0.3984428346157074,
        "z": -0.42721396684646606
    },
    "landmark_19": {
        "x": 0.5286629796028137,
        "y": 0.6276649832725525,
        "z": -0.12334952503442764
    },
    "landmark_20": {
        "x": 0.5125312209129333,
        "y": 0.39013904333114624,
        "z": -0.4189295768737793
    },
    "landmark_21": {
        "x": 0.526811420917511,
        "y": 0.6198713779449463,
        "z": -0.10214073956012726
    },
    "landmark_22": {
        "x": 0.5066642761230469,
        "y": 0.39959990978240967,
        "z": -0.391727477312088
    },
    "landmark_23": {
        "x": 0.5108829736709595,
        "y": 0.6124599575996399,
        "z": -0.011574004776775837
    },
    "landmark_24": {
        "x": 0.46972665190696716,
        "y": 0.6069319844245911,
        "z": 0.011531485244631767
    },
    "landmark_25": {
        "x": 0.5145907998085022,
        "y": 0.7493179440498352,
        "z": -0.005268107634037733
    },
    "landmark_26": {
        "x": 0.41689008474349976,
        "y": 0.7079745531082153,
        "z": -0.07628229260444641
    },
    "landmark_27": {
        "x": 0.5043792128562927,
        "y": 0.8397526144981384,
        "z": 0.17968472838401794
    },
    "landmark_28": {
        "x": 0.38944292068481445,
        "y": 0.8301362991333008,
        "z": 0.0248663779348135
    },
    "landmark_29": {
        "x": 0.4998474717140198,
        "y": 0.8500664830207825,
        "z": 0.19184960424900055
    },
    "landmark_30": {
        "x": 0.3915506601333618,
        "y": 0.8630870580673218,
        "z": 0.02888205088675022
    },
    "landmark_31": {
        "x": 0.507366418838501,
        "y": 0.8948078751564026,
        "z": 0.10183997452259064
    },
    "landmark_32": {
        "x": 0.35280242562294006,
        "y": 0.8332182765007019,
        "z": -0.06794236600399017
    }
}