{
    "landmark_0": {
        "x": 0.4866824150085449,
        "y": 0.38516879081726074,
        "z": -0.19554740190505981
    },
    "landmark_1": {
        "x": 0.48943376541137695,
        "y": 0.37243157625198364,
        "z": -0.18461565673351288
    },
    "landmark_2": {
        "x": 0.4910775125026703,
        "y": 0.3719911277294159,
        "z": -0.18458999693393707
    },
    "landmark_3": {
        "x": 0.49298110604286194,
        "y": 0.3719397187232971,
        "z": -0.18460717797279358
    },
    "landmark_4": {
        "x": 0.48505645990371704,
        "y": 0.37298426032066345,
        "z": -0.18579892814159393
    },
    "landmark_5": {
        "x": 0.4834759831428528,
        "y": 0.3728921115398407,
        "z": -0.18583610653877258
    },
    "landmark_6": {
        "x": 0.48178404569625854,
        "y": 0.3730505108833313,
        "z": -0.18588702380657196
    },
    "landmark_7": {
        "x": 0.4960266649723053,
        "y": 0.37775886058807373,
        "z": -0.10659699141979218
    },
    "landmark_8": {
        "x": 0.4777339994907379,
        "y": 0.37758076190948486,
        "z": -0.11206026375293732
    },
    "landmark_9": {
        "x": 0.48971027135849,
        "y": 0.3946007490158081,
        "z": -0.16542214155197144
    },
    "landmark_10": {
        "x": 0.4825400412082672,
        "y": 0.3959041237831116,
        "z": -0.16753987967967987
    },
    "landmark_11": {
        "x": 0.5216898918151855,
        "y": 0.4367508292198181,
        "z": -0.05929527431726456
    },
    "landmark_12": {
        "x": 0.45636993646621704,
        "y": 0.4276873767375946,
        "z": -0.08624467998743057
    },
    "landmark_13": {
        "x": 0.5351601243019104,
        "y": 0.49196988344192505,
        "z": -0.03472639620304108
    },
    "landmark_14": {
        "x": 0.43470850586891174,
        "y": 0.4397454261779785,
        "z": -0.21964533627033234
    },
    "landmark_15": {
        "x": 0.5293593406677246,
        "y": 0.5341534614562988,
        "z": -0.04287176951766014
    },
    "landmark_16": {
        "x": 0.4436694085597992,
        "y": 0.3827539086341858,
        "z": -0.3694858253002167
    },
    "landmark_17": {
        "x": 0.5262651443481445,
        "y": 0.5665287375450134,
        "z": -0.04785354062914848
    },
    "landmark_18": {
        "x": 0.4383623003959656,
        "y": 0.36617085337638855,
        "z": -0.40653055906295776
    },
    "landmark_19": {
        "x": 0.5244417786598206,
        "y": 0.5476794838905334,
        "z": -0.06316909193992615
    },
    "landmark_20": {
        "x": 0.4451475739479065,
        "y": 0.36391305923461914,
        "z": -0.4008702337741852
    },
    "landmark_21": {
        "x": 0.5232987403869629,
        "y": 0.5411326885223389,
        "z": -0.047936368733644485
    },
    "landmark_22": {
        "x": 0.4477362036705017,
        "y": 0.37189584970474243,
        "z": -0.37286993861198425
    },
    "landmark_23": {
        "x": 0.5162618160247803,
        "y": 0.6211045980453491,
        "z": -0.0015142550691962242
    },
    "landmark_24": {
        "x": 0.47618502378463745,
        "y": 0.6292754411697388,
        "z": 0.0014166159089654684
    },
    "landmark_25": {
        "x": 0.5585151314735413,
        "y": 0.7202131748199463,
        "z": -0.0502043291926384
    },
    "landmark_26": {
        "x": 0.46595853567123413,
        "y": 0.7456159591674805,
        "z": 0.059820838272571564
    },
    "landmark_27": {
        "x": 0.5843908190727234,
        "y": 0.8347613215446472,
        "z": 0.029303323477506638
    },
    "landmark_28": {
        "x": 0.4814043939113617,
        "y": 0.8365234136581421,
        "z": 0.24246183037757874
    },
    "landmark_29": {
        "x": 0.5811241269111633,
        "y": 0.8623189926147461,
        "z": 0.031992699950933456
    },
    "landmark_30": {
        "x": 0.4922409653663635,
        "y": 0.8531054258346558,
        "z": 0.2570415437221527
    },
    "landmark_31": {
        "x": 0.6056187152862549,
        "y": 0.8753043413162231,
        "z": -0.07098838686943054
    },
    "landmark_32": {
        "x": 0.45998042821884155,
        "y": 0.8764076828956604,
        "z": 0.1859149932861328
    }
}