{
    "landmark_0": {
        "x": 0.5222191214561462,
        "y": 0.4054568111896515,
        "z": -0.14008289575576782
    },
    "landmark_1": {
        "x": 0.5267724394798279,
        "y": 0.3946588337421417,
        "z": -0.12160961329936981
    },
    "landmark_2": {
        "x": 0.5291922688484192,
        "y": 0.39533472061157227,
        "z": -0.12158451974391937
    },
    "landmark_3": {
        "x": 0.5315271615982056,
        "y": 0.39613622426986694,
        "z": -0.1215759888291359
    },
    "landmark_4": {
        "x": 0.519694447517395,
        "y": 0.3919433653354645,
        "z": -0.1319485306739807
    },
    "landmark_5": {
        "x": 0.5172126293182373,
        "y": 0.3909038007259369,
        "z": -0.131938174366951
    },
    "landmark_6": {
        "x": 0.5147887468338013,
        "y": 0.3900377154350281,
        "z": -0.1319635957479477
    },
    "landmark_7": {
        "x": 0.5339108109474182,
        "y": 0.4004555940628052,
        "z": -0.01580624282360077
    },
    "landmark_8": {
        "x": 0.5108538269996643,
        "y": 0.39287394285202026,
        "z": -0.06181109696626663
    },
    "landmark_9": {
        "x": 0.5259621739387512,
        "y": 0.41806358098983765,
        "z": -0.09896642714738846
    },
    "landmark_10": {
        "x": 0.5162069797515869,
        "y": 0.41531771421432495,
        "z": -0.11251890659332275
    },
    "landmark_11": {
        "x": 0.5416152477264404,
        "y": 0.4696888029575348,
        "z": 0.05531788989901543
    },
    "landmark_12": {
        "x": 0.48863887786865234,
        "y": 0.4448156952857971,
        "z": -0.09678937494754791
    },
    "landmark_13": {
        "x": 0.5527915954589844,
        "y": 0.5121102333068848,
        "z": -0.05943102762103081
    },
    "landmark_14": {
        "x": 0.5274978876113892,
        "y": 0.48811453580856323,
        "z": -0.1554514616727829
    },
    "landmark_15": {
        "x": 0.5633734464645386,
        "y": 0.4345763027667999,
        "z": -0.23687238991260529
    },
    "landmark_16": {
        "x": 0.5679014921188354,
        "y": 0.48448148369789124,
        "z": -0.08791331201791763
    },
    "landmark_17": {
        "x": 0.5715630650520325,
        "y": 0.41712838411331177,
        "z": -0.2677394449710846
    },
    "landmark_18": {
        "x": 0.5730834603309631,
        "y": 0.4585636854171753,
        "z": -0.09711943566799164
    },
    "landmark_19": {
        "x": 0.5681114196777344,
        "y": 0.4146120846271515,
        "z": -0.260578453540802
    },
    "landmark_20": {
        "x": 0.5768944621086121,
        "y": 0.48299625515937805,
        "z": -0.0970015749335289
    },
    "landmark_21": {
        "x": 0.5647218823432922,
        "y": 0.421056866645813,
        "z": -0.24132123589515686
    },
    "landmark_22": {
        "x": 0.5712401866912842,
        "y": 0.4856354892253876,
        "z": -0.085140161216259
    },
    "landmark_23": {
        "x": 0.5188679099082947,
        "y": 0.6581398844718933,
        "z": 0.030688274651765823
    },
    "landmark_24": {
        "x": 0.478911817073822,
        "y": 0.6535781025886536,
        "z": -0.030724674463272095
    },
    "landmark_25": {
        "x": 0.5266681909561157,
        "y": 0.7747448682785034,
        "z": 0.06160496920347214
    },
    "landmark_26": {
        "x": 0.42872172594070435,
        "y": 0.7633987665176392,
        "z": -0.043130986392498016
    },
    "landmark_27": {
        "x": 0.5188904404640198,
        "y": 0.8632546067237854,
        "z": 0.22564196586608887
    },
    "landmark_28": {
        "x": 0.37816134095191956,
        "y": 0.8519091010093689,
        "z": 0.04630954563617706
    },
    "landmark_29": {
        "x": 0.5088080763816833,
        "y": 0.8830756545066833,
        "z": 0.2385454624891281
    },
    "landmark_30": {
        "x": 0.3747883439064026,
        "y": 0.8533007502555847,
        "z": 0.05188439041376114
    },
    "landmark_31": {
        "x": 0.5336396098136902,
        "y": 0.9043691754341125,
        "z": 0.18050065636634827
    },
    "landmark_32": {
        "x": 0.3518398404121399,
        "y": 0.8750250339508057,
        "z": -0.0330628976225853
    }
}