{
    "landmark_0": {
        "x": 0.4845642149448395,
        "y": 0.3422095477581024,
        "z": -0.22801212966442108
    },
    "landmark_1": {
        "x": 0.48861485719680786,
        "y": 0.326893150806427,
        "z": -0.21648332476615906
    },
    "landmark_2": {
        "x": 0.49100834131240845,
        "y": 0.32612770795822144,
        "z": -0.21648117899894714
    },
    "landmark_3": {
        "x": 0.493471622467041,
        "y": 0.3252609968185425,
        "z": -0.21651044487953186
    },
    "landmark_4": {
        "x": 0.482965886592865,
        "y": 0.32566365599632263,
        "z": -0.21059183776378632
    },
    "landmark_5": {
        "x": 0.481466680765152,
        "y": 0.32414814829826355,
        "z": -0.210622638463974
    },
    "landmark_6": {
        "x": 0.4797964096069336,
        "y": 0.3224879205226898,
        "z": -0.21064826846122742
    },
    "landmark_7": {
        "x": 0.5008487701416016,
        "y": 0.32529228925704956,
        "z": -0.13034889101982117
    },
    "landmark_8": {
        "x": 0.4801155626773834,
        "y": 0.32257702946662903,
        "z": -0.10277192294597626
    },
    "landmark_9": {
        "x": 0.48945704102516174,
        "y": 0.3538949489593506,
        "z": -0.19442805647850037
    },
    "landmark_10": {
        "x": 0.4816517233848572,
        "y": 0.35349512100219727,
        "z": -0.18682022392749786
    },
    "landmark_11": {
        "x": 0.5249018669128418,
        "y": 0.3873407244682312,
        "z": -0.058607541024684906
    },
    "landmark_12": {
        "x": 0.4628871977329254,
        "y": 0.37153393030166626,
        "z": -0.053287722170352936
    },
    "landmark_13": {
        "x": 0.5228955745697021,
        "y": 0.48662495613098145,
        "z": -0.011692051775753498
    },
    "landmark_14": {
        "x": 0.43654078245162964,
        "y": 0.35925281047821045,
        "z": -0.09354492276906967
    },
    "landmark_15": {
        "x": 0.5232551097869873,
        "y": 0.5697632431983948,
        "z": -0.03338772431015968
    },
    "landmark_16": {
        "x": 0.43834108114242554,
        "y": 0.2813494801521301,
        "z": -0.18412600457668304
    },
    "landmark_17": {
        "x": 0.5297072529792786,
        "y": 0.600466251373291,
        "z": -0.04083826020359993
    },
    "landmark_18": {
        "x": 0.43516141176223755,
        "y": 0.2556881308555603,
        "z": -0.2176738679409027
    },
    "landmark_19": {
        "x": 0.5271151661872864,
        "y": 0.6017694473266602,
        "z": -0.064405158162117
    },
    "landmark_20": {
        "x": 0.44126325845718384,
        "y": 0.25634992122650146,
        "z": -0.21856756508350372
    },
    "landmark_21": {
        "x": 0.5240856409072876,
        "y": 0.5909898281097412,
        "z": -0.042871586978435516
    },
    "landmark_22": {
        "x": 0.443870484828949,
        "y": 0.26587748527526855,
        "z": -0.19086097180843353
    },
    "landmark_23": {
        "x": 0.5083374381065369,
        "y": 0.5854019522666931,
        "z": 0.0029133178759366274
    },
    "landmark_24": {
        "x": 0.4641476273536682,
        "y": 0.5878419280052185,
        "z": -0.0030468227341771126
    },
    "landmark_25": {
        "x": 0.5373660922050476,
        "y": 0.7023758888244629,
        "z": -0.06884751468896866
    },
    "landmark_26": {
        "x": 0.4460340142250061,
        "y": 0.7315552830696106,
        "z": -0.06304080039262772
    },
    "landmark_27": {
        "x": 0.5370025038719177,
        "y": 0.8348037600517273,
        "z": 0.09074897319078445
    },
    "landmark_28": {
        "x": 0.4636690616607666,
        "y": 0.8189445734024048,
        "z": 0.11580055952072144
    },
    "landmark_29": {
        "x": 0.5290913581848145,
        "y": 0.8554975986480713,
        "z": 0.1014646515250206
    },
    "landmark_30": {
        "x": 0.4720298647880554,
        "y": 0.8322584629058838,
        "z": 0.12905555963516235
    },
    "landmark_31": {
        "x": 0.5586180686950684,
        "y": 0.8811813592910767,
        "z": -0.005723409354686737
    },
    "landmark_32": {
        "x": 0.4626688063144684,
        "y": 0.8797173500061035,
        "z": 0.03178184852004051
    }
}