{
    "landmark_0": {
        "x": 0.5101776719093323,
        "y": 0.36324071884155273,
        "z": -0.12740544974803925
    },
    "landmark_1": {
        "x": 0.5126380324363708,
        "y": 0.3537907600402832,
        "z": -0.11219271272420883
    },
    "landmark_2": {
        "x": 0.5146014094352722,
        "y": 0.35389822721481323,
        "z": -0.11220373213291168
    },
    "landmark_3": {
        "x": 0.5167937278747559,
        "y": 0.35417038202285767,
        "z": -0.11224444955587387
    },
    "landmark_4": {
        "x": 0.5080702900886536,
        "y": 0.3525652587413788,
        "z": -0.11415425688028336
    },
    "landmark_5": {
        "x": 0.5066351294517517,
        "y": 0.35189053416252136,
        "z": -0.11413439363241196
    },
    "landmark_6": {
        "x": 0.50532466173172,
        "y": 0.3513653874397278,
        "z": -0.11415209621191025
    },
    "landmark_7": {
        "x": 0.5187529921531677,
        "y": 0.3569084703922272,
        "z": -0.02692008949816227
    },
    "landmark_8": {
        "x": 0.5031299591064453,
        "y": 0.35485294461250305,
        "z": -0.03310731425881386
    },
    "landmark_9": {
        "x": 0.5130787491798401,
        "y": 0.3715015947818756,
        "z": -0.09472151845693588
    },
    "landmark_10": {
        "x": 0.5068048238754272,
        "y": 0.37087392807006836,
        "z": -0.09692633152008057
    },
    "landmark_11": {
        "x": 0.5328136086463928,
        "y": 0.41705843806266785,
        "z": -0.006718088872730732
    },
    "landmark_12": {
        "x": 0.4771689474582672,
        "y": 0.40298810601234436,
        "z": -0.026741689071059227
    },
    "landmark_13": {
        "x": 0.5638657808303833,
        "y": 0.4044569730758667,
        "z": -0.14406311511993408
    },
    "landmark_14": {
        "x": 0.5060936212539673,
        "y": 0.432900071144104,
        "z": -0.10204442590475082
    },
    "landmark_15": {
        "x": 0.5459310412406921,
        "y": 0.31784379482269287,
        "z": -0.25255510210990906
    },
    "landmark_16": {
        "x": 0.5445709228515625,
        "y": 0.4025428295135498,
        "z": -0.12611322104930878
    },
    "landmark_17": {
        "x": 0.5478271842002869,
        "y": 0.2942909598350525,
        "z": -0.2798181176185608
    },
    "landmark_18": {
        "x": 0.5537253618240356,
        "y": 0.39361944794654846,
        "z": -0.14910244941711426
    },
    "landmark_19": {
        "x": 0.5439824461936951,
        "y": 0.29690539836883545,
        "z": -0.2686655521392822
    },
    "landmark_20": {
        "x": 0.5532538294792175,
        "y": 0.39657050371170044,
        "z": -0.13665160536766052
    },
    "landmark_21": {
        "x": 0.5428486466407776,
        "y": 0.3074510097503662,
        "z": -0.2527139484882355
    },
    "landmark_22": {
        "x": 0.5510135293006897,
        "y": 0.4027084708213806,
        "z": -0.12340377271175385
    },
    "landmark_23": {
        "x": 0.5195524096488953,
        "y": 0.6111676096916199,
        "z": -0.009437636472284794
    },
    "landmark_24": {
        "x": 0.4766915440559387,
        "y": 0.602786123752594,
        "z": 0.00949239544570446
    },
    "landmark_25": {
        "x": 0.538241446018219,
        "y": 0.7424545884132385,
        "z": -0.07123851776123047
    },
    "landmark_26": {
        "x": 0.4107528626918793,
        "y": 0.6814878582954407,
        "z": -0.09219829738140106
    },
    "landmark_27": {
        "x": 0.5249422788619995,
        "y": 0.8383031487464905,
        "z": 0.13066022098064423
    },
    "landmark_28": {
        "x": 0.4173131585121155,
        "y": 0.8044840693473816,
        "z": 0.09017468243837357
    },
    "landmark_29": {
        "x": 0.5173866152763367,
        "y": 0.850704550743103,
        "z": 0.1469341665506363
    },
    "landmark_30": {
        "x": 0.4246583580970764,
        "y": 0.8293489813804626,
        "z": 0.10417729616165161
    },
    "landmark_31": {
        "x": 0.5309503674507141,
        "y": 0.893115222454071,
        "z": 0.06338836252689362
    },
    "landmark_32": {
        "x": 0.3797774910926819,
        "y": 0.8259042501449585,
        "z": 0.033135849982500076
    }
}