{
    "landmark_0": {
        "x": 0.4975782334804535,
        "y": 0.3656008541584015,
        "z": -0.1646149605512619
    },
    "landmark_1": {
        "x": 0.5005204677581787,
        "y": 0.3542400002479553,
        "z": -0.150644451379776
    },
    "landmark_2": {
        "x": 0.5022480487823486,
        "y": 0.3540360927581787,
        "z": -0.15062730014324188
    },
    "landmark_3": {
        "x": 0.5040683150291443,
        "y": 0.35403937101364136,
        "z": -0.1506393402814865
    },
    "landmark_4": {
        "x": 0.4951401650905609,
        "y": 0.3528238832950592,
        "z": -0.15612250566482544
    },
    "landmark_5": {
        "x": 0.4930674135684967,
        "y": 0.3517914116382599,
        "z": -0.15616193413734436
    },
    "landmark_6": {
        "x": 0.4909544885158539,
        "y": 0.3509697914123535,
        "z": -0.1562129110097885
    },
    "landmark_7": {
        "x": 0.504813015460968,
        "y": 0.3561772108078003,
        "z": -0.06280096620321274
    },
    "landmark_8": {
        "x": 0.4852829575538635,
        "y": 0.3527214229106903,
        "z": -0.0867992416024208
    },
    "landmark_9": {
        "x": 0.5000870823860168,
        "y": 0.37321609258651733,
        "z": -0.13096116483211517
    },
    "landmark_10": {
        "x": 0.49280285835266113,
        "y": 0.3708992302417755,
        "z": -0.1383906900882721
    },
    "landmark_11": {
        "x": 0.5222505331039429,
        "y": 0.4145638346672058,
        "z": 0.001906365854665637
    },
    "landmark_12": {
        "x": 0.4600278437137604,
        "y": 0.4120514392852783,
        "z": -0.07272505760192871
    },
    "landmark_13": {
        "x": 0.546208381652832,
        "y": 0.45656538009643555,
        "z": 0.010271746665239334
    },
    "landmark_14": {
        "x": 0.451389878988266,
        "y": 0.4240388572216034,
        "z": -0.1868245005607605
    },
    "landmark_15": {
        "x": 0.5349355340003967,
        "y": 0.4537910521030426,
        "z": -0.028166020289063454
    },
    "landmark_16": {
        "x": 0.4735371470451355,
        "y": 0.361200213432312,
        "z": -0.3014295697212219
    },
    "landmark_17": {
        "x": 0.5329959988594055,
        "y": 0.45764032006263733,
        "z": -0.036675214767456055
    },
    "landmark_18": {
        "x": 0.47796446084976196,
        "y": 0.3489512503147125,
        "z": -0.33446091413497925
    },
    "landmark_19": {
        "x": 0.5289087891578674,
        "y": 0.45049387216567993,
        "z": -0.04494365304708481
    },
    "landmark_20": {
        "x": 0.48169201612472534,
        "y": 0.34532812237739563,
        "z": -0.3254038095474243
    },
    "landmark_21": {
        "x": 0.5277567505836487,
        "y": 0.44932428002357483,
        "z": -0.032670337706804276
    },
    "landmark_22": {
        "x": 0.4788333475589752,
        "y": 0.35241350531578064,
        "z": -0.30188047885894775
    },
    "landmark_23": {
        "x": 0.5156506299972534,
        "y": 0.6055112481117249,
        "z": 0.011402783915400505
    },
    "landmark_24": {
        "x": 0.4765159487724304,
        "y": 0.6099027991294861,
        "z": -0.01142711192369461
    },
    "landmark_25": {
        "x": 0.559138834476471,
        "y": 0.7130808234214783,
        "z": -0.04931943118572235
    },
    "landmark_26": {
        "x": 0.46023744344711304,
        "y": 0.742561399936676,
        "z": -0.005762155633419752
    },
    "landmark_27": {
        "x": 0.5682078003883362,
        "y": 0.8342257738113403,
        "z": 0.04997027665376663
    },
    "landmark_28": {
        "x": 0.47482356429100037,
        "y": 0.8252370953559875,
        "z": 0.15830518305301666
    },
    "landmark_29": {
        "x": 0.5606867671012878,
        "y": 0.8569561243057251,
        "z": 0.05426101014018059
    },
    "landmark_30": {
        "x": 0.4832555651664734,
        "y": 0.8398165106773376,
        "z": 0.1699504256248474
    },
    "landmark_31": {
        "x": 0.5932035446166992,
        "y": 0.8684852719306946,
        "z": -0.04099990800023079
    },
    "landmark_32": {
        "x": 0.4621596932411194,
        "y": 0.8754038214683533,
        "z": 0.0899047777056694
    }
}