{
    "landmark_0": {
        "x": 0.49067574739456177,
        "y": 0.34411218762397766,
        "z": -0.19451627135276794
    },
    "landmark_1": {
        "x": 0.4925414025783539,
        "y": 0.3290610909461975,
        "z": -0.17887142300605774
    },
    "landmark_2": {
        "x": 0.494757741689682,
        "y": 0.3285418450832367,
        "z": -0.1789177805185318
    },
    "landmark_3": {
        "x": 0.4971609115600586,
        "y": 0.32831093668937683,
        "z": -0.17893850803375244
    },
    "landmark_4": {
        "x": 0.487248957157135,
        "y": 0.330509752035141,
        "z": -0.17503443360328674
    },
    "landmark_5": {
        "x": 0.4856303632259369,
        "y": 0.3310013711452484,
        "z": -0.1750151365995407
    },
    "landmark_6": {
        "x": 0.4839561879634857,
        "y": 0.33165526390075684,
        "z": -0.1749887615442276
    },
    "landmark_7": {
        "x": 0.5011918544769287,
        "y": 0.3336043357849121,
        "z": -0.09413553774356842
    },
    "landmark_8": {
        "x": 0.48052000999450684,
        "y": 0.3399989902973175,
        "z": -0.07326669245958328
    },
    "landmark_9": {
        "x": 0.49701380729675293,
        "y": 0.35609954595565796,
        "z": -0.16372959315776825
    },
    "landmark_10": {
        "x": 0.48859506845474243,
        "y": 0.35688281059265137,
        "z": -0.1577800214290619
    },
    "landmark_11": {
        "x": 0.5279209017753601,
        "y": 0.397266685962677,
        "z": -0.10206824541091919
    },
    "landmark_12": {
        "x": 0.4645746648311615,
        "y": 0.41154879331588745,
        "z": -0.055274881422519684
    },
    "landmark_13": {
        "x": 0.5239744782447815,
        "y": 0.4029545783996582,
        "z": -0.31930139660835266
    },
    "landmark_14": {
        "x": 0.4394068121910095,
        "y": 0.4187828600406647,
        "z": -0.23995736241340637
    },
    "landmark_15": {
        "x": 0.4917503893375397,
        "y": 0.4021797478199005,
        "z": -0.5076367259025574
    },
    "landmark_16": {
        "x": 0.4296243190765381,
        "y": 0.34583261609077454,
        "z": -0.43832412362098694
    },
    "landmark_17": {
        "x": 0.48316192626953125,
        "y": 0.40623611211776733,
        "z": -0.5530043840408325
    },
    "landmark_18": {
        "x": 0.4247097373008728,
        "y": 0.3261623978614807,
        "z": -0.4825648367404938
    },
    "landmark_19": {
        "x": 0.47789376974105835,
        "y": 0.4087793231010437,
        "z": -0.5442121624946594
    },
    "landmark_20": {
        "x": 0.42650240659713745,
        "y": 0.32019636034965515,
        "z": -0.475957453250885
    },
    "landmark_21": {
        "x": 0.4836552143096924,
        "y": 0.4071469306945801,
        "z": -0.5103263258934021
    },
    "landmark_22": {
        "x": 0.42919397354125977,
        "y": 0.3274901211261749,
        "z": -0.4437235891819
    },
    "landmark_23": {
        "x": 0.5224927067756653,
        "y": 0.5955981016159058,
        "z": -0.0039132097736001015
    },
    "landmark_24": {
        "x": 0.47896677255630493,
        "y": 0.6051499247550964,
        "z": 0.003744743764400482
    },
    "landmark_25": {
        "x": 0.5646234154701233,
        "y": 0.7030930519104004,
        "z": -0.07910366356372833
    },
    "landmark_26": {
        "x": 0.4701217710971832,
        "y": 0.7412806749343872,
        "z": -0.029372837394475937
    },
    "landmark_27": {
        "x": 0.574031412601471,
        "y": 0.8288115859031677,
        "z": 0.04111240804195404
    },
    "landmark_28": {
        "x": 0.4831060469150543,
        "y": 0.8330355882644653,
        "z": 0.13737338781356812
    },
    "landmark_29": {
        "x": 0.5683688521385193,
        "y": 0.857138991355896,
        "z": 0.04709087312221527
    },
    "landmark_30": {
        "x": 0.4918864667415619,
        "y": 0.8468844890594482,
        "z": 0.14882005751132965
    },
    "landmark_31": {
        "x": 0.6058931946754456,
        "y": 0.85130774974823,
        "z": -0.053658537566661835
    },
    "landmark_32": {
        "x": 0.47101134061813354,
        "y": 0.8861122727394104,
        "z": 0.0631711408495903
    }
}