{
    "landmark_0": {
        "x": 0.5188023447990417,
        "y": 0.3794492483139038,
        "z": -0.16230815649032593
    },
    "landmark_1": {
        "x": 0.5240882039070129,
        "y": 0.3674687147140503,
        "z": -0.14837077260017395
    },
    "landmark_2": {
        "x": 0.5257025361061096,
        "y": 0.36827847361564636,
        "z": -0.14837011694908142
    },
    "landmark_3": {
        "x": 0.5274254679679871,
        "y": 0.36916297674179077,
        "z": -0.14839179813861847
    },
    "landmark_4": {
        "x": 0.5197594165802002,
        "y": 0.3633352816104889,
        "z": -0.16238698363304138
    },
    "landmark_5": {
        "x": 0.518165111541748,
        "y": 0.36133307218551636,
        "z": -0.16238436102867126
    },
    "landmark_6": {
        "x": 0.5165963768959045,
        "y": 0.3593969941139221,
        "z": -0.16241827607154846
    },
    "landmark_7": {
        "x": 0.5269256234169006,
        "y": 0.3741849362850189,
        "z": -0.05051837116479874
    },
    "landmark_8": {
        "x": 0.5097777843475342,
        "y": 0.3605653643608093,
        "z": -0.11568524688482285
    },
    "landmark_9": {
        "x": 0.519468367099762,
        "y": 0.3921864926815033,
        "z": -0.12257640063762665
    },
    "landmark_10": {
        "x": 0.5129510760307312,
        "y": 0.388266384601593,
        "z": -0.14190059900283813
    },
    "landmark_11": {
        "x": 0.5267192125320435,
        "y": 0.4429119825363159,
        "z": 0.011091033928096294
    },
    "landmark_12": {
        "x": 0.47505784034729004,
        "y": 0.41057679057121277,
        "z": -0.10462693870067596
    },
    "landmark_13": {
        "x": 0.5517324209213257,
        "y": 0.4921090304851532,
        "z": -0.04430404305458069
    },
    "landmark_14": {
        "x": 0.4810709059238434,
        "y": 0.47003528475761414,
        "z": -0.21872100234031677
    },
    "landmark_15": {
        "x": 0.559412956237793,
        "y": 0.4339686632156372,
        "z": -0.15644404292106628
    },
    "landmark_16": {
        "x": 0.5057398080825806,
        "y": 0.4993904232978821,
        "z": -0.29857584834098816
    },
    "landmark_17": {
        "x": 0.5609516501426697,
        "y": 0.4132290184497833,
        "z": -0.1768152117729187
    },
    "landmark_18": {
        "x": 0.5100215077400208,
        "y": 0.511506974697113,
        "z": -0.3214939534664154
    },
    "landmark_19": {
        "x": 0.5596016049385071,
        "y": 0.4047209918498993,
        "z": -0.17351706326007843
    },
    "landmark_20": {
        "x": 0.5113222002983093,
        "y": 0.5089418292045593,
        "z": -0.31983721256256104
    },
    "landmark_21": {
        "x": 0.5521537661552429,
        "y": 0.41282883286476135,
        "z": -0.15931887924671173
    },
    "landmark_22": {
        "x": 0.5102823376655579,
        "y": 0.5066512823104858,
        "z": -0.29905804991722107
    },
    "landmark_23": {
        "x": 0.5085085034370422,
        "y": 0.6286174654960632,
        "z": 0.011471004225313663
    },
    "landmark_24": {
        "x": 0.46948638558387756,
        "y": 0.6215944886207581,
        "z": -0.011400768533349037
    },
    "landmark_25": {
        "x": 0.5086036324501038,
        "y": 0.7549977898597717,
        "z": 0.0364784374833107
    },
    "landmark_26": {
        "x": 0.42126837372779846,
        "y": 0.7315547466278076,
        "z": -0.013822984881699085
    },
    "landmark_27": {
        "x": 0.5055865049362183,
        "y": 0.8602362871170044,
        "z": 0.19879402220249176
    },
    "landmark_28": {
        "x": 0.3757648766040802,
        "y": 0.8328688144683838,
        "z": 0.09831869602203369
    },
    "landmark_29": {
        "x": 0.4984249472618103,
        "y": 0.8682107925415039,
        "z": 0.21093103289604187
    },
    "landmark_30": {
        "x": 0.3735523223876953,
        "y": 0.8602719902992249,
        "z": 0.10474809259176254
    },
    "landmark_31": {
        "x": 0.5105580687522888,
        "y": 0.9124755263328552,
        "z": 0.13641412556171417
    },
    "landmark_32": {
        "x": 0.34184685349464417,
        "y": 0.833081066608429,
        "z": 0.01474104356020689
    }
}