{
    "landmark_0": {
        "x": 0.48755255341529846,
        "y": 0.3565225303173065,
        "z": -0.1504647135734558
    },
    "landmark_1": {
        "x": 0.4902419447898865,
        "y": 0.3394632339477539,
        "z": -0.1364620178937912
    },
    "landmark_2": {
        "x": 0.49250394105911255,
        "y": 0.3381175100803375,
        "z": -0.13649334013462067
    },
    "landmark_3": {
        "x": 0.4948449730873108,
        "y": 0.33699893951416016,
        "z": -0.13652056455612183
    },
    "landmark_4": {
        "x": 0.4846048355102539,
        "y": 0.33980563282966614,
        "z": -0.13132429122924805
    },
    "landmark_5": {
        "x": 0.4829496741294861,
        "y": 0.33887532353401184,
        "z": -0.1313435584306717
    },
    "landmark_6": {
        "x": 0.48117536306381226,
        "y": 0.33816421031951904,
        "z": -0.131358802318573
    },
    "landmark_7": {
        "x": 0.4989751875400543,
        "y": 0.3380926847457886,
        "z": -0.054797135293483734
    },
    "landmark_8": {
        "x": 0.4795817732810974,
        "y": 0.3404906094074249,
        "z": -0.029206033796072006
    },
    "landmark_9": {
        "x": 0.49299636483192444,
        "y": 0.3641026020050049,
        "z": -0.12052309513092041
    },
    "landmark_10": {
        "x": 0.4849952161312103,
        "y": 0.36400431394577026,
        "z": -0.1135435551404953
    },
    "landmark_11": {
        "x": 0.5214639902114868,
        "y": 0.40220409631729126,
        "z": -0.04349442198872566
    },
    "landmark_12": {
        "x": 0.4624094069004059,
        "y": 0.4025045931339264,
        "z": -0.01483418233692646
    },
    "landmark_13": {
        "x": 0.5332973599433899,
        "y": 0.4129972755908966,
        "z": -0.18418213725090027
    },
    "landmark_14": {
        "x": 0.43752193450927734,
        "y": 0.38666483759880066,
        "z": -0.16172322630882263
    },
    "landmark_15": {
        "x": 0.5088809728622437,
        "y": 0.40426933765411377,
        "z": -0.3068889379501343
    },
    "landmark_16": {
        "x": 0.43280190229415894,
        "y": 0.3094909191131592,
        "z": -0.3151389956474304
    },
    "landmark_17": {
        "x": 0.5060399770736694,
        "y": 0.4065617322921753,
        "z": -0.33934396505355835
    },
    "landmark_18": {
        "x": 0.4270915985107422,
        "y": 0.28808629512786865,
        "z": -0.35495397448539734
    },
    "landmark_19": {
        "x": 0.5006856322288513,
        "y": 0.40318477153778076,
        "z": -0.3375004529953003
    },
    "landmark_20": {
        "x": 0.43185892701148987,
        "y": 0.2879217863082886,
        "z": -0.34658971428871155
    },
    "landmark_21": {
        "x": 0.5001457929611206,
        "y": 0.40409713983535767,
        "z": -0.31023353338241577
    },
    "landmark_22": {
        "x": 0.4355308413505554,
        "y": 0.29566025733947754,
        "z": -0.3197401165962219
    },
    "landmark_23": {
        "x": 0.516167163848877,
        "y": 0.6106793284416199,
        "z": -0.00016760329890530556
    },
    "landmark_24": {
        "x": 0.4718104302883148,
        "y": 0.6193280220031738,
        "z": 8.843530849844683e-07
    },
    "landmark_25": {
        "x": 0.5621342062950134,
        "y": 0.7244937419891357,
        "z": -0.06989069283008575
    },
    "landmark_26": {
        "x": 0.4525572657585144,
        "y": 0.7594535946846008,
        "z": -0.040979426354169846
    },
    "landmark_27": {
        "x": 0.5627845525741577,
        "y": 0.8464540839195251,
        "z": 0.08092211186885834
    },
    "landmark_28": {
        "x": 0.4694788455963135,
        "y": 0.8466593623161316,
        "z": 0.13806943595409393
    },
    "landmark_29": {
        "x": 0.5552559494972229,
        "y": 0.8708204627037048,
        "z": 0.09109455347061157
    },
    "landmark_30": {
        "x": 0.47982722520828247,
        "y": 0.8561842441558838,
        "z": 0.15175281465053558
    },
    "landmark_31": {
        "x": 0.5939624905586243,
        "y": 0.8815383315086365,
        "z": -0.0005436582723632455
    },
    "landmark_32": {
        "x": 0.4646610617637634,
        "y": 0.9039778709411621,
        "z": 0.07407630980014801
    }
}