{
    "landmark_0": {
        "x": 0.493809312582016,
        "y": 0.35531947016716003,
        "z": -0.06588982045650482
    },
    "landmark_1": {
        "x": 0.49630650877952576,
        "y": 0.3409144878387451,
        "z": -0.061563026160001755
    },
    "landmark_2": {
        "x": 0.4987401068210602,
        "y": 0.33917436003685,
        "z": -0.0615989975631237
    },
    "landmark_3": {
        "x": 0.5013999342918396,
        "y": 0.3374672830104828,
        "z": -0.061665553599596024
    },
    "landmark_4": {
        "x": 0.49044233560562134,
        "y": 0.34235304594039917,
        "z": -0.04781564697623253
    },
    "landmark_5": {
        "x": 0.48878034949302673,
        "y": 0.34167465567588806,
        "z": -0.04779969900846481
    },
    "landmark_6": {
        "x": 0.4870714247226715,
        "y": 0.34107735753059387,
        "z": -0.04781358689069748
    },
    "landmark_7": {
        "x": 0.5075146555900574,
        "y": 0.3342585563659668,
        "z": -0.02190379612147808
    },
    "landmark_8": {
        "x": 0.48741284012794495,
        "y": 0.34046831727027893,
        "z": 0.044371385127305984
    },
    "landmark_9": {
        "x": 0.49927735328674316,
        "y": 0.3618396818637848,
        "z": -0.050133902579545975
    },
    "landmark_10": {
        "x": 0.4916476607322693,
        "y": 0.3638826906681061,
        "z": -0.031101878732442856
    },
    "landmark_11": {
        "x": 0.5373162031173706,
        "y": 0.38067108392715454,
        "z": -0.021473350003361702
    },
    "landmark_12": {
        "x": 0.4792681634426117,
        "y": 0.3929227590560913,
        "z": 0.06783437728881836
    },
    "landmark_13": {
        "x": 0.5342245101928711,
        "y": 0.382997989654541,
        "z": -0.11394236236810684
    },
    "landmark_14": {
        "x": 0.4553455710411072,
        "y": 0.35527411103248596,
        "z": 0.056803423911333084
    },
    "landmark_15": {
        "x": 0.5001139640808105,
        "y": 0.35369130969047546,
        "z": -0.14829121530056
    },
    "landmark_16": {
        "x": 0.4444185793399811,
        "y": 0.2719932496547699,
        "z": 0.033708326518535614
    },
    "landmark_17": {
        "x": 0.4925384521484375,
        "y": 0.3485984206199646,
        "z": -0.17064204812049866
    },
    "landmark_18": {
        "x": 0.43889886140823364,
        "y": 0.24834312498569489,
        "z": 0.013215666636824608
    },
    "landmark_19": {
        "x": 0.49267682433128357,
        "y": 0.34391793608665466,
        "z": -0.1662251204252243
    },
    "landmark_20": {
        "x": 0.4410691261291504,
        "y": 0.24530887603759766,
        "z": 0.010938904248178005
    },
    "landmark_21": {
        "x": 0.4943726062774658,
        "y": 0.34684526920318604,
        "z": -0.14892788231372833
    },
    "landmark_22": {
        "x": 0.4440155625343323,
        "y": 0.2532373070716858,
        "z": 0.027119094505906105
    },
    "landmark_23": {
        "x": 0.5246047973632812,
        "y": 0.5925928950309753,
        "z": -0.020534221082925797
    },
    "landmark_24": {
        "x": 0.48329228162765503,
        "y": 0.5861314535140991,
        "z": 0.02052108384668827
    },
    "landmark_25": {
        "x": 0.5476924777030945,
        "y": 0.7325496077537537,
        "z": -0.0864710658788681
    },
    "landmark_26": {
        "x": 0.4440852701663971,
        "y": 0.7080053687095642,
        "z": -0.07582134753465652
    },
    "landmark_27": {
        "x": 0.5277243852615356,
        "y": 0.8415718674659729,
        "z": 0.09909092634916306
    },
    "landmark_28": {
        "x": 0.4580546021461487,
        "y": 0.8036288022994995,
        "z": 0.12779547274112701
    },
    "landmark_29": {
        "x": 0.5167754292488098,
        "y": 0.8556365370750427,
        "z": 0.11400189250707626
    },
    "landmark_30": {
        "x": 0.46785372495651245,
        "y": 0.8149351477622986,
        "z": 0.14558276534080505
    },
    "landmark_31": {
        "x": 0.5404165983200073,
        "y": 0.9017435908317566,
        "z": 0.03788722679018974
    },
    "landmark_32": {
        "x": 0.4396779537200928,
        "y": 0.8589333295822144,
        "z": 0.08973709493875504
    }
}