{
    "landmark_0": {
        "x": 0.48990756273269653,
        "y": 0.32754120230674744,
        "z": -0.14819787442684174
    },
    "landmark_1": {
        "x": 0.49368709325790405,
        "y": 0.3120258152484894,
        "z": -0.13484947383403778
    },
    "landmark_2": {
        "x": 0.4963725209236145,
        "y": 0.31156212091445923,
        "z": -0.1349177211523056
    },
    "landmark_3": {
        "x": 0.4991380572319031,
        "y": 0.31118863821029663,
        "z": -0.13496090471744537
    },
    "landmark_4": {
        "x": 0.48706990480422974,
        "y": 0.31198519468307495,
        "z": -0.13021083176136017
    },
    "landmark_5": {
        "x": 0.48518356680870056,
        "y": 0.31170031428337097,
        "z": -0.13021816313266754
    },
    "landmark_6": {
        "x": 0.48319751024246216,
        "y": 0.3115781843662262,
        "z": -0.13022443652153015
    },
    "landmark_7": {
        "x": 0.5032795071601868,
        "y": 0.3147432804107666,
        "z": -0.05756847932934761
    },
    "landmark_8": {
        "x": 0.48014670610427856,
        "y": 0.3172553479671478,
        "z": -0.034105729311704636
    },
    "landmark_9": {
        "x": 0.49532896280288696,
        "y": 0.33802786469459534,
        "z": -0.11947039514780045
    },
    "landmark_10": {
        "x": 0.48655152320861816,
        "y": 0.3376743495464325,
        "z": -0.11279533803462982
    },
    "landmark_11": {
        "x": 0.5232254266738892,
        "y": 0.37079960107803345,
        "z": -0.05963360145688057
    },
    "landmark_12": {
        "x": 0.46061810851097107,
        "y": 0.37691977620124817,
        "z": -0.010643396526575089
    },
    "landmark_13": {
        "x": 0.519981324672699,
        "y": 0.39028990268707275,
        "z": -0.20601120591163635
    },
    "landmark_14": {
        "x": 0.4299144148826599,
        "y": 0.36072567105293274,
        "z": -0.1331220120191574
    },
    "landmark_15": {
        "x": 0.47660142183303833,
        "y": 0.38393640518188477,
        "z": -0.3519093692302704
    },
    "landmark_16": {
        "x": 0.4167460501194,
        "y": 0.27581095695495605,
        "z": -0.273676335811615
    },
    "landmark_17": {
        "x": 0.4673570692539215,
        "y": 0.3873344957828522,
        "z": -0.38809657096862793
    },
    "landmark_18": {
        "x": 0.41069522500038147,
        "y": 0.25539684295654297,
        "z": -0.3067714273929596
    },
    "landmark_19": {
        "x": 0.46432384848594666,
        "y": 0.3874604105949402,
        "z": -0.38494884967803955
    },
    "landmark_20": {
        "x": 0.4143156409263611,
        "y": 0.25058457255363464,
        "z": -0.30323055386543274
    },
    "landmark_21": {
        "x": 0.46776238083839417,
        "y": 0.38850995898246765,
        "z": -0.3544188439846039
    },
    "landmark_22": {
        "x": 0.417393296957016,
        "y": 0.25763630867004395,
        "z": -0.27892330288887024
    },
    "landmark_23": {
        "x": 0.5108909010887146,
        "y": 0.5811761021614075,
        "z": 0.0017476899083703756
    },
    "landmark_24": {
        "x": 0.4670392870903015,
        "y": 0.5811409950256348,
        "z": -0.0018413395155221224
    },
    "landmark_25": {
        "x": 0.552602231502533,
        "y": 0.6916368007659912,
        "z": -0.14371508359909058
    },
    "landmark_26": {
        "x": 0.45136576890945435,
        "y": 0.7168688178062439,
        "z": -0.02813202701508999
    },
    "landmark_27": {
        "x": 0.5339551568031311,
        "y": 0.8120205402374268,
        "z": 0.013990113511681557
    },
    "landmark_28": {
        "x": 0.46426334977149963,
        "y": 0.792389988899231,
        "z": 0.18166495859622955
    },
    "landmark_29": {
        "x": 0.5220608115196228,
        "y": 0.8346095681190491,
        "z": 0.026140373200178146
    },
    "landmark_30": {
        "x": 0.4755884110927582,
        "y": 0.806672215461731,
        "z": 0.198460191488266
    },
    "landmark_31": {
        "x": 0.5653823614120483,
        "y": 0.8515745997428894,
        "z": -0.05917133018374443
    },
    "landmark_32": {
        "x": 0.4586854875087738,
        "y": 0.8611752986907959,
        "z": 0.1284528374671936
    }
}