{
    "landmark_0": {
        "x": 0.4784732758998871,
        "y": 0.36156824231147766,
        "z": -0.18327170610427856
    },
    "landmark_1": {
        "x": 0.4819466173648834,
        "y": 0.34903088212013245,
        "z": -0.17089314758777618
    },
    "landmark_2": {
        "x": 0.48409074544906616,
        "y": 0.3488956689834595,
        "z": -0.17094172537326813
    },
    "landmark_3": {
        "x": 0.4865339696407318,
        "y": 0.349132239818573,
        "z": -0.17097505927085876
    },
    "landmark_4": {
        "x": 0.47692784667015076,
        "y": 0.3501362204551697,
        "z": -0.16766080260276794
    },
    "landmark_5": {
        "x": 0.4753192365169525,
        "y": 0.35053879022598267,
        "z": -0.16767172515392303
    },
    "landmark_6": {
        "x": 0.47362858057022095,
        "y": 0.3511868119239807,
        "z": -0.16767896711826324
    },
    "landmark_7": {
        "x": 0.4916403889656067,
        "y": 0.3560549020767212,
        "z": -0.09124696254730225
    },
    "landmark_8": {
        "x": 0.47092142701148987,
        "y": 0.35838064551353455,
        "z": -0.07563792914152145
    },
    "landmark_9": {
        "x": 0.4829256534576416,
        "y": 0.3728400468826294,
        "z": -0.1530497819185257
    },
    "landmark_10": {
        "x": 0.47597208619117737,
        "y": 0.3743910789489746,
        "z": -0.148760586977005
    },
    "landmark_11": {
        "x": 0.5169438123703003,
        "y": 0.41026976704597473,
        "z": -0.08021925389766693
    },
    "landmark_12": {
        "x": 0.44961681962013245,
        "y": 0.41686663031578064,
        "z": -0.02322821505367756
    },
    "landmark_13": {
        "x": 0.5175076127052307,
        "y": 0.4715396761894226,
        "z": -0.20119750499725342
    },
    "landmark_14": {
        "x": 0.42804932594299316,
        "y": 0.4548666775226593,
        "z": -0.13576744496822357
    },
    "landmark_15": {
        "x": 0.46722450852394104,
        "y": 0.4772436320781708,
        "z": -0.3367336392402649
    },
    "landmark_16": {
        "x": 0.417133629322052,
        "y": 0.3841244578361511,
        "z": -0.32842081785202026
    },
    "landmark_17": {
        "x": 0.45566049218177795,
        "y": 0.48131048679351807,
        "z": -0.3736700415611267
    },
    "landmark_18": {
        "x": 0.4135757088661194,
        "y": 0.3683527112007141,
        "z": -0.3690885901451111
    },
    "landmark_19": {
        "x": 0.45392459630966187,
        "y": 0.4757629930973053,
        "z": -0.36621689796447754
    },
    "landmark_20": {
        "x": 0.41574305295944214,
        "y": 0.3626954257488251,
        "z": -0.3683122992515564
    },
    "landmark_21": {
        "x": 0.4575193524360657,
        "y": 0.4752350151538849,
        "z": -0.33651942014694214
    },
    "landmark_22": {
        "x": 0.4184146821498871,
        "y": 0.3683687746524811,
        "z": -0.3345891833305359
    },
    "landmark_23": {
        "x": 0.5176557898521423,
        "y": 0.6045069098472595,
        "z": -0.009182139299809933
    },
    "landmark_24": {
        "x": 0.4739895761013031,
        "y": 0.6153252720832825,
        "z": 0.009068225510418415
    },
    "landmark_25": {
        "x": 0.5579553842544556,
        "y": 0.7075772881507874,
        "z": -0.07882650196552277
    },
    "landmark_26": {
        "x": 0.4551544785499573,
        "y": 0.74192875623703,
        "z": -0.08414250612258911
    },
    "landmark_27": {
        "x": 0.580794095993042,
        "y": 0.831771194934845,
        "z": 0.034564752131700516
    },
    "landmark_28": {
        "x": 0.4786949157714844,
        "y": 0.8392975926399231,
        "z": 0.0700998529791832
    },
    "landmark_29": {
        "x": 0.5761878490447998,
        "y": 0.8634079694747925,
        "z": 0.039736103266477585
    },
    "landmark_30": {
        "x": 0.48860296607017517,
        "y": 0.8530375957489014,
        "z": 0.08046116679906845
    },
    "landmark_31": {
        "x": 0.6068456768989563,
        "y": 0.8621953129768372,
        "z": -0.06070674583315849
    },
    "landmark_32": {
        "x": 0.46714311838150024,
        "y": 0.8963267803192139,
        "z": -0.002107929438352585
    }
}