{
    "landmark_0": {
        "x": 0.5077118873596191,
        "y": 0.37559640407562256,
        "z": -0.18031781911849976
    },
    "landmark_1": {
        "x": 0.5122950077056885,
        "y": 0.3635791838169098,
        "z": -0.16432471573352814
    },
    "landmark_2": {
        "x": 0.5146077275276184,
        "y": 0.36443307995796204,
        "z": -0.1642865538597107
    },
    "landmark_3": {
        "x": 0.516985297203064,
        "y": 0.3653804063796997,
        "z": -0.16427883505821228
    },
    "landmark_4": {
        "x": 0.5059967041015625,
        "y": 0.36068254709243774,
        "z": -0.17162831127643585
    },
    "landmark_5": {
        "x": 0.5037887096405029,
        "y": 0.35968732833862305,
        "z": -0.17168062925338745
    },
    "landmark_6": {
        "x": 0.501725971698761,
        "y": 0.3589380383491516,
        "z": -0.17173750698566437
    },
    "landmark_7": {
        "x": 0.5191944241523743,
        "y": 0.3704845905303955,
        "z": -0.07059619575738907
    },
    "landmark_8": {
        "x": 0.49609309434890747,
        "y": 0.3635827898979187,
        "z": -0.10609661042690277
    },
    "landmark_9": {
        "x": 0.5113154649734497,
        "y": 0.3889288306236267,
        "z": -0.1448177695274353
    },
    "landmark_10": {
        "x": 0.5026300549507141,
        "y": 0.3855983316898346,
        "z": -0.15536725521087646
    },
    "landmark_11": {
        "x": 0.5283450484275818,
        "y": 0.4497535824775696,
        "z": -0.007330085150897503
    },
    "landmark_12": {
        "x": 0.46752721071243286,
        "y": 0.425825297832489,
        "z": -0.1150156706571579
    },
    "landmark_13": {
        "x": 0.5254007577896118,
        "y": 0.5394721627235413,
        "z": 0.04599906876683235
    },
    "landmark_14": {
        "x": 0.45341038703918457,
        "y": 0.4301226735115051,
        "z": -0.29055362939834595
    },
    "landmark_15": {
        "x": 0.5324201583862305,
        "y": 0.6138159036636353,
        "z": 0.05897004157304764
    },
    "landmark_16": {
        "x": 0.499896764755249,
        "y": 0.4296397268772125,
        "z": -0.446607768535614
    },
    "landmark_17": {
        "x": 0.5348095893859863,
        "y": 0.6344163417816162,
        "z": 0.0619276687502861
    },
    "landmark_18": {
        "x": 0.5068689584732056,
        "y": 0.43054842948913574,
        "z": -0.48290127515792847
    },
    "landmark_19": {
        "x": 0.5341397523880005,
        "y": 0.6325550079345703,
        "z": 0.042179349809885025
    },
    "landmark_20": {
        "x": 0.5097365975379944,
        "y": 0.4217401146888733,
        "z": -0.4717794358730316
    },
    "landmark_21": {
        "x": 0.5310702323913574,
        "y": 0.6241071820259094,
        "z": 0.05168396979570389
    },
    "landmark_22": {
        "x": 0.5073711276054382,
        "y": 0.4306004047393799,
        "z": -0.4462234377861023
    },
    "landmark_23": {
        "x": 0.5070937275886536,
        "y": 0.6388611793518066,
        "z": 0.0147330267354846
    },
    "landmark_24": {
        "x": 0.4675351679325104,
        "y": 0.6346612572669983,
        "z": -0.014693399891257286
    },
    "landmark_25": {
        "x": 0.5078097581863403,
        "y": 0.7456653118133545,
        "z": 0.05838878080248833
    },
    "landmark_26": {
        "x": 0.43072566390037537,
        "y": 0.7520124912261963,
        "z": -0.011821678839623928
    },
    "landmark_27": {
        "x": 0.5034851431846619,
        "y": 0.8441256880760193,
        "z": 0.21795883774757385
    },
    "landmark_28": {
        "x": 0.39058154821395874,
        "y": 0.8504982590675354,
        "z": 0.10229688882827759
    },
    "landmark_29": {
        "x": 0.4964887499809265,
        "y": 0.864508330821991,
        "z": 0.22910790145397186
    },
    "landmark_30": {
        "x": 0.38953280448913574,
        "y": 0.8716651201248169,
        "z": 0.10913865268230438
    },
    "landmark_31": {
        "x": 0.5101042985916138,
        "y": 0.8921846151351929,
        "z": 0.15538081526756287
    },
    "landmark_32": {
        "x": 0.360512375831604,
        "y": 0.8434573411941528,
        "z": 0.016553018242120743
    }
}