{
    "landmark_0": {
        "x": 0.5058562159538269,
        "y": 0.44603708386421204,
        "z": -0.347466379404068
    },
    "landmark_1": {
        "x": 0.5085034966468811,
        "y": 0.43111729621887207,
        "z": -0.3376719653606415
    },
    "landmark_2": {
        "x": 0.50999516248703,
        "y": 0.430205374956131,
        "z": -0.3376804292201996
    },
    "landmark_3": {
        "x": 0.511768102645874,
        "y": 0.430256724357605,
        "z": -0.3377470076084137
    },
    "landmark_4": {
        "x": 0.5036132335662842,
        "y": 0.4293178617954254,
        "z": -0.3420402705669403
    },
    "landmark_5": {
        "x": 0.5017149448394775,
        "y": 0.4270390272140503,
        "z": -0.3421308398246765
    },
    "landmark_6": {
        "x": 0.4993054270744324,
        "y": 0.42475080490112305,
        "z": -0.34221720695495605
    },
    "landmark_7": {
        "x": 0.5104304552078247,
        "y": 0.42547309398651123,
        "z": -0.24242517352104187
    },
    "landmark_8": {
        "x": 0.49400821328163147,
        "y": 0.41951772570610046,
        "z": -0.2622743546962738
    },
    "landmark_9": {
        "x": 0.5081885457038879,
        "y": 0.452195942401886,
        "z": -0.3074817359447479
    },
    "landmark_10": {
        "x": 0.5015078783035278,
        "y": 0.45224592089653015,
        "z": -0.3135717809200287
    },
    "landmark_11": {
        "x": 0.5254897475242615,
        "y": 0.469574511051178,
        "z": -0.16096866130828857
    },
    "landmark_12": {
        "x": 0.46709027886390686,
        "y": 0.46821796894073486,
        "z": -0.20015569031238556
    },
    "landmark_13": {
        "x": 0.5355508923530579,
        "y": 0.5659496784210205,
        "z": -0.16743607819080353
    },
    "landmark_14": {
        "x": 0.4775157570838928,
        "y": 0.5621742010116577,
        "z": -0.2402927577495575
    },
    "landmark_15": {
        "x": 0.5236157178878784,
        "y": 0.5940471291542053,
        "z": -0.24475102126598358
    },
    "landmark_16": {
        "x": 0.5076282024383545,
        "y": 0.5948448777198792,
        "z": -0.3289949595928192
    },
    "landmark_17": {
        "x": 0.5221706628799438,
        "y": 0.6052890419960022,
        "z": -0.2708924412727356
    },
    "landmark_18": {
        "x": 0.5134934782981873,
        "y": 0.6092680096626282,
        "z": -0.3607843816280365
    },
    "landmark_19": {
        "x": 0.5200109481811523,
        "y": 0.5959646105766296,
        "z": -0.28485915064811707
    },
    "landmark_20": {
        "x": 0.5151216387748718,
        "y": 0.6002399325370789,
        "z": -0.3704162538051605
    },
    "landmark_21": {
        "x": 0.5195126533508301,
        "y": 0.5913213491439819,
        "z": -0.2523515820503235
    },
    "landmark_22": {
        "x": 0.513691246509552,
        "y": 0.5953550934791565,
        "z": -0.3342246413230896
    },
    "landmark_23": {
        "x": 0.5174148678779602,
        "y": 0.6461569666862488,
        "z": -0.0015888577327132225
    },
    "landmark_24": {
        "x": 0.47405076026916504,
        "y": 0.6390336155891418,
        "z": 0.0016578042414039373
    },
    "landmark_25": {
        "x": 0.5288504958152771,
        "y": 0.7769648432731628,
        "z": -0.1259729117155075
    },
    "landmark_26": {
        "x": 0.4169711470603943,
        "y": 0.7260720133781433,
        "z": -0.14287446439266205
    },
    "landmark_27": {
        "x": 0.5144121050834656,
        "y": 0.848388135433197,
        "z": 0.09752079099416733
    },
    "landmark_28": {
        "x": 0.3772784471511841,
        "y": 0.8338651657104492,
        "z": -0.040945541113615036
    },
    "landmark_29": {
        "x": 0.5075764656066895,
        "y": 0.862163782119751,
        "z": 0.11561822891235352
    },
    "landmark_30": {
        "x": 0.3745099604129791,
        "y": 0.8676328659057617,
        "z": -0.03519579768180847
    },
    "landmark_31": {
        "x": 0.5286297798156738,
        "y": 0.9028155207633972,
        "z": 0.03197699040174484
    },
    "landmark_32": {
        "x": 0.3429856300354004,
        "y": 0.8382006287574768,
        "z": -0.1354738473892212
    }
}