{
    "landmark_0": {
        "x": 0.516991376876831,
        "y": 0.39561399817466736,
        "z": -0.14802050590515137
    },
    "landmark_1": {
        "x": 0.521310031414032,
        "y": 0.38227343559265137,
        "z": -0.13102541863918304
    },
    "landmark_2": {
        "x": 0.5236034989356995,
        "y": 0.3822263181209564,
        "z": -0.1309855729341507
    },
    "landmark_3": {
        "x": 0.5259968638420105,
        "y": 0.38223621249198914,
        "z": -0.13099753856658936
    },
    "landmark_4": {
        "x": 0.5152686834335327,
        "y": 0.3817194998264313,
        "z": -0.14277230203151703
    },
    "landmark_5": {
        "x": 0.5131353139877319,
        "y": 0.38134607672691345,
        "z": -0.14279425144195557
    },
    "landmark_6": {
        "x": 0.5108394026756287,
        "y": 0.38085588812828064,
        "z": -0.14284145832061768
    },
    "landmark_7": {
        "x": 0.5284918546676636,
        "y": 0.38471734523773193,
        "z": -0.030868804082274437
    },
    "landmark_8": {
        "x": 0.5056568384170532,
        "y": 0.38215193152427673,
        "z": -0.08577504754066467
    },
    "landmark_9": {
        "x": 0.520420491695404,
        "y": 0.4086891710758209,
        "z": -0.10866596549749374
    },
    "landmark_10": {
        "x": 0.5120621919631958,
        "y": 0.40769675374031067,
        "z": -0.12500467896461487
    },
    "landmark_11": {
        "x": 0.5377981662750244,
        "y": 0.4471617341041565,
        "z": 0.047786254435777664
    },
    "landmark_12": {
        "x": 0.4789484143257141,
        "y": 0.43007540702819824,
        "z": -0.10754098743200302
    },
    "landmark_13": {
        "x": 0.5524041652679443,
        "y": 0.4697481691837311,
        "z": 0.1711433231830597
    },
    "landmark_14": {
        "x": 0.49708062410354614,
        "y": 0.4773586392402649,
        "z": -0.218773752450943
    },
    "landmark_15": {
        "x": 0.558750569820404,
        "y": 0.4427065849304199,
        "z": 0.2993273138999939
    },
    "landmark_16": {
        "x": 0.5349335074424744,
        "y": 0.49238112568855286,
        "z": -0.22945746779441833
    },
    "landmark_17": {
        "x": 0.5608347654342651,
        "y": 0.45106565952301025,
        "z": 0.3216983675956726
    },
    "landmark_18": {
        "x": 0.5329012870788574,
        "y": 0.49701371788978577,
        "z": -0.24602535367012024
    },
    "landmark_19": {
        "x": 0.5597590208053589,
        "y": 0.4330364763736725,
        "z": 0.3070038855075836
    },
    "landmark_20": {
        "x": 0.5452446937561035,
        "y": 0.5000575184822083,
        "z": -0.2409399449825287
    },
    "landmark_21": {
        "x": 0.5587324500083923,
        "y": 0.4333406090736389,
        "z": 0.2969222664833069
    },
    "landmark_22": {
        "x": 0.5428898930549622,
        "y": 0.4988274872303009,
        "z": -0.2271387130022049
    },
    "landmark_23": {
        "x": 0.5225866436958313,
        "y": 0.645924985408783,
        "z": 0.01724310778081417
    },
    "landmark_24": {
        "x": 0.4797385334968567,
        "y": 0.6387292146682739,
        "z": -0.017091140151023865
    },
    "landmark_25": {
        "x": 0.5277904868125916,
        "y": 0.7660173773765564,
        "z": 0.08285407721996307
    },
    "landmark_26": {
        "x": 0.4241480827331543,
        "y": 0.7368643283843994,
        "z": -0.07639174908399582
    },
    "landmark_27": {
        "x": 0.520397961139679,
        "y": 0.857466995716095,
        "z": 0.2618383765220642
    },
    "landmark_28": {
        "x": 0.37367740273475647,
        "y": 0.8364553451538086,
        "z": -0.013453478924930096
    },
    "landmark_29": {
        "x": 0.5144549608230591,
        "y": 0.8747865557670593,
        "z": 0.2757156789302826
    },
    "landmark_30": {
        "x": 0.3711862862110138,
        "y": 0.860097348690033,
        "z": -0.010708403773605824
    },
    "landmark_31": {
        "x": 0.5326852798461914,
        "y": 0.897937536239624,
        "z": 0.2126496285200119
    },
    "landmark_32": {
        "x": 0.3409981429576874,
        "y": 0.8639204502105713,
        "z": -0.09929566085338593
    }
}