{
    "landmark_0": {
        "x": 0.518686056137085,
        "y": 0.36277809739112854,
        "z": -0.16355398297309875
    },
    "landmark_1": {
        "x": 0.5230628252029419,
        "y": 0.3533921539783478,
        "z": -0.1435614377260208
    },
    "landmark_2": {
        "x": 0.5244565606117249,
        "y": 0.3544735014438629,
        "z": -0.14355847239494324
    },
    "landmark_3": {
        "x": 0.5257534980773926,
        "y": 0.35552871227264404,
        "z": -0.1435847282409668
    },
    "landmark_4": {
        "x": 0.5175297260284424,
        "y": 0.3484737277030945,
        "z": -0.15627571940422058
    },
    "landmark_5": {
        "x": 0.5151017308235168,
        "y": 0.34614676237106323,
        "z": -0.15627361834049225
    },
    "landmark_6": {
        "x": 0.5126901865005493,
        "y": 0.34386134147644043,
        "z": -0.15630759298801422
    },
    "landmark_7": {
        "x": 0.5233947038650513,
        "y": 0.35803094506263733,
        "z": -0.0364067405462265
    },
    "landmark_8": {
        "x": 0.5047847032546997,
        "y": 0.3442946672439575,
        "z": -0.09380001574754715
    },
    "landmark_9": {
        "x": 0.5185850262641907,
        "y": 0.3744063973426819,
        "z": -0.1223457083106041
    },
    "landmark_10": {
        "x": 0.5107918381690979,
        "y": 0.3690364360809326,
        "z": -0.13927516341209412
    },
    "landmark_11": {
        "x": 0.5235607028007507,
        "y": 0.4261645972728729,
        "z": 0.02637423947453499
    },
    "landmark_12": {
        "x": 0.4715232253074646,
        "y": 0.40958142280578613,
        "z": -0.07818741351366043
    },
    "landmark_13": {
        "x": 0.5599899888038635,
        "y": 0.4601508378982544,
        "z": -0.0392427034676075
    },
    "landmark_14": {
        "x": 0.5012539625167847,
        "y": 0.49212372303009033,
        "z": -0.11648843437433243
    },
    "landmark_15": {
        "x": 0.5604787468910217,
        "y": 0.36268216371536255,
        "z": -0.1664014458656311
    },
    "landmark_16": {
        "x": 0.5344429612159729,
        "y": 0.5159756541252136,
        "z": -0.14451615512371063
    },
    "landmark_17": {
        "x": 0.5648340582847595,
        "y": 0.3446352779865265,
        "z": -0.1945118010044098
    },
    "landmark_18": {
        "x": 0.5413673520088196,
        "y": 0.5288417339324951,
        "z": -0.16553795337677002
    },
    "landmark_19": {
        "x": 0.562089741230011,
        "y": 0.33946120738983154,
        "z": -0.18970289826393127
    },
    "landmark_20": {
        "x": 0.5417535901069641,
        "y": 0.522363007068634,
        "z": -0.17132820188999176
    },
    "landmark_21": {
        "x": 0.5588191151618958,
        "y": 0.346232533454895,
        "z": -0.1700936108827591
    },
    "landmark_22": {
        "x": 0.539533793926239,
        "y": 0.5191559195518494,
        "z": -0.14643298089504242
    },
    "landmark_23": {
        "x": 0.5206457376480103,
        "y": 0.6143513321876526,
        "z": 0.003374930936843157
    },
    "landmark_24": {
        "x": 0.4782502055168152,
        "y": 0.6088413000106812,
        "z": -0.003316816408187151
    },
    "landmark_25": {
        "x": 0.5390809774398804,
        "y": 0.7422068119049072,
        "z": -0.043357014656066895
    },
    "landmark_26": {
        "x": 0.42001062631607056,
        "y": 0.7057096362113953,
        "z": -0.09887520968914032
    },
    "landmark_27": {
        "x": 0.5262474417686462,
        "y": 0.8481136560440063,
        "z": 0.16182713210582733
    },
    "landmark_28": {
        "x": 0.4170773923397064,
        "y": 0.8210786581039429,
        "z": 0.08134087920188904
    },
    "landmark_29": {
        "x": 0.5188456177711487,
        "y": 0.8601046800613403,
        "z": 0.17795853316783905
    },
    "landmark_30": {
        "x": 0.42574891448020935,
        "y": 0.8441178202629089,
        "z": 0.09547623246908188
    },
    "landmark_31": {
        "x": 0.5309469103813171,
        "y": 0.9038560390472412,
        "z": 0.09428506344556808
    },
    "landmark_32": {
        "x": 0.38512179255485535,
        "y": 0.8464136123657227,
        "z": 0.015161472372710705
    }
}