{
    "landmark_0": {
        "x": 0.48369044065475464,
        "y": 0.36248642206192017,
        "z": -0.20697125792503357
    },
    "landmark_1": {
        "x": 0.48837751150131226,
        "y": 0.3461647629737854,
        "z": -0.1940731704235077
    },
    "landmark_2": {
        "x": 0.4914875626564026,
        "y": 0.34636032581329346,
        "z": -0.19413340091705322
    },
    "landmark_3": {
        "x": 0.49434399604797363,
        "y": 0.34680280089378357,
        "z": -0.19417931139469147
    },
    "landmark_4": {
        "x": 0.47954878211021423,
        "y": 0.3461490273475647,
        "z": -0.1912875771522522
    },
    "landmark_5": {
        "x": 0.4768368601799011,
        "y": 0.3462618589401245,
        "z": -0.1912819743156433
    },
    "landmark_6": {
        "x": 0.4742494523525238,
        "y": 0.34652087092399597,
        "z": -0.19125674664974213
    },
    "landmark_7": {
        "x": 0.4987418055534363,
        "y": 0.3547857105731964,
        "z": -0.11352713406085968
    },
    "landmark_8": {
        "x": 0.47116732597351074,
        "y": 0.3545914590358734,
        "z": -0.09930282086133957
    },
    "landmark_9": {
        "x": 0.4903202950954437,
        "y": 0.3793650269508362,
        "z": -0.1770595908164978
    },
    "landmark_10": {
        "x": 0.4776381552219391,
        "y": 0.3810388445854187,
        "z": -0.17313238978385925
    },
    "landmark_11": {
        "x": 0.5169878005981445,
        "y": 0.424146831035614,
        "z": -0.12009575217962265
    },
    "landmark_12": {
        "x": 0.451779305934906,
        "y": 0.425455778837204,
        "z": -0.08281347155570984
    },
    "landmark_13": {
        "x": 0.514336109161377,
        "y": 0.4501209557056427,
        "z": -0.3216247856616974
    },
    "landmark_14": {
        "x": 0.43967264890670776,
        "y": 0.43905290961265564,
        "z": -0.2758840024471283
    },
    "landmark_15": {
        "x": 0.46902838349342346,
        "y": 0.4513726234436035,
        "z": -0.4847490191459656
    },
    "landmark_16": {
        "x": 0.4359530508518219,
        "y": 0.3888203203678131,
        "z": -0.48927587270736694
    },
    "landmark_17": {
        "x": 0.45943084359169006,
        "y": 0.461288720369339,
        "z": -0.5274585485458374
    },
    "landmark_18": {
        "x": 0.4255947470664978,
        "y": 0.3739238679409027,
        "z": -0.5356683731079102
    },
    "landmark_19": {
        "x": 0.45430636405944824,
        "y": 0.45347899198532104,
        "z": -0.5167933106422424
    },
    "landmark_20": {
        "x": 0.4293113350868225,
        "y": 0.37088000774383545,
        "z": -0.5272349119186401
    },
    "landmark_21": {
        "x": 0.45722752809524536,
        "y": 0.45049434900283813,
        "z": -0.48450717329978943
    },
    "landmark_22": {
        "x": 0.43223148584365845,
        "y": 0.37818676233291626,
        "z": -0.4942200183868408
    },
    "landmark_23": {
        "x": 0.501771867275238,
        "y": 0.6307147145271301,
        "z": 0.008373684249818325
    },
    "landmark_24": {
        "x": 0.4613911509513855,
        "y": 0.6342970132827759,
        "z": -0.008530483581125736
    },
    "landmark_25": {
        "x": 0.5390872359275818,
        "y": 0.7449527978897095,
        "z": -0.0647025778889656
    },
    "landmark_26": {
        "x": 0.46778422594070435,
        "y": 0.7622460126876831,
        "z": 0.05445169657468796
    },
    "landmark_27": {
        "x": 0.5747910737991333,
        "y": 0.8486335873603821,
        "z": 0.037328388541936874
    },
    "landmark_28": {
        "x": 0.4744817614555359,
        "y": 0.8357592225074768,
        "z": 0.29141244292259216
    },
    "landmark_29": {
        "x": 0.5729906558990479,
        "y": 0.8708245754241943,
        "z": 0.04365416243672371
    },
    "landmark_30": {
        "x": 0.4814383387565613,
        "y": 0.8460901975631714,
        "z": 0.3114602863788605
    },
    "landmark_31": {
        "x": 0.6051996350288391,
        "y": 0.8637909889221191,
        "z": -0.053988151252269745
    },
    "landmark_32": {
        "x": 0.46525198221206665,
        "y": 0.8842108845710754,
        "z": 0.2405562698841095
    }
}