{
    "landmark_0": {
        "x": 0.5050827264785767,
        "y": 0.3575000464916229,
        "z": -0.1588895171880722
    },
    "landmark_1": {
        "x": 0.5061018466949463,
        "y": 0.34393128752708435,
        "z": -0.14400531351566315
    },
    "landmark_2": {
        "x": 0.5076258182525635,
        "y": 0.34352752566337585,
        "z": -0.1440020203590393
    },
    "landmark_3": {
        "x": 0.509219229221344,
        "y": 0.3432820439338684,
        "z": -0.14403365552425385
    },
    "landmark_4": {
        "x": 0.5009872317314148,
        "y": 0.34298983216285706,
        "z": -0.15377269685268402
    },
    "landmark_5": {
        "x": 0.4989003539085388,
        "y": 0.34190618991851807,
        "z": -0.15376868844032288
    },
    "landmark_6": {
        "x": 0.4968032240867615,
        "y": 0.34095054864883423,
        "z": -0.15382680296897888
    },
    "landmark_7": {
        "x": 0.5080267786979675,
        "y": 0.3435552418231964,
        "z": -0.055162638425827026
    },
    "landmark_8": {
        "x": 0.4904611110687256,
        "y": 0.3415738344192505,
        "z": -0.09718813747167587
    },
    "landmark_9": {
        "x": 0.507824718952179,
        "y": 0.3689463436603546,
        "z": -0.12361238896846771
    },
    "landmark_10": {
        "x": 0.5002001523971558,
        "y": 0.3688744902610779,
        "z": -0.13595065474510193
    },
    "landmark_11": {
        "x": 0.5208402276039124,
        "y": 0.40132811665534973,
        "z": -0.023716259747743607
    },
    "landmark_12": {
        "x": 0.4605289399623871,
        "y": 0.381502240896225,
        "z": -0.1030488982796669
    },
    "landmark_13": {
        "x": 0.5510129332542419,
        "y": 0.38501060009002686,
        "z": -0.16620175540447235
    },
    "landmark_14": {
        "x": 0.4634120464324951,
        "y": 0.40919893980026245,
        "z": -0.27788200974464417
    },
    "landmark_15": {
        "x": 0.5489171743392944,
        "y": 0.3050183355808258,
        "z": -0.31623852252960205
    },
    "landmark_16": {
        "x": 0.5004211664199829,
        "y": 0.3840954601764679,
        "z": -0.416865736246109
    },
    "landmark_17": {
        "x": 0.5538042783737183,
        "y": 0.28344371914863586,
        "z": -0.3483445644378662
    },
    "landmark_18": {
        "x": 0.5071353316307068,
        "y": 0.3811533749103546,
        "z": -0.4542626440525055
    },
    "landmark_19": {
        "x": 0.5519633293151855,
        "y": 0.2752031087875366,
        "z": -0.3453516364097595
    },
    "landmark_20": {
        "x": 0.5099011063575745,
        "y": 0.37685585021972656,
        "z": -0.4411829113960266
    },
    "landmark_21": {
        "x": 0.5555119514465332,
        "y": 0.2810918092727661,
        "z": -0.32197222113609314
    },
    "landmark_22": {
        "x": 0.5084419846534729,
        "y": 0.38068825006484985,
        "z": -0.4167023301124573
    },
    "landmark_23": {
        "x": 0.5083470940589905,
        "y": 0.5869658589363098,
        "z": 0.0038867942057549953
    },
    "landmark_24": {
        "x": 0.46425896883010864,
        "y": 0.5836263298988342,
        "z": -0.003797848243266344
    },
    "landmark_25": {
        "x": 0.5308172106742859,
        "y": 0.7116258144378662,
        "z": -0.1563260853290558
    },
    "landmark_26": {
        "x": 0.4181976318359375,
        "y": 0.6835570335388184,
        "z": -0.15625937283039093
    },
    "landmark_27": {
        "x": 0.5189238786697388,
        "y": 0.8268621563911438,
        "z": -0.022349292412400246
    },
    "landmark_28": {
        "x": 0.42904406785964966,
        "y": 0.7982431054115295,
        "z": 0.005836792290210724
    },
    "landmark_29": {
        "x": 0.5107890367507935,
        "y": 0.8398147821426392,
        "z": -0.015419675037264824
    },
    "landmark_30": {
        "x": 0.4383668005466461,
        "y": 0.823305070400238,
        "z": 0.015901098027825356
    },
    "landmark_31": {
        "x": 0.5275397896766663,
        "y": 0.8842395544052124,
        "z": -0.11834375560283661
    },
    "landmark_32": {
        "x": 0.3977828025817871,
        "y": 0.8425196409225464,
        "z": -0.06857847422361374
    }
}