{
    "landmark_0": {
        "x": 0.5294264554977417,
        "y": 0.45446935296058655,
        "z": -0.14382097125053406
    },
    "landmark_1": {
        "x": 0.5322396159172058,
        "y": 0.44285616278648376,
        "z": -0.12822416424751282
    },
    "landmark_2": {
        "x": 0.5335834622383118,
        "y": 0.44293349981307983,
        "z": -0.12822861969470978
    },
    "landmark_3": {
        "x": 0.5350682735443115,
        "y": 0.44340452551841736,
        "z": -0.12826567888259888
    },
    "landmark_4": {
        "x": 0.5284644365310669,
        "y": 0.4397776424884796,
        "z": -0.14297957718372345
    },
    "landmark_5": {
        "x": 0.5270431637763977,
        "y": 0.4377311170101166,
        "z": -0.1429707258939743
    },
    "landmark_6": {
        "x": 0.5255261659622192,
        "y": 0.4360015094280243,
        "z": -0.1430004984140396
    },
    "landmark_7": {
        "x": 0.533633291721344,
        "y": 0.44183748960494995,
        "z": -0.040247343480587006
    },
    "landmark_8": {
        "x": 0.5194309949874878,
        "y": 0.43361401557922363,
        "z": -0.10787449032068253
    },
    "landmark_9": {
        "x": 0.530346155166626,
        "y": 0.4622195065021515,
        "z": -0.1092732697725296
    },
    "landmark_10": {
        "x": 0.5244312286376953,
        "y": 0.45865893363952637,
        "z": -0.12920479476451874
    },
    "landmark_11": {
        "x": 0.5360152125358582,
        "y": 0.49400749802589417,
        "z": 0.03354030102491379
    },
    "landmark_12": {
        "x": 0.4882044196128845,
        "y": 0.47021231055259705,
        "z": -0.12315763533115387
    },
    "landmark_13": {
        "x": 0.5556663870811462,
        "y": 0.5206025838851929,
        "z": 0.062219299376010895
    },
    "landmark_14": {
        "x": 0.5052770376205444,
        "y": 0.48003485798835754,
        "z": -0.23340889811515808
    },
    "landmark_15": {
        "x": 0.5716566443443298,
        "y": 0.46563446521759033,
        "z": 0.04291224852204323
    },
    "landmark_16": {
        "x": 0.5369321703910828,
        "y": 0.4269314110279083,
        "z": -0.27943140268325806
    },
    "landmark_17": {
        "x": 0.5815671682357788,
        "y": 0.4510534405708313,
        "z": 0.04072901979088783
    },
    "landmark_18": {
        "x": 0.5440007448196411,
        "y": 0.4122585356235504,
        "z": -0.3035181760787964
    },
    "landmark_19": {
        "x": 0.5798979997634888,
        "y": 0.4450215995311737,
        "z": 0.03297138214111328
    },
    "landmark_20": {
        "x": 0.5434401631355286,
        "y": 0.4096534252166748,
        "z": -0.2956279516220093
    },
    "landmark_21": {
        "x": 0.5741109251976013,
        "y": 0.45001715421676636,
        "z": 0.03798354044556618
    },
    "landmark_22": {
        "x": 0.5417559146881104,
        "y": 0.4168829917907715,
        "z": -0.27751290798187256
    },
    "landmark_23": {
        "x": 0.5123118758201599,
        "y": 0.6663784980773926,
        "z": 0.030938873067498207
    },
    "landmark_24": {
        "x": 0.47383981943130493,
        "y": 0.655587375164032,
        "z": -0.03089408576488495
    },
    "landmark_25": {
        "x": 0.5365753769874573,
        "y": 0.7667214870452881,
        "z": -0.006782746408134699
    },
    "landmark_26": {
        "x": 0.42760413885116577,
        "y": 0.7590575218200684,
        "z": -0.09622553735971451
    },
    "landmark_27": {
        "x": 0.5196169018745422,
        "y": 0.8566097021102905,
        "z": 0.12807640433311462
    },
    "landmark_28": {
        "x": 0.3805508613586426,
        "y": 0.8532893061637878,
        "z": -0.06616385281085968
    },
    "landmark_29": {
        "x": 0.5109364986419678,
        "y": 0.8707526922225952,
        "z": 0.1379072517156601
    },
    "landmark_30": {
        "x": 0.3703761398792267,
        "y": 0.8798920512199402,
        "z": -0.06693273782730103
    },
    "landmark_31": {
        "x": 0.5372761487960815,
        "y": 0.8987302780151367,
        "z": 0.07776594161987305
    },
    "landmark_32": {
        "x": 0.3535275459289551,
        "y": 0.8893448710441589,
        "z": -0.1529400497674942
    }
}