{
    "landmark_0": {
        "x": 0.4729258120059967,
        "y": 0.4459242522716522,
        "z": -0.18559497594833374
    },
    "landmark_1": {
        "x": 0.4733121991157532,
        "y": 0.43276870250701904,
        "z": -0.19020071625709534
    },
    "landmark_2": {
        "x": 0.4750155508518219,
        "y": 0.43146371841430664,
        "z": -0.19023890793323517
    },
    "landmark_3": {
        "x": 0.476931631565094,
        "y": 0.43046697974205017,
        "z": -0.19030678272247314
    },
    "landmark_4": {
        "x": 0.46925559639930725,
        "y": 0.4343765676021576,
        "z": -0.17650668323040009
    },
    "landmark_5": {
        "x": 0.4679160714149475,
        "y": 0.43402162194252014,
        "z": -0.17652396857738495
    },
    "landmark_6": {
        "x": 0.46664515137672424,
        "y": 0.4339715242385864,
        "z": -0.17652088403701782
    },
    "landmark_7": {
        "x": 0.483851820230484,
        "y": 0.4258953630924225,
        "z": -0.1605362743139267
    },
    "landmark_8": {
        "x": 0.4682965874671936,
        "y": 0.43259701132774353,
        "z": -0.09588510543107986
    },
    "landmark_9": {
        "x": 0.4776816964149475,
        "y": 0.4512920379638672,
        "z": -0.16995087265968323
    },
    "landmark_10": {
        "x": 0.4731007218360901,
        "y": 0.4537135362625122,
        "z": -0.15155647695064545
    },
    "landmark_11": {
        "x": 0.5186329483985901,
        "y": 0.462024986743927,
        "z": -0.14936737716197968
    },
    "landmark_12": {
        "x": 0.4580736756324768,
        "y": 0.47824788093566895,
        "z": -0.022412370890378952
    },
    "landmark_13": {
        "x": 0.5174418687820435,
        "y": 0.5155970454216003,
        "z": -0.2477262020111084
    },
    "landmark_14": {
        "x": 0.4390218257904053,
        "y": 0.5024538040161133,
        "z": -0.07705182582139969
    },
    "landmark_15": {
        "x": 0.4702718257904053,
        "y": 0.5246729254722595,
        "z": -0.3284740149974823
    },
    "landmark_16": {
        "x": 0.4262929856777191,
        "y": 0.4533437192440033,
        "z": -0.22080031037330627
    },
    "landmark_17": {
        "x": 0.45767077803611755,
        "y": 0.5364348292350769,
        "z": -0.3574792444705963
    },
    "landmark_18": {
        "x": 0.42322462797164917,
        "y": 0.44059130549430847,
        "z": -0.24530787765979767
    },
    "landmark_19": {
        "x": 0.45656460523605347,
        "y": 0.5255319476127625,
        "z": -0.349996954202652
    },
    "landmark_20": {
        "x": 0.4264512062072754,
        "y": 0.4340492784976959,
        "z": -0.24830122292041779
    },
    "landmark_21": {
        "x": 0.4610868990421295,
        "y": 0.5241560935974121,
        "z": -0.3258008658885956
    },
    "landmark_22": {
        "x": 0.42896389961242676,
        "y": 0.44030749797821045,
        "z": -0.22744803130626678
    },
    "landmark_23": {
        "x": 0.5233731269836426,
        "y": 0.6333528161048889,
        "z": -0.031981129199266434
    },
    "landmark_24": {
        "x": 0.4819542467594147,
        "y": 0.6425895690917969,
        "z": 0.031937845051288605
    },
    "landmark_25": {
        "x": 0.5634202361106873,
        "y": 0.7257762551307678,
        "z": -0.06981062144041061
    },
    "landmark_26": {
        "x": 0.4718775749206543,
        "y": 0.747028112411499,
        "z": 0.07337716221809387
    },
    "landmark_27": {
        "x": 0.6069276332855225,
        "y": 0.8288775682449341,
        "z": -0.012449921108782291
    },
    "landmark_28": {
        "x": 0.4833904206752777,
        "y": 0.8354968428611755,
        "z": 0.22462955117225647
    },
    "landmark_29": {
        "x": 0.6099029779434204,
        "y": 0.8580061197280884,
        "z": -0.010611613281071186
    },
    "landmark_30": {
        "x": 0.4925197660923004,
        "y": 0.8536763787269592,
        "z": 0.23641423881053925
    },
    "landmark_31": {
        "x": 0.631525993347168,
        "y": 0.8380195498466492,
        "z": -0.09548474103212357
    },
    "landmark_32": {
        "x": 0.46185892820358276,
        "y": 0.8759575486183167,
        "z": 0.17952239513397217
    }
}