{
    "landmark_0": {
        "x": 0.4960032105445862,
        "y": 0.33243507146835327,
        "z": -0.18493138253688812
    },
    "landmark_1": {
        "x": 0.499211847782135,
        "y": 0.3228660225868225,
        "z": -0.1705172061920166
    },
    "landmark_2": {
        "x": 0.5014981627464294,
        "y": 0.32295820116996765,
        "z": -0.17048625648021698
    },
    "landmark_3": {
        "x": 0.503926157951355,
        "y": 0.32286858558654785,
        "z": -0.17047536373138428
    },
    "landmark_4": {
        "x": 0.4933825135231018,
        "y": 0.32153043150901794,
        "z": -0.1682695895433426
    },
    "landmark_5": {
        "x": 0.491528183221817,
        "y": 0.321084588766098,
        "z": -0.16825707256793976
    },
    "landmark_6": {
        "x": 0.48944029211997986,
        "y": 0.32063621282577515,
        "z": -0.1682974398136139
    },
    "landmark_7": {
        "x": 0.5082194209098816,
        "y": 0.32928162813186646,
        "z": -0.08723457902669907
    },
    "landmark_8": {
        "x": 0.4868776202201843,
        "y": 0.32686057686805725,
        "z": -0.07588981091976166
    },
    "landmark_9": {
        "x": 0.5009066462516785,
        "y": 0.34464094042778015,
        "z": -0.15359121561050415
    },
    "landmark_10": {
        "x": 0.4932807981967926,
        "y": 0.3431382477283478,
        "z": -0.15056850016117096
    },
    "landmark_11": {
        "x": 0.5271938443183899,
        "y": 0.40002885460853577,
        "z": -0.07427158951759338
    },
    "landmark_12": {
        "x": 0.46836036443710327,
        "y": 0.39352816343307495,
        "z": -0.059432100504636765
    },
    "landmark_13": {
        "x": 0.5430088043212891,
        "y": 0.38257044553756714,
        "z": -0.2419772446155548
    },
    "landmark_14": {
        "x": 0.43802690505981445,
        "y": 0.35746651887893677,
        "z": -0.22995062172412872
    },
    "landmark_15": {
        "x": 0.5203843116760254,
        "y": 0.29421505331993103,
        "z": -0.3600676357746124
    },
    "landmark_16": {
        "x": 0.4765401780605316,
        "y": 0.3094572126865387,
        "z": -0.3652658760547638
    },
    "landmark_17": {
        "x": 0.5172354578971863,
        "y": 0.2711740732192993,
        "z": -0.3934028148651123
    },
    "landmark_18": {
        "x": 0.48680076003074646,
        "y": 0.30665749311447144,
        "z": -0.39881929755210876
    },
    "landmark_19": {
        "x": 0.5161979794502258,
        "y": 0.27342939376831055,
        "z": -0.37663689255714417
    },
    "landmark_20": {
        "x": 0.49462518095970154,
        "y": 0.31086266040802,
        "z": -0.3804223835468292
    },
    "landmark_21": {
        "x": 0.5158509612083435,
        "y": 0.2827662229537964,
        "z": -0.35855868458747864
    },
    "landmark_22": {
        "x": 0.4913381040096283,
        "y": 0.31664517521858215,
        "z": -0.3632838726043701
    },
    "landmark_23": {
        "x": 0.5094479322433472,
        "y": 0.5904065370559692,
        "z": -0.012431029230356216
    },
    "landmark_24": {
        "x": 0.4695092737674713,
        "y": 0.5848410725593567,
        "z": 0.012357105500996113
    },
    "landmark_25": {
        "x": 0.5176262259483337,
        "y": 0.7278478145599365,
        "z": -0.027241816744208336
    },
    "landmark_26": {
        "x": 0.4285561442375183,
        "y": 0.6987317204475403,
        "z": -0.015050855465233326
    },
    "landmark_27": {
        "x": 0.5051543116569519,
        "y": 0.8425433039665222,
        "z": 0.09918402135372162
    },
    "landmark_28": {
        "x": 0.42299729585647583,
        "y": 0.8239983320236206,
        "z": 0.11706320196390152
    },
    "landmark_29": {
        "x": 0.4985409379005432,
        "y": 0.855114758014679,
        "z": 0.10498972237110138
    },
    "landmark_30": {
        "x": 0.42801398038864136,
        "y": 0.8504067063331604,
        "z": 0.1240638941526413
    },
    "landmark_31": {
        "x": 0.5095857977867126,
        "y": 0.8950093388557434,
        "z": 0.00882207602262497
    },
    "landmark_32": {
        "x": 0.3872532248497009,
        "y": 0.8426988124847412,
        "z": 0.0385856032371521
    }
}