{
    "landmark_0": {
        "x": 0.48634853959083557,
        "y": 0.38564082980155945,
        "z": -0.19116640090942383
    },
    "landmark_1": {
        "x": 0.4889863431453705,
        "y": 0.37289711833000183,
        "z": -0.1812392771244049
    },
    "landmark_2": {
        "x": 0.49044761061668396,
        "y": 0.3724237084388733,
        "z": -0.1811985969543457
    },
    "landmark_3": {
        "x": 0.49215444922447205,
        "y": 0.3723258078098297,
        "z": -0.18121282756328583
    },
    "landmark_4": {
        "x": 0.48505061864852905,
        "y": 0.373352587223053,
        "z": -0.18411841988563538
    },
    "landmark_5": {
        "x": 0.48361000418663025,
        "y": 0.3730793297290802,
        "z": -0.18415862321853638
    },
    "landmark_6": {
        "x": 0.48205676674842834,
        "y": 0.372965931892395,
        "z": -0.18422213196754456
    },
    "landmark_7": {
        "x": 0.4946931004524231,
        "y": 0.3773605227470398,
        "z": -0.10887067019939423
    },
    "landmark_8": {
        "x": 0.47861137986183167,
        "y": 0.37538138031959534,
        "z": -0.12210556119680405
    },
    "landmark_9": {
        "x": 0.4889717698097229,
        "y": 0.394853800535202,
        "z": -0.16262167692184448
    },
    "landmark_10": {
        "x": 0.48246756196022034,
        "y": 0.39550578594207764,
        "z": -0.1670614778995514
    },
    "landmark_11": {
        "x": 0.5200837254524231,
        "y": 0.4365670084953308,
        "z": -0.058693140745162964
    },
    "landmark_12": {
        "x": 0.4549656808376312,
        "y": 0.42648178339004517,
        "z": -0.10283436626195908
    },
    "landmark_13": {
        "x": 0.5337628126144409,
        "y": 0.5065775513648987,
        "z": -0.008349370211362839
    },
    "landmark_14": {
        "x": 0.43208321928977966,
        "y": 0.4310818910598755,
        "z": -0.2575582265853882
    },
    "landmark_15": {
        "x": 0.5312657952308655,
        "y": 0.579122006893158,
        "z": 0.012724620290100574
    },
    "landmark_16": {
        "x": 0.44368141889572144,
        "y": 0.37804123759269714,
        "z": -0.4220850467681885
    },
    "landmark_17": {
        "x": 0.5353996753692627,
        "y": 0.599384605884552,
        "z": 0.014208031818270683
    },
    "landmark_18": {
        "x": 0.43895965814590454,
        "y": 0.360182523727417,
        "z": -0.4617938995361328
    },
    "landmark_19": {
        "x": 0.5331734418869019,
        "y": 0.6008214354515076,
        "z": -0.0021747315768152475
    },
    "landmark_20": {
        "x": 0.4443548321723938,
        "y": 0.35818058252334595,
        "z": -0.4529361128807068
    },
    "landmark_21": {
        "x": 0.529119074344635,
        "y": 0.5924510955810547,
        "z": 0.0075691877864301205
    },
    "landmark_22": {
        "x": 0.4483373165130615,
        "y": 0.3644995391368866,
        "z": -0.42525044083595276
    },
    "landmark_23": {
        "x": 0.5159796476364136,
        "y": 0.6201795339584351,
        "z": -0.0005188954528421164
    },
    "landmark_24": {
        "x": 0.47463780641555786,
        "y": 0.6290809512138367,
        "z": 0.00035258533898741007
    },
    "landmark_25": {
        "x": 0.5584068894386292,
        "y": 0.7177571654319763,
        "z": -0.041497599333524704
    },
    "landmark_26": {
        "x": 0.4659730792045593,
        "y": 0.7444790601730347,
        "z": 0.09096761047840118
    },
    "landmark_27": {
        "x": 0.5861413478851318,
        "y": 0.8326523900032043,
        "z": 0.03287254273891449
    },
    "landmark_28": {
        "x": 0.4797895550727844,
        "y": 0.8336069583892822,
        "z": 0.2825363576412201
    },
    "landmark_29": {
        "x": 0.5824589133262634,
        "y": 0.8621934652328491,
        "z": 0.03496719151735306
    },
    "landmark_30": {
        "x": 0.4900161623954773,
        "y": 0.8488343954086304,
        "z": 0.29811376333236694
    },
    "landmark_31": {
        "x": 0.6041144132614136,
        "y": 0.8726234436035156,
        "z": -0.07000017911195755
    },
    "landmark_32": {
        "x": 0.46176594495773315,
        "y": 0.8776102066040039,
        "z": 0.22783908247947693
    }
}