{
    "landmark_0": {
        "x": 0.48984450101852417,
        "y": 0.353666752576828,
        "z": -0.246063232421875
    },
    "landmark_1": {
        "x": 0.49342840909957886,
        "y": 0.3364313840866089,
        "z": -0.2289082556962967
    },
    "landmark_2": {
        "x": 0.49615153670310974,
        "y": 0.33577653765678406,
        "z": -0.22888389229774475
    },
    "landmark_3": {
        "x": 0.49879246950149536,
        "y": 0.3352658152580261,
        "z": -0.22890713810920715
    },
    "landmark_4": {
        "x": 0.48606887459754944,
        "y": 0.33642148971557617,
        "z": -0.23393027484416962
    },
    "landmark_5": {
        "x": 0.4837886691093445,
        "y": 0.3358234465122223,
        "z": -0.23398950695991516
    },
    "landmark_6": {
        "x": 0.48148098587989807,
        "y": 0.33524611592292786,
        "z": -0.23402123153209686
    },
    "landmark_7": {
        "x": 0.5015776753425598,
        "y": 0.33848074078559875,
        "z": -0.12286808341741562
    },
    "landmark_8": {
        "x": 0.4757782816886902,
        "y": 0.33840227127075195,
        "z": -0.1460370123386383
    },
    "landmark_9": {
        "x": 0.4951561391353607,
        "y": 0.36757692694664,
        "z": -0.20549431443214417
    },
    "landmark_10": {
        "x": 0.4840880036354065,
        "y": 0.3670520484447479,
        "z": -0.21264047920703888
    },
    "landmark_11": {
        "x": 0.5178696513175964,
        "y": 0.40538105368614197,
        "z": -0.0380316786468029
    },
    "landmark_12": {
        "x": 0.4536319673061371,
        "y": 0.3999851644039154,
        "z": -0.1258222460746765
    },
    "landmark_13": {
        "x": 0.5185978412628174,
        "y": 0.49139463901519775,
        "z": 0.019167553633451462
    },
    "landmark_14": {
        "x": 0.42644816637039185,
        "y": 0.3886479139328003,
        "z": -0.2879456579685211
    },
    "landmark_15": {
        "x": 0.5191319584846497,
        "y": 0.5747857093811035,
        "z": 0.018880946561694145
    },
    "landmark_16": {
        "x": 0.4273868501186371,
        "y": 0.3111099302768707,
        "z": -0.4763510823249817
    },
    "landmark_17": {
        "x": 0.5238837599754333,
        "y": 0.5987483859062195,
        "z": 0.01776094175875187
    },
    "landmark_18": {
        "x": 0.42638665437698364,
        "y": 0.29157665371894836,
        "z": -0.5232405066490173
    },
    "landmark_19": {
        "x": 0.5223416686058044,
        "y": 0.5987169742584229,
        "z": -0.004179920069873333
    },
    "landmark_20": {
        "x": 0.4318792223930359,
        "y": 0.28712794184684753,
        "z": -0.5134924650192261
    },
    "landmark_21": {
        "x": 0.51839679479599,
        "y": 0.5907183289527893,
        "z": 0.010006668977439404
    },
    "landmark_22": {
        "x": 0.43410593271255493,
        "y": 0.2951712906360626,
        "z": -0.47958916425704956
    },
    "landmark_23": {
        "x": 0.507386326789856,
        "y": 0.5983132719993591,
        "z": 0.018675457686185837
    },
    "landmark_24": {
        "x": 0.4645565152168274,
        "y": 0.6048087477684021,
        "z": -0.018822081387043
    },
    "landmark_25": {
        "x": 0.5387279391288757,
        "y": 0.7174158096313477,
        "z": -0.029295751824975014
    },
    "landmark_26": {
        "x": 0.4603744149208069,
        "y": 0.7432125806808472,
        "z": 0.001574304304085672
    },
    "landmark_27": {
        "x": 0.5513959527015686,
        "y": 0.8414484858512878,
        "z": 0.09676750004291534
    },
    "landmark_28": {
        "x": 0.47169533371925354,
        "y": 0.8299630284309387,
        "z": 0.20213274657726288
    },
    "landmark_29": {
        "x": 0.54756098985672,
        "y": 0.8642540574073792,
        "z": 0.10432517528533936
    },
    "landmark_30": {
        "x": 0.4778030812740326,
        "y": 0.8399989008903503,
        "z": 0.21759407222270966
    },
    "landmark_31": {
        "x": 0.5781156420707703,
        "y": 0.879360556602478,
        "z": -0.00015248902491293848
    },
    "landmark_32": {
        "x": 0.46621546149253845,
        "y": 0.8837355971336365,
        "z": 0.12760280072689056
    }
}