{
    "landmark_0": {
        "x": 0.4864351749420166,
        "y": 0.35514792799949646,
        "z": -0.23835329711437225
    },
    "landmark_1": {
        "x": 0.49119511246681213,
        "y": 0.3409355878829956,
        "z": -0.22485589981079102
    },
    "landmark_2": {
        "x": 0.4943447709083557,
        "y": 0.341083288192749,
        "z": -0.22485879063606262
    },
    "landmark_3": {
        "x": 0.49745529890060425,
        "y": 0.3415197432041168,
        "z": -0.22488193213939667
    },
    "landmark_4": {
        "x": 0.48263511061668396,
        "y": 0.340816468000412,
        "z": -0.22275593876838684
    },
    "landmark_5": {
        "x": 0.4799155592918396,
        "y": 0.3410201668739319,
        "z": -0.22280952334403992
    },
    "landmark_6": {
        "x": 0.4772569239139557,
        "y": 0.3413878381252289,
        "z": -0.22283987700939178
    },
    "landmark_7": {
        "x": 0.5018351078033447,
        "y": 0.34747210144996643,
        "z": -0.13559190928936005
    },
    "landmark_8": {
        "x": 0.4726540148258209,
        "y": 0.3493412137031555,
        "z": -0.12603850662708282
    },
    "landmark_9": {
        "x": 0.4926568865776062,
        "y": 0.37057653069496155,
        "z": -0.2049308717250824
    },
    "landmark_10": {
        "x": 0.4802413582801819,
        "y": 0.37099146842956543,
        "z": -0.2026650458574295
    },
    "landmark_11": {
        "x": 0.5203943252563477,
        "y": 0.4233841896057129,
        "z": -0.08191151171922684
    },
    "landmark_12": {
        "x": 0.45439499616622925,
        "y": 0.42280158400535583,
        "z": -0.09183382242918015
    },
    "landmark_13": {
        "x": 0.520250141620636,
        "y": 0.526780903339386,
        "z": -0.10691104829311371
    },
    "landmark_14": {
        "x": 0.4236067831516266,
        "y": 0.4193055033683777,
        "z": -0.2298262119293213
    },
    "landmark_15": {
        "x": 0.5220279097557068,
        "y": 0.5991635918617249,
        "z": -0.17340369522571564
    },
    "landmark_16": {
        "x": 0.4247683882713318,
        "y": 0.35176175832748413,
        "z": -0.40776175260543823
    },
    "landmark_17": {
        "x": 0.5235552191734314,
        "y": 0.6239771246910095,
        "z": -0.18869470059871674
    },
    "landmark_18": {
        "x": 0.4244047999382019,
        "y": 0.3318463861942291,
        "z": -0.44774895906448364
    },
    "landmark_19": {
        "x": 0.5206218361854553,
        "y": 0.6215567588806152,
        "z": -0.20278306305408478
    },
    "landmark_20": {
        "x": 0.4281856417655945,
        "y": 0.3274979591369629,
        "z": -0.44030052423477173
    },
    "landmark_21": {
        "x": 0.5175426006317139,
        "y": 0.6129823923110962,
        "z": -0.18056149780750275
    },
    "landmark_22": {
        "x": 0.4299987852573395,
        "y": 0.33510345220565796,
        "z": -0.41122013330459595
    },
    "landmark_23": {
        "x": 0.5061466693878174,
        "y": 0.6143625378608704,
        "z": 0.005392734427005053
    },
    "landmark_24": {
        "x": 0.46349725127220154,
        "y": 0.6221575140953064,
        "z": -0.005571071524173021
    },
    "landmark_25": {
        "x": 0.5406894683837891,
        "y": 0.7344130873680115,
        "z": -0.04469248279929161
    },
    "landmark_26": {
        "x": 0.46596819162368774,
        "y": 0.7575963139533997,
        "z": 0.06306885182857513
    },
    "landmark_27": {
        "x": 0.5659840106964111,
        "y": 0.8416550755500793,
        "z": 0.09290488809347153
    },
    "landmark_28": {
        "x": 0.4736882746219635,
        "y": 0.8307960629463196,
        "z": 0.2964119613170624
    },
    "landmark_29": {
        "x": 0.5642682313919067,
        "y": 0.8686276078224182,
        "z": 0.10216064751148224
    },
    "landmark_30": {
        "x": 0.48065051436424255,
        "y": 0.8433172702789307,
        "z": 0.31654664874076843
    },
    "landmark_31": {
        "x": 0.5973755717277527,
        "y": 0.8668860793113708,
        "z": -0.0002894593926612288
    },
    "landmark_32": {
        "x": 0.4677251875400543,
        "y": 0.8828169107437134,
        "z": 0.23287563025951385
    }
}