{
    "landmark_0": {
        "x": 0.4965988099575043,
        "y": 0.3571608364582062,
        "z": -0.15093368291854858
    },
    "landmark_1": {
        "x": 0.5000142455101013,
        "y": 0.3433343172073364,
        "z": -0.13431508839130402
    },
    "landmark_2": {
        "x": 0.5025114417076111,
        "y": 0.34279000759124756,
        "z": -0.13435259461402893
    },
    "landmark_3": {
        "x": 0.5052008032798767,
        "y": 0.34229034185409546,
        "z": -0.13439011573791504
    },
    "landmark_4": {
        "x": 0.4930419325828552,
        "y": 0.34249070286750793,
        "z": -0.1344812512397766
    },
    "landmark_5": {
        "x": 0.49059033393859863,
        "y": 0.3414473533630371,
        "z": -0.13445495069026947
    },
    "landmark_6": {
        "x": 0.4881778657436371,
        "y": 0.3406093120574951,
        "z": -0.13446487486362457
    },
    "landmark_7": {
        "x": 0.5077670216560364,
        "y": 0.3421113193035126,
        "z": -0.04427025467157364
    },
    "landmark_8": {
        "x": 0.48266705870628357,
        "y": 0.3416692614555359,
        "z": -0.04319167882204056
    },
    "landmark_9": {
        "x": 0.5015232563018799,
        "y": 0.3664059638977051,
        "z": -0.11754278838634491
    },
    "landmark_10": {
        "x": 0.492218554019928,
        "y": 0.36530211567878723,
        "z": -0.11742003262042999
    },
    "landmark_11": {
        "x": 0.5248992443084717,
        "y": 0.4038718342781067,
        "z": -0.046349264681339264
    },
    "landmark_12": {
        "x": 0.46337422728538513,
        "y": 0.39736413955688477,
        "z": -0.05959522724151611
    },
    "landmark_13": {
        "x": 0.5367986559867859,
        "y": 0.4037894308567047,
        "z": -0.2643231153488159
    },
    "landmark_14": {
        "x": 0.4498458504676819,
        "y": 0.3858727216720581,
        "z": -0.2730889916419983
    },
    "landmark_15": {
        "x": 0.5224165916442871,
        "y": 0.36276814341545105,
        "z": -0.44913047552108765
    },
    "landmark_16": {
        "x": 0.4526349902153015,
        "y": 0.3083333969116211,
        "z": -0.43500417470932007
    },
    "landmark_17": {
        "x": 0.5211641192436218,
        "y": 0.3520677387714386,
        "z": -0.4898717999458313
    },
    "landmark_18": {
        "x": 0.4500100612640381,
        "y": 0.2906769812107086,
        "z": -0.4752582013607025
    },
    "landmark_19": {
        "x": 0.5185238718986511,
        "y": 0.3506397604942322,
        "z": -0.48097938299179077
    },
    "landmark_20": {
        "x": 0.4537031650543213,
        "y": 0.29014670848846436,
        "z": -0.4615791440010071
    },
    "landmark_21": {
        "x": 0.5151669383049011,
        "y": 0.35462668538093567,
        "z": -0.4523073136806488
    },
    "landmark_22": {
        "x": 0.4562806487083435,
        "y": 0.29725879430770874,
        "z": -0.4365411698818207
    },
    "landmark_23": {
        "x": 0.5193535089492798,
        "y": 0.6001880764961243,
        "z": 0.003018131945282221
    },
    "landmark_24": {
        "x": 0.4743165969848633,
        "y": 0.6070994734764099,
        "z": -0.003111185971647501
    },
    "landmark_25": {
        "x": 0.5604776740074158,
        "y": 0.7174020409584045,
        "z": -0.10178317129611969
    },
    "landmark_26": {
        "x": 0.44595637917518616,
        "y": 0.7403377890586853,
        "z": -0.12884224951267242
    },
    "landmark_27": {
        "x": 0.547109842300415,
        "y": 0.836188018321991,
        "z": 0.05076055973768234
    },
    "landmark_28": {
        "x": 0.4624698758125305,
        "y": 0.8265573978424072,
        "z": 0.057625047862529755
    },
    "landmark_29": {
        "x": 0.5361241698265076,
        "y": 0.8573542237281799,
        "z": 0.06148000806570053
    },
    "landmark_30": {
        "x": 0.47227224707603455,
        "y": 0.833717405796051,
        "z": 0.0725197046995163
    },
    "landmark_31": {
        "x": 0.5731053352355957,
        "y": 0.8846941590309143,
        "z": -0.016540952026844025
    },
    "landmark_32": {
        "x": 0.4618755280971527,
        "y": 0.8967780470848083,
        "z": 0.005618551280349493
    }
}