{
    "landmark_0": {
        "x": 0.5123650431632996,
        "y": 0.44014179706573486,
        "z": -0.21298150718212128
    },
    "landmark_1": {
        "x": 0.5156607627868652,
        "y": 0.42916086316108704,
        "z": -0.19871613383293152
    },
    "landmark_2": {
        "x": 0.5176443457603455,
        "y": 0.42941415309906006,
        "z": -0.19875624775886536
    },
    "landmark_3": {
        "x": 0.5196381211280823,
        "y": 0.42983606457710266,
        "z": -0.19883576035499573
    },
    "landmark_4": {
        "x": 0.5094418525695801,
        "y": 0.4267674386501312,
        "z": -0.20563872158527374
    },
    "landmark_5": {
        "x": 0.5071020126342773,
        "y": 0.4254995584487915,
        "z": -0.20564301311969757
    },
    "landmark_6": {
        "x": 0.5047293305397034,
        "y": 0.42464929819107056,
        "z": -0.20565776526927948
    },
    "landmark_7": {
        "x": 0.5196712613105774,
        "y": 0.4308215379714966,
        "z": -0.10106994956731796
    },
    "landmark_8": {
        "x": 0.49776047468185425,
        "y": 0.4268249571323395,
        "z": -0.13305418193340302
    },
    "landmark_9": {
        "x": 0.5145685076713562,
        "y": 0.45053720474243164,
        "z": -0.1740085333585739
    },
    "landmark_10": {
        "x": 0.506369411945343,
        "y": 0.4483717679977417,
        "z": -0.18354642391204834
    },
    "landmark_11": {
        "x": 0.5330084562301636,
        "y": 0.48380008339881897,
        "z": -0.03834213688969612
    },
    "landmark_12": {
        "x": 0.46811872720718384,
        "y": 0.47344234585762024,
        "z": -0.0850755125284195
    },
    "landmark_13": {
        "x": 0.5482514500617981,
        "y": 0.5424010157585144,
        "z": -0.13879920542240143
    },
    "landmark_14": {
        "x": 0.47332653403282166,
        "y": 0.5669073462486267,
        "z": -0.18683812022209167
    },
    "landmark_15": {
        "x": 0.5632284283638,
        "y": 0.46725907921791077,
        "z": -0.29509082436561584
    },
    "landmark_16": {
        "x": 0.49708110094070435,
        "y": 0.5497550368309021,
        "z": -0.33152008056640625
    },
    "landmark_17": {
        "x": 0.5710241794586182,
        "y": 0.44444432854652405,
        "z": -0.3273088335990906
    },
    "landmark_18": {
        "x": 0.5020069479942322,
        "y": 0.5463544130325317,
        "z": -0.36220502853393555
    },
    "landmark_19": {
        "x": 0.5703305602073669,
        "y": 0.4371509253978729,
        "z": -0.3275410532951355
    },
    "landmark_20": {
        "x": 0.5019562244415283,
        "y": 0.5389193296432495,
        "z": -0.3602597713470459
    },
    "landmark_21": {
        "x": 0.5661249160766602,
        "y": 0.44596168398857117,
        "z": -0.2999301850795746
    },
    "landmark_22": {
        "x": 0.5018513202667236,
        "y": 0.5408105850219727,
        "z": -0.33376839756965637
    },
    "landmark_23": {
        "x": 0.5139907002449036,
        "y": 0.6485915184020996,
        "z": 0.002738784532994032
    },
    "landmark_24": {
        "x": 0.47062626481056213,
        "y": 0.6413959860801697,
        "z": -0.002613543765619397
    },
    "landmark_25": {
        "x": 0.5294249057769775,
        "y": 0.7609180212020874,
        "z": -0.1105019822716713
    },
    "landmark_26": {
        "x": 0.41619986295700073,
        "y": 0.7381720542907715,
        "z": -0.11613278090953827
    },
    "landmark_27": {
        "x": 0.5089163780212402,
        "y": 0.8558815717697144,
        "z": 0.06492448598146439
    },
    "landmark_28": {
        "x": 0.3811582028865814,
        "y": 0.8484261631965637,
        "z": -0.021066609770059586
    },
    "landmark_29": {
        "x": 0.5002754926681519,
        "y": 0.8687401413917542,
        "z": 0.07812537252902985
    },
    "landmark_30": {
        "x": 0.3799038827419281,
        "y": 0.8786577582359314,
        "z": -0.01703326217830181
    },
    "landmark_31": {
        "x": 0.5232749581336975,
        "y": 0.9013810753822327,
        "z": 0.0011730826226994395
    },
    "landmark_32": {
        "x": 0.3485864996910095,
        "y": 0.8559914231300354,
        "z": -0.10934235155582428
    }
}