{
    "landmark_0": {
        "x": 0.5187569856643677,
        "y": 0.4323117136955261,
        "z": -0.14077602326869965
    },
    "landmark_1": {
        "x": 0.5216155052185059,
        "y": 0.4186367988586426,
        "z": -0.12525467574596405
    },
    "landmark_2": {
        "x": 0.5234242081642151,
        "y": 0.4182567894458771,
        "z": -0.12525975704193115
    },
    "landmark_3": {
        "x": 0.5253469347953796,
        "y": 0.4182106852531433,
        "z": -0.1252802163362503
    },
    "landmark_4": {
        "x": 0.5168718695640564,
        "y": 0.4163484275341034,
        "z": -0.13650475442409515
    },
    "landmark_5": {
        "x": 0.5152994394302368,
        "y": 0.41454750299453735,
        "z": -0.1365416944026947
    },
    "landmark_6": {
        "x": 0.5137417912483215,
        "y": 0.41336488723754883,
        "z": -0.13662905991077423
    },
    "landmark_7": {
        "x": 0.5258054137229919,
        "y": 0.4173866808414459,
        "z": -0.0380341112613678
    },
    "landmark_8": {
        "x": 0.5089834332466125,
        "y": 0.4127807915210724,
        "z": -0.08710363507270813
    },
    "landmark_9": {
        "x": 0.5209216475486755,
        "y": 0.43925487995147705,
        "z": -0.10632063448429108
    },
    "landmark_10": {
        "x": 0.5144550204277039,
        "y": 0.43731728196144104,
        "z": -0.12079479545354843
    },
    "landmark_11": {
        "x": 0.5384532809257507,
        "y": 0.4674075245857239,
        "z": 0.016639700159430504
    },
    "landmark_12": {
        "x": 0.47927016019821167,
        "y": 0.4543285071849823,
        "z": -0.10583420097827911
    },
    "landmark_13": {
        "x": 0.5425257086753845,
        "y": 0.5519622564315796,
        "z": 0.04608592391014099
    },
    "landmark_14": {
        "x": 0.49235647916793823,
        "y": 0.4747487008571625,
        "z": -0.22702765464782715
    },
    "landmark_15": {
        "x": 0.5369606614112854,
        "y": 0.6150816679000854,
        "z": 0.02548033930361271
    },
    "landmark_16": {
        "x": 0.5494569540023804,
        "y": 0.46100667119026184,
        "z": -0.29449760913848877
    },
    "landmark_17": {
        "x": 0.5413737893104553,
        "y": 0.6355001330375671,
        "z": 0.02254270389676094
    },
    "landmark_18": {
        "x": 0.56221604347229,
        "y": 0.458970308303833,
        "z": -0.3230011761188507
    },
    "landmark_19": {
        "x": 0.538493812084198,
        "y": 0.6315059065818787,
        "z": 0.004709739238023758
    },
    "landmark_20": {
        "x": 0.5565186142921448,
        "y": 0.45598503947257996,
        "z": -0.3090619444847107
    },
    "landmark_21": {
        "x": 0.537091851234436,
        "y": 0.6286332011222839,
        "z": 0.017372727394104004
    },
    "landmark_22": {
        "x": 0.5535487532615662,
        "y": 0.4575141966342926,
        "z": -0.29067283868789673
    },
    "landmark_23": {
        "x": 0.5230915546417236,
        "y": 0.6512252688407898,
        "z": 0.011121520772576332
    },
    "landmark_24": {
        "x": 0.48096680641174316,
        "y": 0.6420254111289978,
        "z": -0.011021682992577553
    },
    "landmark_25": {
        "x": 0.5541189908981323,
        "y": 0.7575457096099854,
        "z": -0.13456162810325623
    },
    "landmark_26": {
        "x": 0.42854493856430054,
        "y": 0.7220742106437683,
        "z": -0.17724519968032837
    },
    "landmark_27": {
        "x": 0.5274531841278076,
        "y": 0.8437805771827698,
        "z": 0.06516802310943604
    },
    "landmark_28": {
        "x": 0.4343717098236084,
        "y": 0.8315294981002808,
        "z": 0.016139982268214226
    },
    "landmark_29": {
        "x": 0.5174227356910706,
        "y": 0.8549575209617615,
        "z": 0.08075276762247086
    },
    "landmark_30": {
        "x": 0.4420987665653229,
        "y": 0.8483391404151917,
        "z": 0.031453147530555725
    },
    "landmark_31": {
        "x": 0.5460339188575745,
        "y": 0.894239068031311,
        "z": 0.006968766450881958
    },
    "landmark_32": {
        "x": 0.4073306620121002,
        "y": 0.8693010807037354,
        "z": -0.042732276022434235
    }
}