{
    "landmark_0": {
        "x": 0.5169311165809631,
        "y": 0.37840643525123596,
        "z": -0.17902299761772156
    },
    "landmark_1": {
        "x": 0.5228874683380127,
        "y": 0.3661419451236725,
        "z": -0.16562269628047943
    },
    "landmark_2": {
        "x": 0.5248063802719116,
        "y": 0.36692047119140625,
        "z": -0.1656198352575302
    },
    "landmark_3": {
        "x": 0.5268295407295227,
        "y": 0.36775732040405273,
        "z": -0.1656406968832016
    },
    "landmark_4": {
        "x": 0.5178843140602112,
        "y": 0.36200252175331116,
        "z": -0.17700988054275513
    },
    "landmark_5": {
        "x": 0.5161895751953125,
        "y": 0.3599872887134552,
        "z": -0.1770152747631073
    },
    "landmark_6": {
        "x": 0.5145373940467834,
        "y": 0.3580983877182007,
        "z": -0.17706795036792755
    },
    "landmark_7": {
        "x": 0.527575671672821,
        "y": 0.3726292848587036,
        "z": -0.067352294921875
    },
    "landmark_8": {
        "x": 0.508588433265686,
        "y": 0.3598305284976959,
        "z": -0.11995016038417816
    },
    "landmark_9": {
        "x": 0.5185207724571228,
        "y": 0.39197081327438354,
        "z": -0.13904061913490295
    },
    "landmark_10": {
        "x": 0.5107907056808472,
        "y": 0.3876451253890991,
        "z": -0.15472716093063354
    },
    "landmark_11": {
        "x": 0.5281597971916199,
        "y": 0.4397233724594116,
        "z": -0.002951981732621789
    },
    "landmark_12": {
        "x": 0.47490257024765015,
        "y": 0.41116857528686523,
        "z": -0.09967868775129318
    },
    "landmark_13": {
        "x": 0.5480327606201172,
        "y": 0.4693249464035034,
        "z": -0.0684635117650032
    },
    "landmark_14": {
        "x": 0.47455495595932007,
        "y": 0.4885256886482239,
        "z": -0.19088579714298248
    },
    "landmark_15": {
        "x": 0.5573748350143433,
        "y": 0.41783851385116577,
        "z": -0.18345297873020172
    },
    "landmark_16": {
        "x": 0.4992160201072693,
        "y": 0.5363968014717102,
        "z": -0.2797670364379883
    },
    "landmark_17": {
        "x": 0.5625205039978027,
        "y": 0.40567049384117126,
        "z": -0.20681381225585938
    },
    "landmark_18": {
        "x": 0.5010530352592468,
        "y": 0.5524777770042419,
        "z": -0.3046286106109619
    },
    "landmark_19": {
        "x": 0.5610101222991943,
        "y": 0.3978082537651062,
        "z": -0.2043919861316681
    },
    "landmark_20": {
        "x": 0.5050703883171082,
        "y": 0.5567789673805237,
        "z": -0.30761516094207764
    },
    "landmark_21": {
        "x": 0.5580706596374512,
        "y": 0.40559256076812744,
        "z": -0.18703576922416687
    },
    "landmark_22": {
        "x": 0.5046348571777344,
        "y": 0.5554232597351074,
        "z": -0.28221991658210754
    },
    "landmark_23": {
        "x": 0.5086264610290527,
        "y": 0.6282593011856079,
        "z": 0.008276122622191906
    },
    "landmark_24": {
        "x": 0.469407856464386,
        "y": 0.619855523109436,
        "z": -0.008243761956691742
    },
    "landmark_25": {
        "x": 0.5059507489204407,
        "y": 0.7578080892562866,
        "z": 0.03114926815032959
    },
    "landmark_26": {
        "x": 0.4210358262062073,
        "y": 0.7314569354057312,
        "z": -0.027687694877386093
    },
    "landmark_27": {
        "x": 0.5024459958076477,
        "y": 0.8590200543403625,
        "z": 0.19579331576824188
    },
    "landmark_28": {
        "x": 0.37735629081726074,
        "y": 0.8327065110206604,
        "z": 0.08534321188926697
    },
    "landmark_29": {
        "x": 0.4961642324924469,
        "y": 0.8668060302734375,
        "z": 0.2077181339263916
    },
    "landmark_30": {
        "x": 0.3793441355228424,
        "y": 0.8428438901901245,
        "z": 0.09144682437181473
    },
    "landmark_31": {
        "x": 0.5075817704200745,
        "y": 0.9138385057449341,
        "z": 0.12776531279087067
    },
    "landmark_32": {
        "x": 0.35169926285743713,
        "y": 0.8494044542312622,
        "z": -0.004339184146374464
    }
}