{
    "landmark_0": {
        "x": 0.47155529260635376,
        "y": 0.4430258572101593,
        "z": -0.14138202369213104
    },
    "landmark_1": {
        "x": 0.4713544249534607,
        "y": 0.42987149953842163,
        "z": -0.14791709184646606
    },
    "landmark_2": {
        "x": 0.4728213846683502,
        "y": 0.42853492498397827,
        "z": -0.1479666382074356
    },
    "landmark_3": {
        "x": 0.4745590090751648,
        "y": 0.4275854825973511,
        "z": -0.14802521467208862
    },
    "landmark_4": {
        "x": 0.4679698050022125,
        "y": 0.43148666620254517,
        "z": -0.13203300535678864
    },
    "landmark_5": {
        "x": 0.4670289158821106,
        "y": 0.4310719072818756,
        "z": -0.13204114139080048
    },
    "landmark_6": {
        "x": 0.4661429822444916,
        "y": 0.43094125390052795,
        "z": -0.13203878700733185
    },
    "landmark_7": {
        "x": 0.4820173680782318,
        "y": 0.4223923981189728,
        "z": -0.1306629329919815
    },
    "landmark_8": {
        "x": 0.46928733587265015,
        "y": 0.42863282561302185,
        "z": -0.05688125640153885
    },
    "landmark_9": {
        "x": 0.47663336992263794,
        "y": 0.44708555936813354,
        "z": -0.13083581626415253
    },
    "landmark_10": {
        "x": 0.4726592004299164,
        "y": 0.4501810371875763,
        "z": -0.10970684140920639
    },
    "landmark_11": {
        "x": 0.5200069546699524,
        "y": 0.46274426579475403,
        "z": -0.12541095912456512
    },
    "landmark_12": {
        "x": 0.4642094075679779,
        "y": 0.47684335708618164,
        "z": 0.019055448472499847
    },
    "landmark_13": {
        "x": 0.5183756351470947,
        "y": 0.5215597748756409,
        "z": -0.212657168507576
    },
    "landmark_14": {
        "x": 0.4434512257575989,
        "y": 0.5007719397544861,
        "z": 0.04803173989057541
    },
    "landmark_15": {
        "x": 0.47118958830833435,
        "y": 0.5326867699623108,
        "z": -0.29835009574890137
    },
    "landmark_16": {
        "x": 0.4248220920562744,
        "y": 0.45506227016448975,
        "z": -0.017662635073065758
    },
    "landmark_17": {
        "x": 0.45926007628440857,
        "y": 0.5449283123016357,
        "z": -0.3269779086112976
    },
    "landmark_18": {
        "x": 0.4204866886138916,
        "y": 0.4444202780723572,
        "z": -0.02777453139424324
    },
    "landmark_19": {
        "x": 0.4570201337337494,
        "y": 0.535863995552063,
        "z": -0.32370808720588684
    },
    "landmark_20": {
        "x": 0.4244048595428467,
        "y": 0.43850579857826233,
        "z": -0.040512215346097946
    },
    "landmark_21": {
        "x": 0.4609838128089905,
        "y": 0.5343310236930847,
        "z": -0.2968182861804962
    },
    "landmark_22": {
        "x": 0.4276851713657379,
        "y": 0.44310230016708374,
        "z": -0.02565542422235012
    },
    "landmark_23": {
        "x": 0.5233224034309387,
        "y": 0.6322169899940491,
        "z": -0.035900261253118515
    },
    "landmark_24": {
        "x": 0.48340296745300293,
        "y": 0.6385923624038696,
        "z": 0.03593437746167183
    },
    "landmark_25": {
        "x": 0.5648834705352783,
        "y": 0.726557731628418,
        "z": -0.08127333968877792
    },
    "landmark_26": {
        "x": 0.471268892288208,
        "y": 0.7425616979598999,
        "z": 0.06965171545743942
    },
    "landmark_27": {
        "x": 0.6068522930145264,
        "y": 0.8298364281654358,
        "z": -0.04527285322546959
    },
    "landmark_28": {
        "x": 0.48279279470443726,
        "y": 0.8352509140968323,
        "z": 0.1960340291261673
    },
    "landmark_29": {
        "x": 0.6090859174728394,
        "y": 0.860713005065918,
        "z": -0.0453471802175045
    },
    "landmark_30": {
        "x": 0.49318403005599976,
        "y": 0.856290876865387,
        "z": 0.20503756403923035
    },
    "landmark_31": {
        "x": 0.6364032030105591,
        "y": 0.8307202458381653,
        "z": -0.12507328391075134
    },
    "landmark_32": {
        "x": 0.46035152673721313,
        "y": 0.8737707138061523,
        "z": 0.15280431509017944
    }
}