{
    "landmark_0": {
        "x": 0.513576865196228,
        "y": 0.4695783853530884,
        "z": -0.2530316114425659
    },
    "landmark_1": {
        "x": 0.5181263089179993,
        "y": 0.45612335205078125,
        "z": -0.24148514866828918
    },
    "landmark_2": {
        "x": 0.5203277468681335,
        "y": 0.45594486594200134,
        "z": -0.24145469069480896
    },
    "landmark_3": {
        "x": 0.5225345492362976,
        "y": 0.4558957815170288,
        "z": -0.24151036143302917
    },
    "landmark_4": {
        "x": 0.5124250054359436,
        "y": 0.4534335136413574,
        "z": -0.25130829215049744
    },
    "landmark_5": {
        "x": 0.5104670524597168,
        "y": 0.4513382017612457,
        "z": -0.25132545828819275
    },
    "landmark_6": {
        "x": 0.508607804775238,
        "y": 0.44930437207221985,
        "z": -0.2513427734375
    },
    "landmark_7": {
        "x": 0.5235788226127625,
        "y": 0.45317891240119934,
        "z": -0.14654405415058136
    },
    "landmark_8": {
        "x": 0.5039923787117004,
        "y": 0.4454098641872406,
        "z": -0.18995976448059082
    },
    "landmark_9": {
        "x": 0.5163207054138184,
        "y": 0.47774869203567505,
        "z": -0.21277539432048798
    },
    "landmark_10": {
        "x": 0.5091312527656555,
        "y": 0.4749467074871063,
        "z": -0.22581136226654053
    },
    "landmark_11": {
        "x": 0.5343131422996521,
        "y": 0.5040757656097412,
        "z": -0.05099662393331528
    },
    "landmark_12": {
        "x": 0.4726253151893616,
        "y": 0.48001179099082947,
        "z": -0.17276416718959808
    },
    "landmark_13": {
        "x": 0.5471094250679016,
        "y": 0.5571916103363037,
        "z": -0.07273764163255692
    },
    "landmark_14": {
        "x": 0.503996729850769,
        "y": 0.5180115103721619,
        "z": -0.24554316699504852
    },
    "landmark_15": {
        "x": 0.563681960105896,
        "y": 0.49399709701538086,
        "z": -0.14993879199028015
    },
    "landmark_16": {
        "x": 0.5576569437980652,
        "y": 0.49549049139022827,
        "z": -0.2564842104911804
    },
    "landmark_17": {
        "x": 0.5744752883911133,
        "y": 0.4758518934249878,
        "z": -0.15962202847003937
    },
    "landmark_18": {
        "x": 0.5669861435890198,
        "y": 0.487033873796463,
        "z": -0.27170345187187195
    },
    "landmark_19": {
        "x": 0.5739117860794067,
        "y": 0.47217732667922974,
        "z": -0.16166456043720245
    },
    "landmark_20": {
        "x": 0.5652672648429871,
        "y": 0.48484107851982117,
        "z": -0.2569437325000763
    },
    "landmark_21": {
        "x": 0.5693792700767517,
        "y": 0.4810897409915924,
        "z": -0.15261510014533997
    },
    "landmark_22": {
        "x": 0.5673906803131104,
        "y": 0.4784463346004486,
        "z": -0.24942080676555634
    },
    "landmark_23": {
        "x": 0.5084714889526367,
        "y": 0.6646456122398376,
        "z": 0.019153056666254997
    },
    "landmark_24": {
        "x": 0.4667798578739166,
        "y": 0.6564043164253235,
        "z": -0.019201120361685753
    },
    "landmark_25": {
        "x": 0.5300217270851135,
        "y": 0.7702857255935669,
        "z": -0.11810270696878433
    },
    "landmark_26": {
        "x": 0.4172004759311676,
        "y": 0.7614800930023193,
        "z": -0.08321399241685867
    },
    "landmark_27": {
        "x": 0.5089913010597229,
        "y": 0.8539478778839111,
        "z": 0.05671469122171402
    },
    "landmark_28": {
        "x": 0.3707261085510254,
        "y": 0.8523057699203491,
        "z": -0.004287859424948692
    },
    "landmark_29": {
        "x": 0.49988287687301636,
        "y": 0.8696332573890686,
        "z": 0.07234055548906326
    },
    "landmark_30": {
        "x": 0.3668500781059265,
        "y": 0.8682080507278442,
        "z": -0.0001852825953392312
    },
    "landmark_31": {
        "x": 0.5245580673217773,
        "y": 0.9043695330619812,
        "z": 0.011450378224253654
    },
    "landmark_32": {
        "x": 0.3482072055339813,
        "y": 0.8800875544548035,
        "z": -0.08455046266317368
    }
}