{
    "landmark_0": {
        "x": 0.490943044424057,
        "y": 0.34474873542785645,
        "z": -0.15912838280200958
    },
    "landmark_1": {
        "x": 0.4938824772834778,
        "y": 0.3319108486175537,
        "z": -0.14784571528434753
    },
    "landmark_2": {
        "x": 0.4965129792690277,
        "y": 0.33078882098197937,
        "z": -0.1478671431541443
    },
    "landmark_3": {
        "x": 0.4992411732673645,
        "y": 0.32975417375564575,
        "z": -0.1478874534368515
    },
    "landmark_4": {
        "x": 0.4872632622718811,
        "y": 0.33353570103645325,
        "z": -0.14490538835525513
    },
    "landmark_5": {
        "x": 0.4850439429283142,
        "y": 0.3336932957172394,
        "z": -0.1448948085308075
    },
    "landmark_6": {
        "x": 0.4828266203403473,
        "y": 0.33376839756965637,
        "z": -0.1448892503976822
    },
    "landmark_7": {
        "x": 0.5042422413825989,
        "y": 0.3329467475414276,
        "z": -0.07248111814260483
    },
    "landmark_8": {
        "x": 0.4799920916557312,
        "y": 0.33821725845336914,
        "z": -0.056101977825164795
    },
    "landmark_9": {
        "x": 0.4969818592071533,
        "y": 0.35654541850090027,
        "z": -0.13068091869354248
    },
    "landmark_10": {
        "x": 0.4872817397117615,
        "y": 0.35744455456733704,
        "z": -0.12623655796051025
    },
    "landmark_11": {
        "x": 0.5253446102142334,
        "y": 0.3973067104816437,
        "z": -0.06791166216135025
    },
    "landmark_12": {
        "x": 0.46616703271865845,
        "y": 0.3988041877746582,
        "z": -0.06423565000295639
    },
    "landmark_13": {
        "x": 0.52803635597229,
        "y": 0.39388608932495117,
        "z": -0.2656169533729553
    },
    "landmark_14": {
        "x": 0.4491936266422272,
        "y": 0.3601265847682953,
        "z": -0.2653377652168274
    },
    "landmark_15": {
        "x": 0.5286308526992798,
        "y": 0.350650429725647,
        "z": -0.4438844621181488
    },
    "landmark_16": {
        "x": 0.44559139013290405,
        "y": 0.31027936935424805,
        "z": -0.45076432824134827
    },
    "landmark_17": {
        "x": 0.5306114554405212,
        "y": 0.34526222944259644,
        "z": -0.48389869928359985
    },
    "landmark_18": {
        "x": 0.4387732446193695,
        "y": 0.28967908024787903,
        "z": -0.495022714138031
    },
    "landmark_19": {
        "x": 0.5239958167076111,
        "y": 0.34523704648017883,
        "z": -0.48152247071266174
    },
    "landmark_20": {
        "x": 0.4419122338294983,
        "y": 0.2855175733566284,
        "z": -0.48609381914138794
    },
    "landmark_21": {
        "x": 0.5214426517486572,
        "y": 0.3491136431694031,
        "z": -0.4496627748012543
    },
    "landmark_22": {
        "x": 0.44501835107803345,
        "y": 0.2936345934867859,
        "z": -0.4558965563774109
    },
    "landmark_23": {
        "x": 0.5193129777908325,
        "y": 0.6053026914596558,
        "z": 0.0031858463771641254
    },
    "landmark_24": {
        "x": 0.47527003288269043,
        "y": 0.6133822798728943,
        "z": -0.00335276173427701
    },
    "landmark_25": {
        "x": 0.555305540561676,
        "y": 0.7194820642471313,
        "z": -0.031990163028240204
    },
    "landmark_26": {
        "x": 0.4690813422203064,
        "y": 0.7479920983314514,
        "z": 0.00862296111881733
    },
    "landmark_27": {
        "x": 0.5745944380760193,
        "y": 0.842700183391571,
        "z": 0.07207345962524414
    },
    "landmark_28": {
        "x": 0.48387449979782104,
        "y": 0.839318573474884,
        "z": 0.16240984201431274
    },
    "landmark_29": {
        "x": 0.5685070753097534,
        "y": 0.8672100305557251,
        "z": 0.07666834443807602
    },
    "landmark_30": {
        "x": 0.4937294125556946,
        "y": 0.8533065915107727,
        "z": 0.1724637746810913
    },
    "landmark_31": {
        "x": 0.5932013988494873,
        "y": 0.87977534532547,
        "z": -0.01997768133878708
    },
    "landmark_32": {
        "x": 0.47201210260391235,
        "y": 0.8897761106491089,
        "z": 0.09388303011655807
    }
}