{
    "landmark_0": {
        "x": 0.48386746644973755,
        "y": 0.3457110822200775,
        "z": -0.19390060007572174
    },
    "landmark_1": {
        "x": 0.4871129095554352,
        "y": 0.33258724212646484,
        "z": -0.1777103990316391
    },
    "landmark_2": {
        "x": 0.48959654569625854,
        "y": 0.33226868510246277,
        "z": -0.1777513325214386
    },
    "landmark_3": {
        "x": 0.4921950399875641,
        "y": 0.3320963382720947,
        "z": -0.17776721715927124
    },
    "landmark_4": {
        "x": 0.48100385069847107,
        "y": 0.33212196826934814,
        "z": -0.17630697786808014
    },
    "landmark_5": {
        "x": 0.4791486859321594,
        "y": 0.33172667026519775,
        "z": -0.1762956976890564
    },
    "landmark_6": {
        "x": 0.4772011637687683,
        "y": 0.33141353726387024,
        "z": -0.17625947296619415
    },
    "landmark_7": {
        "x": 0.49634987115859985,
        "y": 0.3364695906639099,
        "z": -0.0885351374745369
    },
    "landmark_8": {
        "x": 0.47500675916671753,
        "y": 0.33596137166023254,
        "z": -0.081781305372715
    },
    "landmark_9": {
        "x": 0.48806649446487427,
        "y": 0.3573024868965149,
        "z": -0.16142888367176056
    },
    "landmark_10": {
        "x": 0.4806062579154968,
        "y": 0.35642150044441223,
        "z": -0.1596551537513733
    },
    "landmark_11": {
        "x": 0.5111332535743713,
        "y": 0.40098604559898376,
        "z": -0.08020703494548798
    },
    "landmark_12": {
        "x": 0.4514322280883789,
        "y": 0.40524154901504517,
        "z": -0.05057815462350845
    },
    "landmark_13": {
        "x": 0.5189942121505737,
        "y": 0.4256853759288788,
        "z": -0.25337231159210205
    },
    "landmark_14": {
        "x": 0.4184098243713379,
        "y": 0.41342872381210327,
        "z": -0.20098456740379333
    },
    "landmark_15": {
        "x": 0.47903305292129517,
        "y": 0.42534947395324707,
        "z": -0.42525714635849
    },
    "landmark_16": {
        "x": 0.4218253493309021,
        "y": 0.3333664536476135,
        "z": -0.36431998014450073
    },
    "landmark_17": {
        "x": 0.4675074517726898,
        "y": 0.4386458992958069,
        "z": -0.4660132825374603
    },
    "landmark_18": {
        "x": 0.42185336351394653,
        "y": 0.3174627125263214,
        "z": -0.4019794464111328
    },
    "landmark_19": {
        "x": 0.46295738220214844,
        "y": 0.4297819435596466,
        "z": -0.45492663979530334
    },
    "landmark_20": {
        "x": 0.4269379675388336,
        "y": 0.3140715956687927,
        "z": -0.39199963212013245
    },
    "landmark_21": {
        "x": 0.4674157500267029,
        "y": 0.4301319420337677,
        "z": -0.42534440755844116
    },
    "landmark_22": {
        "x": 0.42855802178382874,
        "y": 0.31986114382743835,
        "z": -0.36580991744995117
    },
    "landmark_23": {
        "x": 0.5043866634368896,
        "y": 0.6015734672546387,
        "z": 0.0019503857474774122
    },
    "landmark_24": {
        "x": 0.4638853669166565,
        "y": 0.6073142290115356,
        "z": -0.0020977759268134832
    },
    "landmark_25": {
        "x": 0.5468531250953674,
        "y": 0.7124266624450684,
        "z": -0.04534902423620224
    },
    "landmark_26": {
        "x": 0.46455803513526917,
        "y": 0.7328507900238037,
        "z": 0.029684260487556458
    },
    "landmark_27": {
        "x": 0.571738064289093,
        "y": 0.8361915349960327,
        "z": 0.02257797308266163
    },
    "landmark_28": {
        "x": 0.47228866815567017,
        "y": 0.8281234502792358,
        "z": 0.17294277250766754
    },
    "landmark_29": {
        "x": 0.569464385509491,
        "y": 0.8634561896324158,
        "z": 0.024394173175096512
    },
    "landmark_30": {
        "x": 0.4789521098136902,
        "y": 0.8402167558670044,
        "z": 0.1826764941215515
    },
    "landmark_31": {
        "x": 0.6093696355819702,
        "y": 0.8392382264137268,
        "z": -0.06756449490785599
    },
    "landmark_32": {
        "x": 0.466256707906723,
        "y": 0.8822469115257263,
        "z": 0.10477139055728912
    }
}