{
    "landmark_0": {
        "x": 0.49195152521133423,
        "y": 0.3121051788330078,
        "z": -0.09941020607948303
    },
    "landmark_1": {
        "x": 0.4968113303184509,
        "y": 0.30644717812538147,
        "z": -0.07655427604913712
    },
    "landmark_2": {
        "x": 0.4988762438297272,
        "y": 0.30796903371810913,
        "z": -0.07655792683362961
    },
    "landmark_3": {
        "x": 0.5008472800254822,
        "y": 0.30955713987350464,
        "z": -0.07659992575645447
    },
    "landmark_4": {
        "x": 0.4900056719779968,
        "y": 0.30320829153060913,
        "z": -0.08561406284570694
    },
    "landmark_5": {
        "x": 0.4877350926399231,
        "y": 0.30248990654945374,
        "z": -0.08562634140253067
    },
    "landmark_6": {
        "x": 0.48566699028015137,
        "y": 0.3018702566623688,
        "z": -0.08562289923429489
    },
    "landmark_7": {
        "x": 0.49982160329818726,
        "y": 0.31841495633125305,
        "z": 0.025365237146615982
    },
    "landmark_8": {
        "x": 0.4803444445133209,
        "y": 0.3082427978515625,
        "z": -0.017780102789402008
    },
    "landmark_9": {
        "x": 0.49402230978012085,
        "y": 0.33443787693977356,
        "z": -0.06270921975374222
    },
    "landmark_10": {
        "x": 0.48455381393432617,
        "y": 0.3231090307235718,
        "z": -0.07535291463136673
    },
    "landmark_11": {
        "x": 0.5084847211837769,
        "y": 0.3887898027896881,
        "z": 0.04873679578304291
    },
    "landmark_12": {
        "x": 0.4531404972076416,
        "y": 0.3795546293258667,
        "z": -0.02975848689675331
    },
    "landmark_13": {
        "x": 0.5270490646362305,
        "y": 0.3001910150051117,
        "z": -0.017714114859700203
    },
    "landmark_14": {
        "x": 0.4645610451698303,
        "y": 0.3472878932952881,
        "z": -0.10798396170139313
    },
    "landmark_15": {
        "x": 0.5291845202445984,
        "y": 0.22608421742916107,
        "z": -0.07780098915100098
    },
    "landmark_16": {
        "x": 0.5051121115684509,
        "y": 0.31960874795913696,
        "z": -0.08088363707065582
    },
    "landmark_17": {
        "x": 0.5321986675262451,
        "y": 0.22397549450397491,
        "z": -0.10256078094244003
    },
    "landmark_18": {
        "x": 0.5149034261703491,
        "y": 0.31501105427742004,
        "z": -0.10098258405923843
    },
    "landmark_19": {
        "x": 0.533358097076416,
        "y": 0.21577122807502747,
        "z": -0.10324059426784515
    },
    "landmark_20": {
        "x": 0.5163758397102356,
        "y": 0.321159690618515,
        "z": -0.09093303233385086
    },
    "landmark_21": {
        "x": 0.5285971164703369,
        "y": 0.22672489285469055,
        "z": -0.08348064869642258
    },
    "landmark_22": {
        "x": 0.5128061175346375,
        "y": 0.3253748118877411,
        "z": -0.0782386064529419
    },
    "landmark_23": {
        "x": 0.5078374147415161,
        "y": 0.5838414430618286,
        "z": 0.009240941144526005
    },
    "landmark_24": {
        "x": 0.4645347595214844,
        "y": 0.5884612798690796,
        "z": -0.009107241407036781
    },
    "landmark_25": {
        "x": 0.5386955142021179,
        "y": 0.7155250310897827,
        "z": -0.08157122135162354
    },
    "landmark_26": {
        "x": 0.4351484775543213,
        "y": 0.718788743019104,
        "z": -0.14258264005184174
    },
    "landmark_27": {
        "x": 0.5203565359115601,
        "y": 0.8170055150985718,
        "z": 0.16227981448173523
    },
    "landmark_28": {
        "x": 0.45431700348854065,
        "y": 0.826154351234436,
        "z": 0.09716548770666122
    },
    "landmark_29": {
        "x": 0.5096284747123718,
        "y": 0.8295832872390747,
        "z": 0.1827375888824463
    },
    "landmark_30": {
        "x": 0.4674545228481293,
        "y": 0.8430496454238892,
        "z": 0.11643610894680023
    },
    "landmark_31": {
        "x": 0.5389457941055298,
        "y": 0.8699113726615906,
        "z": 0.10638134181499481
    },
    "landmark_32": {
        "x": 0.44461116194725037,
        "y": 0.8899224996566772,
        "z": 0.02735070511698723
    }
}