{
    "landmark_0": {
        "x": 0.5092642307281494,
        "y": 0.3587256073951721,
        "z": -0.1620156615972519
    },
    "landmark_1": {
        "x": 0.512626051902771,
        "y": 0.3484044373035431,
        "z": -0.14461185038089752
    },
    "landmark_2": {
        "x": 0.514599621295929,
        "y": 0.3482343256473541,
        "z": -0.14458170533180237
    },
    "landmark_3": {
        "x": 0.5166218280792236,
        "y": 0.34790119528770447,
        "z": -0.14456705749034882
    },
    "landmark_4": {
        "x": 0.5064984560012817,
        "y": 0.34605902433395386,
        "z": -0.14649446308612823
    },
    "landmark_5": {
        "x": 0.5044234991073608,
        "y": 0.34457993507385254,
        "z": -0.14649982750415802
    },
    "landmark_6": {
        "x": 0.502419114112854,
        "y": 0.3429252505302429,
        "z": -0.14658023416996002
    },
    "landmark_7": {
        "x": 0.517977237701416,
        "y": 0.35424166917800903,
        "z": -0.05774650722742081
    },
    "landmark_8": {
        "x": 0.497908353805542,
        "y": 0.3467792272567749,
        "z": -0.06460700929164886
    },
    "landmark_9": {
        "x": 0.5132487416267395,
        "y": 0.3706169128417969,
        "z": -0.12985116243362427
    },
    "landmark_10": {
        "x": 0.5052406191825867,
        "y": 0.36960262060165405,
        "z": -0.13199032843112946
    },
    "landmark_11": {
        "x": 0.5378450751304626,
        "y": 0.41847965121269226,
        "z": -0.05145834758877754
    },
    "landmark_12": {
        "x": 0.4758678376674652,
        "y": 0.4043393135070801,
        "z": -0.06707369536161423
    },
    "landmark_13": {
        "x": 0.5539218187332153,
        "y": 0.4012391269207001,
        "z": -0.21023163199424744
    },
    "landmark_14": {
        "x": 0.4562733769416809,
        "y": 0.3827492892742157,
        "z": -0.21831662952899933
    },
    "landmark_15": {
        "x": 0.5395665168762207,
        "y": 0.3356826901435852,
        "z": -0.330500066280365
    },
    "landmark_16": {
        "x": 0.4914475083351135,
        "y": 0.3286554515361786,
        "z": -0.3085068464279175
    },
    "landmark_17": {
        "x": 0.5371524691581726,
        "y": 0.31565412878990173,
        "z": -0.3606060743331909
    },
    "landmark_18": {
        "x": 0.5026187300682068,
        "y": 0.3154701888561249,
        "z": -0.3358193039894104
    },
    "landmark_19": {
        "x": 0.5323792695999146,
        "y": 0.315350204706192,
        "z": -0.3437957465648651
    },
    "landmark_20": {
        "x": 0.5046245455741882,
        "y": 0.3157551884651184,
        "z": -0.32182347774505615
    },
    "landmark_21": {
        "x": 0.5317606925964355,
        "y": 0.323784738779068,
        "z": -0.32904282212257385
    },
    "landmark_22": {
        "x": 0.5025948882102966,
        "y": 0.3231496512889862,
        "z": -0.30616042017936707
    },
    "landmark_23": {
        "x": 0.5252400636672974,
        "y": 0.6202672123908997,
        "z": -0.017140330746769905
    },
    "landmark_24": {
        "x": 0.4836293160915375,
        "y": 0.6116189956665039,
        "z": 0.017085466533899307
    },
    "landmark_25": {
        "x": 0.5319197177886963,
        "y": 0.7450184226036072,
        "z": -0.05387400835752487
    },
    "landmark_26": {
        "x": 0.4295654296875,
        "y": 0.7101083397865295,
        "z": -0.05973682552576065
    },
    "landmark_27": {
        "x": 0.5209270119667053,
        "y": 0.854641318321228,
        "z": 0.09433405101299286
    },
    "landmark_28": {
        "x": 0.42645779252052307,
        "y": 0.8235897421836853,
        "z": 0.10190050303936005
    },
    "landmark_29": {
        "x": 0.512795627117157,
        "y": 0.8741694092750549,
        "z": 0.10325445234775543
    },
    "landmark_30": {
        "x": 0.4351802468299866,
        "y": 0.8462401628494263,
        "z": 0.1137092113494873
    },
    "landmark_31": {
        "x": 0.5327775478363037,
        "y": 0.9021840691566467,
        "z": 0.01799800805747509
    },
    "landmark_32": {
        "x": 0.3922426700592041,
        "y": 0.8522256016731262,
        "z": 0.05015344172716141
    }
}