{
    "landmark_0": {
        "x": 0.4968106150627136,
        "y": 0.338360071182251,
        "z": -0.1950453221797943
    },
    "landmark_1": {
        "x": 0.4987308979034424,
        "y": 0.32510682940483093,
        "z": -0.17646238207817078
    },
    "landmark_2": {
        "x": 0.5012360215187073,
        "y": 0.3246040344238281,
        "z": -0.17651408910751343
    },
    "landmark_3": {
        "x": 0.5037149786949158,
        "y": 0.32424286007881165,
        "z": -0.17654332518577576
    },
    "landmark_4": {
        "x": 0.4922875463962555,
        "y": 0.3263436555862427,
        "z": -0.1738969087600708
    },
    "landmark_5": {
        "x": 0.49034491181373596,
        "y": 0.326803058385849,
        "z": -0.17387451231479645
    },
    "landmark_6": {
        "x": 0.4883697032928467,
        "y": 0.3274204432964325,
        "z": -0.17385058104991913
    },
    "landmark_7": {
        "x": 0.5071410536766052,
        "y": 0.32821550965309143,
        "z": -0.08474674820899963
    },
    "landmark_8": {
        "x": 0.48402920365333557,
        "y": 0.33513545989990234,
        "z": -0.0695909634232521
    },
    "landmark_9": {
        "x": 0.5032970309257507,
        "y": 0.349407821893692,
        "z": -0.16210302710533142
    },
    "landmark_10": {
        "x": 0.49394363164901733,
        "y": 0.35086867213249207,
        "z": -0.15776194632053375
    },
    "landmark_11": {
        "x": 0.5306442379951477,
        "y": 0.387728750705719,
        "z": -0.09289124608039856
    },
    "landmark_12": {
        "x": 0.46745437383651733,
        "y": 0.40838414430618286,
        "z": -0.06720147281885147
    },
    "landmark_13": {
        "x": 0.5264605283737183,
        "y": 0.372048556804657,
        "z": -0.30751147866249084
    },
    "landmark_14": {
        "x": 0.45235148072242737,
        "y": 0.3852890729904175,
        "z": -0.25648996233940125
    },
    "landmark_15": {
        "x": 0.48851442337036133,
        "y": 0.3788425028324127,
        "z": -0.46485915780067444
    },
    "landmark_16": {
        "x": 0.4373754858970642,
        "y": 0.3131459355354309,
        "z": -0.4341204762458801
    },
    "landmark_17": {
        "x": 0.4812505841255188,
        "y": 0.3737923204898834,
        "z": -0.5079792737960815
    },
    "landmark_18": {
        "x": 0.42949193716049194,
        "y": 0.2945062816143036,
        "z": -0.4770970344543457
    },
    "landmark_19": {
        "x": 0.4768955111503601,
        "y": 0.37425148487091064,
        "z": -0.49576491117477417
    },
    "landmark_20": {
        "x": 0.4331873953342438,
        "y": 0.2926875352859497,
        "z": -0.4703759253025055
    },
    "landmark_21": {
        "x": 0.4790708124637604,
        "y": 0.3762753903865814,
        "z": -0.466464102268219
    },
    "landmark_22": {
        "x": 0.4360996186733246,
        "y": 0.3005389869213104,
        "z": -0.43952760100364685
    },
    "landmark_23": {
        "x": 0.5237404108047485,
        "y": 0.5904417634010315,
        "z": 0.0014830278232693672
    },
    "landmark_24": {
        "x": 0.4799540042877197,
        "y": 0.597994863986969,
        "z": -0.0016396684804931283
    },
    "landmark_25": {
        "x": 0.5595767498016357,
        "y": 0.7064473628997803,
        "z": -0.11876450479030609
    },
    "landmark_26": {
        "x": 0.4613627791404724,
        "y": 0.7316526770591736,
        "z": -0.04159896448254585
    },
    "landmark_27": {
        "x": 0.558529794216156,
        "y": 0.8291512131690979,
        "z": 0.0465024933218956
    },
    "landmark_28": {
        "x": 0.4735555052757263,
        "y": 0.8196607232093811,
        "z": 0.16192366182804108
    },
    "landmark_29": {
        "x": 0.5512069463729858,
        "y": 0.8519569635391235,
        "z": 0.058106470853090286
    },
    "landmark_30": {
        "x": 0.4824973940849304,
        "y": 0.827043890953064,
        "z": 0.17753571271896362
    },
    "landmark_31": {
        "x": 0.5902528166770935,
        "y": 0.8620356321334839,
        "z": -0.03869637846946716
    },
    "landmark_32": {
        "x": 0.4654582142829895,
        "y": 0.8798964023590088,
        "z": 0.09577157348394394
    }
}