{
    "landmark_0": {
        "x": 0.4935314655303955,
        "y": 0.35795846581459045,
        "z": -0.1336355209350586
    },
    "landmark_1": {
        "x": 0.49545592069625854,
        "y": 0.3428959846496582,
        "z": -0.11765029281377792
    },
    "landmark_2": {
        "x": 0.49804267287254333,
        "y": 0.34182196855545044,
        "z": -0.11768786609172821
    },
    "landmark_3": {
        "x": 0.5009194612503052,
        "y": 0.34111782908439636,
        "z": -0.11772646009922028
    },
    "landmark_4": {
        "x": 0.48878875374794006,
        "y": 0.3433152139186859,
        "z": -0.11679476499557495
    },
    "landmark_5": {
        "x": 0.48651736974716187,
        "y": 0.342538058757782,
        "z": -0.11676023155450821
    },
    "landmark_6": {
        "x": 0.48410797119140625,
        "y": 0.3419843018054962,
        "z": -0.11677321046590805
    },
    "landmark_7": {
        "x": 0.5041550397872925,
        "y": 0.34195247292518616,
        "z": -0.02981092967092991
    },
    "landmark_8": {
        "x": 0.47981148958206177,
        "y": 0.3435770869255066,
        "z": -0.024123357608914375
    },
    "landmark_9": {
        "x": 0.49889808893203735,
        "y": 0.3655228614807129,
        "z": -0.10100807249546051
    },
    "landmark_10": {
        "x": 0.4895879626274109,
        "y": 0.3661290407180786,
        "z": -0.09958857297897339
    },
    "landmark_11": {
        "x": 0.5254238843917847,
        "y": 0.39657074213027954,
        "z": -0.034306950867176056
    },
    "landmark_12": {
        "x": 0.4629068970680237,
        "y": 0.39812150597572327,
        "z": -0.04134368151426315
    },
    "landmark_13": {
        "x": 0.5318613052368164,
        "y": 0.4081342816352844,
        "z": -0.24697105586528778
    },
    "landmark_14": {
        "x": 0.4494648575782776,
        "y": 0.3831479251384735,
        "z": -0.2554292678833008
    },
    "landmark_15": {
        "x": 0.5206329822540283,
        "y": 0.3613741099834442,
        "z": -0.42788100242614746
    },
    "landmark_16": {
        "x": 0.4536629617214203,
        "y": 0.3061242699623108,
        "z": -0.4169364869594574
    },
    "landmark_17": {
        "x": 0.5325062870979309,
        "y": 0.3623681664466858,
        "z": -0.46868497133255005
    },
    "landmark_18": {
        "x": 0.4523204267024994,
        "y": 0.2916933298110962,
        "z": -0.45720845460891724
    },
    "landmark_19": {
        "x": 0.5183613300323486,
        "y": 0.35444942116737366,
        "z": -0.4636925756931305
    },
    "landmark_20": {
        "x": 0.45533594489097595,
        "y": 0.2911175787448883,
        "z": -0.4427553117275238
    },
    "landmark_21": {
        "x": 0.5176697969436646,
        "y": 0.35634785890579224,
        "z": -0.4322931170463562
    },
    "landmark_22": {
        "x": 0.4576196074485779,
        "y": 0.2979985475540161,
        "z": -0.41850167512893677
    },
    "landmark_23": {
        "x": 0.5208790898323059,
        "y": 0.6008478999137878,
        "z": 0.0016403918853029609
    },
    "landmark_24": {
        "x": 0.47564515471458435,
        "y": 0.6090911626815796,
        "z": -0.0017066674772650003
    },
    "landmark_25": {
        "x": 0.5607446432113647,
        "y": 0.7214122414588928,
        "z": -0.08626684546470642
    },
    "landmark_26": {
        "x": 0.44588249921798706,
        "y": 0.7433704137802124,
        "z": -0.09495346993207932
    },
    "landmark_27": {
        "x": 0.5476197004318237,
        "y": 0.8349205255508423,
        "z": 0.07484040409326553
    },
    "landmark_28": {
        "x": 0.46408432722091675,
        "y": 0.8294197916984558,
        "z": 0.09770810604095459
    },
    "landmark_29": {
        "x": 0.5365923047065735,
        "y": 0.8541873693466187,
        "z": 0.08653378486633301
    },
    "landmark_30": {
        "x": 0.4741576313972473,
        "y": 0.8364607691764832,
        "z": 0.11336870491504669
    },
    "landmark_31": {
        "x": 0.5736430883407593,
        "y": 0.8840401768684387,
        "z": 0.00968936737626791
    },
    "landmark_32": {
        "x": 0.46165531873703003,
        "y": 0.8995876908302307,
        "z": 0.05049394816160202
    }
}