{
    "landmark_0": {
        "x": 0.513569712638855,
        "y": 0.36103421449661255,
        "z": -0.12680509686470032
    },
    "landmark_1": {
        "x": 0.5159550905227661,
        "y": 0.3513898253440857,
        "z": -0.10917873680591583
    },
    "landmark_2": {
        "x": 0.5177924036979675,
        "y": 0.3516336977481842,
        "z": -0.10917027294635773
    },
    "landmark_3": {
        "x": 0.5198153257369995,
        "y": 0.3519781827926636,
        "z": -0.10918489843606949
    },
    "landmark_4": {
        "x": 0.5112698078155518,
        "y": 0.3495877683162689,
        "z": -0.1153419017791748
    },
    "landmark_5": {
        "x": 0.5097619891166687,
        "y": 0.3487679660320282,
        "z": -0.11533484607934952
    },
    "landmark_6": {
        "x": 0.5082015991210938,
        "y": 0.3480989336967468,
        "z": -0.11536063253879547
    },
    "landmark_7": {
        "x": 0.5206963419914246,
        "y": 0.3550250828266144,
        "z": -0.018051812425255775
    },
    "landmark_8": {
        "x": 0.5048336386680603,
        "y": 0.352338582277298,
        "z": -0.04348992183804512
    },
    "landmark_9": {
        "x": 0.5160253643989563,
        "y": 0.370078444480896,
        "z": -0.0921981930732727
    },
    "landmark_10": {
        "x": 0.5095832943916321,
        "y": 0.3689795732498169,
        "z": -0.09990501403808594
    },
    "landmark_11": {
        "x": 0.5345914959907532,
        "y": 0.41736844182014465,
        "z": 0.006233371328562498
    },
    "landmark_12": {
        "x": 0.4778391420841217,
        "y": 0.401595801115036,
        "z": -0.04997512698173523
    },
    "landmark_13": {
        "x": 0.5660842061042786,
        "y": 0.40601226687431335,
        "z": -0.13192321360111237
    },
    "landmark_14": {
        "x": 0.5052820444107056,
        "y": 0.43581849336624146,
        "z": -0.13164080679416656
    },
    "landmark_15": {
        "x": 0.545561671257019,
        "y": 0.3150792419910431,
        "z": -0.25171661376953125
    },
    "landmark_16": {
        "x": 0.5458194613456726,
        "y": 0.4266204535961151,
        "z": -0.14212307333946228
    },
    "landmark_17": {
        "x": 0.5469741225242615,
        "y": 0.2915949523448944,
        "z": -0.28104719519615173
    },
    "landmark_18": {
        "x": 0.555666983127594,
        "y": 0.4262264370918274,
        "z": -0.16459889709949493
    },
    "landmark_19": {
        "x": 0.5439903140068054,
        "y": 0.2935012876987457,
        "z": -0.2683245837688446
    },
    "landmark_20": {
        "x": 0.5554340481758118,
        "y": 0.4270212948322296,
        "z": -0.15625068545341492
    },
    "landmark_21": {
        "x": 0.5427167415618896,
        "y": 0.3041171133518219,
        "z": -0.2521982789039612
    },
    "landmark_22": {
        "x": 0.552128791809082,
        "y": 0.4308182895183563,
        "z": -0.13996052742004395
    },
    "landmark_23": {
        "x": 0.520910382270813,
        "y": 0.6093918085098267,
        "z": -0.004675283562391996
    },
    "landmark_24": {
        "x": 0.47743573784828186,
        "y": 0.6013411283493042,
        "z": 0.004762512631714344
    },
    "landmark_25": {
        "x": 0.5386480689048767,
        "y": 0.7379878759384155,
        "z": -0.08441504091024399
    },
    "landmark_26": {
        "x": 0.41189390420913696,
        "y": 0.6820356249809265,
        "z": -0.10988782346248627
    },
    "landmark_27": {
        "x": 0.525746762752533,
        "y": 0.839712381362915,
        "z": 0.1062137633562088
    },
    "landmark_28": {
        "x": 0.41819849610328674,
        "y": 0.8077309727668762,
        "z": 0.07510202378034592
    },
    "landmark_29": {
        "x": 0.5185493230819702,
        "y": 0.8524572849273682,
        "z": 0.12026065587997437
    },
    "landmark_30": {
        "x": 0.42599552869796753,
        "y": 0.8351244330406189,
        "z": 0.08885698765516281
    },
    "landmark_31": {
        "x": 0.531117856502533,
        "y": 0.8918663263320923,
        "z": 0.031239697709679604
    },
    "landmark_32": {
        "x": 0.38121432065963745,
        "y": 0.8299283981323242,
        "z": 0.01478835754096508
    }
}