{
    "landmark_0": {
        "x": 0.49239152669906616,
        "y": 0.33090224862098694,
        "z": -0.15993615984916687
    },
    "landmark_1": {
        "x": 0.4941187798976898,
        "y": 0.3175230622291565,
        "z": -0.14420461654663086
    },
    "landmark_2": {
        "x": 0.4964209198951721,
        "y": 0.3163844347000122,
        "z": -0.14423377811908722
    },
    "landmark_3": {
        "x": 0.4987695813179016,
        "y": 0.3154929280281067,
        "z": -0.14425331354141235
    },
    "landmark_4": {
        "x": 0.48802265524864197,
        "y": 0.3205905556678772,
        "z": -0.13823741674423218
    },
    "landmark_5": {
        "x": 0.4861864149570465,
        "y": 0.32151126861572266,
        "z": -0.13823755085468292
    },
    "landmark_6": {
        "x": 0.48435765504837036,
        "y": 0.32255685329437256,
        "z": -0.13822905719280243
    },
    "landmark_7": {
        "x": 0.5033533573150635,
        "y": 0.320708692073822,
        "z": -0.06427198648452759
    },
    "landmark_8": {
        "x": 0.48261013627052307,
        "y": 0.3314332664012909,
        "z": -0.03312909975647926
    },
    "landmark_9": {
        "x": 0.49900978803634644,
        "y": 0.3429426848888397,
        "z": -0.13155154883861542
    },
    "landmark_10": {
        "x": 0.4898933470249176,
        "y": 0.3438362181186676,
        "z": -0.1227359026670456
    },
    "landmark_11": {
        "x": 0.5307139158248901,
        "y": 0.3803410530090332,
        "z": -0.08036360889673233
    },
    "landmark_12": {
        "x": 0.47041064500808716,
        "y": 0.38856378197669983,
        "z": -0.022222930565476418
    },
    "landmark_13": {
        "x": 0.5366875529289246,
        "y": 0.3827451467514038,
        "z": -0.2791799008846283
    },
    "landmark_14": {
        "x": 0.4447484612464905,
        "y": 0.3528045117855072,
        "z": -0.20899133384227753
    },
    "landmark_15": {
        "x": 0.5060948133468628,
        "y": 0.381963312625885,
        "z": -0.41847389936447144
    },
    "landmark_16": {
        "x": 0.4394637644290924,
        "y": 0.2767559885978699,
        "z": -0.38696572184562683
    },
    "landmark_17": {
        "x": 0.49463707208633423,
        "y": 0.3873157203197479,
        "z": -0.4569462835788727
    },
    "landmark_18": {
        "x": 0.43387967348098755,
        "y": 0.25225773453712463,
        "z": -0.4293835163116455
    },
    "landmark_19": {
        "x": 0.49045172333717346,
        "y": 0.3855171501636505,
        "z": -0.4456142783164978
    },
    "landmark_20": {
        "x": 0.434811532497406,
        "y": 0.2487511932849884,
        "z": -0.41890063881874084
    },
    "landmark_21": {
        "x": 0.49326953291893005,
        "y": 0.38592711091041565,
        "z": -0.4181903004646301
    },
    "landmark_22": {
        "x": 0.43818968534469604,
        "y": 0.25959014892578125,
        "z": -0.3918265700340271
    },
    "landmark_23": {
        "x": 0.5210975408554077,
        "y": 0.5852556228637695,
        "z": -0.01267874427139759
    },
    "landmark_24": {
        "x": 0.477473646402359,
        "y": 0.5856738686561584,
        "z": 0.01255813054740429
    },
    "landmark_25": {
        "x": 0.5571979880332947,
        "y": 0.7063517570495605,
        "z": -0.1060241237282753
    },
    "landmark_26": {
        "x": 0.43778976798057556,
        "y": 0.7024415135383606,
        "z": -0.09655609726905823
    },
    "landmark_27": {
        "x": 0.5372118353843689,
        "y": 0.826783299446106,
        "z": 0.07342297583818436
    },
    "landmark_28": {
        "x": 0.4552904963493347,
        "y": 0.8026174902915955,
        "z": 0.07993924617767334
    },
    "landmark_29": {
        "x": 0.5263534188270569,
        "y": 0.8449736833572388,
        "z": 0.08581425994634628
    },
    "landmark_30": {
        "x": 0.46827346086502075,
        "y": 0.8194792866706848,
        "z": 0.09288698434829712
    },
    "landmark_31": {
        "x": 0.5572102069854736,
        "y": 0.8833533525466919,
        "z": -0.004826308228075504
    },
    "landmark_32": {
        "x": 0.43349218368530273,
        "y": 0.8550499677658081,
        "z": 0.016527323052287102
    }
}