{
    "landmark_0": {
        "x": 0.5159417986869812,
        "y": 0.3367641866207123,
        "z": -0.14937180280685425
    },
    "landmark_1": {
        "x": 0.519027590751648,
        "y": 0.3249652087688446,
        "z": -0.12796731293201447
    },
    "landmark_2": {
        "x": 0.5202885866165161,
        "y": 0.32461515069007874,
        "z": -0.1279500275850296
    },
    "landmark_3": {
        "x": 0.5215442776679993,
        "y": 0.3241686522960663,
        "z": -0.1279558539390564
    },
    "landmark_4": {
        "x": 0.5143967866897583,
        "y": 0.3241835832595825,
        "z": -0.14148040115833282
    },
    "landmark_5": {
        "x": 0.5122042298316956,
        "y": 0.32329872250556946,
        "z": -0.14148195087909698
    },
    "landmark_6": {
        "x": 0.5099941492080688,
        "y": 0.32229283452033997,
        "z": -0.14154303073883057
    },
    "landmark_7": {
        "x": 0.5189873576164246,
        "y": 0.3266272246837616,
        "z": -0.027741748839616776
    },
    "landmark_8": {
        "x": 0.5016309022903442,
        "y": 0.3209148645401001,
        "z": -0.08696407079696655
    },
    "landmark_9": {
        "x": 0.5162887573242188,
        "y": 0.3470314145088196,
        "z": -0.11156008392572403
    },
    "landmark_10": {
        "x": 0.5102726817131042,
        "y": 0.34588903188705444,
        "z": -0.12914375960826874
    },
    "landmark_11": {
        "x": 0.5273389220237732,
        "y": 0.38928982615470886,
        "z": -0.0023587369360029697
    },
    "landmark_12": {
        "x": 0.47139492630958557,
        "y": 0.37203630805015564,
        "z": -0.11022637784481049
    },
    "landmark_13": {
        "x": 0.548022449016571,
        "y": 0.34725767374038696,
        "z": -0.07216212898492813
    },
    "landmark_14": {
        "x": 0.4921265244483948,
        "y": 0.3625916838645935,
        "z": -0.2879020571708679
    },
    "landmark_15": {
        "x": 0.5428263545036316,
        "y": 0.2712128758430481,
        "z": -0.13960517942905426
    },
    "landmark_16": {
        "x": 0.5252068042755127,
        "y": 0.30161431431770325,
        "z": -0.39143106341362
    },
    "landmark_17": {
        "x": 0.5396846532821655,
        "y": 0.24287691712379456,
        "z": -0.15870681405067444
    },
    "landmark_18": {
        "x": 0.5323475003242493,
        "y": 0.2749006152153015,
        "z": -0.431159108877182
    },
    "landmark_19": {
        "x": 0.53434818983078,
        "y": 0.240947887301445,
        "z": -0.15635988116264343
    },
    "landmark_20": {
        "x": 0.5272903442382812,
        "y": 0.27349692583084106,
        "z": -0.4146752953529358
    },
    "landmark_21": {
        "x": 0.534102737903595,
        "y": 0.24853473901748657,
        "z": -0.14289802312850952
    },
    "landmark_22": {
        "x": 0.5258547067642212,
        "y": 0.287565678358078,
        "z": -0.3896804451942444
    },
    "landmark_23": {
        "x": 0.5197542309761047,
        "y": 0.5938119292259216,
        "z": 0.010853970423340797
    },
    "landmark_24": {
        "x": 0.47761669754981995,
        "y": 0.5914297699928284,
        "z": -0.010902289301156998
    },
    "landmark_25": {
        "x": 0.5467580556869507,
        "y": 0.7203089594841003,
        "z": -0.0896889790892601
    },
    "landmark_26": {
        "x": 0.4313802123069763,
        "y": 0.6963719129562378,
        "z": -0.11775815486907959
    },
    "landmark_27": {
        "x": 0.5363760590553284,
        "y": 0.8280864357948303,
        "z": 0.0817088782787323
    },
    "landmark_28": {
        "x": 0.4553115963935852,
        "y": 0.8097921013832092,
        "z": 0.08386944979429245
    },
    "landmark_29": {
        "x": 0.5276081562042236,
        "y": 0.8423339128494263,
        "z": 0.09357103705406189
    },
    "landmark_30": {
        "x": 0.4692252278327942,
        "y": 0.8318250179290771,
        "z": 0.09884056448936462
    },
    "landmark_31": {
        "x": 0.5461481809616089,
        "y": 0.883870005607605,
        "z": -0.0011809871066361666
    },
    "landmark_32": {
        "x": 0.43027979135513306,
        "y": 0.8615760803222656,
        "z": 0.01990412175655365
    }
}