{
    "landmark_0": {
        "x": 0.5239656567573547,
        "y": 0.40468594431877136,
        "z": -0.15945611894130707
    },
    "landmark_1": {
        "x": 0.5287740230560303,
        "y": 0.3945996165275574,
        "z": -0.14318977296352386
    },
    "landmark_2": {
        "x": 0.530722975730896,
        "y": 0.39479684829711914,
        "z": -0.14318767189979553
    },
    "landmark_3": {
        "x": 0.5327813029289246,
        "y": 0.3948379456996918,
        "z": -0.1431879848241806
    },
    "landmark_4": {
        "x": 0.5233252644538879,
        "y": 0.39218753576278687,
        "z": -0.15562951564788818
    },
    "landmark_5": {
        "x": 0.5213722586631775,
        "y": 0.39076992869377136,
        "z": -0.15562106668949127
    },
    "landmark_6": {
        "x": 0.5194583535194397,
        "y": 0.38919365406036377,
        "z": -0.1556285321712494
    },
    "landmark_7": {
        "x": 0.5340009927749634,
        "y": 0.3953964114189148,
        "z": -0.03983397036790848
    },
    "landmark_8": {
        "x": 0.5145496726036072,
        "y": 0.3877379894256592,
        "z": -0.09823570400476456
    },
    "landmark_9": {
        "x": 0.5260855555534363,
        "y": 0.41451647877693176,
        "z": -0.11868306249380112
    },
    "landmark_10": {
        "x": 0.5183582305908203,
        "y": 0.41331398487091064,
        "z": -0.13584113121032715
    },
    "landmark_11": {
        "x": 0.5414600968360901,
        "y": 0.457288920879364,
        "z": 0.0302593894302845
    },
    "landmark_12": {
        "x": 0.48273080587387085,
        "y": 0.43781760334968567,
        "z": -0.09540628641843796
    },
    "landmark_13": {
        "x": 0.5594393610954285,
        "y": 0.5068442821502686,
        "z": -0.04019855335354805
    },
    "landmark_14": {
        "x": 0.49689239263534546,
        "y": 0.5027531981468201,
        "z": -0.18205031752586365
    },
    "landmark_15": {
        "x": 0.5693777799606323,
        "y": 0.4304202198982239,
        "z": -0.16801626980304718
    },
    "landmark_16": {
        "x": 0.5308871865272522,
        "y": 0.50203937292099,
        "z": -0.20737338066101074
    },
    "landmark_17": {
        "x": 0.5763752460479736,
        "y": 0.41295450925827026,
        "z": -0.19175627827644348
    },
    "landmark_18": {
        "x": 0.5390262007713318,
        "y": 0.5047941207885742,
        "z": -0.2260487973690033
    },
    "landmark_19": {
        "x": 0.5744025111198425,
        "y": 0.4074261486530304,
        "z": -0.1909380555152893
    },
    "landmark_20": {
        "x": 0.5393072962760925,
        "y": 0.5001147389411926,
        "z": -0.22295621037483215
    },
    "landmark_21": {
        "x": 0.5701684355735779,
        "y": 0.4161536693572998,
        "z": -0.17241498827934265
    },
    "landmark_22": {
        "x": 0.5371036529541016,
        "y": 0.5016380548477173,
        "z": -0.20555350184440613
    },
    "landmark_23": {
        "x": 0.5203531384468079,
        "y": 0.6512496471405029,
        "z": 0.019201887771487236
    },
    "landmark_24": {
        "x": 0.47939592599868774,
        "y": 0.6442938446998596,
        "z": -0.01906345970928669
    },
    "landmark_25": {
        "x": 0.5315004587173462,
        "y": 0.7727087140083313,
        "z": 0.08999444544315338
    },
    "landmark_26": {
        "x": 0.43160638213157654,
        "y": 0.7605084776878357,
        "z": -0.07785062491893768
    },
    "landmark_27": {
        "x": 0.5194413661956787,
        "y": 0.8604133725166321,
        "z": 0.27682989835739136
    },
    "landmark_28": {
        "x": 0.38816845417022705,
        "y": 0.8574174642562866,
        "z": -0.012744230218231678
    },
    "landmark_29": {
        "x": 0.5112691521644592,
        "y": 0.8741030097007751,
        "z": 0.2912130057811737
    },
    "landmark_30": {
        "x": 0.38524866104125977,
        "y": 0.8752807378768921,
        "z": -0.010213915258646011
    },
    "landmark_31": {
        "x": 0.5332534909248352,
        "y": 0.9066082239151001,
        "z": 0.22833988070487976
    },
    "landmark_32": {
        "x": 0.3577525317668915,
        "y": 0.8582465052604675,
        "z": -0.10481511056423187
    }
}