{
    "landmark_0": {
        "x": 0.489640474319458,
        "y": 0.312834233045578,
        "z": -0.14432494342327118
    },
    "landmark_1": {
        "x": 0.4938010275363922,
        "y": 0.29859817028045654,
        "z": -0.13157962262630463
    },
    "landmark_2": {
        "x": 0.49636879563331604,
        "y": 0.298248291015625,
        "z": -0.131632000207901
    },
    "landmark_3": {
        "x": 0.49896708130836487,
        "y": 0.2980881631374359,
        "z": -0.1316870003938675
    },
    "landmark_4": {
        "x": 0.4875098168849945,
        "y": 0.2986828684806824,
        "z": -0.12441680580377579
    },
    "landmark_5": {
        "x": 0.4857718348503113,
        "y": 0.29847779870033264,
        "z": -0.12443040311336517
    },
    "landmark_6": {
        "x": 0.4840778708457947,
        "y": 0.29868122935295105,
        "z": -0.12445811182260513
    },
    "landmark_7": {
        "x": 0.5029938220977783,
        "y": 0.30323195457458496,
        "z": -0.05899345129728317
    },
    "landmark_8": {
        "x": 0.4816831946372986,
        "y": 0.3057294189929962,
        "z": -0.023739304393529892
    },
    "landmark_9": {
        "x": 0.4947510361671448,
        "y": 0.32405218482017517,
        "z": -0.11738171428442001
    },
    "landmark_10": {
        "x": 0.4862325191497803,
        "y": 0.323478639125824,
        "z": -0.10739292204380035
    },
    "landmark_11": {
        "x": 0.5251153707504272,
        "y": 0.367006778717041,
        "z": -0.05966370180249214
    },
    "landmark_12": {
        "x": 0.46275442838668823,
        "y": 0.3628298342227936,
        "z": 0.008620020002126694
    },
    "landmark_13": {
        "x": 0.5268585085868835,
        "y": 0.4090317189693451,
        "z": -0.1861208975315094
    },
    "landmark_14": {
        "x": 0.4311313033103943,
        "y": 0.34490078687667847,
        "z": -0.0725947916507721
    },
    "landmark_15": {
        "x": 0.47838854789733887,
        "y": 0.3593522310256958,
        "z": -0.2974293828010559
    },
    "landmark_16": {
        "x": 0.4172683656215668,
        "y": 0.25822028517723083,
        "z": -0.17343221604824066
    },
    "landmark_17": {
        "x": 0.46848946809768677,
        "y": 0.36239561438560486,
        "z": -0.3268466889858246
    },
    "landmark_18": {
        "x": 0.41245803236961365,
        "y": 0.2380281686782837,
        "z": -0.20035767555236816
    },
    "landmark_19": {
        "x": 0.46904367208480835,
        "y": 0.3568655252456665,
        "z": -0.3193083703517914
    },
    "landmark_20": {
        "x": 0.41572731733322144,
        "y": 0.23361721634864807,
        "z": -0.19677934050559998
    },
    "landmark_21": {
        "x": 0.47164011001586914,
        "y": 0.35784226655960083,
        "z": -0.2973264753818512
    },
    "landmark_22": {
        "x": 0.4181225895881653,
        "y": 0.24014878273010254,
        "z": -0.17821837961673737
    },
    "landmark_23": {
        "x": 0.5107585191726685,
        "y": 0.5765582919120789,
        "z": -0.00693178828805685
    },
    "landmark_24": {
        "x": 0.46770936250686646,
        "y": 0.5752473473548889,
        "z": 0.006823794450610876
    },
    "landmark_25": {
        "x": 0.5475721955299377,
        "y": 0.6963199377059937,
        "z": -0.1188170462846756
    },
    "landmark_26": {
        "x": 0.44494718313217163,
        "y": 0.6987581253051758,
        "z": -0.059822630137205124
    },
    "landmark_27": {
        "x": 0.5194231271743774,
        "y": 0.8071300983428955,
        "z": 0.09862580895423889
    },
    "landmark_28": {
        "x": 0.45955759286880493,
        "y": 0.789509654045105,
        "z": 0.18608270585536957
    },
    "landmark_29": {
        "x": 0.5061649084091187,
        "y": 0.8223263025283813,
        "z": 0.11695386469364166
    },
    "landmark_30": {
        "x": 0.4704630970954895,
        "y": 0.8016105890274048,
        "z": 0.2069537341594696
    },
    "landmark_31": {
        "x": 0.5356837511062622,
        "y": 0.8645309209823608,
        "z": 0.0359928123652935
    },
    "landmark_32": {
        "x": 0.44429150223731995,
        "y": 0.8468947410583496,
        "z": 0.13916924595832825
    }
}