{
    "landmark_0": {
        "x": 0.500769853591919,
        "y": 0.3684912323951721,
        "z": -0.15647992491722107
    },
    "landmark_1": {
        "x": 0.5054486989974976,
        "y": 0.35793477296829224,
        "z": -0.1379919797182083
    },
    "landmark_2": {
        "x": 0.5075975656509399,
        "y": 0.3587009012699127,
        "z": -0.13800764083862305
    },
    "landmark_3": {
        "x": 0.5096328854560852,
        "y": 0.35928699374198914,
        "z": -0.13803891837596893
    },
    "landmark_4": {
        "x": 0.4991350769996643,
        "y": 0.3538636863231659,
        "z": -0.1442110687494278
    },
    "landmark_5": {
        "x": 0.49694594740867615,
        "y": 0.3521789610385895,
        "z": -0.14417651295661926
    },
    "landmark_6": {
        "x": 0.4948132634162903,
        "y": 0.3505989909172058,
        "z": -0.14418235421180725
    },
    "landmark_7": {
        "x": 0.5099329948425293,
        "y": 0.3638002574443817,
        "z": -0.041853152215480804
    },
    "landmark_8": {
        "x": 0.4885673522949219,
        "y": 0.3552113175392151,
        "z": -0.07034622132778168
    },
    "landmark_9": {
        "x": 0.5040355324745178,
        "y": 0.3804299533367157,
        "z": -0.12089915573596954
    },
    "landmark_10": {
        "x": 0.4941614270210266,
        "y": 0.3783726692199707,
        "z": -0.12957412004470825
    },
    "landmark_11": {
        "x": 0.5217307806015015,
        "y": 0.42436859011650085,
        "z": -0.007334722671657801
    },
    "landmark_12": {
        "x": 0.461459219455719,
        "y": 0.4180602729320526,
        "z": -0.07664181292057037
    },
    "landmark_13": {
        "x": 0.544404149055481,
        "y": 0.4040282666683197,
        "z": -0.12741127610206604
    },
    "landmark_14": {
        "x": 0.47444549202919006,
        "y": 0.4091799557209015,
        "z": -0.2214113175868988
    },
    "landmark_15": {
        "x": 0.5387890338897705,
        "y": 0.3426496982574463,
        "z": -0.2503659129142761
    },
    "landmark_16": {
        "x": 0.5020931959152222,
        "y": 0.3605508506298065,
        "z": -0.31567174196243286
    },
    "landmark_17": {
        "x": 0.5397772192955017,
        "y": 0.31705349683761597,
        "z": -0.27817121148109436
    },
    "landmark_18": {
        "x": 0.5065451264381409,
        "y": 0.34761688113212585,
        "z": -0.34887194633483887
    },
    "landmark_19": {
        "x": 0.5345503687858582,
        "y": 0.31693586707115173,
        "z": -0.27011629939079285
    },
    "landmark_20": {
        "x": 0.50809246301651,
        "y": 0.3502410650253296,
        "z": -0.33683866262435913
    },
    "landmark_21": {
        "x": 0.5331400632858276,
        "y": 0.32809552550315857,
        "z": -0.25187477469444275
    },
    "landmark_22": {
        "x": 0.507741391658783,
        "y": 0.35720294713974,
        "z": -0.3154272139072418
    },
    "landmark_23": {
        "x": 0.5169511437416077,
        "y": 0.6071462631225586,
        "z": 0.012975474819540977
    },
    "landmark_24": {
        "x": 0.47584104537963867,
        "y": 0.6107462048530579,
        "z": -0.012995468452572823
    },
    "landmark_25": {
        "x": 0.5565969347953796,
        "y": 0.7176215052604675,
        "z": -0.06061340495944023
    },
    "landmark_26": {
        "x": 0.4507092535495758,
        "y": 0.7421526312828064,
        "z": -0.05649923160672188
    },
    "landmark_27": {
        "x": 0.551336407661438,
        "y": 0.8350092768669128,
        "z": 0.08443935215473175
    },
    "landmark_28": {
        "x": 0.4700430929660797,
        "y": 0.8179073929786682,
        "z": 0.15516197681427002
    },
    "landmark_29": {
        "x": 0.5433910489082336,
        "y": 0.856205403804779,
        "z": 0.09496781975030899
    },
    "landmark_30": {
        "x": 0.48046034574508667,
        "y": 0.8258978724479675,
        "z": 0.17209845781326294
    },
    "landmark_31": {
        "x": 0.5752809643745422,
        "y": 0.8799057602882385,
        "z": 0.010084669105708599
    },
    "landmark_32": {
        "x": 0.4599742889404297,
        "y": 0.8739710450172424,
        "z": 0.10240836441516876
    }
}