{
    "landmark_0": {
        "x": 0.4831896424293518,
        "y": 0.4464980363845825,
        "z": -0.20877404510974884
    },
    "landmark_1": {
        "x": 0.4849030077457428,
        "y": 0.43276453018188477,
        "z": -0.2031000554561615
    },
    "landmark_2": {
        "x": 0.486815869808197,
        "y": 0.4311855435371399,
        "z": -0.20316669344902039
    },
    "landmark_3": {
        "x": 0.4888840317726135,
        "y": 0.4296571612358093,
        "z": -0.20325307548046112
    },
    "landmark_4": {
        "x": 0.479705810546875,
        "y": 0.43345242738723755,
        "z": -0.19675296545028687
    },
    "landmark_5": {
        "x": 0.47798338532447815,
        "y": 0.4323461651802063,
        "z": -0.19675113260746002
    },
    "landmark_6": {
        "x": 0.4762594699859619,
        "y": 0.43130242824554443,
        "z": -0.19673162698745728
    },
    "landmark_7": {
        "x": 0.491810142993927,
        "y": 0.42570868134498596,
        "z": -0.13308633863925934
    },
    "landmark_8": {
        "x": 0.47302430868148804,
        "y": 0.42915722727775574,
        "z": -0.10073647648096085
    },
    "landmark_9": {
        "x": 0.4874849319458008,
        "y": 0.4530349373817444,
        "z": -0.17953024804592133
    },
    "landmark_10": {
        "x": 0.48052865266799927,
        "y": 0.45450088381767273,
        "z": -0.1704290360212326
    },
    "landmark_11": {
        "x": 0.5161796808242798,
        "y": 0.4651432931423187,
        "z": -0.11360476911067963
    },
    "landmark_12": {
        "x": 0.4600745141506195,
        "y": 0.4764990210533142,
        "z": -0.04457966238260269
    },
    "landmark_13": {
        "x": 0.5259373188018799,
        "y": 0.4960309863090515,
        "z": -0.28499460220336914
    },
    "landmark_14": {
        "x": 0.44280821084976196,
        "y": 0.48824962973594666,
        "z": -0.1593845784664154
    },
    "landmark_15": {
        "x": 0.5005694031715393,
        "y": 0.5097967982292175,
        "z": -0.4739135801792145
    },
    "landmark_16": {
        "x": 0.4321984350681305,
        "y": 0.43645018339157104,
        "z": -0.33855411410331726
    },
    "landmark_17": {
        "x": 0.49578800797462463,
        "y": 0.5168262720108032,
        "z": -0.5173682570457458
    },
    "landmark_18": {
        "x": 0.42197123169898987,
        "y": 0.4208768308162689,
        "z": -0.37376314401626587
    },
    "landmark_19": {
        "x": 0.48930636048316956,
        "y": 0.5082858800888062,
        "z": -0.5136680603027344
    },
    "landmark_20": {
        "x": 0.42591172456741333,
        "y": 0.4156953692436218,
        "z": -0.37639203667640686
    },
    "landmark_21": {
        "x": 0.49019497632980347,
        "y": 0.5078465938568115,
        "z": -0.47723692655563354
    },
    "landmark_22": {
        "x": 0.42830199003219604,
        "y": 0.42031627893447876,
        "z": -0.3462696671485901
    },
    "landmark_23": {
        "x": 0.5148147940635681,
        "y": 0.6476861834526062,
        "z": -0.015778275206685066
    },
    "landmark_24": {
        "x": 0.4744333326816559,
        "y": 0.654823899269104,
        "z": 0.015757113695144653
    },
    "landmark_25": {
        "x": 0.5693380236625671,
        "y": 0.7441974878311157,
        "z": -0.08317576348781586
    },
    "landmark_26": {
        "x": 0.4569491744041443,
        "y": 0.7775433659553528,
        "z": 0.03013530746102333
    },
    "landmark_27": {
        "x": 0.6050123572349548,
        "y": 0.8529209494590759,
        "z": -0.03087744489312172
    },
    "landmark_28": {
        "x": 0.47333917021751404,
        "y": 0.8535561561584473,
        "z": 0.19859743118286133
    },
    "landmark_29": {
        "x": 0.6032773852348328,
        "y": 0.8808167576789856,
        "z": -0.03100327029824257
    },
    "landmark_30": {
        "x": 0.4837097227573395,
        "y": 0.8715172410011292,
        "z": 0.21086637675762177
    },
    "landmark_31": {
        "x": 0.6364074945449829,
        "y": 0.8616867661476135,
        "z": -0.13037420809268951
    },
    "landmark_32": {
        "x": 0.4537627100944519,
        "y": 0.8943320512771606,
        "z": 0.14335821568965912
    }
}