{
    "landmark_0": {
        "x": 0.4893065392971039,
        "y": 0.3277721107006073,
        "z": -0.15484954416751862
    },
    "landmark_1": {
        "x": 0.49359330534935,
        "y": 0.31349053978919983,
        "z": -0.13722404837608337
    },
    "landmark_2": {
        "x": 0.49635642766952515,
        "y": 0.3133523166179657,
        "z": -0.1372642070055008
    },
    "landmark_3": {
        "x": 0.4991109371185303,
        "y": 0.31344157457351685,
        "z": -0.13728371262550354
    },
    "landmark_4": {
        "x": 0.48672062158584595,
        "y": 0.3133935034275055,
        "z": -0.13335785269737244
    },
    "landmark_5": {
        "x": 0.48469868302345276,
        "y": 0.31321704387664795,
        "z": -0.1333671510219574
    },
    "landmark_6": {
        "x": 0.48263707756996155,
        "y": 0.31318309903144836,
        "z": -0.1333438605070114
    },
    "landmark_7": {
        "x": 0.5028883218765259,
        "y": 0.3219868540763855,
        "z": -0.05434101074934006
    },
    "landmark_8": {
        "x": 0.47830313444137573,
        "y": 0.3218424916267395,
        "z": -0.03535577654838562
    },
    "landmark_9": {
        "x": 0.4949635863304138,
        "y": 0.3415052890777588,
        "z": -0.1260431855916977
    },
    "landmark_10": {
        "x": 0.48502272367477417,
        "y": 0.3420344293117523,
        "z": -0.120758056640625
    },
    "landmark_11": {
        "x": 0.5214024782180786,
        "y": 0.38842087984085083,
        "z": -0.05793866515159607
    },
    "landmark_12": {
        "x": 0.45841532945632935,
        "y": 0.39032089710235596,
        "z": -0.008797772228717804
    },
    "landmark_13": {
        "x": 0.5235887765884399,
        "y": 0.4044254720211029,
        "z": -0.20328731834888458
    },
    "landmark_14": {
        "x": 0.4249543249607086,
        "y": 0.3856494128704071,
        "z": -0.13354253768920898
    },
    "landmark_15": {
        "x": 0.47615113854408264,
        "y": 0.39722341299057007,
        "z": -0.33307814598083496
    },
    "landmark_16": {
        "x": 0.4189297556877136,
        "y": 0.3042954206466675,
        "z": -0.2695217430591583
    },
    "landmark_17": {
        "x": 0.4628369212150574,
        "y": 0.40426191687583923,
        "z": -0.3678281605243683
    },
    "landmark_18": {
        "x": 0.4134293496608734,
        "y": 0.2810195982456207,
        "z": -0.3040887415409088
    },
    "landmark_19": {
        "x": 0.4591883718967438,
        "y": 0.4013940691947937,
        "z": -0.3583909571170807
    },
    "landmark_20": {
        "x": 0.4172007441520691,
        "y": 0.27819889783859253,
        "z": -0.29273805022239685
    },
    "landmark_21": {
        "x": 0.46543383598327637,
        "y": 0.39970719814300537,
        "z": -0.3323777914047241
    },
    "landmark_22": {
        "x": 0.42034369707107544,
        "y": 0.2874406576156616,
        "z": -0.27153438329696655
    },
    "landmark_23": {
        "x": 0.5084078907966614,
        "y": 0.588098406791687,
        "z": 0.003036692040041089
    },
    "landmark_24": {
        "x": 0.4664797782897949,
        "y": 0.5942445397377014,
        "z": -0.0031963917426764965
    },
    "landmark_25": {
        "x": 0.5525210499763489,
        "y": 0.6949538588523865,
        "z": -0.10773245990276337
    },
    "landmark_26": {
        "x": 0.4599837362766266,
        "y": 0.7401424646377563,
        "z": -0.03346768021583557
    },
    "landmark_27": {
        "x": 0.555946946144104,
        "y": 0.8156793117523193,
        "z": 0.05040058493614197
    },
    "landmark_28": {
        "x": 0.46979087591171265,
        "y": 0.8184396624565125,
        "z": 0.1611732542514801
    },
    "landmark_29": {
        "x": 0.5507240891456604,
        "y": 0.8433888554573059,
        "z": 0.06221978738903999
    },
    "landmark_30": {
        "x": 0.4778384566307068,
        "y": 0.829099714756012,
        "z": 0.17629612982273102
    },
    "landmark_31": {
        "x": 0.5885884761810303,
        "y": 0.8404873609542847,
        "z": -0.02699797973036766
    },
    "landmark_32": {
        "x": 0.4655688405036926,
        "y": 0.87929368019104,
        "z": 0.09607754647731781
    }
}