{
    "landmark_0": {
        "x": 0.4842148423194885,
        "y": 0.3652002215385437,
        "z": -0.18667671084403992
    },
    "landmark_1": {
        "x": 0.48800739645957947,
        "y": 0.35113006830215454,
        "z": -0.17516273260116577
    },
    "landmark_2": {
        "x": 0.4905399680137634,
        "y": 0.35068047046661377,
        "z": -0.1752091646194458
    },
    "landmark_3": {
        "x": 0.493033230304718,
        "y": 0.3504409193992615,
        "z": -0.17522397637367249
    },
    "landmark_4": {
        "x": 0.48013749718666077,
        "y": 0.35230422019958496,
        "z": -0.1721431463956833
    },
    "landmark_5": {
        "x": 0.4774409830570221,
        "y": 0.3526904284954071,
        "z": -0.17213362455368042
    },
    "landmark_6": {
        "x": 0.4747573733329773,
        "y": 0.35323435068130493,
        "z": -0.17210231721401215
    },
    "landmark_7": {
        "x": 0.4973798394203186,
        "y": 0.35347670316696167,
        "z": -0.09654374420642853
    },
    "landmark_8": {
        "x": 0.47063714265823364,
        "y": 0.35843625664711,
        "z": -0.08066677302122116
    },
    "landmark_9": {
        "x": 0.49033063650131226,
        "y": 0.37584903836250305,
        "z": -0.1563979685306549
    },
    "landmark_10": {
        "x": 0.4790574014186859,
        "y": 0.3795492947101593,
        "z": -0.1520184427499771
    },
    "landmark_11": {
        "x": 0.5201924443244934,
        "y": 0.4089914560317993,
        "z": -0.09959854930639267
    },
    "landmark_12": {
        "x": 0.4552590250968933,
        "y": 0.4223826825618744,
        "z": -0.05170077085494995
    },
    "landmark_13": {
        "x": 0.5203002095222473,
        "y": 0.44851070642471313,
        "z": -0.2998329699039459
    },
    "landmark_14": {
        "x": 0.4347913861274719,
        "y": 0.4485660493373871,
        "z": -0.23394784331321716
    },
    "landmark_15": {
        "x": 0.48014959692955017,
        "y": 0.44753193855285645,
        "z": -0.4766889214515686
    },
    "landmark_16": {
        "x": 0.42277756333351135,
        "y": 0.3887549638748169,
        "z": -0.44284406304359436
    },
    "landmark_17": {
        "x": 0.4704202711582184,
        "y": 0.4572996497154236,
        "z": -0.5200489163398743
    },
    "landmark_18": {
        "x": 0.42302459478378296,
        "y": 0.37412750720977783,
        "z": -0.48427706956863403
    },
    "landmark_19": {
        "x": 0.4653457999229431,
        "y": 0.4517614543437958,
        "z": -0.5086507797241211
    },
    "landmark_20": {
        "x": 0.42520871758461,
        "y": 0.3667316138744354,
        "z": -0.4803083539009094
    },
    "landmark_21": {
        "x": 0.4687485694885254,
        "y": 0.4507533609867096,
        "z": -0.4774349331855774
    },
    "landmark_22": {
        "x": 0.4263100028038025,
        "y": 0.37184953689575195,
        "z": -0.44839414954185486
    },
    "landmark_23": {
        "x": 0.5227710008621216,
        "y": 0.6073517203330994,
        "z": -0.014349810779094696
    },
    "landmark_24": {
        "x": 0.4796191155910492,
        "y": 0.6203314661979675,
        "z": 0.014192682690918446
    },
    "landmark_25": {
        "x": 0.5550978183746338,
        "y": 0.7163352370262146,
        "z": -0.011126060970127583
    },
    "landmark_26": {
        "x": 0.4765334725379944,
        "y": 0.7516868710517883,
        "z": 0.057708002626895905
    },
    "landmark_27": {
        "x": 0.5945760607719421,
        "y": 0.8311638832092285,
        "z": 0.06602628529071808
    },
    "landmark_28": {
        "x": 0.4890900254249573,
        "y": 0.8447935581207275,
        "z": 0.19210799038410187
    },
    "landmark_29": {
        "x": 0.5925479531288147,
        "y": 0.8532024025917053,
        "z": 0.06760603189468384
    },
    "landmark_30": {
        "x": 0.4998241066932678,
        "y": 0.8638915419578552,
        "z": 0.20070651173591614
    },
    "landmark_31": {
        "x": 0.6240099668502808,
        "y": 0.8543669581413269,
        "z": -0.024995259940624237
    },
    "landmark_32": {
        "x": 0.4720929265022278,
        "y": 0.8868534564971924,
        "z": 0.12569713592529297
    }
}