{
    "landmark_0": {
        "x": 0.48089465498924255,
        "y": 0.4542395770549774,
        "z": -0.3164809048175812
    },
    "landmark_1": {
        "x": 0.48219114542007446,
        "y": 0.4370598793029785,
        "z": -0.31306159496307373
    },
    "landmark_2": {
        "x": 0.4844033718109131,
        "y": 0.435014009475708,
        "z": -0.31308868527412415
    },
    "landmark_3": {
        "x": 0.48684707283973694,
        "y": 0.43322092294692993,
        "z": -0.3131740391254425
    },
    "landmark_4": {
        "x": 0.47628578543663025,
        "y": 0.43890759348869324,
        "z": -0.30731847882270813
    },
    "landmark_5": {
        "x": 0.47439345717430115,
        "y": 0.43807679414749146,
        "z": -0.3073698580265045
    },
    "landmark_6": {
        "x": 0.4725271761417389,
        "y": 0.43749183416366577,
        "z": -0.3073686361312866
    },
    "landmark_7": {
        "x": 0.4909802973270416,
        "y": 0.4297977387905121,
        "z": -0.23758776485919952
    },
    "landmark_8": {
        "x": 0.47012123465538025,
        "y": 0.43618011474609375,
        "z": -0.20902612805366516
    },
    "landmark_9": {
        "x": 0.48650020360946655,
        "y": 0.46116358041763306,
        "z": -0.2837577164173126
    },
    "landmark_10": {
        "x": 0.4789204001426697,
        "y": 0.4636968970298767,
        "z": -0.27585458755493164
    },
    "landmark_11": {
        "x": 0.5172072649002075,
        "y": 0.4737358093261719,
        "z": -0.19331376254558563
    },
    "landmark_12": {
        "x": 0.4574836790561676,
        "y": 0.4863819479942322,
        "z": -0.13103924691677094
    },
    "landmark_13": {
        "x": 0.5228524208068848,
        "y": 0.5316712856292725,
        "z": -0.32389387488365173
    },
    "landmark_14": {
        "x": 0.4461117386817932,
        "y": 0.5114412903785706,
        "z": -0.23235079646110535
    },
    "landmark_15": {
        "x": 0.48685938119888306,
        "y": 0.5413771271705627,
        "z": -0.4684008061885834
    },
    "landmark_16": {
        "x": 0.42720383405685425,
        "y": 0.44759342074394226,
        "z": -0.4017149806022644
    },
    "landmark_17": {
        "x": 0.46865779161453247,
        "y": 0.5425057411193848,
        "z": -0.5042283535003662
    },
    "landmark_18": {
        "x": 0.4237469732761383,
        "y": 0.43263548612594604,
        "z": -0.433021605014801
    },
    "landmark_19": {
        "x": 0.4757567048072815,
        "y": 0.5353795886039734,
        "z": -0.5009103417396545
    },
    "landmark_20": {
        "x": 0.42670899629592896,
        "y": 0.42933768033981323,
        "z": -0.4328504204750061
    },
    "landmark_21": {
        "x": 0.4779776632785797,
        "y": 0.534313976764679,
        "z": -0.4699111878871918
    },
    "landmark_22": {
        "x": 0.43143051862716675,
        "y": 0.43597692251205444,
        "z": -0.4069851040840149
    },
    "landmark_23": {
        "x": 0.5164121985435486,
        "y": 0.6495505571365356,
        "z": -0.014401580207049847
    },
    "landmark_24": {
        "x": 0.4754698872566223,
        "y": 0.6590915322303772,
        "z": 0.014317383989691734
    },
    "landmark_25": {
        "x": 0.5606228709220886,
        "y": 0.7531095743179321,
        "z": -0.08287367224693298
    },
    "landmark_26": {
        "x": 0.4597090780735016,
        "y": 0.7778536677360535,
        "z": 0.04462648555636406
    },
    "landmark_27": {
        "x": 0.607184886932373,
        "y": 0.848876416683197,
        "z": -0.021874256432056427
    },
    "landmark_28": {
        "x": 0.47593459486961365,
        "y": 0.8545117974281311,
        "z": 0.2584321200847626
    },
    "landmark_29": {
        "x": 0.6096511483192444,
        "y": 0.8766142725944519,
        "z": -0.02074509859085083
    },
    "landmark_30": {
        "x": 0.48612555861473083,
        "y": 0.8726822137832642,
        "z": 0.27592259645462036
    },
    "landmark_31": {
        "x": 0.639996349811554,
        "y": 0.8555589318275452,
        "z": -0.1217268705368042
    },
    "landmark_32": {
        "x": 0.4545658528804779,
        "y": 0.8939831852912903,
        "z": 0.2112235277891159
    }
}