{
    "landmark_0": {
        "x": 0.5126307606697083,
        "y": 0.4653434455394745,
        "z": -0.30574551224708557
    },
    "landmark_1": {
        "x": 0.5170303583145142,
        "y": 0.45233944058418274,
        "z": -0.2989751696586609
    },
    "landmark_2": {
        "x": 0.5193515419960022,
        "y": 0.4520910978317261,
        "z": -0.29892784357070923
    },
    "landmark_3": {
        "x": 0.5216259956359863,
        "y": 0.4518360197544098,
        "z": -0.29897913336753845
    },
    "landmark_4": {
        "x": 0.5107345581054688,
        "y": 0.45003658533096313,
        "z": -0.30429238080978394
    },
    "landmark_5": {
        "x": 0.5088297724723816,
        "y": 0.4482387900352478,
        "z": -0.3043445646762848
    },
    "landmark_6": {
        "x": 0.5068463683128357,
        "y": 0.44637763500213623,
        "z": -0.3043806552886963
    },
    "landmark_7": {
        "x": 0.5234047770500183,
        "y": 0.4487992227077484,
        "z": -0.21114954352378845
    },
    "landmark_8": {
        "x": 0.5034669041633606,
        "y": 0.44251856207847595,
        "z": -0.23393186926841736
    },
    "landmark_9": {
        "x": 0.5160410404205322,
        "y": 0.47286608815193176,
        "z": -0.2671339213848114
    },
    "landmark_10": {
        "x": 0.5080131888389587,
        "y": 0.47131088376045227,
        "z": -0.27438488602638245
    },
    "landmark_11": {
        "x": 0.5392997860908508,
        "y": 0.5046828389167786,
        "z": -0.11707834154367447
    },
    "landmark_12": {
        "x": 0.47412022948265076,
        "y": 0.47288596630096436,
        "z": -0.1946735829114914
    },
    "landmark_13": {
        "x": 0.5389695167541504,
        "y": 0.5563061237335205,
        "z": -0.16135044395923615
    },
    "landmark_14": {
        "x": 0.4986528754234314,
        "y": 0.5201969146728516,
        "z": -0.287177175283432
    },
    "landmark_15": {
        "x": 0.5546054840087891,
        "y": 0.5084143280982971,
        "z": -0.23990806937217712
    },
    "landmark_16": {
        "x": 0.5523169636726379,
        "y": 0.4951041638851166,
        "z": -0.3571782112121582
    },
    "landmark_17": {
        "x": 0.5649042129516602,
        "y": 0.4903888404369354,
        "z": -0.2512727677822113
    },
    "landmark_18": {
        "x": 0.5596489310264587,
        "y": 0.4813980162143707,
        "z": -0.37830087542533875
    },
    "landmark_19": {
        "x": 0.5661365389823914,
        "y": 0.47785043716430664,
        "z": -0.2529138922691345
    },
    "landmark_20": {
        "x": 0.562976062297821,
        "y": 0.4722578823566437,
        "z": -0.3641203045845032
    },
    "landmark_21": {
        "x": 0.5603302717208862,
        "y": 0.48679032921791077,
        "z": -0.24151241779327393
    },
    "landmark_22": {
        "x": 0.5553475618362427,
        "y": 0.48269522190093994,
        "z": -0.3520583510398865
    },
    "landmark_23": {
        "x": 0.5110353827476501,
        "y": 0.6543962955474854,
        "z": 0.007964433170855045
    },
    "landmark_24": {
        "x": 0.4680143892765045,
        "y": 0.6462022066116333,
        "z": -0.008034695871174335
    },
    "landmark_25": {
        "x": 0.5234629511833191,
        "y": 0.760080873966217,
        "z": -0.16049905121326447
    },
    "landmark_26": {
        "x": 0.4203343987464905,
        "y": 0.7518784999847412,
        "z": -0.08003938943147659
    },
    "landmark_27": {
        "x": 0.5105625987052917,
        "y": 0.8532257080078125,
        "z": -0.009655495174229145
    },
    "landmark_28": {
        "x": 0.3715250790119171,
        "y": 0.853060245513916,
        "z": -0.02306533418595791
    },
    "landmark_29": {
        "x": 0.5033056139945984,
        "y": 0.8645358681678772,
        "z": 0.00309944455511868
    },
    "landmark_30": {
        "x": 0.3661421835422516,
        "y": 0.8723798394203186,
        "z": -0.022174114361405373
    },
    "landmark_31": {
        "x": 0.5211595892906189,
        "y": 0.9022691249847412,
        "z": -0.07768736034631729
    },
    "landmark_32": {
        "x": 0.34232112765312195,
        "y": 0.8657004237174988,
        "z": -0.11570113897323608
    }
}