{
    "landmark_0": {
        "x": 0.49959596991539,
        "y": 0.45328378677368164,
        "z": -0.2528960704803467
    },
    "landmark_1": {
        "x": 0.5032114386558533,
        "y": 0.44148707389831543,
        "z": -0.24600084125995636
    },
    "landmark_2": {
        "x": 0.5058742165565491,
        "y": 0.4404861032962799,
        "z": -0.24605488777160645
    },
    "landmark_3": {
        "x": 0.5086074471473694,
        "y": 0.4393024146556854,
        "z": -0.24615159630775452
    },
    "landmark_4": {
        "x": 0.49626198410987854,
        "y": 0.440029114484787,
        "z": -0.24263688921928406
    },
    "landmark_5": {
        "x": 0.4941943287849426,
        "y": 0.43841394782066345,
        "z": -0.24267709255218506
    },
    "landmark_6": {
        "x": 0.4921165108680725,
        "y": 0.4369265139102936,
        "z": -0.2426832616329193
    },
    "landmark_7": {
        "x": 0.5120528340339661,
        "y": 0.4324420988559723,
        "z": -0.1681016981601715
    },
    "landmark_8": {
        "x": 0.48903536796569824,
        "y": 0.431736022233963,
        "z": -0.15134674310684204
    },
    "landmark_9": {
        "x": 0.5052247643470764,
        "y": 0.4609687030315399,
        "z": -0.22038725018501282
    },
    "landmark_10": {
        "x": 0.4959886074066162,
        "y": 0.459037184715271,
        "z": -0.21581897139549255
    },
    "landmark_11": {
        "x": 0.5300843119621277,
        "y": 0.4715456962585449,
        "z": -0.13607247173786163
    },
    "landmark_12": {
        "x": 0.46836239099502563,
        "y": 0.4642941653728485,
        "z": -0.10249637067317963
    },
    "landmark_13": {
        "x": 0.5307855606079102,
        "y": 0.511584460735321,
        "z": -0.2810690999031067
    },
    "landmark_14": {
        "x": 0.45026248693466187,
        "y": 0.4640478491783142,
        "z": -0.22731521725654602
    },
    "landmark_15": {
        "x": 0.5089899301528931,
        "y": 0.5191690325737,
        "z": -0.447139173746109
    },
    "landmark_16": {
        "x": 0.4366496205329895,
        "y": 0.4051635265350342,
        "z": -0.3995848000049591
    },
    "landmark_17": {
        "x": 0.5061858892440796,
        "y": 0.525719404220581,
        "z": -0.486022412776947
    },
    "landmark_18": {
        "x": 0.4297005236148834,
        "y": 0.38831520080566406,
        "z": -0.4353507161140442
    },
    "landmark_19": {
        "x": 0.5012258291244507,
        "y": 0.5151644349098206,
        "z": -0.48362064361572266
    },
    "landmark_20": {
        "x": 0.4336932301521301,
        "y": 0.384524405002594,
        "z": -0.4362725615501404
    },
    "landmark_21": {
        "x": 0.5013865232467651,
        "y": 0.5136674642562866,
        "z": -0.4505302309989929
    },
    "landmark_22": {
        "x": 0.43656453490257263,
        "y": 0.39150673151016235,
        "z": -0.4062599241733551
    },
    "landmark_23": {
        "x": 0.5221123695373535,
        "y": 0.6391999125480652,
        "z": 0.0019088888075202703
    },
    "landmark_24": {
        "x": 0.4787987768650055,
        "y": 0.6456124782562256,
        "z": -0.0020218598656356335
    },
    "landmark_25": {
        "x": 0.581987202167511,
        "y": 0.7019292712211609,
        "z": -0.15902771055698395
    },
    "landmark_26": {
        "x": 0.45987850427627563,
        "y": 0.7631197571754456,
        "z": -0.1490863561630249
    },
    "landmark_27": {
        "x": 0.5978188514709473,
        "y": 0.824750542640686,
        "z": -0.0366671048104763
    },
    "landmark_28": {
        "x": 0.47379955649375916,
        "y": 0.8457087278366089,
        "z": 0.018139036372303963
    },
    "landmark_29": {
        "x": 0.5925107002258301,
        "y": 0.8516861200332642,
        "z": -0.02891901507973671
    },
    "landmark_30": {
        "x": 0.4833449721336365,
        "y": 0.8634958863258362,
        "z": 0.03042438067495823
    },
    "landmark_31": {
        "x": 0.6312224864959717,
        "y": 0.8419016599655151,
        "z": -0.11332760006189346
    },
    "landmark_32": {
        "x": 0.4588495194911957,
        "y": 0.894041895866394,
        "z": -0.05111240595579147
    }
}