{
    "landmark_0": {
        "x": 0.4841829240322113,
        "y": 0.3745601773262024,
        "z": -0.17449219524860382
    },
    "landmark_1": {
        "x": 0.48715201020240784,
        "y": 0.3586774170398712,
        "z": -0.16453884541988373
    },
    "landmark_2": {
        "x": 0.4901215136051178,
        "y": 0.35771483182907104,
        "z": -0.16460353136062622
    },
    "landmark_3": {
        "x": 0.4932028651237488,
        "y": 0.35695213079452515,
        "z": -0.16463851928710938
    },
    "landmark_4": {
        "x": 0.4801265597343445,
        "y": 0.3606613278388977,
        "z": -0.1564827263355255
    },
    "landmark_5": {
        "x": 0.47803908586502075,
        "y": 0.36126601696014404,
        "z": -0.156488835811615
    },
    "landmark_6": {
        "x": 0.4760553240776062,
        "y": 0.362125426530838,
        "z": -0.156452476978302
    },
    "landmark_7": {
        "x": 0.4982457756996155,
        "y": 0.3622281849384308,
        "z": -0.10165318101644516
    },
    "landmark_8": {
        "x": 0.47291383147239685,
        "y": 0.36924251914024353,
        "z": -0.06355591118335724
    },
    "landmark_9": {
        "x": 0.490631103515625,
        "y": 0.3879847526550293,
        "z": -0.15216095745563507
    },
    "landmark_10": {
        "x": 0.4810277819633484,
        "y": 0.3905939757823944,
        "z": -0.1412253975868225
    },
    "landmark_11": {
        "x": 0.5191042423248291,
        "y": 0.4305190145969391,
        "z": -0.11580978333950043
    },
    "landmark_12": {
        "x": 0.46055394411087036,
        "y": 0.4385663866996765,
        "z": -0.008396600373089314
    },
    "landmark_13": {
        "x": 0.5321313142776489,
        "y": 0.4325869381427765,
        "z": -0.2958478629589081
    },
    "landmark_14": {
        "x": 0.4312189221382141,
        "y": 0.4334796369075775,
        "z": 0.004590561147779226
    },
    "landmark_15": {
        "x": 0.500243067741394,
        "y": 0.46384096145629883,
        "z": -0.45771902799606323
    },
    "landmark_16": {
        "x": 0.421987384557724,
        "y": 0.3678414225578308,
        "z": 0.00015881912258919328
    },
    "landmark_17": {
        "x": 0.4854361414909363,
        "y": 0.47212520241737366,
        "z": -0.49144965410232544
    },
    "landmark_18": {
        "x": 0.41883033514022827,
        "y": 0.352470725774765,
        "z": -0.008342757821083069
    },
    "landmark_19": {
        "x": 0.47895875573158264,
        "y": 0.46946898102760315,
        "z": -0.48629283905029297
    },
    "landmark_20": {
        "x": 0.42224231362342834,
        "y": 0.34729671478271484,
        "z": -0.0026525489520281553
    },
    "landmark_21": {
        "x": 0.48129862546920776,
        "y": 0.46651947498321533,
        "z": -0.45940762758255005
    },
    "landmark_22": {
        "x": 0.42434459924697876,
        "y": 0.35358157753944397,
        "z": 0.0007560097728855908
    },
    "landmark_23": {
        "x": 0.5141808390617371,
        "y": 0.6395614147186279,
        "z": -0.021755844354629517
    },
    "landmark_24": {
        "x": 0.4709363579750061,
        "y": 0.6474396586418152,
        "z": 0.021601932123303413
    },
    "landmark_25": {
        "x": 0.5551430583000183,
        "y": 0.7491216659545898,
        "z": -0.05009628087282181
    },
    "landmark_26": {
        "x": 0.4679092764854431,
        "y": 0.7812192440032959,
        "z": 0.05842394754290581
    },
    "landmark_27": {
        "x": 0.5939821004867554,
        "y": 0.8526296019554138,
        "z": 0.04669780284166336
    },
    "landmark_28": {
        "x": 0.4802563786506653,
        "y": 0.8557345271110535,
        "z": 0.22796611487865448
    },
    "landmark_29": {
        "x": 0.5938528180122375,
        "y": 0.8813839554786682,
        "z": 0.05250139161944389
    },
    "landmark_30": {
        "x": 0.490427166223526,
        "y": 0.8700780272483826,
        "z": 0.24060985445976257
    },
    "landmark_31": {
        "x": 0.6263726949691772,
        "y": 0.8674877882003784,
        "z": -0.0315592959523201
    },
    "landmark_32": {
        "x": 0.4618775248527527,
        "y": 0.9073264002799988,
        "z": 0.17929716408252716
    }
}