{
    "landmark_0": {
        "x": 0.5089708566665649,
        "y": 0.32293838262557983,
        "z": -0.0525776632130146
    },
    "landmark_1": {
        "x": 0.5130578279495239,
        "y": 0.3157644271850586,
        "z": -0.03010777197778225
    },
    "landmark_2": {
        "x": 0.5146017670631409,
        "y": 0.31728726625442505,
        "z": -0.030074601992964745
    },
    "landmark_3": {
        "x": 0.5161279439926147,
        "y": 0.31873950362205505,
        "z": -0.030118634924292564
    },
    "landmark_4": {
        "x": 0.5072862505912781,
        "y": 0.31021377444267273,
        "z": -0.04445858672261238
    },
    "landmark_5": {
        "x": 0.5050716400146484,
        "y": 0.308035671710968,
        "z": -0.04445801302790642
    },
    "landmark_6": {
        "x": 0.5030431747436523,
        "y": 0.3059511184692383,
        "z": -0.04440861940383911
    },
    "landmark_7": {
        "x": 0.5135861039161682,
        "y": 0.3234848082065582,
        "z": 0.0711509957909584
    },
    "landmark_8": {
        "x": 0.4970075488090515,
        "y": 0.3065818250179291,
        "z": 0.0056942603550851345
    },
    "landmark_9": {
        "x": 0.5085250735282898,
        "y": 0.3350382447242737,
        "z": -0.015517458319664001
    },
    "landmark_10": {
        "x": 0.5005172491073608,
        "y": 0.3294200599193573,
        "z": -0.03466518968343735
    },
    "landmark_11": {
        "x": 0.5182688236236572,
        "y": 0.3910335898399353,
        "z": 0.10932908207178116
    },
    "landmark_12": {
        "x": 0.4628843367099762,
        "y": 0.36388248205184937,
        "z": 0.011067437008023262
    },
    "landmark_13": {
        "x": 0.5481137633323669,
        "y": 0.3509588837623596,
        "z": 0.12627190351486206
    },
    "landmark_14": {
        "x": 0.4877575933933258,
        "y": 0.33312496542930603,
        "z": 0.010578627698123455
    },
    "landmark_15": {
        "x": 0.5508968830108643,
        "y": 0.26429420709609985,
        "z": 0.12895938754081726
    },
    "landmark_16": {
        "x": 0.5306835770606995,
        "y": 0.3132861852645874,
        "z": 0.11088483035564423
    },
    "landmark_17": {
        "x": 0.5544654130935669,
        "y": 0.2518160939216614,
        "z": 0.11746946722269058
    },
    "landmark_18": {
        "x": 0.5411964058876038,
        "y": 0.3105010390281677,
        "z": 0.10043325275182724
    },
    "landmark_19": {
        "x": 0.5534084439277649,
        "y": 0.25083494186401367,
        "z": 0.1105113998055458
    },
    "landmark_20": {
        "x": 0.53957599401474,
        "y": 0.3167625665664673,
        "z": 0.10916759818792343
    },
    "landmark_21": {
        "x": 0.5516374707221985,
        "y": 0.2548811733722687,
        "z": 0.12244071066379547
    },
    "landmark_22": {
        "x": 0.5357373952865601,
        "y": 0.31885620951652527,
        "z": 0.11423344910144806
    },
    "landmark_23": {
        "x": 0.5104525089263916,
        "y": 0.5826432704925537,
        "z": 0.006703727878630161
    },
    "landmark_24": {
        "x": 0.4679863452911377,
        "y": 0.5842114686965942,
        "z": -0.006534890737384558
    },
    "landmark_25": {
        "x": 0.5354684591293335,
        "y": 0.7212647199630737,
        "z": -0.07758176326751709
    },
    "landmark_26": {
        "x": 0.4265182614326477,
        "y": 0.7079817056655884,
        "z": -0.12463955581188202
    },
    "landmark_27": {
        "x": 0.5276945233345032,
        "y": 0.8261409997940063,
        "z": 0.13169808685779572
    },
    "landmark_28": {
        "x": 0.44024935364723206,
        "y": 0.8286921381950378,
        "z": 0.08575639873743057
    },
    "landmark_29": {
        "x": 0.5230003595352173,
        "y": 0.8370856642723083,
        "z": 0.14812619984149933
    },
    "landmark_30": {
        "x": 0.4515562653541565,
        "y": 0.8498173952102661,
        "z": 0.10179784148931503
    },
    "landmark_31": {
        "x": 0.5300466418266296,
        "y": 0.8859903812408447,
        "z": 0.06055174022912979
    },
    "landmark_32": {
        "x": 0.4169558584690094,
        "y": 0.8793872594833374,
        "z": 0.014977136626839638
    }
}