{
    "landmark_0": {
        "x": 0.49708232283592224,
        "y": 0.3337201178073883,
        "z": -0.17319659888744354
    },
    "landmark_1": {
        "x": 0.502579927444458,
        "y": 0.3253140151500702,
        "z": -0.15613676607608795
    },
    "landmark_2": {
        "x": 0.5052658915519714,
        "y": 0.3266594707965851,
        "z": -0.1561148315668106
    },
    "landmark_3": {
        "x": 0.507942259311676,
        "y": 0.32788750529289246,
        "z": -0.156117245554924
    },
    "landmark_4": {
        "x": 0.49626487493515015,
        "y": 0.32148638367652893,
        "z": -0.1580529808998108
    },
    "landmark_5": {
        "x": 0.4944472312927246,
        "y": 0.3204911947250366,
        "z": -0.15805767476558685
    },
    "landmark_6": {
        "x": 0.49265044927597046,
        "y": 0.31956374645233154,
        "z": -0.15810281038284302
    },
    "landmark_7": {
        "x": 0.5109665393829346,
        "y": 0.33274126052856445,
        "z": -0.059001374989748
    },
    "landmark_8": {
        "x": 0.49038925766944885,
        "y": 0.3243410885334015,
        "z": -0.06697462499141693
    },
    "landmark_9": {
        "x": 0.5012213587760925,
        "y": 0.3461489975452423,
        "z": -0.13616596162319183
    },
    "landmark_10": {
        "x": 0.4925125241279602,
        "y": 0.3421110212802887,
        "z": -0.13881981372833252
    },
    "landmark_11": {
        "x": 0.5252258777618408,
        "y": 0.40131449699401855,
        "z": -0.0348937027156353
    },
    "landmark_12": {
        "x": 0.46481651067733765,
        "y": 0.38116782903671265,
        "z": -0.054494552314281464
    },
    "landmark_13": {
        "x": 0.5531759858131409,
        "y": 0.38645461201667786,
        "z": -0.19522850215435028
    },
    "landmark_14": {
        "x": 0.44883304834365845,
        "y": 0.37569788098335266,
        "z": -0.22984576225280762
    },
    "landmark_15": {
        "x": 0.5470104813575745,
        "y": 0.31958359479904175,
        "z": -0.33971676230430603
    },
    "landmark_16": {
        "x": 0.4957447648048401,
        "y": 0.3753862679004669,
        "z": -0.3734012246131897
    },
    "landmark_17": {
        "x": 0.5495862364768982,
        "y": 0.31084978580474854,
        "z": -0.37376803159713745
    },
    "landmark_18": {
        "x": 0.5086879134178162,
        "y": 0.37305137515068054,
        "z": -0.4071205258369446
    },
    "landmark_19": {
        "x": 0.5468178391456604,
        "y": 0.30904245376586914,
        "z": -0.3631303012371063
    },
    "landmark_20": {
        "x": 0.5153059959411621,
        "y": 0.37217605113983154,
        "z": -0.3918607234954834
    },
    "landmark_21": {
        "x": 0.5453193783760071,
        "y": 0.311959445476532,
        "z": -0.3412496745586395
    },
    "landmark_22": {
        "x": 0.510377049446106,
        "y": 0.3753608167171478,
        "z": -0.3713527321815491
    },
    "landmark_23": {
        "x": 0.5118690133094788,
        "y": 0.5979792475700378,
        "z": -0.014773929491639137
    },
    "landmark_24": {
        "x": 0.47028836607933044,
        "y": 0.5932018756866455,
        "z": 0.014768911525607109
    },
    "landmark_25": {
        "x": 0.5195910930633545,
        "y": 0.7454320192337036,
        "z": -0.025182699784636497
    },
    "landmark_26": {
        "x": 0.41562390327453613,
        "y": 0.6969782710075378,
        "z": -0.05563109368085861
    },
    "landmark_27": {
        "x": 0.5108827352523804,
        "y": 0.8367719054222107,
        "z": 0.15118929743766785
    },
    "landmark_28": {
        "x": 0.4055992662906647,
        "y": 0.8233336806297302,
        "z": 0.08697417378425598
    },
    "landmark_29": {
        "x": 0.505439043045044,
        "y": 0.8458912968635559,
        "z": 0.16228747367858887
    },
    "landmark_30": {
        "x": 0.4115690588951111,
        "y": 0.8501101136207581,
        "z": 0.09565384685993195
    },
    "landmark_31": {
        "x": 0.5090768337249756,
        "y": 0.8935021162033081,
        "z": 0.06709767878055573
    },
    "landmark_32": {
        "x": 0.36836639046669006,
        "y": 0.8373187780380249,
        "z": 0.008024671114981174
    }
}