{
    "landmark_0": {
        "x": 0.5096911787986755,
        "y": 0.4607248604297638,
        "z": -0.2743748128414154
    },
    "landmark_1": {
        "x": 0.5102865099906921,
        "y": 0.4461369812488556,
        "z": -0.26339781284332275
    },
    "landmark_2": {
        "x": 0.5117371678352356,
        "y": 0.4452321231365204,
        "z": -0.2634243667125702
    },
    "landmark_3": {
        "x": 0.5132944583892822,
        "y": 0.4444243907928467,
        "z": -0.26349174976348877
    },
    "landmark_4": {
        "x": 0.5055679678916931,
        "y": 0.4448752999305725,
        "z": -0.27443206310272217
    },
    "landmark_5": {
        "x": 0.5038192272186279,
        "y": 0.44313016533851624,
        "z": -0.2744375467300415
    },
    "landmark_6": {
        "x": 0.5019335150718689,
        "y": 0.44154947996139526,
        "z": -0.2744574248790741
    },
    "landmark_7": {
        "x": 0.5117690563201904,
        "y": 0.43915003538131714,
        "z": -0.1729147732257843
    },
    "landmark_8": {
        "x": 0.49689358472824097,
        "y": 0.4380868673324585,
        "z": -0.22152116894721985
    },
    "landmark_9": {
        "x": 0.5120455622673035,
        "y": 0.46631574630737305,
        "z": -0.23623749613761902
    },
    "landmark_10": {
        "x": 0.5058308243751526,
        "y": 0.4661807119846344,
        "z": -0.2506938874721527
    },
    "landmark_11": {
        "x": 0.5245683193206787,
        "y": 0.4842037558555603,
        "z": -0.10155705362558365
    },
    "landmark_12": {
        "x": 0.47221437096595764,
        "y": 0.4855034649372101,
        "z": -0.2079887092113495
    },
    "landmark_13": {
        "x": 0.5437512397766113,
        "y": 0.5132046937942505,
        "z": -0.21750304102897644
    },
    "landmark_14": {
        "x": 0.5057353973388672,
        "y": 0.514136552810669,
        "z": -0.3240147829055786
    },
    "landmark_15": {
        "x": 0.5581100583076477,
        "y": 0.4541061520576477,
        "z": -0.37010863423347473
    },
    "landmark_16": {
        "x": 0.5500512719154358,
        "y": 0.46584463119506836,
        "z": -0.3828276991844177
    },
    "landmark_17": {
        "x": 0.566201388835907,
        "y": 0.44195419549942017,
        "z": -0.39857161045074463
    },
    "landmark_18": {
        "x": 0.562586784362793,
        "y": 0.4468279182910919,
        "z": -0.41205430030822754
    },
    "landmark_19": {
        "x": 0.5641731023788452,
        "y": 0.43515583872795105,
        "z": -0.39946630597114563
    },
    "landmark_20": {
        "x": 0.561692476272583,
        "y": 0.44061824679374695,
        "z": -0.3954673409461975
    },
    "landmark_21": {
        "x": 0.560450553894043,
        "y": 0.44130247831344604,
        "z": -0.3758296072483063
    },
    "landmark_22": {
        "x": 0.5570181608200073,
        "y": 0.4494817852973938,
        "z": -0.3777589499950409
    },
    "landmark_23": {
        "x": 0.5137407779693604,
        "y": 0.6583200693130493,
        "z": 0.017503492534160614
    },
    "landmark_24": {
        "x": 0.4740506112575531,
        "y": 0.6514889597892761,
        "z": -0.017548805102705956
    },
    "landmark_25": {
        "x": 0.5246448516845703,
        "y": 0.7704123854637146,
        "z": -0.061965860426425934
    },
    "landmark_26": {
        "x": 0.4207974076271057,
        "y": 0.7543243169784546,
        "z": -0.10633529722690582
    },
    "landmark_27": {
        "x": 0.5127421617507935,
        "y": 0.8571269512176514,
        "z": 0.11510410159826279
    },
    "landmark_28": {
        "x": 0.36947402358055115,
        "y": 0.8507903814315796,
        "z": -0.06046782806515694
    },
    "landmark_29": {
        "x": 0.5053427219390869,
        "y": 0.8729515671730042,
        "z": 0.13027456402778625
    },
    "landmark_30": {
        "x": 0.36565959453582764,
        "y": 0.8757687211036682,
        "z": -0.059897325932979584
    },
    "landmark_31": {
        "x": 0.5301434397697449,
        "y": 0.9010729193687439,
        "z": 0.06371024250984192
    },
    "landmark_32": {
        "x": 0.3408227562904358,
        "y": 0.8590030074119568,
        "z": -0.15167345106601715
    }
}