{
    "landmark_0": {
        "x": 0.474665105342865,
        "y": 0.4373393952846527,
        "z": -0.19731378555297852
    },
    "landmark_1": {
        "x": 0.4760545790195465,
        "y": 0.42249220609664917,
        "z": -0.195608451962471
    },
    "landmark_2": {
        "x": 0.4783046841621399,
        "y": 0.4211171865463257,
        "z": -0.19567517936229706
    },
    "landmark_3": {
        "x": 0.4807415008544922,
        "y": 0.4199940264225006,
        "z": -0.19574102759361267
    },
    "landmark_4": {
        "x": 0.47047433257102966,
        "y": 0.42476069927215576,
        "z": -0.1834697425365448
    },
    "landmark_5": {
        "x": 0.46873530745506287,
        "y": 0.4249095618724823,
        "z": -0.1834612339735031
    },
    "landmark_6": {
        "x": 0.4668765068054199,
        "y": 0.42545950412750244,
        "z": -0.1834399700164795
    },
    "landmark_7": {
        "x": 0.48571911454200745,
        "y": 0.4192383587360382,
        "z": -0.1484948992729187
    },
    "landmark_8": {
        "x": 0.4653201997280121,
        "y": 0.4277668297290802,
        "z": -0.09068973362445831
    },
    "landmark_9": {
        "x": 0.4799317717552185,
        "y": 0.443650484085083,
        "z": -0.17716267704963684
    },
    "landmark_10": {
        "x": 0.47370606660842896,
        "y": 0.44711846113204956,
        "z": -0.16057716310024261
    },
    "landmark_11": {
        "x": 0.5143337845802307,
        "y": 0.4610973298549652,
        "z": -0.15064537525177002
    },
    "landmark_12": {
        "x": 0.4551604688167572,
        "y": 0.4789447784423828,
        "z": -0.025761431083083153
    },
    "landmark_13": {
        "x": 0.5227453112602234,
        "y": 0.48941564559936523,
        "z": -0.3149494230747223
    },
    "landmark_14": {
        "x": 0.43385404348373413,
        "y": 0.48963549733161926,
        "z": -0.12493591010570526
    },
    "landmark_15": {
        "x": 0.4881867468357086,
        "y": 0.5082593560218811,
        "z": -0.45519477128982544
    },
    "landmark_16": {
        "x": 0.4244158864021301,
        "y": 0.43843206763267517,
        "z": -0.2945677936077118
    },
    "landmark_17": {
        "x": 0.4792519509792328,
        "y": 0.5120616555213928,
        "z": -0.4929036498069763
    },
    "landmark_18": {
        "x": 0.4188784956932068,
        "y": 0.42107659578323364,
        "z": -0.3230541944503784
    },
    "landmark_19": {
        "x": 0.4733477234840393,
        "y": 0.5042834877967834,
        "z": -0.48275718092918396
    },
    "landmark_20": {
        "x": 0.4214172959327698,
        "y": 0.41675323247909546,
        "z": -0.3222070336341858
    },
    "landmark_21": {
        "x": 0.4763331413269043,
        "y": 0.5037320852279663,
        "z": -0.4541547894477844
    },
    "landmark_22": {
        "x": 0.4255738854408264,
        "y": 0.42372915148735046,
        "z": -0.3003607392311096
    },
    "landmark_23": {
        "x": 0.5172542333602905,
        "y": 0.6399481296539307,
        "z": -0.032118748873472214
    },
    "landmark_24": {
        "x": 0.4781769812107086,
        "y": 0.6493901610374451,
        "z": 0.031993016600608826
    },
    "landmark_25": {
        "x": 0.5587354898452759,
        "y": 0.7438160181045532,
        "z": -0.07065527886152267
    },
    "landmark_26": {
        "x": 0.4700809419155121,
        "y": 0.7601990699768066,
        "z": 0.11150598526000977
    },
    "landmark_27": {
        "x": 0.6038079261779785,
        "y": 0.840668261051178,
        "z": -0.021084917709231377
    },
    "landmark_28": {
        "x": 0.4842333197593689,
        "y": 0.8351131081581116,
        "z": 0.30258268117904663
    },
    "landmark_29": {
        "x": 0.6047825217247009,
        "y": 0.8670106530189514,
        "z": -0.020490283146500587
    },
    "landmark_30": {
        "x": 0.4941146969795227,
        "y": 0.8524284958839417,
        "z": 0.3183451294898987
    },
    "landmark_31": {
        "x": 0.6318150162696838,
        "y": 0.8480244874954224,
        "z": -0.11091949790716171
    },
    "landmark_32": {
        "x": 0.4647241234779358,
        "y": 0.8750903010368347,
        "z": 0.27109578251838684
    }
}