{
    "landmark_0": {
        "x": 0.4996025562286377,
        "y": 0.4178042411804199,
        "z": -0.12809918820858002
    },
    "landmark_1": {
        "x": 0.5015281438827515,
        "y": 0.40518540143966675,
        "z": -0.11402597278356552
    },
    "landmark_2": {
        "x": 0.503864049911499,
        "y": 0.40501683950424194,
        "z": -0.11405309289693832
    },
    "landmark_3": {
        "x": 0.5059300065040588,
        "y": 0.4049636423587799,
        "z": -0.11410178244113922
    },
    "landmark_4": {
        "x": 0.4945875108242035,
        "y": 0.40407103300094604,
        "z": -0.11434128135442734
    },
    "landmark_5": {
        "x": 0.4923565983772278,
        "y": 0.4034969210624695,
        "z": -0.11434833705425262
    },
    "landmark_6": {
        "x": 0.4894319176673889,
        "y": 0.40350258350372314,
        "z": -0.11440835893154144
    },
    "landmark_7": {
        "x": 0.506049394607544,
        "y": 0.40632501244544983,
        "z": -0.03324833884835243
    },
    "landmark_8": {
        "x": 0.4869111180305481,
        "y": 0.40810224413871765,
        "z": -0.03467543050646782
    },
    "landmark_9": {
        "x": 0.5032691955566406,
        "y": 0.4268561601638794,
        "z": -0.09738302230834961
    },
    "landmark_10": {
        "x": 0.49521222710609436,
        "y": 0.425961971282959,
        "z": -0.09803757816553116
    },
    "landmark_11": {
        "x": 0.5243399143218994,
        "y": 0.4562961161136627,
        "z": -0.0032808645628392696
    },
    "landmark_12": {
        "x": 0.46639448404312134,
        "y": 0.45857733488082886,
        "z": -0.008653366938233376
    },
    "landmark_13": {
        "x": 0.5440781116485596,
        "y": 0.5122888088226318,
        "z": -0.10040436685085297
    },
    "landmark_14": {
        "x": 0.4454793334007263,
        "y": 0.48682302236557007,
        "z": -0.11526672542095184
    },
    "landmark_15": {
        "x": 0.5185180306434631,
        "y": 0.4650607109069824,
        "z": -0.2128174751996994
    },
    "landmark_16": {
        "x": 0.4486519694328308,
        "y": 0.43034976720809937,
        "z": -0.2382178008556366
    },
    "landmark_17": {
        "x": 0.5127909779548645,
        "y": 0.45134273171424866,
        "z": -0.23578210175037384
    },
    "landmark_18": {
        "x": 0.4492660164833069,
        "y": 0.410558819770813,
        "z": -0.26591816544532776
    },
    "landmark_19": {
        "x": 0.510447084903717,
        "y": 0.44504639506340027,
        "z": -0.22594216465950012
    },
    "landmark_20": {
        "x": 0.4516410231590271,
        "y": 0.4064162075519562,
        "z": -0.25660863518714905
    },
    "landmark_21": {
        "x": 0.5104972720146179,
        "y": 0.4516754448413849,
        "z": -0.2115708887577057
    },
    "landmark_22": {
        "x": 0.4526863694190979,
        "y": 0.4157024919986725,
        "z": -0.23815655708312988
    },
    "landmark_23": {
        "x": 0.521842360496521,
        "y": 0.628924548625946,
        "z": 0.0014761961065232754
    },
    "landmark_24": {
        "x": 0.4809876084327698,
        "y": 0.6294092535972595,
        "z": -0.0014661806635558605
    },
    "landmark_25": {
        "x": 0.5615768432617188,
        "y": 0.7253832221031189,
        "z": -0.11746780574321747
    },
    "landmark_26": {
        "x": 0.44875961542129517,
        "y": 0.727073609828949,
        "z": -0.148371621966362
    },
    "landmark_27": {
        "x": 0.5354535579681396,
        "y": 0.8328036069869995,
        "z": 0.038217995315790176
    },
    "landmark_28": {
        "x": 0.46003514528274536,
        "y": 0.8000810146331787,
        "z": 0.0461847260594368
    },
    "landmark_29": {
        "x": 0.5246579051017761,
        "y": 0.846030592918396,
        "z": 0.050198592245578766
    },
    "landmark_30": {
        "x": 0.4672752320766449,
        "y": 0.8086444139480591,
        "z": 0.06315302848815918
    },
    "landmark_31": {
        "x": 0.5516129732131958,
        "y": 0.8885550498962402,
        "z": -0.02291165478527546
    },
    "landmark_32": {
        "x": 0.44717520475387573,
        "y": 0.8573339581489563,
        "z": 0.002976945135742426
    }
}