{
    "landmark_0": {
        "x": 0.5128174424171448,
        "y": 0.43637514114379883,
        "z": -0.19333487749099731
    },
    "landmark_1": {
        "x": 0.5167580842971802,
        "y": 0.42324328422546387,
        "z": -0.18282561004161835
    },
    "landmark_2": {
        "x": 0.5191651582717896,
        "y": 0.4243699908256531,
        "z": -0.18285809457302094
    },
    "landmark_3": {
        "x": 0.521190881729126,
        "y": 0.42579787969589233,
        "z": -0.18292294442653656
    },
    "landmark_4": {
        "x": 0.510352373123169,
        "y": 0.4202674329280853,
        "z": -0.18279600143432617
    },
    "landmark_5": {
        "x": 0.5083103179931641,
        "y": 0.41936439275741577,
        "z": -0.18279175460338593
    },
    "landmark_6": {
        "x": 0.5054035186767578,
        "y": 0.4189990162849426,
        "z": -0.1828213483095169
    },
    "landmark_7": {
        "x": 0.5224002003669739,
        "y": 0.43100520968437195,
        "z": -0.09777164459228516
    },
    "landmark_8": {
        "x": 0.50147545337677,
        "y": 0.42309561371803284,
        "z": -0.09658273309469223
    },
    "landmark_9": {
        "x": 0.5161031484603882,
        "y": 0.45055171847343445,
        "z": -0.15829865634441376
    },
    "landmark_10": {
        "x": 0.5074911117553711,
        "y": 0.44818493723869324,
        "z": -0.15836499631404877
    },
    "landmark_11": {
        "x": 0.534847617149353,
        "y": 0.486401230096817,
        "z": -0.04214383661746979
    },
    "landmark_12": {
        "x": 0.4732053875923157,
        "y": 0.4604441821575165,
        "z": -0.05878133699297905
    },
    "landmark_13": {
        "x": 0.5434125661849976,
        "y": 0.5619323253631592,
        "z": -0.1450638324022293
    },
    "landmark_14": {
        "x": 0.482271671295166,
        "y": 0.5292181968688965,
        "z": -0.16466566920280457
    },
    "landmark_15": {
        "x": 0.5505499839782715,
        "y": 0.4914483428001404,
        "z": -0.27850770950317383
    },
    "landmark_16": {
        "x": 0.5183669924736023,
        "y": 0.49320951104164124,
        "z": -0.28078383207321167
    },
    "landmark_17": {
        "x": 0.5573521852493286,
        "y": 0.4752499759197235,
        "z": -0.3024492859840393
    },
    "landmark_18": {
        "x": 0.5271446704864502,
        "y": 0.48343655467033386,
        "z": -0.3029700219631195
    },
    "landmark_19": {
        "x": 0.5590375065803528,
        "y": 0.4657987952232361,
        "z": -0.2988652288913727
    },
    "landmark_20": {
        "x": 0.525705099105835,
        "y": 0.4775641858577728,
        "z": -0.2929145395755768
    },
    "landmark_21": {
        "x": 0.5542872548103333,
        "y": 0.4726168215274811,
        "z": -0.27982640266418457
    },
    "landmark_22": {
        "x": 0.5239068865776062,
        "y": 0.4831943213939667,
        "z": -0.27914994955062866
    },
    "landmark_23": {
        "x": 0.5105354189872742,
        "y": 0.6424264907836914,
        "z": -0.001822441816329956
    },
    "landmark_24": {
        "x": 0.46876320242881775,
        "y": 0.6319893598556519,
        "z": 0.0018603240605443716
    },
    "landmark_25": {
        "x": 0.5233893990516663,
        "y": 0.7587822675704956,
        "z": -0.1504138559103012
    },
    "landmark_26": {
        "x": 0.41406816244125366,
        "y": 0.7277932167053223,
        "z": -0.0807587057352066
    },
    "landmark_27": {
        "x": 0.5102686882019043,
        "y": 0.8465858697891235,
        "z": -0.011079084128141403
    },
    "landmark_28": {
        "x": 0.37086570262908936,
        "y": 0.8335581421852112,
        "z": -0.01131618395447731
    },
    "landmark_29": {
        "x": 0.500461757183075,
        "y": 0.8650425672531128,
        "z": -0.00020690094970632344
    },
    "landmark_30": {
        "x": 0.3687962591648102,
        "y": 0.8639224767684937,
        "z": -0.008554120548069477
    },
    "landmark_31": {
        "x": 0.5221726298332214,
        "y": 0.9001656174659729,
        "z": -0.07099243998527527
    },
    "landmark_32": {
        "x": 0.33600494265556335,
        "y": 0.837705671787262,
        "z": -0.08826218545436859
    }
}