{
    "landmark_0": {
        "x": 0.5028620958328247,
        "y": 0.35746362805366516,
        "z": -0.1136595755815506
    },
    "landmark_1": {
        "x": 0.5063464045524597,
        "y": 0.3448297679424286,
        "z": -0.09497831016778946
    },
    "landmark_2": {
        "x": 0.5084312558174133,
        "y": 0.3451096713542938,
        "z": -0.09497880935668945
    },
    "landmark_3": {
        "x": 0.5105587840080261,
        "y": 0.3455551862716675,
        "z": -0.09502055495977402
    },
    "landmark_4": {
        "x": 0.5005441904067993,
        "y": 0.3426879644393921,
        "z": -0.0988575667142868
    },
    "landmark_5": {
        "x": 0.4985021948814392,
        "y": 0.34178194403648376,
        "z": -0.09885995090007782
    },
    "landmark_6": {
        "x": 0.4967120289802551,
        "y": 0.3412441909313202,
        "z": -0.09891586005687714
    },
    "landmark_7": {
        "x": 0.511017382144928,
        "y": 0.3494897782802582,
        "z": -0.0033574618864804506
    },
    "landmark_8": {
        "x": 0.4913952350616455,
        "y": 0.34499216079711914,
        "z": -0.019501052796840668
    },
    "landmark_9": {
        "x": 0.5063279867172241,
        "y": 0.3683953583240509,
        "z": -0.07968410849571228
    },
    "landmark_10": {
        "x": 0.4987572729587555,
        "y": 0.3653338551521301,
        "z": -0.08472897857427597
    },
    "landmark_11": {
        "x": 0.5269661545753479,
        "y": 0.41064000129699707,
        "z": 0.020675987005233765
    },
    "landmark_12": {
        "x": 0.46659213304519653,
        "y": 0.4005131721496582,
        "z": -0.026353564113378525
    },
    "landmark_13": {
        "x": 0.5489625930786133,
        "y": 0.40732431411743164,
        "z": -0.07108518481254578
    },
    "landmark_14": {
        "x": 0.46647778153419495,
        "y": 0.3796512484550476,
        "z": -0.09775198996067047
    },
    "landmark_15": {
        "x": 0.5278319716453552,
        "y": 0.33914175629615784,
        "z": -0.14348235726356506
    },
    "landmark_16": {
        "x": 0.505012035369873,
        "y": 0.3424975574016571,
        "z": -0.07752002775669098
    },
    "landmark_17": {
        "x": 0.5246297121047974,
        "y": 0.31885412335395813,
        "z": -0.16463696956634521
    },
    "landmark_18": {
        "x": 0.5169866681098938,
        "y": 0.33616116642951965,
        "z": -0.09328726679086685
    },
    "landmark_19": {
        "x": 0.5220566391944885,
        "y": 0.3212769329547882,
        "z": -0.15640442073345184
    },
    "landmark_20": {
        "x": 0.5176979303359985,
        "y": 0.33933618664741516,
        "z": -0.08379898220300674
    },
    "landmark_21": {
        "x": 0.5206234455108643,
        "y": 0.3311280310153961,
        "z": -0.14386239647865295
    },
    "landmark_22": {
        "x": 0.5147875547409058,
        "y": 0.3452751338481903,
        "z": -0.0754518061876297
    },
    "landmark_23": {
        "x": 0.5199711918830872,
        "y": 0.6167362332344055,
        "z": 0.0028079550247639418
    },
    "landmark_24": {
        "x": 0.47551220655441284,
        "y": 0.6181355714797974,
        "z": -0.0027848444879055023
    },
    "landmark_25": {
        "x": 0.5588111877441406,
        "y": 0.7243330478668213,
        "z": -0.09520555287599564
    },
    "landmark_26": {
        "x": 0.43576353788375854,
        "y": 0.7385087609291077,
        "z": -0.1481822431087494
    },
    "landmark_27": {
        "x": 0.5420553088188171,
        "y": 0.82185298204422,
        "z": 0.10782067477703094
    },
    "landmark_28": {
        "x": 0.4611165523529053,
        "y": 0.8260080814361572,
        "z": 0.07959053665399551
    },
    "landmark_29": {
        "x": 0.5309030413627625,
        "y": 0.8368850946426392,
        "z": 0.12427403032779694
    },
    "landmark_30": {
        "x": 0.47476476430892944,
        "y": 0.8380239009857178,
        "z": 0.099410280585289
    },
    "landmark_31": {
        "x": 0.5609219670295715,
        "y": 0.8864083886146545,
        "z": 0.05102936178445816
    },
    "landmark_32": {
        "x": 0.4525965750217438,
        "y": 0.8900483846664429,
        "z": 0.038679543882608414
    }
}