{
    "landmark_0": {
        "x": 0.4918002486228943,
        "y": 0.34099337458610535,
        "z": -0.06838645040988922
    },
    "landmark_1": {
        "x": 0.4943389296531677,
        "y": 0.3318960964679718,
        "z": -0.04590202122926712
    },
    "landmark_2": {
        "x": 0.49633368849754333,
        "y": 0.33242684602737427,
        "z": -0.0458579957485199
    },
    "landmark_3": {
        "x": 0.498396635055542,
        "y": 0.33279949426651,
        "z": -0.045912180095911026
    },
    "landmark_4": {
        "x": 0.48786458373069763,
        "y": 0.3303881287574768,
        "z": -0.05157185718417168
    },
    "landmark_5": {
        "x": 0.4852455258369446,
        "y": 0.3298305869102478,
        "z": -0.05158580094575882
    },
    "landmark_6": {
        "x": 0.482687771320343,
        "y": 0.3290981948375702,
        "z": -0.051585935056209564
    },
    "landmark_7": {
        "x": 0.49917465448379517,
        "y": 0.3404468894004822,
        "z": 0.04823761805891991
    },
    "landmark_8": {
        "x": 0.4765833020210266,
        "y": 0.3340681791305542,
        "z": 0.021854480728507042
    },
    "landmark_9": {
        "x": 0.49542099237442017,
        "y": 0.3535781800746918,
        "z": -0.035114362835884094
    },
    "landmark_10": {
        "x": 0.4863448739051819,
        "y": 0.3523201644420624,
        "z": -0.04303587228059769
    },
    "landmark_11": {
        "x": 0.5122799277305603,
        "y": 0.4080456495285034,
        "z": 0.08356829732656479
    },
    "landmark_12": {
        "x": 0.4549260139465332,
        "y": 0.40267103910446167,
        "z": 0.009300993755459785
    },
    "landmark_13": {
        "x": 0.5356507897377014,
        "y": 0.37216541171073914,
        "z": 0.08549665659666061
    },
    "landmark_14": {
        "x": 0.4388197064399719,
        "y": 0.35919979214668274,
        "z": -0.02933170273900032
    },
    "landmark_15": {
        "x": 0.5203920602798462,
        "y": 0.30510586500167847,
        "z": 0.12677526473999023
    },
    "landmark_16": {
        "x": 0.4628198742866516,
        "y": 0.30264949798583984,
        "z": 0.03826850280165672
    },
    "landmark_17": {
        "x": 0.5171555280685425,
        "y": 0.2798559069633484,
        "z": 0.12045828253030777
    },
    "landmark_18": {
        "x": 0.4685797095298767,
        "y": 0.29036566615104675,
        "z": 0.028735700994729996
    },
    "landmark_19": {
        "x": 0.5151539444923401,
        "y": 0.2822732925415039,
        "z": 0.12630997598171234
    },
    "landmark_20": {
        "x": 0.47365134954452515,
        "y": 0.2929990291595459,
        "z": 0.03434862196445465
    },
    "landmark_21": {
        "x": 0.5144048929214478,
        "y": 0.29093313217163086,
        "z": 0.12675414979457855
    },
    "landmark_22": {
        "x": 0.47297924757003784,
        "y": 0.29910778999328613,
        "z": 0.03917749971151352
    },
    "landmark_23": {
        "x": 0.5088629722595215,
        "y": 0.5936660766601562,
        "z": 0.012479658238589764
    },
    "landmark_24": {
        "x": 0.4652501940727234,
        "y": 0.6019545197486877,
        "z": -0.01239254605025053
    },
    "landmark_25": {
        "x": 0.5479153990745544,
        "y": 0.7035598754882812,
        "z": -0.0940784364938736
    },
    "landmark_26": {
        "x": 0.4431227743625641,
        "y": 0.737869918346405,
        "z": -0.11203398555517197
    },
    "landmark_27": {
        "x": 0.5327360033988953,
        "y": 0.8204697370529175,
        "z": 0.07702673971652985
    },
    "landmark_28": {
        "x": 0.4633691906929016,
        "y": 0.8418318629264832,
        "z": 0.05530816316604614
    },
    "landmark_29": {
        "x": 0.5208598375320435,
        "y": 0.8423980474472046,
        "z": 0.08998652547597885
    },
    "landmark_30": {
        "x": 0.4735655188560486,
        "y": 0.8557482957839966,
        "z": 0.06784413009881973
    },
    "landmark_31": {
        "x": 0.5583933591842651,
        "y": 0.8676053285598755,
        "z": 0.009295898489654064
    },
    "landmark_32": {
        "x": 0.455200731754303,
        "y": 0.900208055973053,
        "z": -0.020002366974949837
    }
}