{
    "landmark_0": {
        "x": 0.5091227889060974,
        "y": 0.46851637959480286,
        "z": -0.2252199351787567
    },
    "landmark_1": {
        "x": 0.5121985673904419,
        "y": 0.45598381757736206,
        "z": -0.21836666762828827
    },
    "landmark_2": {
        "x": 0.5139716863632202,
        "y": 0.4548291862010956,
        "z": -0.21835513412952423
    },
    "landmark_3": {
        "x": 0.5159021019935608,
        "y": 0.4538195729255676,
        "z": -0.21839997172355652
    },
    "landmark_4": {
        "x": 0.5070711970329285,
        "y": 0.45606592297554016,
        "z": -0.2259417474269867
    },
    "landmark_5": {
        "x": 0.5052483081817627,
        "y": 0.454805463552475,
        "z": -0.22596688568592072
    },
    "landmark_6": {
        "x": 0.5034781098365784,
        "y": 0.4535363018512726,
        "z": -0.22601023316383362
    },
    "landmark_7": {
        "x": 0.516535222530365,
        "y": 0.450306236743927,
        "z": -0.14053723216056824
    },
    "landmark_8": {
        "x": 0.4994414448738098,
        "y": 0.44901031255722046,
        "z": -0.1714562028646469
    },
    "landmark_9": {
        "x": 0.5118638277053833,
        "y": 0.47380387783050537,
        "z": -0.1906147450208664
    },
    "landmark_10": {
        "x": 0.5051471590995789,
        "y": 0.47438323497772217,
        "z": -0.19992239773273468
    },
    "landmark_11": {
        "x": 0.5343924164772034,
        "y": 0.49553024768829346,
        "z": -0.06893317401409149
    },
    "landmark_12": {
        "x": 0.47326382994651794,
        "y": 0.48570773005485535,
        "z": -0.16585083305835724
    },
    "landmark_13": {
        "x": 0.5546083450317383,
        "y": 0.539588987827301,
        "z": -0.17231424152851105
    },
    "landmark_14": {
        "x": 0.503120481967926,
        "y": 0.5223052501678467,
        "z": -0.23138432204723358
    },
    "landmark_15": {
        "x": 0.5614590644836426,
        "y": 0.4730924963951111,
        "z": -0.31915202736854553
    },
    "landmark_16": {
        "x": 0.5553866624832153,
        "y": 0.48159486055374146,
        "z": -0.23111172020435333
    },
    "landmark_17": {
        "x": 0.5711767077445984,
        "y": 0.45007938146591187,
        "z": -0.3476678133010864
    },
    "landmark_18": {
        "x": 0.5693030953407288,
        "y": 0.4635816812515259,
        "z": -0.2511020302772522
    },
    "landmark_19": {
        "x": 0.5709521174430847,
        "y": 0.4415266215801239,
        "z": -0.3459009826183319
    },
    "landmark_20": {
        "x": 0.5686206221580505,
        "y": 0.45246216654777527,
        "z": -0.239861398935318
    },
    "landmark_21": {
        "x": 0.5668302178382874,
        "y": 0.4524024426937103,
        "z": -0.32406407594680786
    },
    "landmark_22": {
        "x": 0.5620935559272766,
        "y": 0.46447089314460754,
        "z": -0.22659412026405334
    },
    "landmark_23": {
        "x": 0.5138037800788879,
        "y": 0.6647630929946899,
        "z": 0.010045944713056087
    },
    "landmark_24": {
        "x": 0.4731176495552063,
        "y": 0.6588112711906433,
        "z": -0.009977971203625202
    },
    "landmark_25": {
        "x": 0.520283043384552,
        "y": 0.7704131007194519,
        "z": -0.09118247032165527
    },
    "landmark_26": {
        "x": 0.42351779341697693,
        "y": 0.7594662308692932,
        "z": -0.083552785217762
    },
    "landmark_27": {
        "x": 0.5132184028625488,
        "y": 0.8630787134170532,
        "z": 0.05370955914258957
    },
    "landmark_28": {
        "x": 0.3814062774181366,
        "y": 0.8578557372093201,
        "z": -0.018551206216216087
    },
    "landmark_29": {
        "x": 0.5076271295547485,
        "y": 0.8747837543487549,
        "z": 0.0646769180893898
    },
    "landmark_30": {
        "x": 0.37713202834129333,
        "y": 0.8881741762161255,
        "z": -0.016736824065446854
    },
    "landmark_31": {
        "x": 0.5263766646385193,
        "y": 0.9071927666664124,
        "z": -0.00885891355574131
    },
    "landmark_32": {
        "x": 0.3507917523384094,
        "y": 0.8647333979606628,
        "z": -0.10456116497516632
    }
}