{
    "landmark_0": {
        "x": 0.48502811789512634,
        "y": 0.4371969997882843,
        "z": -0.2691684365272522
    },
    "landmark_1": {
        "x": 0.4889132082462311,
        "y": 0.4199356138706207,
        "z": -0.25849083065986633
    },
    "landmark_2": {
        "x": 0.4913768172264099,
        "y": 0.4188329577445984,
        "z": -0.2584562301635742
    },
    "landmark_3": {
        "x": 0.49391108751296997,
        "y": 0.4175821542739868,
        "z": -0.2585081160068512
    },
    "landmark_4": {
        "x": 0.4827272891998291,
        "y": 0.4198605716228485,
        "z": -0.25689616799354553
    },
    "landmark_5": {
        "x": 0.4807496666908264,
        "y": 0.4188036322593689,
        "z": -0.25698453187942505
    },
    "landmark_6": {
        "x": 0.4787655770778656,
        "y": 0.41775158047676086,
        "z": -0.25702592730522156
    },
    "landmark_7": {
        "x": 0.4977032542228699,
        "y": 0.4138537645339966,
        "z": -0.16685277223587036
    },
    "landmark_8": {
        "x": 0.47667646408081055,
        "y": 0.4150523841381073,
        "z": -0.15802210569381714
    },
    "landmark_9": {
        "x": 0.48991140723228455,
        "y": 0.44711440801620483,
        "z": -0.23181430995464325
    },
    "landmark_10": {
        "x": 0.4815483093261719,
        "y": 0.4453977346420288,
        "z": -0.22962120175361633
    },
    "landmark_11": {
        "x": 0.5198131799697876,
        "y": 0.4623052477836609,
        "z": -0.08607268333435059
    },
    "landmark_12": {
        "x": 0.461299329996109,
        "y": 0.45753908157348633,
        "z": -0.11834046989679337
    },
    "landmark_13": {
        "x": 0.5346456170082092,
        "y": 0.5346603989601135,
        "z": -0.07127349078655243
    },
    "landmark_14": {
        "x": 0.43578481674194336,
        "y": 0.4517520070075989,
        "z": -0.241909459233284
    },
    "landmark_15": {
        "x": 0.5398185849189758,
        "y": 0.5967024564743042,
        "z": -0.11421556770801544
    },
    "landmark_16": {
        "x": 0.43224525451660156,
        "y": 0.3882010877132416,
        "z": -0.40855902433395386
    },
    "landmark_17": {
        "x": 0.538343071937561,
        "y": 0.6179636716842651,
        "z": -0.12268906831741333
    },
    "landmark_18": {
        "x": 0.42449432611465454,
        "y": 0.3677833676338196,
        "z": -0.4450436532497406
    },
    "landmark_19": {
        "x": 0.5356383323669434,
        "y": 0.6177029609680176,
        "z": -0.13695861399173737
    },
    "landmark_20": {
        "x": 0.4286326467990875,
        "y": 0.36486637592315674,
        "z": -0.44659408926963806
    },
    "landmark_21": {
        "x": 0.5323055386543274,
        "y": 0.6084453463554382,
        "z": -0.121188685297966
    },
    "landmark_22": {
        "x": 0.4322974681854248,
        "y": 0.3733047842979431,
        "z": -0.41517215967178345
    },
    "landmark_23": {
        "x": 0.5186321139335632,
        "y": 0.6421510577201843,
        "z": 8.217849972425029e-05
    },
    "landmark_24": {
        "x": 0.4759734272956848,
        "y": 0.6477819681167603,
        "z": -0.00025271897902712226
    },
    "landmark_25": {
        "x": 0.5715181827545166,
        "y": 0.7260531783103943,
        "z": -0.13679298758506775
    },
    "landmark_26": {
        "x": 0.4539819359779358,
        "y": 0.7647881507873535,
        "z": -0.08711953461170197
    },
    "landmark_27": {
        "x": 0.5928213000297546,
        "y": 0.8451413512229919,
        "z": -0.010490281507372856
    },
    "landmark_28": {
        "x": 0.47331270575523376,
        "y": 0.854188859462738,
        "z": 0.09587685018777847
    },
    "landmark_29": {
        "x": 0.5891639590263367,
        "y": 0.8711256384849548,
        "z": -0.002833867445588112
    },
    "landmark_30": {
        "x": 0.48336973786354065,
        "y": 0.8711526393890381,
        "z": 0.1099945455789566
    },
    "landmark_31": {
        "x": 0.6199979186058044,
        "y": 0.8785428404808044,
        "z": -0.09873569011688232
    },
    "landmark_32": {
        "x": 0.45430856943130493,
        "y": 0.8982059955596924,
        "z": 0.032752249389886856
    }
}