{
    "landmark_0": {
        "x": 0.5075404644012451,
        "y": 0.3566943407058716,
        "z": -0.11608853191137314
    },
    "landmark_1": {
        "x": 0.5110104084014893,
        "y": 0.34710192680358887,
        "z": -0.10050991922616959
    },
    "landmark_2": {
        "x": 0.5129737854003906,
        "y": 0.3475882411003113,
        "z": -0.10052351653575897
    },
    "landmark_3": {
        "x": 0.5150541067123413,
        "y": 0.34824031591415405,
        "z": -0.10055802017450333
    },
    "landmark_4": {
        "x": 0.5059103965759277,
        "y": 0.345377653837204,
        "z": -0.10333515703678131
    },
    "landmark_5": {
        "x": 0.5042725801467896,
        "y": 0.3447349965572357,
        "z": -0.10330855846405029
    },
    "landmark_6": {
        "x": 0.5025983452796936,
        "y": 0.3442368805408478,
        "z": -0.10333265364170074
    },
    "landmark_7": {
        "x": 0.5160440802574158,
        "y": 0.3540635406970978,
        "z": -0.014876973815262318
    },
    "landmark_8": {
        "x": 0.498138427734375,
        "y": 0.3485168516635895,
        "z": -0.02443578653037548
    },
    "landmark_9": {
        "x": 0.5103045105934143,
        "y": 0.36636561155319214,
        "z": -0.08291628211736679
    },
    "landmark_10": {
        "x": 0.503084123134613,
        "y": 0.3651253879070282,
        "z": -0.08624966442584991
    },
    "landmark_11": {
        "x": 0.5294890403747559,
        "y": 0.4150271415710449,
        "z": 0.00597948906943202
    },
    "landmark_12": {
        "x": 0.47218698263168335,
        "y": 0.4040081799030304,
        "z": -0.025609005242586136
    },
    "landmark_13": {
        "x": 0.5513163805007935,
        "y": 0.3987404406070709,
        "z": -0.12368439137935638
    },
    "landmark_14": {
        "x": 0.5032917261123657,
        "y": 0.4009436368942261,
        "z": -0.11654207855463028
    },
    "landmark_15": {
        "x": 0.54509437084198,
        "y": 0.31470367312431335,
        "z": -0.22544562816619873
    },
    "landmark_16": {
        "x": 0.542902410030365,
        "y": 0.3630433678627014,
        "z": -0.13360977172851562
    },
    "landmark_17": {
        "x": 0.5462766885757446,
        "y": 0.28971466422080994,
        "z": -0.250998318195343
    },
    "landmark_18": {
        "x": 0.552910566329956,
        "y": 0.3519585430622101,
        "z": -0.15644708275794983
    },
    "landmark_19": {
        "x": 0.5435012578964233,
        "y": 0.2906795144081116,
        "z": -0.24059756100177765
    },
    "landmark_20": {
        "x": 0.5512346029281616,
        "y": 0.3577093482017517,
        "z": -0.1427565962076187
    },
    "landmark_21": {
        "x": 0.5418950915336609,
        "y": 0.3011970520019531,
        "z": -0.22537176311016083
    },
    "landmark_22": {
        "x": 0.5488231778144836,
        "y": 0.36432164907455444,
        "z": -0.1305975764989853
    },
    "landmark_23": {
        "x": 0.5213925242424011,
        "y": 0.6141814589500427,
        "z": -0.007562537677586079
    },
    "landmark_24": {
        "x": 0.4777447283267975,
        "y": 0.6099559664726257,
        "z": 0.007591617293655872
    },
    "landmark_25": {
        "x": 0.5465852618217468,
        "y": 0.7407888770103455,
        "z": -0.059179823845624924
    },
    "landmark_26": {
        "x": 0.4183988571166992,
        "y": 0.7065891623497009,
        "z": -0.10015495866537094
    },
    "landmark_27": {
        "x": 0.5287144780158997,
        "y": 0.8401708602905273,
        "z": 0.14486314356327057
    },
    "landmark_28": {
        "x": 0.425586074590683,
        "y": 0.8384084105491638,
        "z": 0.05822122097015381
    },
    "landmark_29": {
        "x": 0.5175508260726929,
        "y": 0.8499602675437927,
        "z": 0.16114956140518188
    },
    "landmark_30": {
        "x": 0.43404120206832886,
        "y": 0.8616835474967957,
        "z": 0.06907379627227783
    },
    "landmark_31": {
        "x": 0.5320594310760498,
        "y": 0.8939122557640076,
        "z": 0.07833220064640045
    },
    "landmark_32": {
        "x": 0.3888126611709595,
        "y": 0.8680636286735535,
        "z": -0.007770203985273838
    }
}