{
    "landmark_0": {
        "x": 0.47446054220199585,
        "y": 0.3775629997253418,
        "z": -0.2054513692855835
    },
    "landmark_1": {
        "x": 0.47775039076805115,
        "y": 0.3630976676940918,
        "z": -0.19291900098323822
    },
    "landmark_2": {
        "x": 0.48043736815452576,
        "y": 0.362408310174942,
        "z": -0.19297011196613312
    },
    "landmark_3": {
        "x": 0.48338013887405396,
        "y": 0.3621148467063904,
        "z": -0.19300968945026398
    },
    "landmark_4": {
        "x": 0.4711320400238037,
        "y": 0.36439988017082214,
        "z": -0.19049924612045288
    },
    "landmark_5": {
        "x": 0.4690133035182953,
        "y": 0.36448049545288086,
        "z": -0.19051457941532135
    },
    "landmark_6": {
        "x": 0.4668997824192047,
        "y": 0.36486706137657166,
        "z": -0.19050107896327972
    },
    "landmark_7": {
        "x": 0.48906344175338745,
        "y": 0.36812087893486023,
        "z": -0.10959615558385849
    },
    "landmark_8": {
        "x": 0.46341603994369507,
        "y": 0.3719019293785095,
        "z": -0.09652050584554672
    },
    "landmark_9": {
        "x": 0.48120442032814026,
        "y": 0.38842934370040894,
        "z": -0.17340028285980225
    },
    "landmark_10": {
        "x": 0.4713524878025055,
        "y": 0.3918353319168091,
        "z": -0.16996386647224426
    },
    "landmark_11": {
        "x": 0.5147719979286194,
        "y": 0.4284616708755493,
        "z": -0.09616115689277649
    },
    "landmark_12": {
        "x": 0.4463220238685608,
        "y": 0.43144574761390686,
        "z": -0.05430174618959427
    },
    "landmark_13": {
        "x": 0.5228356719017029,
        "y": 0.4700848460197449,
        "z": -0.23796804249286652
    },
    "landmark_14": {
        "x": 0.4262881278991699,
        "y": 0.45008230209350586,
        "z": -0.19931699335575104
    },
    "landmark_15": {
        "x": 0.4887852072715759,
        "y": 0.49714693427085876,
        "z": -0.39009028673171997
    },
    "landmark_16": {
        "x": 0.42034873366355896,
        "y": 0.38236042857170105,
        "z": -0.39139699935913086
    },
    "landmark_17": {
        "x": 0.4794108271598816,
        "y": 0.5212254524230957,
        "z": -0.42885059118270874
    },
    "landmark_18": {
        "x": 0.4145642817020416,
        "y": 0.36205554008483887,
        "z": -0.4327161908149719
    },
    "landmark_19": {
        "x": 0.47078895568847656,
        "y": 0.5131807923316956,
        "z": -0.42430514097213745
    },
    "landmark_20": {
        "x": 0.4182748794555664,
        "y": 0.3569565713405609,
        "z": -0.4300176501274109
    },
    "landmark_21": {
        "x": 0.4723362922668457,
        "y": 0.5076079964637756,
        "z": -0.39149874448776245
    },
    "landmark_22": {
        "x": 0.42271748185157776,
        "y": 0.3655409812927246,
        "z": -0.39681383967399597
    },
    "landmark_23": {
        "x": 0.5144241452217102,
        "y": 0.6193564534187317,
        "z": -0.011898478493094444
    },
    "landmark_24": {
        "x": 0.4714767038822174,
        "y": 0.6282521486282349,
        "z": 0.011826409958302975
    },
    "landmark_25": {
        "x": 0.5542572140693665,
        "y": 0.7379626631736755,
        "z": -0.04856487736105919
    },
    "landmark_26": {
        "x": 0.46513310074806213,
        "y": 0.7631851434707642,
        "z": 0.029361624270677567
    },
    "landmark_27": {
        "x": 0.5897909998893738,
        "y": 0.8432534337043762,
        "z": 0.0506528839468956
    },
    "landmark_28": {
        "x": 0.48345717787742615,
        "y": 0.8483496904373169,
        "z": 0.1937234252691269
    },
    "landmark_29": {
        "x": 0.587740957736969,
        "y": 0.8631541132926941,
        "z": 0.05456579849123955
    },
    "landmark_30": {
        "x": 0.49434828758239746,
        "y": 0.8671642541885376,
        "z": 0.20523154735565186
    },
    "landmark_31": {
        "x": 0.6172486543655396,
        "y": 0.8660027980804443,
        "z": -0.04455046355724335
    },
    "landmark_32": {
        "x": 0.4655860960483551,
        "y": 0.8945063948631287,
        "z": 0.12909634411334991
    }
}