{
    "landmark_0": {
        "x": 0.5103514790534973,
        "y": 0.35597020387649536,
        "z": -0.10706155002117157
    },
    "landmark_1": {
        "x": 0.5108237862586975,
        "y": 0.3444795608520508,
        "z": -0.08836659044027328
    },
    "landmark_2": {
        "x": 0.5117524862289429,
        "y": 0.34375783801078796,
        "z": -0.08839177340269089
    },
    "landmark_3": {
        "x": 0.5127295255661011,
        "y": 0.34307554364204407,
        "z": -0.08841408044099808
    },
    "landmark_4": {
        "x": 0.5063312649726868,
        "y": 0.3443518280982971,
        "z": -0.10372517257928848
    },
    "landmark_5": {
        "x": 0.5038756132125854,
        "y": 0.3434642255306244,
        "z": -0.10371041297912598
    },
    "landmark_6": {
        "x": 0.5013472437858582,
        "y": 0.34266477823257446,
        "z": -0.10375131666660309
    },
    "landmark_7": {
        "x": 0.5077053308486938,
        "y": 0.3425740599632263,
        "z": 0.0038542349357157946
    },
    "landmark_8": {
        "x": 0.49032607674598694,
        "y": 0.343415230512619,
        "z": -0.06208069249987602
    },
    "landmark_9": {
        "x": 0.5109056234359741,
        "y": 0.3636327385902405,
        "z": -0.07123573869466782
    },
    "landmark_10": {
        "x": 0.5043871402740479,
        "y": 0.3650434613227844,
        "z": -0.09057661890983582
    },
    "landmark_11": {
        "x": 0.5188396573066711,
        "y": 0.40346091985702515,
        "z": 0.04364189878106117
    },
    "landmark_12": {
        "x": 0.460205614566803,
        "y": 0.39776691794395447,
        "z": -0.08118220418691635
    },
    "landmark_13": {
        "x": 0.5269396305084229,
        "y": 0.43645530939102173,
        "z": -0.024777062237262726
    },
    "landmark_14": {
        "x": 0.5000506043434143,
        "y": 0.41462624073028564,
        "z": -0.1505730152130127
    },
    "landmark_15": {
        "x": 0.5421536564826965,
        "y": 0.38813820481300354,
        "z": -0.14497186243534088
    },
    "landmark_16": {
        "x": 0.5354828238487244,
        "y": 0.3419587016105652,
        "z": -0.1183328852057457
    },
    "landmark_17": {
        "x": 0.5431367754936218,
        "y": 0.3731905221939087,
        "z": -0.1669083684682846
    },
    "landmark_18": {
        "x": 0.546576201915741,
        "y": 0.3189490735530853,
        "z": -0.13622091710567474
    },
    "landmark_19": {
        "x": 0.5408446788787842,
        "y": 0.36824721097946167,
        "z": -0.1679067760705948
    },
    "landmark_20": {
        "x": 0.5405871868133545,
        "y": 0.31872138381004333,
        "z": -0.12561209499835968
    },
    "landmark_21": {
        "x": 0.5384753346443176,
        "y": 0.37471282482147217,
        "z": -0.15053503215312958
    },
    "landmark_22": {
        "x": 0.5384840369224548,
        "y": 0.3278760612010956,
        "z": -0.11388836055994034
    },
    "landmark_23": {
        "x": 0.5158768892288208,
        "y": 0.6084836721420288,
        "z": 0.009124775417149067
    },
    "landmark_24": {
        "x": 0.4713974595069885,
        "y": 0.6078930497169495,
        "z": -0.009008419699966908
    },
    "landmark_25": {
        "x": 0.5471091270446777,
        "y": 0.7313079237937927,
        "z": -0.19139030575752258
    },
    "landmark_26": {
        "x": 0.4195167124271393,
        "y": 0.7038447260856628,
        "z": -0.1727370172739029
    },
    "landmark_27": {
        "x": 0.5268329381942749,
        "y": 0.8237844109535217,
        "z": -0.011271323077380657
    },
    "landmark_28": {
        "x": 0.431496798992157,
        "y": 0.8278998732566833,
        "z": -0.006309241987764835
    },
    "landmark_29": {
        "x": 0.5164477825164795,
        "y": 0.8358067274093628,
        "z": 0.002924605505540967
    },
    "landmark_30": {
        "x": 0.44192495942115784,
        "y": 0.8488718867301941,
        "z": 0.005960522219538689
    },
    "landmark_31": {
        "x": 0.537795901298523,
        "y": 0.8922102451324463,
        "z": -0.08348044753074646
    },
    "landmark_32": {
        "x": 0.40453940629959106,
        "y": 0.8773825168609619,
        "z": -0.07291737198829651
    }
}