{
    "landmark_0": {
        "x": 0.4981004297733307,
        "y": 0.3267347514629364,
        "z": -0.15623357892036438
    },
    "landmark_1": {
        "x": 0.4997100234031677,
        "y": 0.3155311644077301,
        "z": -0.14356796443462372
    },
    "landmark_2": {
        "x": 0.5018673539161682,
        "y": 0.3153933882713318,
        "z": -0.14357393980026245
    },
    "landmark_3": {
        "x": 0.5041368007659912,
        "y": 0.31544798612594604,
        "z": -0.14359919726848602
    },
    "landmark_4": {
        "x": 0.4938567578792572,
        "y": 0.31742656230926514,
        "z": -0.13844561576843262
    },
    "landmark_5": {
        "x": 0.4919753074645996,
        "y": 0.31888458132743835,
        "z": -0.13843569159507751
    },
    "landmark_6": {
        "x": 0.4900755286216736,
        "y": 0.3206981420516968,
        "z": -0.1384868025779724
    },
    "landmark_7": {
        "x": 0.5087800621986389,
        "y": 0.3237875998020172,
        "z": -0.06769394874572754
    },
    "landmark_8": {
        "x": 0.48779186606407166,
        "y": 0.33202266693115234,
        "z": -0.04223627597093582
    },
    "landmark_9": {
        "x": 0.5041516423225403,
        "y": 0.3392549455165863,
        "z": -0.12789402902126312
    },
    "landmark_10": {
        "x": 0.49601802229881287,
        "y": 0.34072381258010864,
        "z": -0.12089274078607559
    },
    "landmark_11": {
        "x": 0.5354927778244019,
        "y": 0.3898768424987793,
        "z": -0.06713567674160004
    },
    "landmark_12": {
        "x": 0.47344455122947693,
        "y": 0.38897958397865295,
        "z": -0.026986267417669296
    },
    "landmark_13": {
        "x": 0.5376867651939392,
        "y": 0.40248820185661316,
        "z": -0.215513676404953
    },
    "landmark_14": {
        "x": 0.4478321969509125,
        "y": 0.37214261293411255,
        "z": -0.19787892699241638
    },
    "landmark_15": {
        "x": 0.5034564137458801,
        "y": 0.3386020362377167,
        "z": -0.2935082018375397
    },
    "landmark_16": {
        "x": 0.466374009847641,
        "y": 0.3049941658973694,
        "z": -0.334064781665802
    },
    "landmark_17": {
        "x": 0.4954717755317688,
        "y": 0.3224965035915375,
        "z": -0.3183581829071045
    },
    "landmark_18": {
        "x": 0.46982869505882263,
        "y": 0.2873287796974182,
        "z": -0.3686736524105072
    },
    "landmark_19": {
        "x": 0.4952564835548401,
        "y": 0.3217605650424957,
        "z": -0.3037590980529785
    },
    "landmark_20": {
        "x": 0.47441163659095764,
        "y": 0.2907564342021942,
        "z": -0.34821751713752747
    },
    "landmark_21": {
        "x": 0.496947705745697,
        "y": 0.33053338527679443,
        "z": -0.2904697358608246
    },
    "landmark_22": {
        "x": 0.4738919138908386,
        "y": 0.2985250949859619,
        "z": -0.3327324390411377
    },
    "landmark_23": {
        "x": 0.5216302871704102,
        "y": 0.5881472826004028,
        "z": -0.010087179020047188
    },
    "landmark_24": {
        "x": 0.4787554144859314,
        "y": 0.5853764414787292,
        "z": 0.00997798889875412
    },
    "landmark_25": {
        "x": 0.5489933490753174,
        "y": 0.7271909713745117,
        "z": -0.08929303288459778
    },
    "landmark_26": {
        "x": 0.4325701594352722,
        "y": 0.7013839483261108,
        "z": -0.0973658412694931
    },
    "landmark_27": {
        "x": 0.5263906121253967,
        "y": 0.8358650207519531,
        "z": 0.08141636848449707
    },
    "landmark_28": {
        "x": 0.44418078660964966,
        "y": 0.8114199042320251,
        "z": 0.08186490088701248
    },
    "landmark_29": {
        "x": 0.5163006782531738,
        "y": 0.8459159731864929,
        "z": 0.09392862766981125
    },
    "landmark_30": {
        "x": 0.45432034134864807,
        "y": 0.8338534235954285,
        "z": 0.09616856276988983
    },
    "landmark_31": {
        "x": 0.5359243154525757,
        "y": 0.9060015082359314,
        "z": 0.008535508997738361
    },
    "landmark_32": {
        "x": 0.4215925335884094,
        "y": 0.8546361923217773,
        "z": 0.02343088947236538
    }
}