{
    "landmark_0": {
        "x": 0.48432961106300354,
        "y": 0.4282834231853485,
        "z": -0.21553072333335876
    },
    "landmark_1": {
        "x": 0.48571863770484924,
        "y": 0.4155930280685425,
        "z": -0.20697548985481262
    },
    "landmark_2": {
        "x": 0.4876793920993805,
        "y": 0.41454729437828064,
        "z": -0.20700260996818542
    },
    "landmark_3": {
        "x": 0.4898661673069,
        "y": 0.413327157497406,
        "z": -0.20705214142799377
    },
    "landmark_4": {
        "x": 0.48045381903648376,
        "y": 0.4162011444568634,
        "z": -0.20592918992042542
    },
    "landmark_5": {
        "x": 0.47862228751182556,
        "y": 0.4157041907310486,
        "z": -0.20595689117908478
    },
    "landmark_6": {
        "x": 0.47669559717178345,
        "y": 0.4150831997394562,
        "z": -0.2059553861618042
    },
    "landmark_7": {
        "x": 0.4931875765323639,
        "y": 0.41177791357040405,
        "z": -0.13036789000034332
    },
    "landmark_8": {
        "x": 0.4725671708583832,
        "y": 0.4136931002140045,
        "z": -0.1233573779463768
    },
    "landmark_9": {
        "x": 0.4891279339790344,
        "y": 0.4361761808395386,
        "z": -0.1842116266489029
    },
    "landmark_10": {
        "x": 0.4821538031101227,
        "y": 0.43746277689933777,
        "z": -0.18250688910484314
    },
    "landmark_11": {
        "x": 0.5185525417327881,
        "y": 0.4571264088153839,
        "z": -0.10253890603780746
    },
    "landmark_12": {
        "x": 0.45238739252090454,
        "y": 0.45912492275238037,
        "z": -0.08221435546875
    },
    "landmark_13": {
        "x": 0.5339969992637634,
        "y": 0.5045933723449707,
        "z": -0.2161054164171219
    },
    "landmark_14": {
        "x": 0.4268744885921478,
        "y": 0.4673011302947998,
        "z": -0.22967687249183655
    },
    "landmark_15": {
        "x": 0.5229458808898926,
        "y": 0.5532244443893433,
        "z": -0.37373483180999756
    },
    "landmark_16": {
        "x": 0.42708903551101685,
        "y": 0.4033257067203522,
        "z": -0.4148302972316742
    },
    "landmark_17": {
        "x": 0.5237131714820862,
        "y": 0.5715941190719604,
        "z": -0.41100460290908813
    },
    "landmark_18": {
        "x": 0.42271143198013306,
        "y": 0.39098048210144043,
        "z": -0.4546958804130554
    },
    "landmark_19": {
        "x": 0.5152943730354309,
        "y": 0.5649197697639465,
        "z": -0.41409406065940857
    },
    "landmark_20": {
        "x": 0.42765313386917114,
        "y": 0.38505280017852783,
        "z": -0.45367568731307983
    },
    "landmark_21": {
        "x": 0.5141028761863708,
        "y": 0.5597245097160339,
        "z": -0.37932533025741577
    },
    "landmark_22": {
        "x": 0.4311336576938629,
        "y": 0.392154723405838,
        "z": -0.4207964837551117
    },
    "landmark_23": {
        "x": 0.5172191262245178,
        "y": 0.6368517279624939,
        "z": -0.01601937785744667
    },
    "landmark_24": {
        "x": 0.47684115171432495,
        "y": 0.6447997689247131,
        "z": 0.01590023748576641
    },
    "landmark_25": {
        "x": 0.5634419918060303,
        "y": 0.7384703159332275,
        "z": -0.04467320814728737
    },
    "landmark_26": {
        "x": 0.4672578275203705,
        "y": 0.7557535171508789,
        "z": 0.07857973873615265
    },
    "landmark_27": {
        "x": 0.5966203212738037,
        "y": 0.8344775438308716,
        "z": 0.023146366700530052
    },
    "landmark_28": {
        "x": 0.48238831758499146,
        "y": 0.833642303943634,
        "z": 0.2554183900356293
    },
    "landmark_29": {
        "x": 0.5963985323905945,
        "y": 0.8599218726158142,
        "z": 0.024553779512643814
    },
    "landmark_30": {
        "x": 0.4910913109779358,
        "y": 0.8494192957878113,
        "z": 0.26925036311149597
    },
    "landmark_31": {
        "x": 0.621796727180481,
        "y": 0.862329363822937,
        "z": -0.07029768079519272
    },
    "landmark_32": {
        "x": 0.4609743654727936,
        "y": 0.8754424452781677,
        "z": 0.20814964175224304
    }
}