{
    "landmark_0": {
        "x": 0.522261381149292,
        "y": 0.3883134722709656,
        "z": -0.16991041600704193
    },
    "landmark_1": {
        "x": 0.5273557305335999,
        "y": 0.37654197216033936,
        "z": -0.15343359112739563
    },
    "landmark_2": {
        "x": 0.5300853848457336,
        "y": 0.3771034777164459,
        "z": -0.15345829725265503
    },
    "landmark_3": {
        "x": 0.5326169729232788,
        "y": 0.37769615650177,
        "z": -0.15349282324314117
    },
    "landmark_4": {
        "x": 0.5192756056785583,
        "y": 0.3733879625797272,
        "z": -0.15822094678878784
    },
    "landmark_5": {
        "x": 0.5166845321655273,
        "y": 0.37211254239082336,
        "z": -0.15818291902542114
    },
    "landmark_6": {
        "x": 0.514069139957428,
        "y": 0.3710241913795471,
        "z": -0.15820588171482086
    },
    "landmark_7": {
        "x": 0.5347007513046265,
        "y": 0.3812441825866699,
        "z": -0.05096830800175667
    },
    "landmark_8": {
        "x": 0.5092167258262634,
        "y": 0.3742504417896271,
        "z": -0.07231779396533966
    },
    "landmark_9": {
        "x": 0.5259166359901428,
        "y": 0.4018922448158264,
        "z": -0.12979887425899506
    },
    "landmark_10": {
        "x": 0.515989363193512,
        "y": 0.3995412290096283,
        "z": -0.13620464503765106
    },
    "landmark_11": {
        "x": 0.5464704036712646,
        "y": 0.44393500685691833,
        "z": 0.0031342203728854656
    },
    "landmark_12": {
        "x": 0.47944822907447815,
        "y": 0.43212148547172546,
        "z": -0.07596579939126968
    },
    "landmark_13": {
        "x": 0.5536437630653381,
        "y": 0.48837798833847046,
        "z": -0.13173748552799225
    },
    "landmark_14": {
        "x": 0.502153754234314,
        "y": 0.48899704217910767,
        "z": -0.18416082859039307
    },
    "landmark_15": {
        "x": 0.5613498091697693,
        "y": 0.41770175099372864,
        "z": -0.29498130083084106
    },
    "landmark_16": {
        "x": 0.5541723966598511,
        "y": 0.4748324155807495,
        "z": -0.23311755061149597
    },
    "landmark_17": {
        "x": 0.5668554306030273,
        "y": 0.3957073986530304,
        "z": -0.3264622986316681
    },
    "landmark_18": {
        "x": 0.5681462287902832,
        "y": 0.47473880648612976,
        "z": -0.2553924322128296
    },
    "landmark_19": {
        "x": 0.566006600856781,
        "y": 0.392867773771286,
        "z": -0.31983688473701477
    },
    "landmark_20": {
        "x": 0.5661572217941284,
        "y": 0.46646687388420105,
        "z": -0.24716433882713318
    },
    "landmark_21": {
        "x": 0.5598998069763184,
        "y": 0.4025475084781647,
        "z": -0.2978344261646271
    },
    "landmark_22": {
        "x": 0.5613787174224854,
        "y": 0.46969062089920044,
        "z": -0.2307511270046234
    },
    "landmark_23": {
        "x": 0.5247387290000916,
        "y": 0.6452988386154175,
        "z": 0.01200235914438963
    },
    "landmark_24": {
        "x": 0.4816874861717224,
        "y": 0.6365498304367065,
        "z": -0.011869234032928944
    },
    "landmark_25": {
        "x": 0.5318009257316589,
        "y": 0.7709277868270874,
        "z": 0.026469934731721878
    },
    "landmark_26": {
        "x": 0.43463000655174255,
        "y": 0.7557805180549622,
        "z": -0.04102497920393944
    },
    "landmark_27": {
        "x": 0.5204005241394043,
        "y": 0.857469916343689,
        "z": 0.22187566757202148
    },
    "landmark_28": {
        "x": 0.39181891083717346,
        "y": 0.841292679309845,
        "z": 0.061476707458496094
    },
    "landmark_29": {
        "x": 0.5100899338722229,
        "y": 0.8731701970100403,
        "z": 0.2370642125606537
    },
    "landmark_30": {
        "x": 0.3892063498497009,
        "y": 0.8644784092903137,
        "z": 0.06767410784959793
    },
    "landmark_31": {
        "x": 0.5322755575180054,
        "y": 0.9097775816917419,
        "z": 0.17040574550628662
    },
    "landmark_32": {
        "x": 0.36355695128440857,
        "y": 0.8805146813392639,
        "z": -0.018222952261567116
    }
}