{
    "landmark_0": {
        "x": 0.4955058693885803,
        "y": 0.3365829885005951,
        "z": -0.09668134897947311
    },
    "landmark_1": {
        "x": 0.4967460036277771,
        "y": 0.3242209553718567,
        "z": -0.07906127721071243
    },
    "landmark_2": {
        "x": 0.49901336431503296,
        "y": 0.3233392536640167,
        "z": -0.07910045236349106
    },
    "landmark_3": {
        "x": 0.5012883543968201,
        "y": 0.3226613998413086,
        "z": -0.07914237678050995
    },
    "landmark_4": {
        "x": 0.4903513789176941,
        "y": 0.3274400234222412,
        "z": -0.07483911514282227
    },
    "landmark_5": {
        "x": 0.48817282915115356,
        "y": 0.32883644104003906,
        "z": -0.07485762238502502
    },
    "landmark_6": {
        "x": 0.48603686690330505,
        "y": 0.3304522931575775,
        "z": -0.07486458867788315
    },
    "landmark_7": {
        "x": 0.504344642162323,
        "y": 0.32731354236602783,
        "z": 0.0011000370141118765
    },
    "landmark_8": {
        "x": 0.48259633779525757,
        "y": 0.34110549092292786,
        "z": 0.022278107702732086
    },
    "landmark_9": {
        "x": 0.502364456653595,
        "y": 0.3476385474205017,
        "z": -0.06891145557165146
    },
    "landmark_10": {
        "x": 0.4927446246147156,
        "y": 0.3523831367492676,
        "z": -0.06294818967580795
    },
    "landmark_11": {
        "x": 0.5295832753181458,
        "y": 0.3852182924747467,
        "z": -0.015086697414517403
    },
    "landmark_12": {
        "x": 0.4670443534851074,
        "y": 0.40223973989486694,
        "z": 0.03794606029987335
    },
    "landmark_13": {
        "x": 0.529086172580719,
        "y": 0.39073023200035095,
        "z": -0.14056344330310822
    },
    "landmark_14": {
        "x": 0.43837636709213257,
        "y": 0.35515156388282776,
        "z": -0.09860105812549591
    },
    "landmark_15": {
        "x": 0.49184077978134155,
        "y": 0.39964979887008667,
        "z": -0.2182500660419464
    },
    "landmark_16": {
        "x": 0.4266015589237213,
        "y": 0.2772297263145447,
        "z": -0.21685859560966492
    },
    "landmark_17": {
        "x": 0.48076415061950684,
        "y": 0.40245094895362854,
        "z": -0.24795636534690857
    },
    "landmark_18": {
        "x": 0.42149224877357483,
        "y": 0.2583490312099457,
        "z": -0.2520815432071686
    },
    "landmark_19": {
        "x": 0.47736793756484985,
        "y": 0.40265628695487976,
        "z": -0.24198858439922333
    },
    "landmark_20": {
        "x": 0.42240065336227417,
        "y": 0.25462719798088074,
        "z": -0.24093413352966309
    },
    "landmark_21": {
        "x": 0.4807819724082947,
        "y": 0.40345636010169983,
        "z": -0.21883118152618408
    },
    "landmark_22": {
        "x": 0.4250361919403076,
        "y": 0.2611438035964966,
        "z": -0.2204662561416626
    },
    "landmark_23": {
        "x": 0.5218291282653809,
        "y": 0.5896869897842407,
        "z": -0.005133552476763725
    },
    "landmark_24": {
        "x": 0.47464555501937866,
        "y": 0.5941779613494873,
        "z": 0.00505886459723115
    },
    "landmark_25": {
        "x": 0.5670911073684692,
        "y": 0.6890373229980469,
        "z": -0.1802266240119934
    },
    "landmark_26": {
        "x": 0.44636788964271545,
        "y": 0.7220546007156372,
        "z": -0.09944328665733337
    },
    "landmark_27": {
        "x": 0.5533563494682312,
        "y": 0.8163195848464966,
        "z": -0.02121947519481182
    },
    "landmark_28": {
        "x": 0.4621500074863434,
        "y": 0.8085216283798218,
        "z": 0.09347458183765411
    },
    "landmark_29": {
        "x": 0.5425844192504883,
        "y": 0.8398634195327759,
        "z": -0.009930478408932686
    },
    "landmark_30": {
        "x": 0.4734222888946533,
        "y": 0.8233397006988525,
        "z": 0.10822315514087677
    },
    "landmark_31": {
        "x": 0.5803231000900269,
        "y": 0.8613303899765015,
        "z": -0.101180300116539
    },
    "landmark_32": {
        "x": 0.4494711458683014,
        "y": 0.8704235553741455,
        "z": 0.03589266166090965
    }
}