{
    "landmark_0": {
        "x": 0.48485010862350464,
        "y": 0.43563222885131836,
        "z": -0.2543288469314575
    },
    "landmark_1": {
        "x": 0.4881809651851654,
        "y": 0.4186655282974243,
        "z": -0.2451728880405426
    },
    "landmark_2": {
        "x": 0.49054163694381714,
        "y": 0.41761571168899536,
        "z": -0.24516084790229797
    },
    "landmark_3": {
        "x": 0.49302077293395996,
        "y": 0.4164768159389496,
        "z": -0.24522919952869415
    },
    "landmark_4": {
        "x": 0.48195281624794006,
        "y": 0.41847988963127136,
        "z": -0.24332718551158905
    },
    "landmark_5": {
        "x": 0.4799860417842865,
        "y": 0.4174794852733612,
        "z": -0.24340209364891052
    },
    "landmark_6": {
        "x": 0.47801274061203003,
        "y": 0.4165363311767578,
        "z": -0.24343113601207733
    },
    "landmark_7": {
        "x": 0.4970146119594574,
        "y": 0.4133320748806,
        "z": -0.1565922647714615
    },
    "landmark_8": {
        "x": 0.47548404335975647,
        "y": 0.4144967794418335,
        "z": -0.1464182287454605
    },
    "landmark_9": {
        "x": 0.4898194670677185,
        "y": 0.4453584551811218,
        "z": -0.21767470240592957
    },
    "landmark_10": {
        "x": 0.48130932450294495,
        "y": 0.4439011514186859,
        "z": -0.21501424908638
    },
    "landmark_11": {
        "x": 0.5208567380905151,
        "y": 0.45810210704803467,
        "z": -0.07673763483762741
    },
    "landmark_12": {
        "x": 0.4594650864601135,
        "y": 0.4554045498371124,
        "z": -0.1037956103682518
    },
    "landmark_13": {
        "x": 0.5337269902229309,
        "y": 0.532100260257721,
        "z": -0.06145597621798515
    },
    "landmark_14": {
        "x": 0.4327176511287689,
        "y": 0.4499058723449707,
        "z": -0.21028316020965576
    },
    "landmark_15": {
        "x": 0.5298624634742737,
        "y": 0.5968309044837952,
        "z": -0.11339612305164337
    },
    "landmark_16": {
        "x": 0.42923521995544434,
        "y": 0.3854808807373047,
        "z": -0.36087095737457275
    },
    "landmark_17": {
        "x": 0.5398843288421631,
        "y": 0.6149152517318726,
        "z": -0.12323300540447235
    },
    "landmark_18": {
        "x": 0.42440730333328247,
        "y": 0.3667672574520111,
        "z": -0.3950621783733368
    },
    "landmark_19": {
        "x": 0.537189245223999,
        "y": 0.6107208132743835,
        "z": -0.13907784223556519
    },
    "landmark_20": {
        "x": 0.4277752935886383,
        "y": 0.3643610179424286,
        "z": -0.3958275318145752
    },
    "landmark_21": {
        "x": 0.5341055393218994,
        "y": 0.6041412353515625,
        "z": -0.12109465897083282
    },
    "landmark_22": {
        "x": 0.4304324984550476,
        "y": 0.37196478247642517,
        "z": -0.3670969605445862
    },
    "landmark_23": {
        "x": 0.5183315873146057,
        "y": 0.6435752511024475,
        "z": 0.005142762325704098
    },
    "landmark_24": {
        "x": 0.4746983051300049,
        "y": 0.6508354544639587,
        "z": -0.005273899063467979
    },
    "landmark_25": {
        "x": 0.5718186497688293,
        "y": 0.7274422645568848,
        "z": -0.14600205421447754
    },
    "landmark_26": {
        "x": 0.4524312913417816,
        "y": 0.7683667540550232,
        "z": -0.11118288338184357
    },
    "landmark_27": {
        "x": 0.590700626373291,
        "y": 0.8489352464675903,
        "z": -0.009052623063325882
    },
    "landmark_28": {
        "x": 0.4731068015098572,
        "y": 0.8531526923179626,
        "z": 0.07163374125957489
    },
    "landmark_29": {
        "x": 0.5876155495643616,
        "y": 0.8768400549888611,
        "z": -0.00034044450148940086
    },
    "landmark_30": {
        "x": 0.48440083861351013,
        "y": 0.8695500493049622,
        "z": 0.08548034727573395
    },
    "landmark_31": {
        "x": 0.6198844313621521,
        "y": 0.8773079514503479,
        "z": -0.09561605751514435
    },
    "landmark_32": {
        "x": 0.455084890127182,
        "y": 0.8972073197364807,
        "z": 0.006118317600339651
    }
}