{
    "landmark_0": {
        "x": 0.5039348602294922,
        "y": 0.36370986700057983,
        "z": -0.21332284808158875
    },
    "landmark_1": {
        "x": 0.5078195929527283,
        "y": 0.3533118963241577,
        "z": -0.19951295852661133
    },
    "landmark_2": {
        "x": 0.5100377202033997,
        "y": 0.35409289598464966,
        "z": -0.1994604468345642
    },
    "landmark_3": {
        "x": 0.5124585032463074,
        "y": 0.35499781370162964,
        "z": -0.1994485706090927
    },
    "landmark_4": {
        "x": 0.5018223524093628,
        "y": 0.35067594051361084,
        "z": -0.2060006558895111
    },
    "landmark_5": {
        "x": 0.49984756112098694,
        "y": 0.3498263359069824,
        "z": -0.2060699760913849
    },
    "landmark_6": {
        "x": 0.4978570342063904,
        "y": 0.34919655323028564,
        "z": -0.2061520516872406
    },
    "landmark_7": {
        "x": 0.5150080323219299,
        "y": 0.3602118492126465,
        "z": -0.10654871165752411
    },
    "landmark_8": {
        "x": 0.4935387074947357,
        "y": 0.3560992479324341,
        "z": -0.13753116130828857
    },
    "landmark_9": {
        "x": 0.5075039267539978,
        "y": 0.3765716254711151,
        "z": -0.1767614185810089
    },
    "landmark_10": {
        "x": 0.4981113076210022,
        "y": 0.3742987811565399,
        "z": -0.18617983162403107
    },
    "landmark_11": {
        "x": 0.5264237523078918,
        "y": 0.44137319922447205,
        "z": -0.0405823290348053
    },
    "landmark_12": {
        "x": 0.46533212065696716,
        "y": 0.4114804267883301,
        "z": -0.12202384322881699
    },
    "landmark_13": {
        "x": 0.5265818238258362,
        "y": 0.5246469378471375,
        "z": 0.000565297610592097
    },
    "landmark_14": {
        "x": 0.4508443772792816,
        "y": 0.4348413348197937,
        "z": -0.27673617005348206
    },
    "landmark_15": {
        "x": 0.5199189186096191,
        "y": 0.5982295274734497,
        "z": 0.0015139676397666335
    },
    "landmark_16": {
        "x": 0.4953835606575012,
        "y": 0.42927560210227966,
        "z": -0.44081029295921326
    },
    "landmark_17": {
        "x": 0.5223612785339355,
        "y": 0.6099721789360046,
        "z": -0.00039984198519960046
    },
    "landmark_18": {
        "x": 0.5047067403793335,
        "y": 0.4327586591243744,
        "z": -0.4767731726169586
    },
    "landmark_19": {
        "x": 0.5200314521789551,
        "y": 0.6079446077346802,
        "z": -0.018010085448622704
    },
    "landmark_20": {
        "x": 0.5073474049568176,
        "y": 0.4325504004955292,
        "z": -0.46549758315086365
    },
    "landmark_21": {
        "x": 0.518604576587677,
        "y": 0.5990021228790283,
        "z": -0.005116904154419899
    },
    "landmark_22": {
        "x": 0.5045034289360046,
        "y": 0.43222567439079285,
        "z": -0.43979549407958984
    },
    "landmark_23": {
        "x": 0.5117195248603821,
        "y": 0.620438814163208,
        "z": 0.00397524144500494
    },
    "landmark_24": {
        "x": 0.47071152925491333,
        "y": 0.6159324645996094,
        "z": -0.003999890293926001
    },
    "landmark_25": {
        "x": 0.5107187032699585,
        "y": 0.7433011531829834,
        "z": 0.05187109112739563
    },
    "landmark_26": {
        "x": 0.42129021883010864,
        "y": 0.7195249199867249,
        "z": -0.0471322238445282
    },
    "landmark_27": {
        "x": 0.5032984018325806,
        "y": 0.8444797992706299,
        "z": 0.22396747767925262
    },
    "landmark_28": {
        "x": 0.3811153471469879,
        "y": 0.8227643370628357,
        "z": 0.038597557693719864
    },
    "landmark_29": {
        "x": 0.49595585465431213,
        "y": 0.8583279252052307,
        "z": 0.23587334156036377
    },
    "landmark_30": {
        "x": 0.3793308138847351,
        "y": 0.8496801853179932,
        "z": 0.04196460172533989
    },
    "landmark_31": {
        "x": 0.509056568145752,
        "y": 0.8932667970657349,
        "z": 0.1537921130657196
    },
    "landmark_32": {
        "x": 0.34179267287254333,
        "y": 0.8173227310180664,
        "z": -0.05721340328454971
    }
}