{
    "landmark_0": {
        "x": 0.5095352530479431,
        "y": 0.37351444363594055,
        "z": -0.20592918992042542
    },
    "landmark_1": {
        "x": 0.5138430595397949,
        "y": 0.36293262243270874,
        "z": -0.18955576419830322
    },
    "landmark_2": {
        "x": 0.516055166721344,
        "y": 0.36417216062545776,
        "z": -0.18947196006774902
    },
    "landmark_3": {
        "x": 0.5181841254234314,
        "y": 0.3654058575630188,
        "z": -0.18945515155792236
    },
    "landmark_4": {
        "x": 0.5066249370574951,
        "y": 0.3587772250175476,
        "z": -0.1974184364080429
    },
    "landmark_5": {
        "x": 0.5037629008293152,
        "y": 0.35726305842399597,
        "z": -0.19747322797775269
    },
    "landmark_6": {
        "x": 0.5010917782783508,
        "y": 0.35612234473228455,
        "z": -0.1975538283586502
    },
    "landmark_7": {
        "x": 0.5190860629081726,
        "y": 0.3700883686542511,
        "z": -0.08971381932497025
    },
    "landmark_8": {
        "x": 0.4941011965274811,
        "y": 0.36101585626602173,
        "z": -0.12738730013370514
    },
    "landmark_9": {
        "x": 0.5127983093261719,
        "y": 0.3873533606529236,
        "z": -0.16733552515506744
    },
    "landmark_10": {
        "x": 0.5029290914535522,
        "y": 0.38374119997024536,
        "z": -0.17872673273086548
    },
    "landmark_11": {
        "x": 0.5270652770996094,
        "y": 0.4494321942329407,
        "z": -0.01285509206354618
    },
    "landmark_12": {
        "x": 0.4659222662448883,
        "y": 0.4181922376155853,
        "z": -0.13531404733657837
    },
    "landmark_13": {
        "x": 0.5313482284545898,
        "y": 0.5213967561721802,
        "z": 0.08474878966808319
    },
    "landmark_14": {
        "x": 0.4582117199897766,
        "y": 0.43242135643959045,
        "z": -0.3285272717475891
    },
    "landmark_15": {
        "x": 0.5344107747077942,
        "y": 0.5604418516159058,
        "z": 0.16285109519958496
    },
    "landmark_16": {
        "x": 0.5050697922706604,
        "y": 0.44277915358543396,
        "z": -0.49114933609962463
    },
    "landmark_17": {
        "x": 0.5368880033493042,
        "y": 0.5747578144073486,
        "z": 0.17812654376029968
    },
    "landmark_18": {
        "x": 0.5135459303855896,
        "y": 0.44546210765838623,
        "z": -0.525793194770813
    },
    "landmark_19": {
        "x": 0.5356031656265259,
        "y": 0.5699581503868103,
        "z": 0.16430996358394623
    },
    "landmark_20": {
        "x": 0.5184858441352844,
        "y": 0.4396857023239136,
        "z": -0.5127765536308289
    },
    "landmark_21": {
        "x": 0.533463716506958,
        "y": 0.5638119578361511,
        "z": 0.16035297513008118
    },
    "landmark_22": {
        "x": 0.5149989724159241,
        "y": 0.4393649101257324,
        "z": -0.4889574944972992
    },
    "landmark_23": {
        "x": 0.5106036067008972,
        "y": 0.6303910613059998,
        "z": 0.011723708361387253
    },
    "landmark_24": {
        "x": 0.4711478352546692,
        "y": 0.6288795471191406,
        "z": -0.01175626739859581
    },
    "landmark_25": {
        "x": 0.5076733827590942,
        "y": 0.7423021197319031,
        "z": -0.04895816743373871
    },
    "landmark_26": {
        "x": 0.4271949827671051,
        "y": 0.7409083843231201,
        "z": 0.029102856293320656
    },
    "landmark_27": {
        "x": 0.5030566453933716,
        "y": 0.844042181968689,
        "z": 0.0858658030629158
    },
    "landmark_28": {
        "x": 0.38261789083480835,
        "y": 0.8372916579246521,
        "z": 0.1780713051557541
    },
    "landmark_29": {
        "x": 0.4971857964992523,
        "y": 0.8549347519874573,
        "z": 0.09536588937044144
    },
    "landmark_30": {
        "x": 0.3803471028804779,
        "y": 0.8605009317398071,
        "z": 0.18845510482788086
    },
    "landmark_31": {
        "x": 0.5115401744842529,
        "y": 0.8937861919403076,
        "z": 0.008886429481208324
    },
    "landmark_32": {
        "x": 0.348476380109787,
        "y": 0.8360159397125244,
        "z": 0.10101840645074844
    }
}