{
    "landmark_0": {
        "x": 0.4929795265197754,
        "y": 0.3189748227596283,
        "z": -0.17271378636360168
    },
    "landmark_1": {
        "x": 0.49939456582069397,
        "y": 0.31243228912353516,
        "z": -0.1560012400150299
    },
    "landmark_2": {
        "x": 0.5020406246185303,
        "y": 0.31408560276031494,
        "z": -0.15602713823318481
    },
    "landmark_3": {
        "x": 0.5046844482421875,
        "y": 0.31561797857284546,
        "z": -0.15607735514640808
    },
    "landmark_4": {
        "x": 0.49319323897361755,
        "y": 0.3078083097934723,
        "z": -0.15616589784622192
    },
    "landmark_5": {
        "x": 0.491654634475708,
        "y": 0.3065577745437622,
        "z": -0.1561523973941803
    },
    "landmark_6": {
        "x": 0.4901954233646393,
        "y": 0.3054567873477936,
        "z": -0.1561908721923828
    },
    "landmark_7": {
        "x": 0.506925642490387,
        "y": 0.3221840560436249,
        "z": -0.06251001358032227
    },
    "landmark_8": {
        "x": 0.48708516359329224,
        "y": 0.31018882989883423,
        "z": -0.06293808668851852
    },
    "landmark_9": {
        "x": 0.4968163073062897,
        "y": 0.33258870244026184,
        "z": -0.13745538890361786
    },
    "landmark_10": {
        "x": 0.48811405897140503,
        "y": 0.3269942104816437,
        "z": -0.13800324499607086
    },
    "landmark_11": {
        "x": 0.5190680623054504,
        "y": 0.39301109313964844,
        "z": -0.0407862514257431
    },
    "landmark_12": {
        "x": 0.45860058069229126,
        "y": 0.36836355924606323,
        "z": -0.029687460511922836
    },
    "landmark_13": {
        "x": 0.5369173288345337,
        "y": 0.37926992774009705,
        "z": -0.17837023735046387
    },
    "landmark_14": {
        "x": 0.46052902936935425,
        "y": 0.38567525148391724,
        "z": -0.14182230830192566
    },
    "landmark_15": {
        "x": 0.5450204014778137,
        "y": 0.29348045587539673,
        "z": -0.29103145003318787
    },
    "landmark_16": {
        "x": 0.496102899312973,
        "y": 0.346574068069458,
        "z": -0.2530958354473114
    },
    "landmark_17": {
        "x": 0.5490140914916992,
        "y": 0.27379751205444336,
        "z": -0.31992045044898987
    },
    "landmark_18": {
        "x": 0.5112971067428589,
        "y": 0.3348357081413269,
        "z": -0.2831401526927948
    },
    "landmark_19": {
        "x": 0.5469956398010254,
        "y": 0.26988843083381653,
        "z": -0.31452545523643494
    },
    "landmark_20": {
        "x": 0.5153549313545227,
        "y": 0.33610859513282776,
        "z": -0.2710210680961609
    },
    "landmark_21": {
        "x": 0.5447679758071899,
        "y": 0.27775830030441284,
        "z": -0.293475866317749
    },
    "landmark_22": {
        "x": 0.513312816619873,
        "y": 0.34151941537857056,
        "z": -0.2528188228607178
    },
    "landmark_23": {
        "x": 0.5118445754051208,
        "y": 0.5891422629356384,
        "z": -0.014660755172371864
    },
    "landmark_24": {
        "x": 0.46782079339027405,
        "y": 0.584025502204895,
        "z": 0.014778630807995796
    },
    "landmark_25": {
        "x": 0.5251709818840027,
        "y": 0.7315488457679749,
        "z": -0.03377184644341469
    },
    "landmark_26": {
        "x": 0.41955262422561646,
        "y": 0.691530168056488,
        "z": -0.11823823302984238
    },
    "landmark_27": {
        "x": 0.5144879817962646,
        "y": 0.8211151361465454,
        "z": 0.14708709716796875
    },
    "landmark_28": {
        "x": 0.4237968921661377,
        "y": 0.8208329677581787,
        "z": 0.02691962942481041
    },
    "landmark_29": {
        "x": 0.5072169303894043,
        "y": 0.8297865390777588,
        "z": 0.15921659767627716
    },
    "landmark_30": {
        "x": 0.4322642683982849,
        "y": 0.8480453491210938,
        "z": 0.035844847559928894
    },
    "landmark_31": {
        "x": 0.5166761875152588,
        "y": 0.8874374628067017,
        "z": 0.0634303018450737
    },
    "landmark_32": {
        "x": 0.39357081055641174,
        "y": 0.8574131727218628,
        "z": -0.0536375567317009
    }
}