{
    "landmark_0": {
        "x": 0.5094997882843018,
        "y": 0.46515747904777527,
        "z": -0.2767801880836487
    },
    "landmark_1": {
        "x": 0.509869396686554,
        "y": 0.4520280063152313,
        "z": -0.2680289149284363
    },
    "landmark_2": {
        "x": 0.5116161704063416,
        "y": 0.4512607455253601,
        "z": -0.2680620849132538
    },
    "landmark_3": {
        "x": 0.5134636759757996,
        "y": 0.4504337012767792,
        "z": -0.26813656091690063
    },
    "landmark_4": {
        "x": 0.5044374465942383,
        "y": 0.4500219225883484,
        "z": -0.27656883001327515
    },
    "landmark_5": {
        "x": 0.5022391080856323,
        "y": 0.4480988383293152,
        "z": -0.27656587958335876
    },
    "landmark_6": {
        "x": 0.5004320740699768,
        "y": 0.44650110602378845,
        "z": -0.2765842378139496
    },
    "landmark_7": {
        "x": 0.5120745301246643,
        "y": 0.4451602101325989,
        "z": -0.18308568000793457
    },
    "landmark_8": {
        "x": 0.49567562341690063,
        "y": 0.44373008608818054,
        "z": -0.22050759196281433
    },
    "landmark_9": {
        "x": 0.5121249556541443,
        "y": 0.4725775420665741,
        "z": -0.24025921523571014
    },
    "landmark_10": {
        "x": 0.505595326423645,
        "y": 0.4719424247741699,
        "z": -0.2514885365962982
    },
    "landmark_11": {
        "x": 0.5253716707229614,
        "y": 0.4887784421443939,
        "z": -0.11391562223434448
    },
    "landmark_12": {
        "x": 0.4723251760005951,
        "y": 0.48713815212249756,
        "z": -0.1943933516740799
    },
    "landmark_13": {
        "x": 0.5447033643722534,
        "y": 0.520250141620636,
        "z": -0.21984724700450897
    },
    "landmark_14": {
        "x": 0.5030802488327026,
        "y": 0.5261936783790588,
        "z": -0.30229297280311584
    },
    "landmark_15": {
        "x": 0.5570196509361267,
        "y": 0.4558820128440857,
        "z": -0.3570985198020935
    },
    "landmark_16": {
        "x": 0.5478854179382324,
        "y": 0.46741899847984314,
        "z": -0.37179070711135864
    },
    "landmark_17": {
        "x": 0.5641282796859741,
        "y": 0.4432942569255829,
        "z": -0.3867390751838684
    },
    "landmark_18": {
        "x": 0.5603328943252563,
        "y": 0.45794665813446045,
        "z": -0.40027865767478943
    },
    "landmark_19": {
        "x": 0.5620859861373901,
        "y": 0.4376141130924225,
        "z": -0.3858267366886139
    },
    "landmark_20": {
        "x": 0.5547921061515808,
        "y": 0.4437130093574524,
        "z": -0.38736459612846375
    },
    "landmark_21": {
        "x": 0.5601389408111572,
        "y": 0.4428984224796295,
        "z": -0.3616065979003906
    },
    "landmark_22": {
        "x": 0.5533100366592407,
        "y": 0.451013445854187,
        "z": -0.36844566464424133
    },
    "landmark_23": {
        "x": 0.5126128792762756,
        "y": 0.6636022329330444,
        "z": 0.008461177349090576
    },
    "landmark_24": {
        "x": 0.47177213430404663,
        "y": 0.6559485197067261,
        "z": -0.008480433374643326
    },
    "landmark_25": {
        "x": 0.5250483155250549,
        "y": 0.7450852394104004,
        "z": -0.12030728161334991
    },
    "landmark_26": {
        "x": 0.41955289244651794,
        "y": 0.754757285118103,
        "z": -0.09805727750062943
    },
    "landmark_27": {
        "x": 0.5123482346534729,
        "y": 0.8586196899414062,
        "z": 0.038608502596616745
    },
    "landmark_28": {
        "x": 0.3719644546508789,
        "y": 0.8513849973678589,
        "z": -0.04913054406642914
    },
    "landmark_29": {
        "x": 0.5054381489753723,
        "y": 0.8742642998695374,
        "z": 0.051750801503658295
    },
    "landmark_30": {
        "x": 0.3612554371356964,
        "y": 0.871289849281311,
        "z": -0.048604801297187805
    },
    "landmark_31": {
        "x": 0.5303285121917725,
        "y": 0.9013442397117615,
        "z": -0.02430570498108864
    },
    "landmark_32": {
        "x": 0.3429286777973175,
        "y": 0.8735589981079102,
        "z": -0.1403844803571701
    }
}