{
    "landmark_0": {
        "x": 0.4857637882232666,
        "y": 0.349534273147583,
        "z": -0.1788027435541153
    },
    "landmark_1": {
        "x": 0.4873003363609314,
        "y": 0.33543825149536133,
        "z": -0.16616199910640717
    },
    "landmark_2": {
        "x": 0.4898666739463806,
        "y": 0.33381474018096924,
        "z": -0.16623003780841827
    },
    "landmark_3": {
        "x": 0.49264732003211975,
        "y": 0.33232781291007996,
        "z": -0.1662684679031372
    },
    "landmark_4": {
        "x": 0.48164981603622437,
        "y": 0.33868223428726196,
        "z": -0.15931148827075958
    },
    "landmark_5": {
        "x": 0.48011350631713867,
        "y": 0.3396398425102234,
        "z": -0.1592976301908493
    },
    "landmark_6": {
        "x": 0.47849711775779724,
        "y": 0.34089022874832153,
        "z": -0.15926438570022583
    },
    "landmark_7": {
        "x": 0.4985678195953369,
        "y": 0.33529216051101685,
        "z": -0.09226669371128082
    },
    "landmark_8": {
        "x": 0.4766690731048584,
        "y": 0.3489049971103668,
        "z": -0.05788517743349075
    },
    "landmark_9": {
        "x": 0.49334773421287537,
        "y": 0.35791507363319397,
        "z": -0.15132927894592285
    },
    "landmark_10": {
        "x": 0.48500481247901917,
        "y": 0.36184027791023254,
        "z": -0.14152243733406067
    },
    "landmark_11": {
        "x": 0.5284121632575989,
        "y": 0.39499711990356445,
        "z": -0.1045754998922348
    },
    "landmark_12": {
        "x": 0.4634522795677185,
        "y": 0.41007140278816223,
        "z": -0.01789213716983795
    },
    "landmark_13": {
        "x": 0.5269227027893066,
        "y": 0.4219872057437897,
        "z": -0.27743062376976013
    },
    "landmark_14": {
        "x": 0.4341488480567932,
        "y": 0.4107509255409241,
        "z": -0.16778646409511566
    },
    "landmark_15": {
        "x": 0.47811612486839294,
        "y": 0.4378669261932373,
        "z": -0.4080737233161926
    },
    "landmark_16": {
        "x": 0.4269326627254486,
        "y": 0.3368850350379944,
        "z": -0.35505133867263794
    },
    "landmark_17": {
        "x": 0.4665628969669342,
        "y": 0.4456143379211426,
        "z": -0.44701701402664185
    },
    "landmark_18": {
        "x": 0.4211077094078064,
        "y": 0.31829196214675903,
        "z": -0.3942496180534363
    },
    "landmark_19": {
        "x": 0.46326056122779846,
        "y": 0.438681960105896,
        "z": -0.43371063470840454
    },
    "landmark_20": {
        "x": 0.42402714490890503,
        "y": 0.31323784589767456,
        "z": -0.3903143107891083
    },
    "landmark_21": {
        "x": 0.46701082587242126,
        "y": 0.438603937625885,
        "z": -0.40576815605163574
    },
    "landmark_22": {
        "x": 0.4265215992927551,
        "y": 0.32006585597991943,
        "z": -0.3611772954463959
    },
    "landmark_23": {
        "x": 0.5225756168365479,
        "y": 0.5996575951576233,
        "z": -0.01347806490957737
    },
    "landmark_24": {
        "x": 0.47725313901901245,
        "y": 0.6077990531921387,
        "z": 0.013336507603526115
    },
    "landmark_25": {
        "x": 0.565201461315155,
        "y": 0.7053171396255493,
        "z": -0.07647641003131866
    },
    "landmark_26": {
        "x": 0.4647609293460846,
        "y": 0.7458661198616028,
        "z": -0.0349242240190506
    },
    "landmark_27": {
        "x": 0.5904707908630371,
        "y": 0.8340656757354736,
        "z": 0.033778201788663864
    },
    "landmark_28": {
        "x": 0.47533947229385376,
        "y": 0.8423649072647095,
        "z": 0.10532723367214203
    },
    "landmark_29": {
        "x": 0.585483968257904,
        "y": 0.860913872718811,
        "z": 0.0387873500585556
    },
    "landmark_30": {
        "x": 0.4867187440395355,
        "y": 0.8584873676300049,
        "z": 0.1143455058336258
    },
    "landmark_31": {
        "x": 0.6176621913909912,
        "y": 0.8487263917922974,
        "z": -0.06355611979961395
    },
    "landmark_32": {
        "x": 0.4648679792881012,
        "y": 0.8999612331390381,
        "z": 0.027657201513648033
    }
}