{
    "landmark_0": {
        "x": 0.5061700940132141,
        "y": 0.34813788533210754,
        "z": -0.1683296412229538
    },
    "landmark_1": {
        "x": 0.5103237628936768,
        "y": 0.3386440873146057,
        "z": -0.1498529016971588
    },
    "landmark_2": {
        "x": 0.5125179290771484,
        "y": 0.3397018611431122,
        "z": -0.14986823499202728
    },
    "landmark_3": {
        "x": 0.514588475227356,
        "y": 0.34077271819114685,
        "z": -0.14990690350532532
    },
    "landmark_4": {
        "x": 0.5042717456817627,
        "y": 0.3347683250904083,
        "z": -0.15728040039539337
    },
    "landmark_5": {
        "x": 0.5024576187133789,
        "y": 0.33354416489601135,
        "z": -0.15725132822990417
    },
    "landmark_6": {
        "x": 0.500580370426178,
        "y": 0.33262139558792114,
        "z": -0.1572629064321518
    },
    "landmark_7": {
        "x": 0.5141808986663818,
        "y": 0.3464454412460327,
        "z": -0.0528571717441082
    },
    "landmark_8": {
        "x": 0.4944421648979187,
        "y": 0.3379955291748047,
        "z": -0.0867973119020462
    },
    "landmark_9": {
        "x": 0.5086764693260193,
        "y": 0.35889214277267456,
        "z": -0.13205301761627197
    },
    "landmark_10": {
        "x": 0.5007308721542358,
        "y": 0.3554515540599823,
        "z": -0.14232684671878815
    },
    "landmark_11": {
        "x": 0.5237779021263123,
        "y": 0.4197847545146942,
        "z": -0.015085257589817047
    },
    "landmark_12": {
        "x": 0.46452537178993225,
        "y": 0.40553396940231323,
        "z": -0.08860461413860321
    },
    "landmark_13": {
        "x": 0.54685378074646,
        "y": 0.40430748462677,
        "z": -0.12441752851009369
    },
    "landmark_14": {
        "x": 0.4875437617301941,
        "y": 0.4299064576625824,
        "z": -0.2422320544719696
    },
    "landmark_15": {
        "x": 0.5481047034263611,
        "y": 0.32621246576309204,
        "z": -0.238674595952034
    },
    "landmark_16": {
        "x": 0.5132588148117065,
        "y": 0.40017426013946533,
        "z": -0.36469101905822754
    },
    "landmark_17": {
        "x": 0.5502642393112183,
        "y": 0.3010824918746948,
        "z": -0.26514026522636414
    },
    "landmark_18": {
        "x": 0.5258265733718872,
        "y": 0.38990238308906555,
        "z": -0.4010304808616638
    },
    "landmark_19": {
        "x": 0.5484186410903931,
        "y": 0.29794248938560486,
        "z": -0.2575420141220093
    },
    "landmark_20": {
        "x": 0.5265803933143616,
        "y": 0.38943612575531006,
        "z": -0.38928353786468506
    },
    "landmark_21": {
        "x": 0.5463472008705139,
        "y": 0.30826595425605774,
        "z": -0.24007482826709747
    },
    "landmark_22": {
        "x": 0.5210680365562439,
        "y": 0.3919079303741455,
        "z": -0.36439234018325806
    },
    "landmark_23": {
        "x": 0.5182875394821167,
        "y": 0.5963026285171509,
        "z": 0.010507861152291298
    },
    "landmark_24": {
        "x": 0.47606271505355835,
        "y": 0.5977738499641418,
        "z": -0.010520079173147678
    },
    "landmark_25": {
        "x": 0.549922525882721,
        "y": 0.7249822020530701,
        "z": -0.04120815917849541
    },
    "landmark_26": {
        "x": 0.439697802066803,
        "y": 0.728157103061676,
        "z": -0.06204736977815628
    },
    "landmark_27": {
        "x": 0.5423469543457031,
        "y": 0.83594810962677,
        "z": 0.1555255949497223
    },
    "landmark_28": {
        "x": 0.4577099680900574,
        "y": 0.8090008497238159,
        "z": 0.17171326279640198
    },
    "landmark_29": {
        "x": 0.5337727069854736,
        "y": 0.8502050042152405,
        "z": 0.17090636491775513
    },
    "landmark_30": {
        "x": 0.46856003999710083,
        "y": 0.8213149905204773,
        "z": 0.19078928232192993
    },
    "landmark_31": {
        "x": 0.5534061193466187,
        "y": 0.8875578045845032,
        "z": 0.0822845995426178
    },
    "landmark_32": {
        "x": 0.44034117460250854,
        "y": 0.8664617538452148,
        "z": 0.11356677114963531
    }
}