{
    "landmark_0": {
        "x": 0.4822894036769867,
        "y": 0.3182660639286041,
        "z": -0.12277434766292572
    },
    "landmark_1": {
        "x": 0.4869473874568939,
        "y": 0.3067353367805481,
        "z": -0.11791297048330307
    },
    "landmark_2": {
        "x": 0.489332914352417,
        "y": 0.3061067461967468,
        "z": -0.11795781552791595
    },
    "landmark_3": {
        "x": 0.49177733063697815,
        "y": 0.3055063784122467,
        "z": -0.11799605190753937
    },
    "landmark_4": {
        "x": 0.48214998841285706,
        "y": 0.3067767322063446,
        "z": -0.1020636335015297
    },
    "landmark_5": {
        "x": 0.48114314675331116,
        "y": 0.3061743676662445,
        "z": -0.10203869640827179
    },
    "landmark_6": {
        "x": 0.48007744550704956,
        "y": 0.30561962723731995,
        "z": -0.10207624733448029
    },
    "landmark_7": {
        "x": 0.4995470643043518,
        "y": 0.307467520236969,
        "z": -0.07600094377994537
    },
    "landmark_8": {
        "x": 0.4825182855129242,
        "y": 0.30844444036483765,
        "z": -0.0007771794334985316
    },
    "landmark_9": {
        "x": 0.4874090254306793,
        "y": 0.32745394110679626,
        "z": -0.1065874844789505
    },
    "landmark_10": {
        "x": 0.4812232553958893,
        "y": 0.32792192697525024,
        "z": -0.08504476398229599
    },
    "landmark_11": {
        "x": 0.5253864526748657,
        "y": 0.3699566721916199,
        "z": -0.08085902035236359
    },
    "landmark_12": {
        "x": 0.46850818395614624,
        "y": 0.36322054266929626,
        "z": 0.04062032699584961
    },
    "landmark_13": {
        "x": 0.5282027721405029,
        "y": 0.3556917905807495,
        "z": -0.20856210589408875
    },
    "landmark_14": {
        "x": 0.43748196959495544,
        "y": 0.3325083255767822,
        "z": 0.060530491173267365
    },
    "landmark_15": {
        "x": 0.49122434854507446,
        "y": 0.3102160096168518,
        "z": -0.29445236921310425
    },
    "landmark_16": {
        "x": 0.427277147769928,
        "y": 0.26282399892807007,
        "z": 0.04061643034219742
    },
    "landmark_17": {
        "x": 0.4849783778190613,
        "y": 0.3005180060863495,
        "z": -0.3238275647163391
    },
    "landmark_18": {
        "x": 0.4237082898616791,
        "y": 0.242760568857193,
        "z": 0.02361692674458027
    },
    "landmark_19": {
        "x": 0.48442888259887695,
        "y": 0.30081990361213684,
        "z": -0.31746625900268555
    },
    "landmark_20": {
        "x": 0.42678555846214294,
        "y": 0.23987986147403717,
        "z": 0.01897505111992359
    },
    "landmark_21": {
        "x": 0.4853672385215759,
        "y": 0.30422329902648926,
        "z": -0.2950994670391083
    },
    "landmark_22": {
        "x": 0.42983755469322205,
        "y": 0.24809977412223816,
        "z": 0.034060727804899216
    },
    "landmark_23": {
        "x": 0.5112559795379639,
        "y": 0.5791343450546265,
        "z": -0.027304774150252342
    },
    "landmark_24": {
        "x": 0.469317764043808,
        "y": 0.5731413960456848,
        "z": 0.027248922735452652
    },
    "landmark_25": {
        "x": 0.534485399723053,
        "y": 0.7151482701301575,
        "z": -0.06017463281750679
    },
    "landmark_26": {
        "x": 0.4355168342590332,
        "y": 0.6892882585525513,
        "z": -0.060252003371715546
    },
    "landmark_27": {
        "x": 0.5114762187004089,
        "y": 0.8213859796524048,
        "z": 0.12191341817378998
    },
    "landmark_28": {
        "x": 0.4493280351161957,
        "y": 0.7935473918914795,
        "z": 0.10570694506168365
    },
    "landmark_29": {
        "x": 0.49896296858787537,
        "y": 0.8366736769676208,
        "z": 0.13547638058662415
    },
    "landmark_30": {
        "x": 0.4600621163845062,
        "y": 0.8114224672317505,
        "z": 0.11814240366220474
    },
    "landmark_31": {
        "x": 0.5202561020851135,
        "y": 0.8829774856567383,
        "z": 0.04649215191602707
    },
    "landmark_32": {
        "x": 0.4252339005470276,
        "y": 0.8442019820213318,
        "z": 0.044105835258960724
    }
}