{
    "landmark_0": {
        "x": 0.5020734071731567,
        "y": 0.3623625338077545,
        "z": -0.09325294941663742
    },
    "landmark_1": {
        "x": 0.5055967569351196,
        "y": 0.3502722382545471,
        "z": -0.07450856268405914
    },
    "landmark_2": {
        "x": 0.5077077150344849,
        "y": 0.35018548369407654,
        "z": -0.07450417429208755
    },
    "landmark_3": {
        "x": 0.5098938345909119,
        "y": 0.3502136468887329,
        "z": -0.07455238699913025
    },
    "landmark_4": {
        "x": 0.49979859590530396,
        "y": 0.34860581159591675,
        "z": -0.0779900848865509
    },
    "landmark_5": {
        "x": 0.4978276193141937,
        "y": 0.3476269245147705,
        "z": -0.07799671590328217
    },
    "landmark_6": {
        "x": 0.4959886074066162,
        "y": 0.346876323223114,
        "z": -0.07803592085838318
    },
    "landmark_7": {
        "x": 0.5109654664993286,
        "y": 0.3526831269264221,
        "z": 0.015509342774748802
    },
    "landmark_8": {
        "x": 0.49136582016944885,
        "y": 0.3486230671405792,
        "z": 0.0012280482333153486
    },
    "landmark_9": {
        "x": 0.5059736967086792,
        "y": 0.3716267943382263,
        "z": -0.05969445779919624
    },
    "landmark_10": {
        "x": 0.49781280755996704,
        "y": 0.36925867199897766,
        "z": -0.0642118826508522
    },
    "landmark_11": {
        "x": 0.5284557342529297,
        "y": 0.4109962582588196,
        "z": 0.03530058264732361
    },
    "landmark_12": {
        "x": 0.46734029054641724,
        "y": 0.40401017665863037,
        "z": -0.005389080382883549
    },
    "landmark_13": {
        "x": 0.5481137037277222,
        "y": 0.40954190492630005,
        "z": -0.05350794270634651
    },
    "landmark_14": {
        "x": 0.46781569719314575,
        "y": 0.38122811913490295,
        "z": -0.07165747880935669
    },
    "landmark_15": {
        "x": 0.5232018232345581,
        "y": 0.3400099575519562,
        "z": -0.10842107236385345
    },
    "landmark_16": {
        "x": 0.5050821304321289,
        "y": 0.3461293876171112,
        "z": -0.04983729124069214
    },
    "landmark_17": {
        "x": 0.5189365744590759,
        "y": 0.31963327527046204,
        "z": -0.1275581568479538
    },
    "landmark_18": {
        "x": 0.5163818597793579,
        "y": 0.333528608083725,
        "z": -0.0648350715637207
    },
    "landmark_19": {
        "x": 0.5166032314300537,
        "y": 0.32208818197250366,
        "z": -0.11784759908914566
    },
    "landmark_20": {
        "x": 0.5165817141532898,
        "y": 0.33576685190200806,
        "z": -0.055020879954099655
    },
    "landmark_21": {
        "x": 0.5156952142715454,
        "y": 0.33199694752693176,
        "z": -0.10765848308801651
    },
    "landmark_22": {
        "x": 0.5129132866859436,
        "y": 0.34922856092453003,
        "z": -0.0474993996322155
    },
    "landmark_23": {
        "x": 0.5202460289001465,
        "y": 0.6157294511795044,
        "z": 0.0011158310808241367
    },
    "landmark_24": {
        "x": 0.4750896096229553,
        "y": 0.6163683533668518,
        "z": -0.0010828519007191062
    },
    "landmark_25": {
        "x": 0.5579657554626465,
        "y": 0.724988579750061,
        "z": -0.09382133930921555
    },
    "landmark_26": {
        "x": 0.43539777398109436,
        "y": 0.7369993329048157,
        "z": -0.15813595056533813
    },
    "landmark_27": {
        "x": 0.5416797399520874,
        "y": 0.8202325701713562,
        "z": 0.12143764644861221
    },
    "landmark_28": {
        "x": 0.46092042326927185,
        "y": 0.8270794153213501,
        "z": 0.06683225184679031
    },
    "landmark_29": {
        "x": 0.5309202075004578,
        "y": 0.8339253067970276,
        "z": 0.13935187458992004
    },
    "landmark_30": {
        "x": 0.4756642282009125,
        "y": 0.8416416645050049,
        "z": 0.08626390248537064
    },
    "landmark_31": {
        "x": 0.559951901435852,
        "y": 0.8857076168060303,
        "z": 0.06889881938695908
    },
    "landmark_32": {
        "x": 0.45205122232437134,
        "y": 0.8903429508209229,
        "z": 0.021671535447239876
    }
}