{
    "landmark_0": {
        "x": 0.5288669466972351,
        "y": 0.4679856598377228,
        "z": -0.19045747816562653
    },
    "landmark_1": {
        "x": 0.5349421501159668,
        "y": 0.4546066224575043,
        "z": -0.17868739366531372
    },
    "landmark_2": {
        "x": 0.5373409986495972,
        "y": 0.45516398549079895,
        "z": -0.1787385642528534
    },
    "landmark_3": {
        "x": 0.5396701693534851,
        "y": 0.45601364970207214,
        "z": -0.1788361817598343
    },
    "landmark_4": {
        "x": 0.52888023853302,
        "y": 0.45193448662757874,
        "z": -0.17675308883190155
    },
    "landmark_5": {
        "x": 0.5273221731185913,
        "y": 0.4504813253879547,
        "z": -0.17671947181224823
    },
    "landmark_6": {
        "x": 0.5257946252822876,
        "y": 0.4491148293018341,
        "z": -0.1767224669456482
    },
    "landmark_7": {
        "x": 0.5437429547309875,
        "y": 0.4595259726047516,
        "z": -0.09532476961612701
    },
    "landmark_8": {
        "x": 0.5272996425628662,
        "y": 0.4507140815258026,
        "z": -0.0861932635307312
    },
    "landmark_9": {
        "x": 0.5336966514587402,
        "y": 0.4805894196033478,
        "z": -0.15750595927238464
    },
    "landmark_10": {
        "x": 0.5254015922546387,
        "y": 0.47726380825042725,
        "z": -0.15525592863559723
    },
    "landmark_11": {
        "x": 0.5529781579971313,
        "y": 0.5251535773277283,
        "z": -0.05228715017437935
    },
    "landmark_12": {
        "x": 0.502190887928009,
        "y": 0.4943985044956207,
        "z": -0.06804240494966507
    },
    "landmark_13": {
        "x": 0.560237467288971,
        "y": 0.5754684209823608,
        "z": -0.19816000759601593
    },
    "landmark_14": {
        "x": 0.5193224549293518,
        "y": 0.5130515098571777,
        "z": -0.16610799729824066
    },
    "landmark_15": {
        "x": 0.577684223651886,
        "y": 0.5122057199478149,
        "z": -0.3586626946926117
    },
    "landmark_16": {
        "x": 0.5543337464332581,
        "y": 0.49180129170417786,
        "z": -0.26763367652893066
    },
    "landmark_17": {
        "x": 0.5850557088851929,
        "y": 0.49283650517463684,
        "z": -0.3904137909412384
    },
    "landmark_18": {
        "x": 0.5626062750816345,
        "y": 0.485281765460968,
        "z": -0.29131901264190674
    },
    "landmark_19": {
        "x": 0.582873523235321,
        "y": 0.4859234392642975,
        "z": -0.3865216076374054
    },
    "landmark_20": {
        "x": 0.5620594024658203,
        "y": 0.4846155345439911,
        "z": -0.2846977412700653
    },
    "landmark_21": {
        "x": 0.5795291066169739,
        "y": 0.49383968114852905,
        "z": -0.3613773286342621
    },
    "landmark_22": {
        "x": 0.5594237446784973,
        "y": 0.4889623522758484,
        "z": -0.2684919238090515
    },
    "landmark_23": {
        "x": 0.5181652307510376,
        "y": 0.6867395043373108,
        "z": 0.012138795107603073
    },
    "landmark_24": {
        "x": 0.47647029161453247,
        "y": 0.67568039894104,
        "z": -0.01212155632674694
    },
    "landmark_25": {
        "x": 0.5519382953643799,
        "y": 0.7760801315307617,
        "z": -0.11259590089321136
    },
    "landmark_26": {
        "x": 0.41871729493141174,
        "y": 0.7665941715240479,
        "z": -0.09752972424030304
    },
    "landmark_27": {
        "x": 0.5255542397499084,
        "y": 0.8549171686172485,
        "z": 0.052810437977313995
    },
    "landmark_28": {
        "x": 0.3677173852920532,
        "y": 0.8592905402183533,
        "z": -0.0387699268758297
    },
    "landmark_29": {
        "x": 0.5158621668815613,
        "y": 0.8691235780715942,
        "z": 0.06662801653146744
    },
    "landmark_30": {
        "x": 0.3614353835582733,
        "y": 0.8890331983566284,
        "z": -0.037716660648584366
    },
    "landmark_31": {
        "x": 0.5448788404464722,
        "y": 0.8980274796485901,
        "z": 0.003169475821778178
    },
    "landmark_32": {
        "x": 0.34063416719436646,
        "y": 0.867547333240509,
        "z": -0.12816393375396729
    }
}