{
    "landmark_0": {
        "x": 0.4975789189338684,
        "y": 0.4421781003475189,
        "z": -0.2167017012834549
    },
    "landmark_1": {
        "x": 0.4983120858669281,
        "y": 0.42743971943855286,
        "z": -0.2066090852022171
    },
    "landmark_2": {
        "x": 0.5000224709510803,
        "y": 0.42510825395584106,
        "z": -0.20660147070884705
    },
    "landmark_3": {
        "x": 0.50191730260849,
        "y": 0.4227322041988373,
        "z": -0.2066669762134552
    },
    "landmark_4": {
        "x": 0.4930691123008728,
        "y": 0.42906561493873596,
        "z": -0.21307706832885742
    },
    "landmark_5": {
        "x": 0.4909621775150299,
        "y": 0.42809534072875977,
        "z": -0.21309657394886017
    },
    "landmark_6": {
        "x": 0.48873457312583923,
        "y": 0.42726966738700867,
        "z": -0.21310940384864807
    },
    "landmark_7": {
        "x": 0.5020760297775269,
        "y": 0.41821321845054626,
        "z": -0.11394369602203369
    },
    "landmark_8": {
        "x": 0.48367175459861755,
        "y": 0.42609524726867676,
        "z": -0.1410113275051117
    },
    "landmark_9": {
        "x": 0.5002230405807495,
        "y": 0.4458952248096466,
        "z": -0.17733760178089142
    },
    "landmark_10": {
        "x": 0.49382084608078003,
        "y": 0.4484547972679138,
        "z": -0.18542790412902832
    },
    "landmark_11": {
        "x": 0.520404040813446,
        "y": 0.4451020658016205,
        "z": -0.015739021822810173
    },
    "landmark_12": {
        "x": 0.4617294371128082,
        "y": 0.4646148383617401,
        "z": -0.09344330430030823
    },
    "landmark_13": {
        "x": 0.5350654721260071,
        "y": 0.4771343767642975,
        "z": 0.08861419558525085
    },
    "landmark_14": {
        "x": 0.48836469650268555,
        "y": 0.530854344367981,
        "z": -0.09595645219087601
    },
    "landmark_15": {
        "x": 0.5432047247886658,
        "y": 0.47091394662857056,
        "z": 0.12366106361150742
    },
    "landmark_16": {
        "x": 0.5186855792999268,
        "y": 0.5230902433395386,
        "z": -0.11000742018222809
    },
    "landmark_17": {
        "x": 0.5485679507255554,
        "y": 0.4772835075855255,
        "z": 0.12899254262447357
    },
    "landmark_18": {
        "x": 0.5258021950721741,
        "y": 0.5236524939537048,
        "z": -0.12218029797077179
    },
    "landmark_19": {
        "x": 0.5488005876541138,
        "y": 0.4733636975288391,
        "z": 0.10813687741756439
    },
    "landmark_20": {
        "x": 0.5230405330657959,
        "y": 0.5185999274253845,
        "z": -0.12879374623298645
    },
    "landmark_21": {
        "x": 0.5465832948684692,
        "y": 0.47438845038414,
        "z": 0.1163109540939331
    },
    "landmark_22": {
        "x": 0.5223628282546997,
        "y": 0.5184299349784851,
        "z": -0.11224134266376495
    },
    "landmark_23": {
        "x": 0.5165228843688965,
        "y": 0.6236273050308228,
        "z": 0.0007304674363695085
    },
    "landmark_24": {
        "x": 0.47498828172683716,
        "y": 0.6209569573402405,
        "z": -0.0005913985660299659
    },
    "landmark_25": {
        "x": 0.5352209806442261,
        "y": 0.7459917068481445,
        "z": -0.15969304740428925
    },
    "landmark_26": {
        "x": 0.4254288077354431,
        "y": 0.7082184553146362,
        "z": -0.1477203518152237
    },
    "landmark_27": {
        "x": 0.5159125924110413,
        "y": 0.849761962890625,
        "z": -0.02046312391757965
    },
    "landmark_28": {
        "x": 0.4286840856075287,
        "y": 0.8257974982261658,
        "z": -0.007150071207433939
    },
    "landmark_29": {
        "x": 0.5062982439994812,
        "y": 0.8675041198730469,
        "z": -0.012326398864388466
    },
    "landmark_30": {
        "x": 0.4357704222202301,
        "y": 0.8514805436134338,
        "z": 0.002363711828365922
    },
    "landmark_31": {
        "x": 0.5254378914833069,
        "y": 0.9053459167480469,
        "z": -0.10655685514211655
    },
    "landmark_32": {
        "x": 0.3973408341407776,
        "y": 0.8546297550201416,
        "z": -0.07686705142259598
    }
}