{
    "landmark_0": {
        "x": 0.5262548327445984,
        "y": 0.40241706371307373,
        "z": -0.10129299014806747
    },
    "landmark_1": {
        "x": 0.5282517075538635,
        "y": 0.39062583446502686,
        "z": -0.0850297287106514
    },
    "landmark_2": {
        "x": 0.5288597345352173,
        "y": 0.3903263211250305,
        "z": -0.08501824736595154
    },
    "landmark_3": {
        "x": 0.5295125842094421,
        "y": 0.39006441831588745,
        "z": -0.08502552658319473
    },
    "landmark_4": {
        "x": 0.525188148021698,
        "y": 0.38837650418281555,
        "z": -0.10446923971176147
    },
    "landmark_5": {
        "x": 0.5233461260795593,
        "y": 0.3863767087459564,
        "z": -0.10444431006908417
    },
    "landmark_6": {
        "x": 0.5212593078613281,
        "y": 0.3843062222003937,
        "z": -0.10447944700717926
    },
    "landmark_7": {
        "x": 0.5231541991233826,
        "y": 0.38850632309913635,
        "z": -0.002706404309719801
    },
    "landmark_8": {
        "x": 0.5101454257965088,
        "y": 0.3799271881580353,
        "z": -0.08869760483503342
    },
    "landmark_9": {
        "x": 0.5238478779792786,
        "y": 0.409747451543808,
        "z": -0.06881250441074371
    },
    "landmark_10": {
        "x": 0.5195875763893127,
        "y": 0.407784640789032,
        "z": -0.09423792362213135
    },
    "landmark_11": {
        "x": 0.5253078937530518,
        "y": 0.44493862986564636,
        "z": 0.028677845373749733
    },
    "landmark_12": {
        "x": 0.4786270260810852,
        "y": 0.42015454173088074,
        "z": -0.10996966063976288
    },
    "landmark_13": {
        "x": 0.5549142360687256,
        "y": 0.46242034435272217,
        "z": -0.042247921228408813
    },
    "landmark_14": {
        "x": 0.5183423161506653,
        "y": 0.4218038022518158,
        "z": -0.16652479767799377
    },
    "landmark_15": {
        "x": 0.5474270582199097,
        "y": 0.37355831265449524,
        "z": -0.16273058950901031
    },
    "landmark_16": {
        "x": 0.552088737487793,
        "y": 0.3613426685333252,
        "z": -0.10193069279193878
    },
    "landmark_17": {
        "x": 0.5505239963531494,
        "y": 0.3545103669166565,
        "z": -0.18700358271598816
    },
    "landmark_18": {
        "x": 0.5572949647903442,
        "y": 0.3470342755317688,
        "z": -0.11757345497608185
    },
    "landmark_19": {
        "x": 0.5461697578430176,
        "y": 0.3531034290790558,
        "z": -0.17978234589099884
    },
    "landmark_20": {
        "x": 0.5533139109611511,
        "y": 0.3451889753341675,
        "z": -0.1123218983411789
    },
    "landmark_21": {
        "x": 0.5444225668907166,
        "y": 0.36198514699935913,
        "z": -0.16547662019729614
    },
    "landmark_22": {
        "x": 0.5503431558609009,
        "y": 0.34940463304519653,
        "z": -0.09831281006336212
    },
    "landmark_23": {
        "x": 0.5159280300140381,
        "y": 0.622820258140564,
        "z": 0.00866558589041233
    },
    "landmark_24": {
        "x": 0.474435418844223,
        "y": 0.6126841306686401,
        "z": -0.008638651110231876
    },
    "landmark_25": {
        "x": 0.5365188717842102,
        "y": 0.7489767074584961,
        "z": -0.048210397362709045
    },
    "landmark_26": {
        "x": 0.410069078207016,
        "y": 0.6866140961647034,
        "z": -0.13222387433052063
    },
    "landmark_27": {
        "x": 0.5227592587471008,
        "y": 0.846728503704071,
        "z": 0.1430303454399109
    },
    "landmark_28": {
        "x": 0.39761117100715637,
        "y": 0.8095648288726807,
        "z": 0.01866067200899124
    },
    "landmark_29": {
        "x": 0.5136574506759644,
        "y": 0.8610517978668213,
        "z": 0.15921208262443542
    },
    "landmark_30": {
        "x": 0.4020666182041168,
        "y": 0.8385366797447205,
        "z": 0.030725840479135513
    },
    "landmark_31": {
        "x": 0.5355539321899414,
        "y": 0.8936024904251099,
        "z": 0.08738753944635391
    },
    "landmark_32": {
        "x": 0.36345911026000977,
        "y": 0.818372368812561,
        "z": -0.03985754773020744
    }
}