{
    "landmark_0": {
        "x": 0.4824637770652771,
        "y": 0.37083572149276733,
        "z": -0.18129268288612366
    },
    "landmark_1": {
        "x": 0.4857107698917389,
        "y": 0.35537704825401306,
        "z": -0.17185388505458832
    },
    "landmark_2": {
        "x": 0.48820072412490845,
        "y": 0.35490649938583374,
        "z": -0.17190289497375488
    },
    "landmark_3": {
        "x": 0.4908975660800934,
        "y": 0.35447263717651367,
        "z": -0.17193225026130676
    },
    "landmark_4": {
        "x": 0.47990673780441284,
        "y": 0.3562577962875366,
        "z": -0.1665559560060501
    },
    "landmark_5": {
        "x": 0.4782382845878601,
        "y": 0.35666024684906006,
        "z": -0.16657736897468567
    },
    "landmark_6": {
        "x": 0.4764736294746399,
        "y": 0.35727459192276,
        "z": -0.16660015285015106
    },
    "landmark_7": {
        "x": 0.49532070755958557,
        "y": 0.35815367102622986,
        "z": -0.09835677593946457
    },
    "landmark_8": {
        "x": 0.47472381591796875,
        "y": 0.36300399899482727,
        "z": -0.07383643090724945
    },
    "landmark_9": {
        "x": 0.487527459859848,
        "y": 0.38161134719848633,
        "z": -0.15308940410614014
    },
    "landmark_10": {
        "x": 0.47931915521621704,
        "y": 0.3828863501548767,
        "z": -0.14625175297260284
    },
    "landmark_11": {
        "x": 0.5196977257728577,
        "y": 0.41583675146102905,
        "z": -0.08179870992898941
    },
    "landmark_12": {
        "x": 0.45976385474205017,
        "y": 0.4271189272403717,
        "z": -0.02832137420773506
    },
    "landmark_13": {
        "x": 0.5341769456863403,
        "y": 0.4694206714630127,
        "z": -0.16151584684848785
    },
    "landmark_14": {
        "x": 0.4391116499900818,
        "y": 0.44097721576690674,
        "z": -0.14250124990940094
    },
    "landmark_15": {
        "x": 0.5190986394882202,
        "y": 0.5259444117546082,
        "z": -0.25415414571762085
    },
    "landmark_16": {
        "x": 0.4260886311531067,
        "y": 0.38442498445510864,
        "z": -0.30461645126342773
    },
    "landmark_17": {
        "x": 0.5188843607902527,
        "y": 0.5478175282478333,
        "z": -0.2781166434288025
    },
    "landmark_18": {
        "x": 0.4223908483982086,
        "y": 0.3653385043144226,
        "z": -0.3334827125072479
    },
    "landmark_19": {
        "x": 0.5108073353767395,
        "y": 0.552635908126831,
        "z": -0.2801673412322998
    },
    "landmark_20": {
        "x": 0.4271461069583893,
        "y": 0.36077407002449036,
        "z": -0.33458951115608215
    },
    "landmark_21": {
        "x": 0.5066971778869629,
        "y": 0.5352466702461243,
        "z": -0.25655314326286316
    },
    "landmark_22": {
        "x": 0.43026262521743774,
        "y": 0.3688630759716034,
        "z": -0.31007805466651917
    },
    "landmark_23": {
        "x": 0.5192480087280273,
        "y": 0.623819887638092,
        "z": -0.02558443322777748
    },
    "landmark_24": {
        "x": 0.4796368479728699,
        "y": 0.6315308213233948,
        "z": 0.025502240285277367
    },
    "landmark_25": {
        "x": 0.5510872006416321,
        "y": 0.7405646443367004,
        "z": -0.03885675221681595
    },
    "landmark_26": {
        "x": 0.47395461797714233,
        "y": 0.7549318075180054,
        "z": 0.12529537081718445
    },
    "landmark_27": {
        "x": 0.5896649956703186,
        "y": 0.8501588702201843,
        "z": 0.008547698147594929
    },
    "landmark_28": {
        "x": 0.488090842962265,
        "y": 0.8454780578613281,
        "z": 0.291349858045578
    },
    "landmark_29": {
        "x": 0.5893828272819519,
        "y": 0.8798767328262329,
        "z": 0.007638248614966869
    },
    "landmark_30": {
        "x": 0.4993293285369873,
        "y": 0.8617836833000183,
        "z": 0.3045222759246826
    },
    "landmark_31": {
        "x": 0.6222079992294312,
        "y": 0.8658294081687927,
        "z": -0.0843651294708252
    },
    "landmark_32": {
        "x": 0.46862807869911194,
        "y": 0.8891688585281372,
        "z": 0.24354442954063416
    }
}