{
    "landmark_0": {
        "x": 0.49425625801086426,
        "y": 0.3352644443511963,
        "z": -0.1655413657426834
    },
    "landmark_1": {
        "x": 0.4960850775241852,
        "y": 0.32048454880714417,
        "z": -0.14889149367809296
    },
    "landmark_2": {
        "x": 0.4985683858394623,
        "y": 0.3192981481552124,
        "z": -0.14891184866428375
    },
    "landmark_3": {
        "x": 0.5010347366333008,
        "y": 0.31835269927978516,
        "z": -0.1489207148551941
    },
    "landmark_4": {
        "x": 0.4892488420009613,
        "y": 0.32284045219421387,
        "z": -0.143880233168602
    },
    "landmark_5": {
        "x": 0.487166166305542,
        "y": 0.32327091693878174,
        "z": -0.1438818722963333
    },
    "landmark_6": {
        "x": 0.4851275384426117,
        "y": 0.32389169931411743,
        "z": -0.14386576414108276
    },
    "landmark_7": {
        "x": 0.5057733058929443,
        "y": 0.3224917948246002,
        "z": -0.06237616389989853
    },
    "landmark_8": {
        "x": 0.48325562477111816,
        "y": 0.33150526881217957,
        "z": -0.03573882579803467
    },
    "landmark_9": {
        "x": 0.5016183853149414,
        "y": 0.3475176990032196,
        "z": -0.13438864052295685
    },
    "landmark_10": {
        "x": 0.4916568398475647,
        "y": 0.3492835760116577,
        "z": -0.12683992087841034
    },
    "landmark_11": {
        "x": 0.5332750678062439,
        "y": 0.37966907024383545,
        "z": -0.07550319284200668
    },
    "landmark_12": {
        "x": 0.4698195457458496,
        "y": 0.38803964853286743,
        "z": -0.02435530722141266
    },
    "landmark_13": {
        "x": 0.5355756282806396,
        "y": 0.3857191205024719,
        "z": -0.280910849571228
    },
    "landmark_14": {
        "x": 0.4439057409763336,
        "y": 0.3582312762737274,
        "z": -0.21398302912712097
    },
    "landmark_15": {
        "x": 0.5073845386505127,
        "y": 0.38421326875686646,
        "z": -0.4335874617099762
    },
    "landmark_16": {
        "x": 0.4399353563785553,
        "y": 0.28010293841362,
        "z": -0.39022600650787354
    },
    "landmark_17": {
        "x": 0.4961506724357605,
        "y": 0.3923967480659485,
        "z": -0.47411975264549255
    },
    "landmark_18": {
        "x": 0.4345356822013855,
        "y": 0.25497928261756897,
        "z": -0.43310219049453735
    },
    "landmark_19": {
        "x": 0.4912048280239105,
        "y": 0.3864983320236206,
        "z": -0.46208077669143677
    },
    "landmark_20": {
        "x": 0.43753185868263245,
        "y": 0.25288212299346924,
        "z": -0.4216548800468445
    },
    "landmark_21": {
        "x": 0.4932553172111511,
        "y": 0.3861999809741974,
        "z": -0.4335828423500061
    },
    "landmark_22": {
        "x": 0.4406958520412445,
        "y": 0.26306599378585815,
        "z": -0.3942512273788452
    },
    "landmark_23": {
        "x": 0.5216379165649414,
        "y": 0.5849021673202515,
        "z": -0.01122346706688404
    },
    "landmark_24": {
        "x": 0.47741907835006714,
        "y": 0.5853715538978577,
        "z": 0.01112284790724516
    },
    "landmark_25": {
        "x": 0.5575869083404541,
        "y": 0.7080231308937073,
        "z": -0.11561328172683716
    },
    "landmark_26": {
        "x": 0.43713927268981934,
        "y": 0.7040374875068665,
        "z": -0.10763545334339142
    },
    "landmark_27": {
        "x": 0.5372723937034607,
        "y": 0.8262168169021606,
        "z": 0.07466144859790802
    },
    "landmark_28": {
        "x": 0.45532482862472534,
        "y": 0.8025144934654236,
        "z": 0.0863170474767685
    },
    "landmark_29": {
        "x": 0.5254613757133484,
        "y": 0.8450354933738708,
        "z": 0.08845556527376175
    },
    "landmark_30": {
        "x": 0.46852073073387146,
        "y": 0.8184312582015991,
        "z": 0.10133327543735504
    },
    "landmark_31": {
        "x": 0.5576196908950806,
        "y": 0.8849546909332275,
        "z": 0.002213246189057827
    },
    "landmark_32": {
        "x": 0.4334537088871002,
        "y": 0.8557490706443787,
        "z": 0.028516074642539024
    }
}