{
    "landmark_0": {
        "x": 0.5220266580581665,
        "y": 0.4053877592086792,
        "z": -0.1271277219057083
    },
    "landmark_1": {
        "x": 0.5270660519599915,
        "y": 0.3951220214366913,
        "z": -0.10961578041315079
    },
    "landmark_2": {
        "x": 0.5296615958213806,
        "y": 0.3959366977214813,
        "z": -0.10961674153804779
    },
    "landmark_3": {
        "x": 0.5321220755577087,
        "y": 0.39682626724243164,
        "z": -0.10960640013217926
    },
    "landmark_4": {
        "x": 0.5194125771522522,
        "y": 0.39210209250450134,
        "z": -0.11881847679615021
    },
    "landmark_5": {
        "x": 0.516771137714386,
        "y": 0.39100930094718933,
        "z": -0.1188027635216713
    },
    "landmark_6": {
        "x": 0.5142057538032532,
        "y": 0.39009717106819153,
        "z": -0.11881997436285019
    },
    "landmark_7": {
        "x": 0.5345705151557922,
        "y": 0.4013342261314392,
        "z": -0.005912421736866236
    },
    "landmark_8": {
        "x": 0.5098395347595215,
        "y": 0.39263463020324707,
        "z": -0.04784562066197395
    },
    "landmark_9": {
        "x": 0.5262213349342346,
        "y": 0.41817691922187805,
        "z": -0.08666367083787918
    },
    "landmark_10": {
        "x": 0.515776515007019,
        "y": 0.4149033725261688,
        "z": -0.09909044206142426
    },
    "landmark_11": {
        "x": 0.5418899655342102,
        "y": 0.4673921763896942,
        "z": 0.05568743869662285
    },
    "landmark_12": {
        "x": 0.48772454261779785,
        "y": 0.4426634609699249,
        "z": -0.0799156129360199
    },
    "landmark_13": {
        "x": 0.5571355819702148,
        "y": 0.5067305564880371,
        "z": -0.07244010269641876
    },
    "landmark_14": {
        "x": 0.5185563564300537,
        "y": 0.47890108823776245,
        "z": -0.18729224801063538
    },
    "landmark_15": {
        "x": 0.565125584602356,
        "y": 0.43453946709632874,
        "z": -0.2516811490058899
    },
    "landmark_16": {
        "x": 0.5578265190124512,
        "y": 0.48116371035575867,
        "z": -0.18050196766853333
    },
    "landmark_17": {
        "x": 0.5718032121658325,
        "y": 0.4194070100784302,
        "z": -0.28316956758499146
    },
    "landmark_18": {
        "x": 0.5684548616409302,
        "y": 0.48449277877807617,
        "z": -0.1966250091791153
    },
    "landmark_19": {
        "x": 0.5686743259429932,
        "y": 0.413957417011261,
        "z": -0.2771356403827667
    },
    "landmark_20": {
        "x": 0.565726101398468,
        "y": 0.48160696029663086,
        "z": -0.19258593022823334
    },
    "landmark_21": {
        "x": 0.5653528571128845,
        "y": 0.42145267128944397,
        "z": -0.2559061348438263
    },
    "landmark_22": {
        "x": 0.550704836845398,
        "y": 0.4842168688774109,
        "z": -0.17797723412513733
    },
    "landmark_23": {
        "x": 0.5187485218048096,
        "y": 0.6562272906303406,
        "z": 0.026881828904151917
    },
    "landmark_24": {
        "x": 0.47882288694381714,
        "y": 0.6510016918182373,
        "z": -0.026837948709726334
    },
    "landmark_25": {
        "x": 0.5270301103591919,
        "y": 0.7745590806007385,
        "z": 0.06573975831270218
    },
    "landmark_26": {
        "x": 0.428941011428833,
        "y": 0.761684000492096,
        "z": -0.046559713780879974
    },
    "landmark_27": {
        "x": 0.5181751251220703,
        "y": 0.8665650486946106,
        "z": 0.22651585936546326
    },
    "landmark_28": {
        "x": 0.3772784471511841,
        "y": 0.8516508340835571,
        "z": 0.024402260780334473
    },
    "landmark_29": {
        "x": 0.5089382529258728,
        "y": 0.8853967189788818,
        "z": 0.2386591136455536
    },
    "landmark_30": {
        "x": 0.3728175461292267,
        "y": 0.8682267665863037,
        "z": 0.027657771483063698
    },
    "landmark_31": {
        "x": 0.533514678478241,
        "y": 0.9060969948768616,
        "z": 0.17682181298732758
    },
    "landmark_32": {
        "x": 0.34699100255966187,
        "y": 0.8709718585014343,
        "z": -0.06163949519395828
    }
}