{
    "landmark_0": {
        "x": 0.5167964100837708,
        "y": 0.3602367043495178,
        "z": -0.16110284626483917
    },
    "landmark_1": {
        "x": 0.5220097303390503,
        "y": 0.3514871299266815,
        "z": -0.14097316563129425
    },
    "landmark_2": {
        "x": 0.5237653255462646,
        "y": 0.35272932052612305,
        "z": -0.14098137617111206
    },
    "landmark_3": {
        "x": 0.525367259979248,
        "y": 0.35389411449432373,
        "z": -0.14101983606815338
    },
    "landmark_4": {
        "x": 0.5158387422561646,
        "y": 0.3460444509983063,
        "z": -0.14969958364963531
    },
    "landmark_5": {
        "x": 0.5134438276290894,
        "y": 0.3437410593032837,
        "z": -0.14968357980251312
    },
    "landmark_6": {
        "x": 0.5112594962120056,
        "y": 0.3416638672351837,
        "z": -0.14971384406089783
    },
    "landmark_7": {
        "x": 0.5242004990577698,
        "y": 0.35761532187461853,
        "z": -0.0350072905421257
    },
    "landmark_8": {
        "x": 0.5044497847557068,
        "y": 0.3433011472225189,
        "z": -0.07370344549417496
    },
    "landmark_9": {
        "x": 0.517963707447052,
        "y": 0.37162208557128906,
        "z": -0.12066663801670074
    },
    "landmark_10": {
        "x": 0.5088503956794739,
        "y": 0.36627620458602905,
        "z": -0.13220170140266418
    },
    "landmark_11": {
        "x": 0.5264538526535034,
        "y": 0.427889347076416,
        "z": 0.016867620870471
    },
    "landmark_12": {
        "x": 0.472327321767807,
        "y": 0.40902596712112427,
        "z": -0.04001079127192497
    },
    "landmark_13": {
        "x": 0.5574252605438232,
        "y": 0.4607842266559601,
        "z": -0.06520967930555344
    },
    "landmark_14": {
        "x": 0.4919455945491791,
        "y": 0.5088985562324524,
        "z": -0.0496530719101429
    },
    "landmark_15": {
        "x": 0.5619810223579407,
        "y": 0.3628823459148407,
        "z": -0.18976610898971558
    },
    "landmark_16": {
        "x": 0.520641565322876,
        "y": 0.5674976110458374,
        "z": -0.07720030099153519
    },
    "landmark_17": {
        "x": 0.5672109723091125,
        "y": 0.343949556350708,
        "z": -0.21854858100414276
    },
    "landmark_18": {
        "x": 0.5225290060043335,
        "y": 0.5923980474472046,
        "z": -0.09346329420804977
    },
    "landmark_19": {
        "x": 0.563916802406311,
        "y": 0.33825021982192993,
        "z": -0.21311934292316437
    },
    "landmark_20": {
        "x": 0.5277177095413208,
        "y": 0.586866557598114,
        "z": -0.10611889511346817
    },
    "landmark_21": {
        "x": 0.560409665107727,
        "y": 0.345493346452713,
        "z": -0.19317130744457245
    },
    "landmark_22": {
        "x": 0.5268874168395996,
        "y": 0.5802057385444641,
        "z": -0.08199384808540344
    },
    "landmark_23": {
        "x": 0.5208001136779785,
        "y": 0.6157203912734985,
        "z": -0.007451607380062342
    },
    "landmark_24": {
        "x": 0.4791839122772217,
        "y": 0.6078242659568787,
        "z": 0.007513499818742275
    },
    "landmark_25": {
        "x": 0.5389524102210999,
        "y": 0.7396047711372375,
        "z": -0.07480251044034958
    },
    "landmark_26": {
        "x": 0.4210726320743561,
        "y": 0.7022033929824829,
        "z": -0.0968760997056961
    },
    "landmark_27": {
        "x": 0.5264520645141602,
        "y": 0.8474785685539246,
        "z": 0.10958404839038849
    },
    "landmark_28": {
        "x": 0.4180067181587219,
        "y": 0.8225871324539185,
        "z": 0.07974150031805038
    },
    "landmark_29": {
        "x": 0.518730103969574,
        "y": 0.8617053627967834,
        "z": 0.12283588945865631
    },
    "landmark_30": {
        "x": 0.42639023065567017,
        "y": 0.8466739058494568,
        "z": 0.09288628399372101
    },
    "landmark_31": {
        "x": 0.5299757719039917,
        "y": 0.9035311341285706,
        "z": 0.035479508340358734
    },
    "landmark_32": {
        "x": 0.38363364338874817,
        "y": 0.8429625034332275,
        "z": 0.016294507309794426
    }
}