{
    "landmark_0": {
        "x": 0.47652801871299744,
        "y": 0.4589938819408417,
        "z": -0.17979483306407928
    },
    "landmark_1": {
        "x": 0.4760975241661072,
        "y": 0.44505900144577026,
        "z": -0.18707053363323212
    },
    "landmark_2": {
        "x": 0.4778575003147125,
        "y": 0.44377654790878296,
        "z": -0.18711964786052704
    },
    "landmark_3": {
        "x": 0.4798756241798401,
        "y": 0.44244858622550964,
        "z": -0.18718361854553223
    },
    "landmark_4": {
        "x": 0.4714807868003845,
        "y": 0.4452902376651764,
        "z": -0.173186793923378
    },
    "landmark_5": {
        "x": 0.4698947072029114,
        "y": 0.4443764090538025,
        "z": -0.1731983870267868
    },
    "landmark_6": {
        "x": 0.46837425231933594,
        "y": 0.4437471628189087,
        "z": -0.1732042133808136
    },
    "landmark_7": {
        "x": 0.4866165518760681,
        "y": 0.43561220169067383,
        "z": -0.16347511112689972
    },
    "landmark_8": {
        "x": 0.4690888524055481,
        "y": 0.4402642250061035,
        "z": -0.09839347004890442
    },
    "landmark_9": {
        "x": 0.4808543622493744,
        "y": 0.4627133309841156,
        "z": -0.16570807993412018
    },
    "landmark_10": {
        "x": 0.4754818379878998,
        "y": 0.46427854895591736,
        "z": -0.1471325159072876
    },
    "landmark_11": {
        "x": 0.5169302225112915,
        "y": 0.46877920627593994,
        "z": -0.1462109535932541
    },
    "landmark_12": {
        "x": 0.4667940139770508,
        "y": 0.47921860218048096,
        "z": -0.009009604342281818
    },
    "landmark_13": {
        "x": 0.5127126574516296,
        "y": 0.5245184302330017,
        "z": -0.22587211430072784
    },
    "landmark_14": {
        "x": 0.4571533799171448,
        "y": 0.5110859274864197,
        "z": 0.07180292159318924
    },
    "landmark_15": {
        "x": 0.47133177518844604,
        "y": 0.5375171303749084,
        "z": -0.30437687039375305
    },
    "landmark_16": {
        "x": 0.4364570081233978,
        "y": 0.4622233211994171,
        "z": 0.0883607268333435
    },
    "landmark_17": {
        "x": 0.46045389771461487,
        "y": 0.5501639246940613,
        "z": -0.32882148027420044
    },
    "landmark_18": {
        "x": 0.4299895167350769,
        "y": 0.45338231325149536,
        "z": 0.08983862400054932
    },
    "landmark_19": {
        "x": 0.45729249715805054,
        "y": 0.5450344681739807,
        "z": -0.32706859707832336
    },
    "landmark_20": {
        "x": 0.43652504682540894,
        "y": 0.4481123983860016,
        "z": 0.08079753071069717
    },
    "landmark_21": {
        "x": 0.460843026638031,
        "y": 0.5398778319358826,
        "z": -0.303158700466156
    },
    "landmark_22": {
        "x": 0.4369438588619232,
        "y": 0.4527958631515503,
        "z": 0.08483051508665085
    },
    "landmark_23": {
        "x": 0.5166703462600708,
        "y": 0.6415461301803589,
        "z": -0.033518169075250626
    },
    "landmark_24": {
        "x": 0.4809490144252777,
        "y": 0.6474282145500183,
        "z": 0.03355126082897186
    },
    "landmark_25": {
        "x": 0.5614009499549866,
        "y": 0.7430182695388794,
        "z": -0.0800262913107872
    },
    "landmark_26": {
        "x": 0.4707813858985901,
        "y": 0.7576611638069153,
        "z": 0.09763287007808685
    },
    "landmark_27": {
        "x": 0.6028667092323303,
        "y": 0.841424286365509,
        "z": -0.059936828911304474
    },
    "landmark_28": {
        "x": 0.48499712347984314,
        "y": 0.8331021070480347,
        "z": 0.24988451600074768
    },
    "landmark_29": {
        "x": 0.6063516736030579,
        "y": 0.8713657855987549,
        "z": -0.06087986379861832
    },
    "landmark_30": {
        "x": 0.4942994713783264,
        "y": 0.855124831199646,
        "z": 0.26226770877838135
    },
    "landmark_31": {
        "x": 0.6365146040916443,
        "y": 0.8385307192802429,
        "z": -0.14011545479297638
    },
    "landmark_32": {
        "x": 0.4601357579231262,
        "y": 0.8721176385879517,
        "z": 0.21819205582141876
    }
}