{
    "landmark_0": {
        "x": 0.49322494864463806,
        "y": 0.45964619517326355,
        "z": -0.2763186991214752
    },
    "landmark_1": {
        "x": 0.4962638020515442,
        "y": 0.4480569660663605,
        "z": -0.2759321331977844
    },
    "landmark_2": {
        "x": 0.49871549010276794,
        "y": 0.44731780886650085,
        "z": -0.2759612500667572
    },
    "landmark_3": {
        "x": 0.5012801289558411,
        "y": 0.4463372826576233,
        "z": -0.27607476711273193
    },
    "landmark_4": {
        "x": 0.4899478852748871,
        "y": 0.4468326270580292,
        "z": -0.27057549357414246
    },
    "landmark_5": {
        "x": 0.4879160523414612,
        "y": 0.4454040825366974,
        "z": -0.27060404419898987
    },
    "landmark_6": {
        "x": 0.48579350113868713,
        "y": 0.4441224932670593,
        "z": -0.2706091105937958
    },
    "landmark_7": {
        "x": 0.5050092339515686,
        "y": 0.4400491416454315,
        "z": -0.2101343423128128
    },
    "landmark_8": {
        "x": 0.48265019059181213,
        "y": 0.43956753611564636,
        "z": -0.1839517056941986
    },
    "landmark_9": {
        "x": 0.49781179428100586,
        "y": 0.4665147662162781,
        "z": -0.24607865512371063
    },
    "landmark_10": {
        "x": 0.4904618263244629,
        "y": 0.46547731757164,
        "z": -0.23889648914337158
    },
    "landmark_11": {
        "x": 0.5264021754264832,
        "y": 0.4779900312423706,
        "z": -0.1675485521554947
    },
    "landmark_12": {
        "x": 0.465571790933609,
        "y": 0.4755716919898987,
        "z": -0.11444221436977386
    },
    "landmark_13": {
        "x": 0.5244911909103394,
        "y": 0.5403587222099304,
        "z": -0.30432069301605225
    },
    "landmark_14": {
        "x": 0.4485778212547302,
        "y": 0.4771731197834015,
        "z": -0.20520322024822235
    },
    "landmark_15": {
        "x": 0.4913330078125,
        "y": 0.5201830863952637,
        "z": -0.4598694443702698
    },
    "landmark_16": {
        "x": 0.42840132117271423,
        "y": 0.43352973461151123,
        "z": -0.37373465299606323
    },
    "landmark_17": {
        "x": 0.482062965631485,
        "y": 0.5133600831031799,
        "z": -0.49620693922042847
    },
    "landmark_18": {
        "x": 0.42041587829589844,
        "y": 0.41706037521362305,
        "z": -0.4058147072792053
    },
    "landmark_19": {
        "x": 0.48152628540992737,
        "y": 0.505649983882904,
        "z": -0.49314379692077637
    },
    "landmark_20": {
        "x": 0.42241016030311584,
        "y": 0.41297242045402527,
        "z": -0.41056543588638306
    },
    "landmark_21": {
        "x": 0.48861390352249146,
        "y": 0.506468653678894,
        "z": -0.4619064927101135
    },
    "landmark_22": {
        "x": 0.42692288756370544,
        "y": 0.42084550857543945,
        "z": -0.3818729817867279
    },
    "landmark_23": {
        "x": 0.5224599242210388,
        "y": 0.6412712335586548,
        "z": -0.002729817060753703
    },
    "landmark_24": {
        "x": 0.4782813489437103,
        "y": 0.6483314633369446,
        "z": 0.0026499705854803324
    },
    "landmark_25": {
        "x": 0.576916515827179,
        "y": 0.7268639206886292,
        "z": -0.07720153778791428
    },
    "landmark_26": {
        "x": 0.46127715706825256,
        "y": 0.7796810865402222,
        "z": -0.04061382636427879
    },
    "landmark_27": {
        "x": 0.6113132238388062,
        "y": 0.831951916217804,
        "z": 0.0038405223749578
    },
    "landmark_28": {
        "x": 0.47612589597702026,
        "y": 0.8518006801605225,
        "z": 0.13929085433483124
    },
    "landmark_29": {
        "x": 0.6114400029182434,
        "y": 0.8624075055122375,
        "z": 0.007595740258693695
    },
    "landmark_30": {
        "x": 0.48535746335983276,
        "y": 0.8704686760902405,
        "z": 0.15305280685424805
    },
    "landmark_31": {
        "x": 0.6465031504631042,
        "y": 0.8467745184898376,
        "z": -0.08229238539934158
    },
    "landmark_32": {
        "x": 0.45556768774986267,
        "y": 0.8945461511611938,
        "z": 0.08215248584747314
    }
}