{
    "landmark_0": {
        "x": 0.5215170383453369,
        "y": 0.44990652799606323,
        "z": -0.05556812137365341
    },
    "landmark_1": {
        "x": 0.5240268111228943,
        "y": 0.4396289885044098,
        "z": -0.04717252030968666
    },
    "landmark_2": {
        "x": 0.5249381065368652,
        "y": 0.4392211437225342,
        "z": -0.04717986285686493
    },
    "landmark_3": {
        "x": 0.5259759426116943,
        "y": 0.43909111618995667,
        "z": -0.047221217304468155
    },
    "landmark_4": {
        "x": 0.5219883322715759,
        "y": 0.439193457365036,
        "z": -0.05712483078241348
    },
    "landmark_5": {
        "x": 0.521401584148407,
        "y": 0.43855565786361694,
        "z": -0.057132333517074585
    },
    "landmark_6": {
        "x": 0.5207713842391968,
        "y": 0.43813514709472656,
        "z": -0.0571821853518486
    },
    "landmark_7": {
        "x": 0.5261679291725159,
        "y": 0.4391581118106842,
        "z": 0.0041862595826387405
    },
    "landmark_8": {
        "x": 0.5187869668006897,
        "y": 0.43813613057136536,
        "z": -0.04251454398036003
    },
    "landmark_9": {
        "x": 0.522426426410675,
        "y": 0.45619234442710876,
        "z": -0.03460518270730972
    },
    "landmark_10": {
        "x": 0.5190200805664062,
        "y": 0.4560694694519043,
        "z": -0.048622969537973404
    },
    "landmark_11": {
        "x": 0.5332337617874146,
        "y": 0.4989428222179413,
        "z": 0.04191480204463005
    },
    "landmark_12": {
        "x": 0.487945556640625,
        "y": 0.4760935604572296,
        "z": -0.0469067357480526
    },
    "landmark_13": {
        "x": 0.5569900870323181,
        "y": 0.5151780843734741,
        "z": 0.09697706252336502
    },
    "landmark_14": {
        "x": 0.5180938839912415,
        "y": 0.4608246982097626,
        "z": -0.027716156095266342
    },
    "landmark_15": {
        "x": 0.5760712623596191,
        "y": 0.4680107831954956,
        "z": 0.12773434817790985
    },
    "landmark_16": {
        "x": 0.5488384366035461,
        "y": 0.42088577151298523,
        "z": 0.0655810683965683
    },
    "landmark_17": {
        "x": 0.5857040286064148,
        "y": 0.4587585926055908,
        "z": 0.13493573665618896
    },
    "landmark_18": {
        "x": 0.5565513968467712,
        "y": 0.4114822745323181,
        "z": 0.06167934089899063
    },
    "landmark_19": {
        "x": 0.5837489366531372,
        "y": 0.4515552818775177,
        "z": 0.12199960649013519
    },
    "landmark_20": {
        "x": 0.5503832697868347,
        "y": 0.4150446653366089,
        "z": 0.06568431854248047
    },
    "landmark_21": {
        "x": 0.5787089467048645,
        "y": 0.4548325538635254,
        "z": 0.12315821647644043
    },
    "landmark_22": {
        "x": 0.5526741743087769,
        "y": 0.42923134565353394,
        "z": 0.06812445819377899
    },
    "landmark_23": {
        "x": 0.5116860866546631,
        "y": 0.6779662370681763,
        "z": 0.008488820865750313
    },
    "landmark_24": {
        "x": 0.47676247358322144,
        "y": 0.6685696840286255,
        "z": -0.00845605693757534
    },
    "landmark_25": {
        "x": 0.5367401242256165,
        "y": 0.7706700563430786,
        "z": 0.012058386579155922
    },
    "landmark_26": {
        "x": 0.42046111822128296,
        "y": 0.7570904493331909,
        "z": -0.09015176445245743
    },
    "landmark_27": {
        "x": 0.5186265707015991,
        "y": 0.855861485004425,
        "z": 0.17249149084091187
    },
    "landmark_28": {
        "x": 0.37650996446609497,
        "y": 0.85284823179245,
        "z": -0.04679551720619202
    },
    "landmark_29": {
        "x": 0.5082629919052124,
        "y": 0.8710101842880249,
        "z": 0.18687377870082855
    },
    "landmark_30": {
        "x": 0.3690047562122345,
        "y": 0.8648549318313599,
        "z": -0.04557076096534729
    },
    "landmark_31": {
        "x": 0.5363042950630188,
        "y": 0.8963157534599304,
        "z": 0.14059597253799438
    },
    "landmark_32": {
        "x": 0.3433757722377777,
        "y": 0.886222779750824,
        "z": -0.11759613454341888
    }
}