{
    "landmark_0": {
        "x": 0.4798921048641205,
        "y": 0.36690467596054077,
        "z": -0.1303146779537201
    },
    "landmark_1": {
        "x": 0.483225017786026,
        "y": 0.35557666420936584,
        "z": -0.11847797781229019
    },
    "landmark_2": {
        "x": 0.4855572283267975,
        "y": 0.3553633987903595,
        "z": -0.11851771175861359
    },
    "landmark_3": {
        "x": 0.488036572933197,
        "y": 0.3554283678531647,
        "z": -0.11854831874370575
    },
    "landmark_4": {
        "x": 0.47852176427841187,
        "y": 0.3568207919597626,
        "z": -0.11186666786670685
    },
    "landmark_5": {
        "x": 0.47734346985816956,
        "y": 0.35740578174591064,
        "z": -0.11187149584293365
    },
    "landmark_6": {
        "x": 0.4763258993625641,
        "y": 0.3582945168018341,
        "z": -0.11188040673732758
    },
    "landmark_7": {
        "x": 0.49302443861961365,
        "y": 0.3623025119304657,
        "z": -0.053573381155729294
    },
    "landmark_8": {
        "x": 0.4758315980434418,
        "y": 0.3688872158527374,
        "z": -0.021912209689617157
    },
    "landmark_9": {
        "x": 0.4852251410484314,
        "y": 0.3762560188770294,
        "z": -0.10671547800302505
    },
    "landmark_10": {
        "x": 0.4790705144405365,
        "y": 0.3787239193916321,
        "z": -0.0976601094007492
    },
    "landmark_11": {
        "x": 0.5185987949371338,
        "y": 0.4145555794239044,
        "z": -0.059466131031513214
    },
    "landmark_12": {
        "x": 0.45700603723526,
        "y": 0.4242570102214813,
        "z": 0.01615259051322937
    },
    "landmark_13": {
        "x": 0.5227028727531433,
        "y": 0.4557524025440216,
        "z": -0.17509987950325012
    },
    "landmark_14": {
        "x": 0.42699527740478516,
        "y": 0.4408404529094696,
        "z": -0.08743070065975189
    },
    "landmark_15": {
        "x": 0.4784918427467346,
        "y": 0.46886712312698364,
        "z": -0.289588063955307
    },
    "landmark_16": {
        "x": 0.4175232946872711,
        "y": 0.3683575391769409,
        "z": -0.24416211247444153
    },
    "landmark_17": {
        "x": 0.46841540932655334,
        "y": 0.47380587458610535,
        "z": -0.32212504744529724
    },
    "landmark_18": {
        "x": 0.41313472390174866,
        "y": 0.34887775778770447,
        "z": -0.27884507179260254
    },
    "landmark_19": {
        "x": 0.4659791886806488,
        "y": 0.470511257648468,
        "z": -0.3170536458492279
    },
    "landmark_20": {
        "x": 0.4169677793979645,
        "y": 0.34509968757629395,
        "z": -0.2744658887386322
    },
    "landmark_21": {
        "x": 0.46950921416282654,
        "y": 0.4695950448513031,
        "z": -0.28933238983154297
    },
    "landmark_22": {
        "x": 0.41934800148010254,
        "y": 0.3516605794429779,
        "z": -0.2486233413219452
    },
    "landmark_23": {
        "x": 0.5158417820930481,
        "y": 0.5970150232315063,
        "z": -0.010752486996352673
    },
    "landmark_24": {
        "x": 0.4732152819633484,
        "y": 0.6052456498146057,
        "z": 0.010653169825673103
    },
    "landmark_25": {
        "x": 0.5565385818481445,
        "y": 0.7054365277290344,
        "z": -0.11499874293804169
    },
    "landmark_26": {
        "x": 0.44775694608688354,
        "y": 0.7325659990310669,
        "z": -0.10140123218297958
    },
    "landmark_27": {
        "x": 0.5638611912727356,
        "y": 0.835081934928894,
        "z": 0.01387110911309719
    },
    "landmark_28": {
        "x": 0.4739055037498474,
        "y": 0.82442307472229,
        "z": 0.04902522265911102
    },
    "landmark_29": {
        "x": 0.5558754205703735,
        "y": 0.8612945675849915,
        "z": 0.021559804677963257
    },
    "landmark_30": {
        "x": 0.48421230912208557,
        "y": 0.8361684083938599,
        "z": 0.059430431574583054
    },
    "landmark_31": {
        "x": 0.5930797457695007,
        "y": 0.8689637184143066,
        "z": -0.07114750891923904
    },
    "landmark_32": {
        "x": 0.46158844232559204,
        "y": 0.8882486820220947,
        "z": -0.018186811357736588
    }
}