{
    "landmark_0": {
        "x": 0.5096057653427124,
        "y": 0.32647961378097534,
        "z": -0.05841111019253731
    },
    "landmark_1": {
        "x": 0.5128947496414185,
        "y": 0.317394882440567,
        "z": -0.03657286986708641
    },
    "landmark_2": {
        "x": 0.5141843557357788,
        "y": 0.31821298599243164,
        "z": -0.03652070090174675
    },
    "landmark_3": {
        "x": 0.5154625773429871,
        "y": 0.3190712034702301,
        "z": -0.0365593358874321
    },
    "landmark_4": {
        "x": 0.5075321793556213,
        "y": 0.31290867924690247,
        "z": -0.05367249250411987
    },
    "landmark_5": {
        "x": 0.505292534828186,
        "y": 0.3106701374053955,
        "z": -0.053684450685977936
    },
    "landmark_6": {
        "x": 0.5032401084899902,
        "y": 0.3085230886936188,
        "z": -0.05364859849214554
    },
    "landmark_7": {
        "x": 0.512207567691803,
        "y": 0.3216637670993805,
        "z": 0.06530430167913437
    },
    "landmark_8": {
        "x": 0.49736103415489197,
        "y": 0.3069385290145874,
        "z": -0.012665796093642712
    },
    "landmark_9": {
        "x": 0.508644700050354,
        "y": 0.3362422585487366,
        "z": -0.02050434984266758
    },
    "landmark_10": {
        "x": 0.5014227032661438,
        "y": 0.33161723613739014,
        "z": -0.04324373975396156
    },
    "landmark_11": {
        "x": 0.5175241231918335,
        "y": 0.39180728793144226,
        "z": 0.11800386756658554
    },
    "landmark_12": {
        "x": 0.4621972143650055,
        "y": 0.35995805263519287,
        "z": -0.011605080217123032
    },
    "landmark_13": {
        "x": 0.5509617924690247,
        "y": 0.37158340215682983,
        "z": 0.16130413115024567
    },
    "landmark_14": {
        "x": 0.48528116941452026,
        "y": 0.33667486906051636,
        "z": -0.00035756122088059783
    },
    "landmark_15": {
        "x": 0.5515738725662231,
        "y": 0.2979238033294678,
        "z": 0.17932629585266113
    },
    "landmark_16": {
        "x": 0.5257579684257507,
        "y": 0.3133772611618042,
        "z": 0.1290961056947708
    },
    "landmark_17": {
        "x": 0.5518757104873657,
        "y": 0.2767840325832367,
        "z": 0.17210212349891663
    },
    "landmark_18": {
        "x": 0.5361591577529907,
        "y": 0.31077876687049866,
        "z": 0.1252395361661911
    },
    "landmark_19": {
        "x": 0.5497076511383057,
        "y": 0.2770492434501648,
        "z": 0.1676400601863861
    },
    "landmark_20": {
        "x": 0.5334073901176453,
        "y": 0.315016508102417,
        "z": 0.1281781792640686
    },
    "landmark_21": {
        "x": 0.5478099584579468,
        "y": 0.284351110458374,
        "z": 0.17409268021583557
    },
    "landmark_22": {
        "x": 0.5293642282485962,
        "y": 0.31750407814979553,
        "z": 0.1317843198776245
    },
    "landmark_23": {
        "x": 0.5100893974304199,
        "y": 0.5810014605522156,
        "z": 0.013637356460094452
    },
    "landmark_24": {
        "x": 0.46780166029930115,
        "y": 0.581318199634552,
        "z": -0.013485540635883808
    },
    "landmark_25": {
        "x": 0.5335065126419067,
        "y": 0.7162376642227173,
        "z": -0.08671184629201889
    },
    "landmark_26": {
        "x": 0.4272053837776184,
        "y": 0.7078749537467957,
        "z": -0.135481595993042
    },
    "landmark_27": {
        "x": 0.5266454815864563,
        "y": 0.8327982425689697,
        "z": 0.104132279753685
    },
    "landmark_28": {
        "x": 0.43867045640945435,
        "y": 0.8305754065513611,
        "z": 0.06226300075650215
    },
    "landmark_29": {
        "x": 0.5217257738113403,
        "y": 0.8440325260162354,
        "z": 0.11843131482601166
    },
    "landmark_30": {
        "x": 0.45040470361709595,
        "y": 0.8503349423408508,
        "z": 0.07692217826843262
    },
    "landmark_31": {
        "x": 0.5297260880470276,
        "y": 0.8887056708335876,
        "z": 0.027903955429792404
    },
    "landmark_32": {
        "x": 0.4168638586997986,
        "y": 0.8795595765113831,
        "z": -0.01314592082053423
    }
}