{
    "landmark_0": {
        "x": 0.5043501257896423,
        "y": 0.36839357018470764,
        "z": -0.1479770690202713
    },
    "landmark_1": {
        "x": 0.5093276500701904,
        "y": 0.3548469543457031,
        "z": -0.13456130027770996
    },
    "landmark_2": {
        "x": 0.5119671821594238,
        "y": 0.3553582429885864,
        "z": -0.13449406623840332
    },
    "landmark_3": {
        "x": 0.51463782787323,
        "y": 0.35586556792259216,
        "z": -0.13446293771266937
    },
    "landmark_4": {
        "x": 0.5023728609085083,
        "y": 0.3519456386566162,
        "z": -0.14014948904514313
    },
    "landmark_5": {
        "x": 0.5002644658088684,
        "y": 0.35080909729003906,
        "z": -0.14016106724739075
    },
    "landmark_6": {
        "x": 0.49804550409317017,
        "y": 0.3498092293739319,
        "z": -0.140218123793602
    },
    "landmark_7": {
        "x": 0.5164623260498047,
        "y": 0.36029836535453796,
        "z": -0.04799096658825874
    },
    "landmark_8": {
        "x": 0.4928942322731018,
        "y": 0.3531840443611145,
        "z": -0.07617689669132233
    },
    "landmark_9": {
        "x": 0.507531464099884,
        "y": 0.3830474019050598,
        "z": -0.11432190239429474
    },
    "landmark_10": {
        "x": 0.4988190233707428,
        "y": 0.37911859154701233,
        "z": -0.12266029417514801
    },
    "landmark_11": {
        "x": 0.5279067158699036,
        "y": 0.4272943139076233,
        "z": -0.005787077825516462
    },
    "landmark_12": {
        "x": 0.46538764238357544,
        "y": 0.41105663776397705,
        "z": -0.08579731732606888
    },
    "landmark_13": {
        "x": 0.5516557097434998,
        "y": 0.42539745569229126,
        "z": -0.04511813074350357
    },
    "landmark_14": {
        "x": 0.44279247522354126,
        "y": 0.4111213982105255,
        "z": -0.2778390645980835
    },
    "landmark_15": {
        "x": 0.5445771217346191,
        "y": 0.3468475043773651,
        "z": -0.06882426142692566
    },
    "landmark_16": {
        "x": 0.4923836290836334,
        "y": 0.42707642912864685,
        "z": -0.41006502509117126
    },
    "landmark_17": {
        "x": 0.5523189306259155,
        "y": 0.3321695625782013,
        "z": -0.07464917004108429
    },
    "landmark_18": {
        "x": 0.5037539601325989,
        "y": 0.43139946460723877,
        "z": -0.43605098128318787
    },
    "landmark_19": {
        "x": 0.5500566363334656,
        "y": 0.33098968863487244,
        "z": -0.06782252341508865
    },
    "landmark_20": {
        "x": 0.5072523355484009,
        "y": 0.4280170500278473,
        "z": -0.4181841015815735
    },
    "landmark_21": {
        "x": 0.5454429388046265,
        "y": 0.3372053802013397,
        "z": -0.06764134764671326
    },
    "landmark_22": {
        "x": 0.5039888620376587,
        "y": 0.42757830023765564,
        "z": -0.40547457337379456
    },
    "landmark_23": {
        "x": 0.5096379518508911,
        "y": 0.6273989677429199,
        "z": 0.005836074240505695
    },
    "landmark_24": {
        "x": 0.4691682755947113,
        "y": 0.6250535249710083,
        "z": -0.005740301683545113
    },
    "landmark_25": {
        "x": 0.5150856971740723,
        "y": 0.7403852939605713,
        "z": 0.08590519428253174
    },
    "landmark_26": {
        "x": 0.43054693937301636,
        "y": 0.7413848638534546,
        "z": -0.003971746191382408
    },
    "landmark_27": {
        "x": 0.5015407800674438,
        "y": 0.8530169129371643,
        "z": 0.2202361524105072
    },
    "landmark_28": {
        "x": 0.3935316503047943,
        "y": 0.843961238861084,
        "z": 0.060234494507312775
    },
    "landmark_29": {
        "x": 0.49568691849708557,
        "y": 0.8686746954917908,
        "z": 0.22898702323436737
    },
    "landmark_30": {
        "x": 0.39309757947921753,
        "y": 0.8646801710128784,
        "z": 0.06278631091117859
    },
    "landmark_31": {
        "x": 0.5132059454917908,
        "y": 0.902847945690155,
        "z": 0.1613936573266983
    },
    "landmark_32": {
        "x": 0.3652136027812958,
        "y": 0.8488152623176575,
        "z": -0.016820920631289482
    }
}