{
    "landmark_0": {
        "x": 0.49020466208457947,
        "y": 0.3447872996330261,
        "z": -0.17002198100090027
    },
    "landmark_1": {
        "x": 0.49360617995262146,
        "y": 0.3318747580051422,
        "z": -0.158289834856987
    },
    "landmark_2": {
        "x": 0.4963533282279968,
        "y": 0.3308975100517273,
        "z": -0.15832042694091797
    },
    "landmark_3": {
        "x": 0.49923524260520935,
        "y": 0.3301069438457489,
        "z": -0.1583528220653534
    },
    "landmark_4": {
        "x": 0.48665839433670044,
        "y": 0.33355870842933655,
        "z": -0.1549205332994461
    },
    "landmark_5": {
        "x": 0.48437467217445374,
        "y": 0.33386722207069397,
        "z": -0.15489047765731812
    },
    "landmark_6": {
        "x": 0.482060045003891,
        "y": 0.334072470664978,
        "z": -0.15485438704490662
    },
    "landmark_7": {
        "x": 0.5046780705451965,
        "y": 0.33399498462677,
        "z": -0.08300347626209259
    },
    "landmark_8": {
        "x": 0.47918111085891724,
        "y": 0.338799387216568,
        "z": -0.06418518722057343
    },
    "landmark_9": {
        "x": 0.4964843690395355,
        "y": 0.3559769093990326,
        "z": -0.14171133935451508
    },
    "landmark_10": {
        "x": 0.4861988127231598,
        "y": 0.3562201261520386,
        "z": -0.13648362457752228
    },
    "landmark_11": {
        "x": 0.5254033207893372,
        "y": 0.39845308661460876,
        "z": -0.08711639046669006
    },
    "landmark_12": {
        "x": 0.4646616578102112,
        "y": 0.40189874172210693,
        "z": -0.06811858713626862
    },
    "landmark_13": {
        "x": 0.5302247405052185,
        "y": 0.38554680347442627,
        "z": -0.3085430860519409
    },
    "landmark_14": {
        "x": 0.44870996475219727,
        "y": 0.37362322211265564,
        "z": -0.2759224474430084
    },
    "landmark_15": {
        "x": 0.5186567306518555,
        "y": 0.3560541272163391,
        "z": -0.49195581674575806
    },
    "landmark_16": {
        "x": 0.4427641034126282,
        "y": 0.30974721908569336,
        "z": -0.47574105858802795
    },
    "landmark_17": {
        "x": 0.5235335826873779,
        "y": 0.3494429588317871,
        "z": -0.5348773002624512
    },
    "landmark_18": {
        "x": 0.4366516172885895,
        "y": 0.2886103391647339,
        "z": -0.5212979316711426
    },
    "landmark_19": {
        "x": 0.5162011981010437,
        "y": 0.35089102387428284,
        "z": -0.5285378694534302
    },
    "landmark_20": {
        "x": 0.4410587251186371,
        "y": 0.2853039801120758,
        "z": -0.5135356783866882
    },
    "landmark_21": {
        "x": 0.5145357847213745,
        "y": 0.354840487241745,
        "z": -0.4961598813533783
    },
    "landmark_22": {
        "x": 0.44481128454208374,
        "y": 0.2942160665988922,
        "z": -0.48148900270462036
    },
    "landmark_23": {
        "x": 0.5196528434753418,
        "y": 0.6052338480949402,
        "z": 0.0009454075479879975
    },
    "landmark_24": {
        "x": 0.4754350781440735,
        "y": 0.6126387715339661,
        "z": -0.0011134498054161668
    },
    "landmark_25": {
        "x": 0.5564081072807312,
        "y": 0.7199074029922485,
        "z": -0.030665617436170578
    },
    "landmark_26": {
        "x": 0.46962565183639526,
        "y": 0.7468522787094116,
        "z": 0.009554313495755196
    },
    "landmark_27": {
        "x": 0.574418306350708,
        "y": 0.8422845005989075,
        "z": 0.07337551563978195
    },
    "landmark_28": {
        "x": 0.4835026264190674,
        "y": 0.838629424571991,
        "z": 0.1628335565328598
    },
    "landmark_29": {
        "x": 0.5688181519508362,
        "y": 0.8670730590820312,
        "z": 0.07770124822854996
    },
    "landmark_30": {
        "x": 0.49311503767967224,
        "y": 0.8524270057678223,
        "z": 0.17247287929058075
    },
    "landmark_31": {
        "x": 0.5929908156394958,
        "y": 0.8794825077056885,
        "z": -0.020804017782211304
    },
    "landmark_32": {
        "x": 0.47153526544570923,
        "y": 0.8890188336372375,
        "z": 0.09312180429697037
    }
}