{
    "landmark_0": {
        "x": 0.4770060181617737,
        "y": 0.3833392560482025,
        "z": -0.21805331110954285
    },
    "landmark_1": {
        "x": 0.47870245575904846,
        "y": 0.3674945533275604,
        "z": -0.20576007664203644
    },
    "landmark_2": {
        "x": 0.4807053208351135,
        "y": 0.366632878780365,
        "z": -0.2057938575744629
    },
    "landmark_3": {
        "x": 0.4830317497253418,
        "y": 0.3661451041698456,
        "z": -0.20581261813640594
    },
    "landmark_4": {
        "x": 0.4737189710140228,
        "y": 0.36942118406295776,
        "z": -0.20557931065559387
    },
    "landmark_5": {
        "x": 0.4719734787940979,
        "y": 0.36982935667037964,
        "z": -0.20561715960502625
    },
    "landmark_6": {
        "x": 0.4701662063598633,
        "y": 0.37049663066864014,
        "z": -0.20564159750938416
    },
    "landmark_7": {
        "x": 0.48651552200317383,
        "y": 0.3702739179134369,
        "z": -0.11623897403478622
    },
    "landmark_8": {
        "x": 0.46642643213272095,
        "y": 0.3751181364059448,
        "z": -0.11534396559000015
    },
    "landmark_9": {
        "x": 0.4821223318576813,
        "y": 0.3922941982746124,
        "z": -0.18314170837402344
    },
    "landmark_10": {
        "x": 0.47420984506607056,
        "y": 0.3947279751300812,
        "z": -0.1831803023815155
    },
    "landmark_11": {
        "x": 0.5132699608802795,
        "y": 0.4271881580352783,
        "z": -0.07349656522274017
    },
    "landmark_12": {
        "x": 0.44548243284225464,
        "y": 0.4385831952095032,
        "z": -0.07021872699260712
    },
    "landmark_13": {
        "x": 0.5150410532951355,
        "y": 0.49041399359703064,
        "z": -0.13734537363052368
    },
    "landmark_14": {
        "x": 0.4241856634616852,
        "y": 0.4952428638935089,
        "z": -0.19877782464027405
    },
    "landmark_15": {
        "x": 0.5058570504188538,
        "y": 0.5491151809692383,
        "z": -0.2595748007297516
    },
    "landmark_16": {
        "x": 0.4194355607032776,
        "y": 0.41002070903778076,
        "z": -0.39316362142562866
    },
    "landmark_17": {
        "x": 0.5050675868988037,
        "y": 0.5665552616119385,
        "z": -0.289411723613739
    },
    "landmark_18": {
        "x": 0.41679683327674866,
        "y": 0.3939395844936371,
        "z": -0.4357282221317291
    },
    "landmark_19": {
        "x": 0.49934229254722595,
        "y": 0.5608088374137878,
        "z": -0.2963051199913025
    },
    "landmark_20": {
        "x": 0.4215070307254791,
        "y": 0.3878975212574005,
        "z": -0.433037132024765
    },
    "landmark_21": {
        "x": 0.4981697201728821,
        "y": 0.5554031133651733,
        "z": -0.26544591784477234
    },
    "landmark_22": {
        "x": 0.42426642775535583,
        "y": 0.3943411409854889,
        "z": -0.39753258228302
    },
    "landmark_23": {
        "x": 0.5164301991462708,
        "y": 0.624366044998169,
        "z": -0.005983067210763693
    },
    "landmark_24": {
        "x": 0.4731723666191101,
        "y": 0.6378738880157471,
        "z": 0.005901573225855827
    },
    "landmark_25": {
        "x": 0.5580607056617737,
        "y": 0.7253496050834656,
        "z": -0.037147942930459976
    },
    "landmark_26": {
        "x": 0.46259957551956177,
        "y": 0.7575716376304626,
        "z": 0.0401652567088604
    },
    "landmark_27": {
        "x": 0.5938096046447754,
        "y": 0.8407452702522278,
        "z": 0.04777190834283829
    },
    "landmark_28": {
        "x": 0.48322686553001404,
        "y": 0.8510244488716125,
        "z": 0.21831393241882324
    },
    "landmark_29": {
        "x": 0.593829870223999,
        "y": 0.8737964034080505,
        "z": 0.05046234652400017
    },
    "landmark_30": {
        "x": 0.49418535828590393,
        "y": 0.8614212870597839,
        "z": 0.23226237297058105
    },
    "landmark_31": {
        "x": 0.6264817118644714,
        "y": 0.8507391214370728,
        "z": -0.04542839527130127
    },
    "landmark_32": {
        "x": 0.46604499220848083,
        "y": 0.8982691168785095,
        "z": 0.16057567298412323
    }
}