{
    "landmark_0": {
        "x": 0.5047906637191772,
        "y": 0.36801010370254517,
        "z": -0.2037002593278885
    },
    "landmark_1": {
        "x": 0.506442666053772,
        "y": 0.3576599657535553,
        "z": -0.18866242468357086
    },
    "landmark_2": {
        "x": 0.507878839969635,
        "y": 0.3578656017780304,
        "z": -0.18868333101272583
    },
    "landmark_3": {
        "x": 0.5093610286712646,
        "y": 0.35831770300865173,
        "z": -0.18875381350517273
    },
    "landmark_4": {
        "x": 0.5016829967498779,
        "y": 0.35596945881843567,
        "z": -0.1963268220424652
    },
    "landmark_5": {
        "x": 0.4998782277107239,
        "y": 0.3549283742904663,
        "z": -0.19632135331630707
    },
    "landmark_6": {
        "x": 0.4977797865867615,
        "y": 0.35424867272377014,
        "z": -0.19636346399784088
    },
    "landmark_7": {
        "x": 0.5083522796630859,
        "y": 0.36074429750442505,
        "z": -0.09075484424829483
    },
    "landmark_8": {
        "x": 0.4926982820034027,
        "y": 0.35695910453796387,
        "z": -0.12389020621776581
    },
    "landmark_9": {
        "x": 0.5060984492301941,
        "y": 0.3764948546886444,
        "z": -0.1646963506937027
    },
    "landmark_10": {
        "x": 0.4997878074645996,
        "y": 0.3756769895553589,
        "z": -0.17454904317855835
    },
    "landmark_11": {
        "x": 0.5184351801872253,
        "y": 0.4156700074672699,
        "z": -0.03444952517747879
    },
    "landmark_12": {
        "x": 0.46363919973373413,
        "y": 0.39872610569000244,
        "z": -0.10240986198186874
    },
    "landmark_13": {
        "x": 0.554570734500885,
        "y": 0.43611663579940796,
        "z": -0.15344052016735077
    },
    "landmark_14": {
        "x": 0.4807615280151367,
        "y": 0.44837480783462524,
        "z": -0.23332479596138
    },
    "landmark_15": {
        "x": 0.5500646829605103,
        "y": 0.34847044944763184,
        "z": -0.30304762721061707
    },
    "landmark_16": {
        "x": 0.5166949033737183,
        "y": 0.4291633069515228,
        "z": -0.35577505826950073
    },
    "landmark_17": {
        "x": 0.5546035766601562,
        "y": 0.3395039737224579,
        "z": -0.3370521664619446
    },
    "landmark_18": {
        "x": 0.5262370705604553,
        "y": 0.43451187014579773,
        "z": -0.3902159035205841
    },
    "landmark_19": {
        "x": 0.5528086423873901,
        "y": 0.33632907271385193,
        "z": -0.3328811526298523
    },
    "landmark_20": {
        "x": 0.5292753577232361,
        "y": 0.4234299659729004,
        "z": -0.3833707273006439
    },
    "landmark_21": {
        "x": 0.5498812198638916,
        "y": 0.3304471969604492,
        "z": -0.3071849048137665
    },
    "landmark_22": {
        "x": 0.5265231132507324,
        "y": 0.4269248843193054,
        "z": -0.3567456901073456
    },
    "landmark_23": {
        "x": 0.5077798962593079,
        "y": 0.5935399532318115,
        "z": -0.0015734914923086762
    },
    "landmark_24": {
        "x": 0.4651849865913391,
        "y": 0.5892921090126038,
        "z": 0.0017142180586233735
    },
    "landmark_25": {
        "x": 0.5279458165168762,
        "y": 0.7218606472015381,
        "z": -0.14462290704250336
    },
    "landmark_26": {
        "x": 0.40937796235084534,
        "y": 0.6828831434249878,
        "z": -0.11522171646356583
    },
    "landmark_27": {
        "x": 0.5159462094306946,
        "y": 0.8425436019897461,
        "z": 0.0038164674770087004
    },
    "landmark_28": {
        "x": 0.4109558165073395,
        "y": 0.8004627823829651,
        "z": 0.04576050117611885
    },
    "landmark_29": {
        "x": 0.5072610378265381,
        "y": 0.8581135272979736,
        "z": 0.012698249891400337
    },
    "landmark_30": {
        "x": 0.42121830582618713,
        "y": 0.8293144106864929,
        "z": 0.0559251606464386
    },
    "landmark_31": {
        "x": 0.5232137441635132,
        "y": 0.8957983255386353,
        "z": -0.0878070592880249
    },
    "landmark_32": {
        "x": 0.377701073884964,
        "y": 0.8281406760215759,
        "z": -0.032186612486839294
    }
}