{
    "landmark_0": {
        "x": 0.4952727258205414,
        "y": 0.45847660303115845,
        "z": -0.2693203091621399
    },
    "landmark_1": {
        "x": 0.4972289502620697,
        "y": 0.44776076078414917,
        "z": -0.2688499093055725
    },
    "landmark_2": {
        "x": 0.4993182122707367,
        "y": 0.44689106941223145,
        "z": -0.2688724100589752
    },
    "landmark_3": {
        "x": 0.5016793608665466,
        "y": 0.4458407461643219,
        "z": -0.2689761221408844
    },
    "landmark_4": {
        "x": 0.4921489357948303,
        "y": 0.4471525549888611,
        "z": -0.263499915599823
    },
    "landmark_5": {
        "x": 0.4904809594154358,
        "y": 0.44605427980422974,
        "z": -0.26353371143341064
    },
    "landmark_6": {
        "x": 0.48869961500167847,
        "y": 0.44499048590660095,
        "z": -0.263529509305954
    },
    "landmark_7": {
        "x": 0.5049505233764648,
        "y": 0.44001156091690063,
        "z": -0.2040153294801712
    },
    "landmark_8": {
        "x": 0.48469600081443787,
        "y": 0.4405323565006256,
        "z": -0.17746412754058838
    },
    "landmark_9": {
        "x": 0.4997338354587555,
        "y": 0.46539434790611267,
        "z": -0.2394055426120758
    },
    "landmark_10": {
        "x": 0.49323970079421997,
        "y": 0.46494266390800476,
        "z": -0.23218493163585663
    },
    "landmark_11": {
        "x": 0.5254672169685364,
        "y": 0.4817567467689514,
        "z": -0.16886137425899506
    },
    "landmark_12": {
        "x": 0.4670581817626953,
        "y": 0.47634202241897583,
        "z": -0.09991071373224258
    },
    "landmark_13": {
        "x": 0.5216706991195679,
        "y": 0.5398494005203247,
        "z": -0.2990247309207916
    },
    "landmark_14": {
        "x": 0.44637399911880493,
        "y": 0.4688691794872284,
        "z": -0.1743810772895813
    },
    "landmark_15": {
        "x": 0.4892338812351227,
        "y": 0.5243587493896484,
        "z": -0.4494413733482361
    },
    "landmark_16": {
        "x": 0.42768773436546326,
        "y": 0.42607003450393677,
        "z": -0.3248032331466675
    },
    "landmark_17": {
        "x": 0.47539567947387695,
        "y": 0.5233269333839417,
        "z": -0.4859515130519867
    },
    "landmark_18": {
        "x": 0.42122602462768555,
        "y": 0.4129903018474579,
        "z": -0.35142844915390015
    },
    "landmark_19": {
        "x": 0.4724887013435364,
        "y": 0.5122188329696655,
        "z": -0.4818651080131531
    },
    "landmark_20": {
        "x": 0.4247322678565979,
        "y": 0.40898868441581726,
        "z": -0.35837680101394653
    },
    "landmark_21": {
        "x": 0.4775456488132477,
        "y": 0.5134584307670593,
        "z": -0.4507504403591156
    },
    "landmark_22": {
        "x": 0.42769211530685425,
        "y": 0.41530677676200867,
        "z": -0.33306044340133667
    },
    "landmark_23": {
        "x": 0.5216324329376221,
        "y": 0.6434518694877625,
        "z": -0.012652833946049213
    },
    "landmark_24": {
        "x": 0.4787573218345642,
        "y": 0.6516851186752319,
        "z": 0.012553201988339424
    },
    "landmark_25": {
        "x": 0.5761025547981262,
        "y": 0.7229214310646057,
        "z": -0.08920113742351532
    },
    "landmark_26": {
        "x": 0.46237999200820923,
        "y": 0.7721022963523865,
        "z": 0.020931612700223923
    },
    "landmark_27": {
        "x": 0.611235499382019,
        "y": 0.8334184288978577,
        "z": -0.027098098769783974
    },
    "landmark_28": {
        "x": 0.47529324889183044,
        "y": 0.8534700870513916,
        "z": 0.1828499287366867
    },
    "landmark_29": {
        "x": 0.611158013343811,
        "y": 0.8655459880828857,
        "z": -0.02536410093307495
    },
    "landmark_30": {
        "x": 0.48498743772506714,
        "y": 0.8714174032211304,
        "z": 0.19471922516822815
    },
    "landmark_31": {
        "x": 0.6441934704780579,
        "y": 0.8462426662445068,
        "z": -0.11752854287624359
    },
    "landmark_32": {
        "x": 0.45613354444503784,
        "y": 0.8953126668930054,
        "z": 0.12547656893730164
    }
}