{
    "landmark_0": {
        "x": 0.4953709542751312,
        "y": 0.3349129259586334,
        "z": -0.1764584481716156
    },
    "landmark_1": {
        "x": 0.49662598967552185,
        "y": 0.32292458415031433,
        "z": -0.15742693841457367
    },
    "landmark_2": {
        "x": 0.4989931583404541,
        "y": 0.3220967650413513,
        "z": -0.1574922353029251
    },
    "landmark_3": {
        "x": 0.5013335943222046,
        "y": 0.3215083181858063,
        "z": -0.15756027400493622
    },
    "landmark_4": {
        "x": 0.4903610348701477,
        "y": 0.32618042826652527,
        "z": -0.15573029220104218
    },
    "landmark_5": {
        "x": 0.4883737564086914,
        "y": 0.3278145492076874,
        "z": -0.1557249277830124
    },
    "landmark_6": {
        "x": 0.48650994896888733,
        "y": 0.3297198712825775,
        "z": -0.15569688379764557
    },
    "landmark_7": {
        "x": 0.5037016272544861,
        "y": 0.3258477747440338,
        "z": -0.06710253655910492
    },
    "landmark_8": {
        "x": 0.48239365220069885,
        "y": 0.34100449085235596,
        "z": -0.057154737412929535
    },
    "landmark_9": {
        "x": 0.5023337602615356,
        "y": 0.344230055809021,
        "z": -0.14431367814540863
    },
    "landmark_10": {
        "x": 0.49297913908958435,
        "y": 0.3482637107372284,
        "z": -0.14145059883594513
    },
    "landmark_11": {
        "x": 0.5250214338302612,
        "y": 0.391719788312912,
        "z": -0.0680660530924797
    },
    "landmark_12": {
        "x": 0.4636690020561218,
        "y": 0.40652996301651,
        "z": -0.033065441995859146
    },
    "landmark_13": {
        "x": 0.5324872136116028,
        "y": 0.4017585217952728,
        "z": -0.22708706557750702
    },
    "landmark_14": {
        "x": 0.4344944357872009,
        "y": 0.3764629662036896,
        "z": -0.19129422307014465
    },
    "landmark_15": {
        "x": 0.4850384593009949,
        "y": 0.41494858264923096,
        "z": -0.36023759841918945
    },
    "landmark_16": {
        "x": 0.4204830527305603,
        "y": 0.2960323691368103,
        "z": -0.35676175355911255
    },
    "landmark_17": {
        "x": 0.4736168384552002,
        "y": 0.425537109375,
        "z": -0.3968183994293213
    },
    "landmark_18": {
        "x": 0.41320982575416565,
        "y": 0.2835808992385864,
        "z": -0.39402931928634644
    },
    "landmark_19": {
        "x": 0.4695754647254944,
        "y": 0.421752005815506,
        "z": -0.3817390203475952
    },
    "landmark_20": {
        "x": 0.4155585765838623,
        "y": 0.27884557843208313,
        "z": -0.3886207938194275
    },
    "landmark_21": {
        "x": 0.4735787510871887,
        "y": 0.42027747631073,
        "z": -0.35773950815200806
    },
    "landmark_22": {
        "x": 0.41814059019088745,
        "y": 0.2829848825931549,
        "z": -0.36194226145744324
    },
    "landmark_23": {
        "x": 0.5197473168373108,
        "y": 0.5908718109130859,
        "z": 0.0011324015213176608
    },
    "landmark_24": {
        "x": 0.47459834814071655,
        "y": 0.5997933745384216,
        "z": -0.0012410712661221623
    },
    "landmark_25": {
        "x": 0.5679610967636108,
        "y": 0.6851837038993835,
        "z": -0.14544717967510223
    },
    "landmark_26": {
        "x": 0.4551727771759033,
        "y": 0.7333031296730042,
        "z": -0.09847006946802139
    },
    "landmark_27": {
        "x": 0.568673849105835,
        "y": 0.8260468244552612,
        "z": 0.005221350584179163
    },
    "landmark_28": {
        "x": 0.470686137676239,
        "y": 0.8277505040168762,
        "z": 0.05851900577545166
    },
    "landmark_29": {
        "x": 0.5608516335487366,
        "y": 0.8508191704750061,
        "z": 0.015276466496288776
    },
    "landmark_30": {
        "x": 0.47919386625289917,
        "y": 0.8415511846542358,
        "z": 0.0689902976155281
    },
    "landmark_31": {
        "x": 0.6000394821166992,
        "y": 0.8486629724502563,
        "z": -0.0753428190946579
    },
    "landmark_32": {
        "x": 0.46210867166519165,
        "y": 0.8939807415008545,
        "z": -0.017312394455075264
    }
}