{
    "landmark_0": {
        "x": 0.535012423992157,
        "y": 0.4841979444026947,
        "z": -0.24501386284828186
    },
    "landmark_1": {
        "x": 0.5406860113143921,
        "y": 0.47079575061798096,
        "z": -0.2259691059589386
    },
    "landmark_2": {
        "x": 0.5426561832427979,
        "y": 0.47160497307777405,
        "z": -0.22597870230674744
    },
    "landmark_3": {
        "x": 0.5445857048034668,
        "y": 0.47238487005233765,
        "z": -0.22605104744434357
    },
    "landmark_4": {
        "x": 0.5347841382026672,
        "y": 0.4664609730243683,
        "z": -0.2365303337574005
    },
    "landmark_5": {
        "x": 0.5326535105705261,
        "y": 0.46445322036743164,
        "z": -0.23653021454811096
    },
    "landmark_6": {
        "x": 0.5304529070854187,
        "y": 0.462612122297287,
        "z": -0.23652975261211395
    },
    "landmark_7": {
        "x": 0.5459253787994385,
        "y": 0.47275862097740173,
        "z": -0.11738695949316025
    },
    "landmark_8": {
        "x": 0.5259793996810913,
        "y": 0.4626738131046295,
        "z": -0.16298915445804596
    },
    "landmark_9": {
        "x": 0.5371866226196289,
        "y": 0.4954589009284973,
        "z": -0.20223398506641388
    },
    "landmark_10": {
        "x": 0.5290085673332214,
        "y": 0.49302273988723755,
        "z": -0.2158314436674118
    },
    "landmark_11": {
        "x": 0.5462413430213928,
        "y": 0.5320776104927063,
        "z": -0.02336164377629757
    },
    "landmark_12": {
        "x": 0.5004298090934753,
        "y": 0.5055183172225952,
        "z": -0.16504034399986267
    },
    "landmark_13": {
        "x": 0.553634762763977,
        "y": 0.5718948841094971,
        "z": -0.053662508726119995
    },
    "landmark_14": {
        "x": 0.5420879125595093,
        "y": 0.5315825939178467,
        "z": -0.2584642469882965
    },
    "landmark_15": {
        "x": 0.5742525458335876,
        "y": 0.5194352269172668,
        "z": -0.14850907027721405
    },
    "landmark_16": {
        "x": 0.5800405144691467,
        "y": 0.5102286338806152,
        "z": -0.2857342064380646
    },
    "landmark_17": {
        "x": 0.5833209156990051,
        "y": 0.5143598914146423,
        "z": -0.16194872558116913
    },
    "landmark_18": {
        "x": 0.5920836329460144,
        "y": 0.4966617226600647,
        "z": -0.30593353509902954
    },
    "landmark_19": {
        "x": 0.5818946361541748,
        "y": 0.5042780041694641,
        "z": -0.16959114372730255
    },
    "landmark_20": {
        "x": 0.5872321724891663,
        "y": 0.4913175404071808,
        "z": -0.2956843376159668
    },
    "landmark_21": {
        "x": 0.5760828852653503,
        "y": 0.5080723762512207,
        "z": -0.1548004448413849
    },
    "landmark_22": {
        "x": 0.5813395977020264,
        "y": 0.49683070182800293,
        "z": -0.28171196579933167
    },
    "landmark_23": {
        "x": 0.5166323781013489,
        "y": 0.6847264766693115,
        "z": 0.024447264149785042
    },
    "landmark_24": {
        "x": 0.4770616590976715,
        "y": 0.6761853694915771,
        "z": -0.02451210469007492
    },
    "landmark_25": {
        "x": 0.5460919141769409,
        "y": 0.769386887550354,
        "z": -0.14318032562732697
    },
    "landmark_26": {
        "x": 0.42166781425476074,
        "y": 0.7708265781402588,
        "z": -0.08666885644197464
    },
    "landmark_27": {
        "x": 0.5215041041374207,
        "y": 0.8576198816299438,
        "z": -0.004746339749544859
    },
    "landmark_28": {
        "x": 0.3677560091018677,
        "y": 0.8572486639022827,
        "z": -0.04192737489938736
    },
    "landmark_29": {
        "x": 0.5111887454986572,
        "y": 0.8779500126838684,
        "z": 0.0071795349940657616
    },
    "landmark_30": {
        "x": 0.3556348383426666,
        "y": 0.8700879216194153,
        "z": -0.04161768779158592
    },
    "landmark_31": {
        "x": 0.5446537733078003,
        "y": 0.8970834612846375,
        "z": -0.052507184445858
    },
    "landmark_32": {
        "x": 0.33830657601356506,
        "y": 0.8576741814613342,
        "z": -0.12436308711767197
    }
}