{
    "landmark_0": {
        "x": 0.4720865786075592,
        "y": 0.44690921902656555,
        "z": -0.12350807338953018
    },
    "landmark_1": {
        "x": 0.47104376554489136,
        "y": 0.4317203462123871,
        "z": -0.12860247492790222
    },
    "landmark_2": {
        "x": 0.4726467728614807,
        "y": 0.43024757504463196,
        "z": -0.12865272164344788
    },
    "landmark_3": {
        "x": 0.47447484731674194,
        "y": 0.42900267243385315,
        "z": -0.12868469953536987
    },
    "landmark_4": {
        "x": 0.46753016114234924,
        "y": 0.4339900016784668,
        "z": -0.11393843591213226
    },
    "landmark_5": {
        "x": 0.4665389657020569,
        "y": 0.4339134991168976,
        "z": -0.11392880976200104
    },
    "landmark_6": {
        "x": 0.46552830934524536,
        "y": 0.4340541362762451,
        "z": -0.1139415055513382
    },
    "landmark_7": {
        "x": 0.4808136820793152,
        "y": 0.4258710741996765,
        "z": -0.10494663566350937
    },
    "landmark_8": {
        "x": 0.4672967791557312,
        "y": 0.43354615569114685,
        "z": -0.036849308758974075
    },
    "landmark_9": {
        "x": 0.47848600149154663,
        "y": 0.4527561068534851,
        "z": -0.11065701395273209
    },
    "landmark_10": {
        "x": 0.47332674264907837,
        "y": 0.45579466223716736,
        "z": -0.09121745824813843
    },
    "landmark_11": {
        "x": 0.5173645615577698,
        "y": 0.46489423513412476,
        "z": -0.09859561920166016
    },
    "landmark_12": {
        "x": 0.4614275097846985,
        "y": 0.4870469272136688,
        "z": 0.021337926387786865
    },
    "landmark_13": {
        "x": 0.5159382224082947,
        "y": 0.5316393375396729,
        "z": -0.15102192759513855
    },
    "landmark_14": {
        "x": 0.4725802540779114,
        "y": 0.5680160522460938,
        "z": -0.013659605756402016
    },
    "landmark_15": {
        "x": 0.4734930396080017,
        "y": 0.5400824546813965,
        "z": -0.19669745862483978
    },
    "landmark_16": {
        "x": 0.494166761636734,
        "y": 0.5947480797767639,
        "z": -0.13273130357265472
    },
    "landmark_17": {
        "x": 0.46376198530197144,
        "y": 0.5551226735115051,
        "z": -0.2227438986301422
    },
    "landmark_18": {
        "x": 0.5003514885902405,
        "y": 0.6095494031906128,
        "z": -0.1529017984867096
    },
    "landmark_19": {
        "x": 0.45978111028671265,
        "y": 0.5480433106422424,
        "z": -0.2176503837108612
    },
    "landmark_20": {
        "x": 0.5012607574462891,
        "y": 0.598343551158905,
        "z": -0.16252461075782776
    },
    "landmark_21": {
        "x": 0.46457403898239136,
        "y": 0.5454715490341187,
        "z": -0.19375599920749664
    },
    "landmark_22": {
        "x": 0.4998078942298889,
        "y": 0.5922101736068726,
        "z": -0.13949595391750336
    },
    "landmark_23": {
        "x": 0.5197165608406067,
        "y": 0.6380997896194458,
        "z": -0.0349135659635067
    },
    "landmark_24": {
        "x": 0.4818410277366638,
        "y": 0.647955060005188,
        "z": 0.034942422062158585
    },
    "landmark_25": {
        "x": 0.5575006008148193,
        "y": 0.7484146356582642,
        "z": -0.08278515934944153
    },
    "landmark_26": {
        "x": 0.47016334533691406,
        "y": 0.7585024237632751,
        "z": 0.1259784698486328
    },
    "landmark_27": {
        "x": 0.6055336594581604,
        "y": 0.8459444642066956,
        "z": -0.03738019987940788
    },
    "landmark_28": {
        "x": 0.4830068051815033,
        "y": 0.836787223815918,
        "z": 0.2882961332798004
    },
    "landmark_29": {
        "x": 0.6070454120635986,
        "y": 0.8698559999465942,
        "z": -0.036731671541929245
    },
    "landmark_30": {
        "x": 0.49359092116355896,
        "y": 0.8542683720588684,
        "z": 0.3023211359977722
    },
    "landmark_31": {
        "x": 0.6324669122695923,
        "y": 0.8516602516174316,
        "z": -0.11754623800516129
    },
    "landmark_32": {
        "x": 0.46125417947769165,
        "y": 0.8753880262374878,
        "z": 0.26034680008888245
    }
}