{
    "landmark_0": {
        "x": 0.5084248781204224,
        "y": 0.41465049982070923,
        "z": -0.31950482726097107
    },
    "landmark_1": {
        "x": 0.5123535394668579,
        "y": 0.4009581208229065,
        "z": -0.3050045967102051
    },
    "landmark_2": {
        "x": 0.5143464803695679,
        "y": 0.40197986364364624,
        "z": -0.3050338923931122
    },
    "landmark_3": {
        "x": 0.5162100195884705,
        "y": 0.4030553102493286,
        "z": -0.30513450503349304
    },
    "landmark_4": {
        "x": 0.5071054100990295,
        "y": 0.39577847719192505,
        "z": -0.30763623118400574
    },
    "landmark_5": {
        "x": 0.5054126381874084,
        "y": 0.39364591240882874,
        "z": -0.30764633417129517
    },
    "landmark_6": {
        "x": 0.5028197765350342,
        "y": 0.39215442538261414,
        "z": -0.30768489837646484
    },
    "landmark_7": {
        "x": 0.5168749094009399,
        "y": 0.4053086042404175,
        "z": -0.20036010444164276
    },
    "landmark_8": {
        "x": 0.4991665482521057,
        "y": 0.3956969678401947,
        "z": -0.21276693046092987
    },
    "landmark_9": {
        "x": 0.5111942291259766,
        "y": 0.42784497141838074,
        "z": -0.27813446521759033
    },
    "landmark_10": {
        "x": 0.5034462213516235,
        "y": 0.4231560230255127,
        "z": -0.2820557951927185
    },
    "landmark_11": {
        "x": 0.5271111130714417,
        "y": 0.4641038775444031,
        "z": -0.12860126793384552
    },
    "landmark_12": {
        "x": 0.4682008624076843,
        "y": 0.4383847415447235,
        "z": -0.16693061590194702
    },
    "landmark_13": {
        "x": 0.5469658970832825,
        "y": 0.5137218236923218,
        "z": -0.2629585266113281
    },
    "landmark_14": {
        "x": 0.4766083359718323,
        "y": 0.5159676671028137,
        "z": -0.2783304452896118
    },
    "landmark_15": {
        "x": 0.5539157390594482,
        "y": 0.4357214570045471,
        "z": -0.440707266330719
    },
    "landmark_16": {
        "x": 0.5172363519668579,
        "y": 0.5195189118385315,
        "z": -0.41623467206954956
    },
    "landmark_17": {
        "x": 0.5591142773628235,
        "y": 0.42366793751716614,
        "z": -0.4817127287387848
    },
    "landmark_18": {
        "x": 0.5263994932174683,
        "y": 0.5246070623397827,
        "z": -0.45159488916397095
    },
    "landmark_19": {
        "x": 0.5575180053710938,
        "y": 0.41862016916275024,
        "z": -0.4796781539916992
    },
    "landmark_20": {
        "x": 0.5280458927154541,
        "y": 0.5178206562995911,
        "z": -0.44775253534317017
    },
    "landmark_21": {
        "x": 0.5554400086402893,
        "y": 0.4240521192550659,
        "z": -0.4455154538154602
    },
    "landmark_22": {
        "x": 0.5254916548728943,
        "y": 0.517565131187439,
        "z": -0.4179542660713196
    },
    "landmark_23": {
        "x": 0.5051629543304443,
        "y": 0.6225467324256897,
        "z": 0.005730211269110441
    },
    "landmark_24": {
        "x": 0.4631992280483246,
        "y": 0.6149014830589294,
        "z": -0.00564915593713522
    },
    "landmark_25": {
        "x": 0.5257635712623596,
        "y": 0.7494015097618103,
        "z": -0.16858966648578644
    },
    "landmark_26": {
        "x": 0.40544945001602173,
        "y": 0.7075286507606506,
        "z": -0.1407000571489334
    },
    "landmark_27": {
        "x": 0.5091350674629211,
        "y": 0.8561884760856628,
        "z": 0.024244965985417366
    },
    "landmark_28": {
        "x": 0.37934669852256775,
        "y": 0.8235060572624207,
        "z": 0.009076988324522972
    },
    "landmark_29": {
        "x": 0.49963659048080444,
        "y": 0.8732340335845947,
        "z": 0.03750002011656761
    },
    "landmark_30": {
        "x": 0.3815538287162781,
        "y": 0.8528366684913635,
        "z": 0.017523489892482758
    },
    "landmark_31": {
        "x": 0.5257957577705383,
        "y": 0.9010080695152283,
        "z": -0.05697108432650566
    },
    "landmark_32": {
        "x": 0.3477431833744049,
        "y": 0.838565468788147,
        "z": -0.0830080583691597
    }
}