{
    "landmark_0": {
        "x": 0.5048449635505676,
        "y": 0.34768348932266235,
        "z": -0.15708954632282257
    },
    "landmark_1": {
        "x": 0.507281482219696,
        "y": 0.33435967564582825,
        "z": -0.14001625776290894
    },
    "landmark_2": {
        "x": 0.50972980260849,
        "y": 0.3332262337207794,
        "z": -0.14001941680908203
    },
    "landmark_3": {
        "x": 0.5122788548469543,
        "y": 0.3324357271194458,
        "z": -0.14000724256038666
    },
    "landmark_4": {
        "x": 0.5005803108215332,
        "y": 0.3381214439868927,
        "z": -0.13645818829536438
    },
    "landmark_5": {
        "x": 0.49831676483154297,
        "y": 0.3394944369792938,
        "z": -0.13646355271339417
    },
    "landmark_6": {
        "x": 0.49607810378074646,
        "y": 0.34088075160980225,
        "z": -0.13647550344467163
    },
    "landmark_7": {
        "x": 0.5162322521209717,
        "y": 0.3385782837867737,
        "z": -0.05393404886126518
    },
    "landmark_8": {
        "x": 0.49196189641952515,
        "y": 0.34677377343177795,
        "z": -0.03429419919848442
    },
    "landmark_9": {
        "x": 0.5110551714897156,
        "y": 0.36028268933296204,
        "z": -0.12636898458003998
    },
    "landmark_10": {
        "x": 0.5022884607315063,
        "y": 0.36298641562461853,
        "z": -0.12089558690786362
    },
    "landmark_11": {
        "x": 0.5364258885383606,
        "y": 0.4031113386154175,
        "z": -0.05796859413385391
    },
    "landmark_12": {
        "x": 0.4774256646633148,
        "y": 0.40609151124954224,
        "z": -0.023208117112517357
    },
    "landmark_13": {
        "x": 0.5475241541862488,
        "y": 0.38533610105514526,
        "z": -0.24538448452949524
    },
    "landmark_14": {
        "x": 0.4493618905544281,
        "y": 0.3684811592102051,
        "z": -0.1981077492237091
    },
    "landmark_15": {
        "x": 0.528313159942627,
        "y": 0.3366256654262543,
        "z": -0.3904615640640259
    },
    "landmark_16": {
        "x": 0.4611373543739319,
        "y": 0.2904922068119049,
        "z": -0.3473281264305115
    },
    "landmark_17": {
        "x": 0.5265642404556274,
        "y": 0.32603463530540466,
        "z": -0.4294716715812683
    },
    "landmark_18": {
        "x": 0.46158188581466675,
        "y": 0.266366183757782,
        "z": -0.3901872932910919
    },
    "landmark_19": {
        "x": 0.5217626094818115,
        "y": 0.32713085412979126,
        "z": -0.41983795166015625
    },
    "landmark_20": {
        "x": 0.46540093421936035,
        "y": 0.26717475056648254,
        "z": -0.37397417426109314
    },
    "landmark_21": {
        "x": 0.5209648609161377,
        "y": 0.33329105377197266,
        "z": -0.39290517568588257
    },
    "landmark_22": {
        "x": 0.4662429690361023,
        "y": 0.27672380208969116,
        "z": -0.34909936785697937
    },
    "landmark_23": {
        "x": 0.5236934423446655,
        "y": 0.6052809357643127,
        "z": -0.01483636349439621
    },
    "landmark_24": {
        "x": 0.4815163016319275,
        "y": 0.5994299054145813,
        "z": 0.014769809320569038
    },
    "landmark_25": {
        "x": 0.5359150171279907,
        "y": 0.7439311742782593,
        "z": -0.0671415776014328
    },
    "landmark_26": {
        "x": 0.4352642893791199,
        "y": 0.7098807096481323,
        "z": -0.06168491393327713
    },
    "landmark_27": {
        "x": 0.5185630321502686,
        "y": 0.8533773422241211,
        "z": 0.0919225811958313
    },
    "landmark_28": {
        "x": 0.44882360100746155,
        "y": 0.8170517683029175,
        "z": 0.11560329049825668
    },
    "landmark_29": {
        "x": 0.511631965637207,
        "y": 0.8702393174171448,
        "z": 0.10133607685565948
    },
    "landmark_30": {
        "x": 0.45946845412254333,
        "y": 0.8333539366722107,
        "z": 0.12780657410621643
    },
    "landmark_31": {
        "x": 0.5332597494125366,
        "y": 0.9015362858772278,
        "z": -0.0029550811741501093
    },
    "landmark_32": {
        "x": 0.4212725758552551,
        "y": 0.8566110134124756,
        "z": 0.042422980070114136
    }
}