{
    "landmark_0": {
        "x": 0.5013790726661682,
        "y": 0.3504810929298401,
        "z": -0.15805527567863464
    },
    "landmark_1": {
        "x": 0.5041122436523438,
        "y": 0.3389151990413666,
        "z": -0.14241354167461395
    },
    "landmark_2": {
        "x": 0.5060010552406311,
        "y": 0.33894938230514526,
        "z": -0.14241012930870056
    },
    "landmark_3": {
        "x": 0.507953941822052,
        "y": 0.3390311896800995,
        "z": -0.14243143796920776
    },
    "landmark_4": {
        "x": 0.4985751211643219,
        "y": 0.3370731770992279,
        "z": -0.1473272740840912
    },
    "landmark_5": {
        "x": 0.4965328276157379,
        "y": 0.33588099479675293,
        "z": -0.14731864631175995
    },
    "landmark_6": {
        "x": 0.4945523142814636,
        "y": 0.3348998427391052,
        "z": -0.14737536013126373
    },
    "landmark_7": {
        "x": 0.5083538293838501,
        "y": 0.3404594957828522,
        "z": -0.04993885010480881
    },
    "landmark_8": {
        "x": 0.48980575799942017,
        "y": 0.3366658091545105,
        "z": -0.07048606872558594
    },
    "landmark_9": {
        "x": 0.5053110718727112,
        "y": 0.36315158009529114,
        "z": -0.12221529334783554
    },
    "landmark_10": {
        "x": 0.4966626763343811,
        "y": 0.361122727394104,
        "z": -0.12836702167987823
    },
    "landmark_11": {
        "x": 0.523159384727478,
        "y": 0.40254083275794983,
        "z": -0.023278454318642616
    },
    "landmark_12": {
        "x": 0.4620898365974426,
        "y": 0.37749984860420227,
        "z": -0.07481884211301804
    },
    "landmark_13": {
        "x": 0.5416996479034424,
        "y": 0.38125360012054443,
        "z": -0.1865123063325882
    },
    "landmark_14": {
        "x": 0.46475109457969666,
        "y": 0.4147123694419861,
        "z": -0.26064079999923706
    },
    "landmark_15": {
        "x": 0.5497252345085144,
        "y": 0.30307379364967346,
        "z": -0.3424864709377289
    },
    "landmark_16": {
        "x": 0.4959793984889984,
        "y": 0.403024286031723,
        "z": -0.42391544580459595
    },
    "landmark_17": {
        "x": 0.5526250600814819,
        "y": 0.27638134360313416,
        "z": -0.37682512402534485
    },
    "landmark_18": {
        "x": 0.5015318989753723,
        "y": 0.4047212302684784,
        "z": -0.46238288283348083
    },
    "landmark_19": {
        "x": 0.5520248413085938,
        "y": 0.27386754751205444,
        "z": -0.37220436334609985
    },
    "landmark_20": {
        "x": 0.5058451294898987,
        "y": 0.4020124077796936,
        "z": -0.4510241448879242
    },
    "landmark_21": {
        "x": 0.5499019026756287,
        "y": 0.28399142622947693,
        "z": -0.3477858901023865
    },
    "landmark_22": {
        "x": 0.5047546625137329,
        "y": 0.4046330749988556,
        "z": -0.4251295030117035
    },
    "landmark_23": {
        "x": 0.5085432529449463,
        "y": 0.586489737033844,
        "z": -0.00019710187916643918
    },
    "landmark_24": {
        "x": 0.46533918380737305,
        "y": 0.5824910998344421,
        "z": 0.00029449458816088736
    },
    "landmark_25": {
        "x": 0.5313679575920105,
        "y": 0.7106119990348816,
        "z": -0.14595963060855865
    },
    "landmark_26": {
        "x": 0.4189993739128113,
        "y": 0.6810675263404846,
        "z": -0.15755966305732727
    },
    "landmark_27": {
        "x": 0.5192853212356567,
        "y": 0.8244791030883789,
        "z": -0.021022213622927666
    },
    "landmark_28": {
        "x": 0.429740846157074,
        "y": 0.7984803318977356,
        "z": -0.007083452306687832
    },
    "landmark_29": {
        "x": 0.511160135269165,
        "y": 0.8382076621055603,
        "z": -0.015381311997771263
    },
    "landmark_30": {
        "x": 0.43945083022117615,
        "y": 0.8211750388145447,
        "z": 0.0019449295941740274
    },
    "landmark_31": {
        "x": 0.5274752378463745,
        "y": 0.8816626071929932,
        "z": -0.12089765071868896
    },
    "landmark_32": {
        "x": 0.40012186765670776,
        "y": 0.841305136680603,
        "z": -0.08408726006746292
    }
}