{
    "landmark_0": {
        "x": 0.478947252035141,
        "y": 0.4146858751773834,
        "z": -0.21400633454322815
    },
    "landmark_1": {
        "x": 0.48185890913009644,
        "y": 0.40108126401901245,
        "z": -0.2028072625398636
    },
    "landmark_2": {
        "x": 0.48455744981765747,
        "y": 0.40049806237220764,
        "z": -0.20285072922706604
    },
    "landmark_3": {
        "x": 0.48718148469924927,
        "y": 0.39960482716560364,
        "z": -0.20289874076843262
    },
    "landmark_4": {
        "x": 0.4741140305995941,
        "y": 0.40079861879348755,
        "z": -0.1992153525352478
    },
    "landmark_5": {
        "x": 0.4716021418571472,
        "y": 0.4002251625061035,
        "z": -0.19920997321605682
    },
    "landmark_6": {
        "x": 0.4692063331604004,
        "y": 0.39969855546951294,
        "z": -0.19916920363903046
    },
    "landmark_7": {
        "x": 0.4913504719734192,
        "y": 0.39863255620002747,
        "z": -0.12002439796924591
    },
    "landmark_8": {
        "x": 0.46525678038597107,
        "y": 0.3989705741405487,
        "z": -0.10024001449346542
    },
    "landmark_9": {
        "x": 0.48535799980163574,
        "y": 0.42603766918182373,
        "z": -0.18168805539608002
    },
    "landmark_10": {
        "x": 0.47553205490112305,
        "y": 0.42542600631713867,
        "z": -0.17613402009010315
    },
    "landmark_11": {
        "x": 0.5128744840621948,
        "y": 0.44960305094718933,
        "z": -0.10780851542949677
    },
    "landmark_12": {
        "x": 0.4471448063850403,
        "y": 0.447037935256958,
        "z": -0.06387186795473099
    },
    "landmark_13": {
        "x": 0.5152751207351685,
        "y": 0.46576040983200073,
        "z": -0.2928280234336853
    },
    "landmark_14": {
        "x": 0.42167869210243225,
        "y": 0.44351303577423096,
        "z": -0.23735173046588898
    },
    "landmark_15": {
        "x": 0.4874207377433777,
        "y": 0.48489049077033997,
        "z": -0.4791382849216461
    },
    "landmark_16": {
        "x": 0.4202520251274109,
        "y": 0.3799475431442261,
        "z": -0.4447559416294098
    },
    "landmark_17": {
        "x": 0.4823966920375824,
        "y": 0.5028553605079651,
        "z": -0.5241780877113342
    },
    "landmark_18": {
        "x": 0.41518983244895935,
        "y": 0.3604744076728821,
        "z": -0.4883142411708832
    },
    "landmark_19": {
        "x": 0.4713745713233948,
        "y": 0.4984540641307831,
        "z": -0.5178744196891785
    },
    "landmark_20": {
        "x": 0.41905155777931213,
        "y": 0.35883089900016785,
        "z": -0.4845832288265228
    },
    "landmark_21": {
        "x": 0.47579774260520935,
        "y": 0.49187180399894714,
        "z": -0.48177868127822876
    },
    "landmark_22": {
        "x": 0.4219019412994385,
        "y": 0.3658626973628998,
        "z": -0.45099836587905884
    },
    "landmark_23": {
        "x": 0.5044033527374268,
        "y": 0.6284364461898804,
        "z": -0.007565166801214218
    },
    "landmark_24": {
        "x": 0.46262460947036743,
        "y": 0.6390859484672546,
        "z": 0.0074702063575387
    },
    "landmark_25": {
        "x": 0.556107759475708,
        "y": 0.7328050136566162,
        "z": -0.0897117555141449
    },
    "landmark_26": {
        "x": 0.4499126374721527,
        "y": 0.7697520852088928,
        "z": -0.017045248299837112
    },
    "landmark_27": {
        "x": 0.5848992466926575,
        "y": 0.8464313745498657,
        "z": -0.018023358657956123
    },
    "landmark_28": {
        "x": 0.47392114996910095,
        "y": 0.8619818091392517,
        "z": 0.14115874469280243
    },
    "landmark_29": {
        "x": 0.5815179347991943,
        "y": 0.876891553401947,
        "z": -0.016722464933991432
    },
    "landmark_30": {
        "x": 0.48322948813438416,
        "y": 0.879023551940918,
        "z": 0.15161831676959991
    },
    "landmark_31": {
        "x": 0.6168423891067505,
        "y": 0.8648732304573059,
        "z": -0.1171988993883133
    },
    "landmark_32": {
        "x": 0.4531467854976654,
        "y": 0.9020445346832275,
        "z": 0.0738123208284378
    }
}