{
    "landmark_0": {
        "x": 0.5067739486694336,
        "y": 0.45751649141311646,
        "z": -0.16223205626010895
    },
    "landmark_1": {
        "x": 0.5108710527420044,
        "y": 0.4429612159729004,
        "z": -0.1485878974199295
    },
    "landmark_2": {
        "x": 0.5135300159454346,
        "y": 0.44229915738105774,
        "z": -0.1486324667930603
    },
    "landmark_3": {
        "x": 0.516099750995636,
        "y": 0.441387802362442,
        "z": -0.14871931076049805
    },
    "landmark_4": {
        "x": 0.5027254819869995,
        "y": 0.44101494550704956,
        "z": -0.1480720490217209
    },
    "landmark_5": {
        "x": 0.4999725818634033,
        "y": 0.4393351972103119,
        "z": -0.14810416102409363
    },
    "landmark_6": {
        "x": 0.497358500957489,
        "y": 0.43778231739997864,
        "z": -0.1481015980243683
    },
    "landmark_7": {
        "x": 0.517862856388092,
        "y": 0.43539291620254517,
        "z": -0.061267368495464325
    },
    "landmark_8": {
        "x": 0.49300089478492737,
        "y": 0.4324445128440857,
        "z": -0.05742872878909111
    },
    "landmark_9": {
        "x": 0.5121173858642578,
        "y": 0.4680882394313812,
        "z": -0.12852880358695984
    },
    "landmark_10": {
        "x": 0.5019249320030212,
        "y": 0.46454358100891113,
        "z": -0.12761570513248444
    },
    "landmark_11": {
        "x": 0.5333149433135986,
        "y": 0.4806745648384094,
        "z": -0.03830314427614212
    },
    "landmark_12": {
        "x": 0.47164425253868103,
        "y": 0.46712151169776917,
        "z": -0.03527513146400452
    },
    "landmark_13": {
        "x": 0.5448116660118103,
        "y": 0.527790904045105,
        "z": -0.18185845017433167
    },
    "landmark_14": {
        "x": 0.4518263339996338,
        "y": 0.45334845781326294,
        "z": -0.19078075885772705
    },
    "landmark_15": {
        "x": 0.5365369319915771,
        "y": 0.5263926982879639,
        "z": -0.35278478264808655
    },
    "landmark_16": {
        "x": 0.44755449891090393,
        "y": 0.3804970979690552,
        "z": -0.35819369554519653
    },
    "landmark_17": {
        "x": 0.5384829640388489,
        "y": 0.5296262502670288,
        "z": -0.3894800841808319
    },
    "landmark_18": {
        "x": 0.44417205452919006,
        "y": 0.3631162941455841,
        "z": -0.39502468705177307
    },
    "landmark_19": {
        "x": 0.5325537919998169,
        "y": 0.5204874873161316,
        "z": -0.38552117347717285
    },
    "landmark_20": {
        "x": 0.4473787248134613,
        "y": 0.3607623279094696,
        "z": -0.38886332511901855
    },
    "landmark_21": {
        "x": 0.5300618410110474,
        "y": 0.5202254056930542,
        "z": -0.3563331067562103
    },
    "landmark_22": {
        "x": 0.44964537024497986,
        "y": 0.36625880002975464,
        "z": -0.3623708486557007
    },
    "landmark_23": {
        "x": 0.521048367023468,
        "y": 0.641533613204956,
        "z": 0.004988979082554579
    },
    "landmark_24": {
        "x": 0.47765597701072693,
        "y": 0.6469394564628601,
        "z": -0.005022785160690546
    },
    "landmark_25": {
        "x": 0.5785223245620728,
        "y": 0.6963370442390442,
        "z": -0.20845434069633484
    },
    "landmark_26": {
        "x": 0.45119303464889526,
        "y": 0.760405957698822,
        "z": -0.2244592159986496
    },
    "landmark_27": {
        "x": 0.5737941861152649,
        "y": 0.8254307508468628,
        "z": -0.05316741019487381
    },
    "landmark_28": {
        "x": 0.4701579213142395,
        "y": 0.8400912880897522,
        "z": -0.03932647034525871
    },
    "landmark_29": {
        "x": 0.5629878044128418,
        "y": 0.8497991561889648,
        "z": -0.04180390015244484
    },
    "landmark_30": {
        "x": 0.48134440183639526,
        "y": 0.853246808052063,
        "z": -0.024807773530483246
    },
    "landmark_31": {
        "x": 0.60379558801651,
        "y": 0.8638914227485657,
        "z": -0.11957855522632599
    },
    "landmark_32": {
        "x": 0.4576031565666199,
        "y": 0.8951829075813293,
        "z": -0.10313929617404938
    }
}