{
    "landmark_0": {
        "x": 0.48372048139572144,
        "y": 0.36610716581344604,
        "z": -0.18409845232963562
    },
    "landmark_1": {
        "x": 0.4866575598716736,
        "y": 0.35251179337501526,
        "z": -0.1722957193851471
    },
    "landmark_2": {
        "x": 0.4893929064273834,
        "y": 0.3515358865261078,
        "z": -0.1723419576883316
    },
    "landmark_3": {
        "x": 0.4922022819519043,
        "y": 0.35061946511268616,
        "z": -0.17237257957458496
    },
    "landmark_4": {
        "x": 0.47947850823402405,
        "y": 0.35447371006011963,
        "z": -0.16864247620105743
    },
    "landmark_5": {
        "x": 0.47729188203811646,
        "y": 0.3551323115825653,
        "z": -0.1686181277036667
    },
    "landmark_6": {
        "x": 0.475062757730484,
        "y": 0.3560938835144043,
        "z": -0.16859853267669678
    },
    "landmark_7": {
        "x": 0.4967619776725769,
        "y": 0.352905809879303,
        "z": -0.0932435616850853
    },
    "landmark_8": {
        "x": 0.4713728427886963,
        "y": 0.3629566729068756,
        "z": -0.07571641355752945
    },
    "landmark_9": {
        "x": 0.4910031259059906,
        "y": 0.37524035573005676,
        "z": -0.15398497879505157
    },
    "landmark_10": {
        "x": 0.4810035228729248,
        "y": 0.3782237470149994,
        "z": -0.14911054074764252
    },
    "landmark_11": {
        "x": 0.5193989276885986,
        "y": 0.4147700071334839,
        "z": -0.08951375633478165
    },
    "landmark_12": {
        "x": 0.45782580971717834,
        "y": 0.42189526557922363,
        "z": -0.04521947354078293
    },
    "landmark_13": {
        "x": 0.5235486030578613,
        "y": 0.4393710792064667,
        "z": -0.2751066982746124
    },
    "landmark_14": {
        "x": 0.43503886461257935,
        "y": 0.4308910071849823,
        "z": -0.19845665991306305
    },
    "landmark_15": {
        "x": 0.48939791321754456,
        "y": 0.4288035035133362,
        "z": -0.4421338140964508
    },
    "landmark_16": {
        "x": 0.42976468801498413,
        "y": 0.3733128309249878,
        "z": -0.37558308243751526
    },
    "landmark_17": {
        "x": 0.4817972779273987,
        "y": 0.43143704533576965,
        "z": -0.4823458790779114
    },
    "landmark_18": {
        "x": 0.426912784576416,
        "y": 0.3577912747859955,
        "z": -0.4124341905117035
    },
    "landmark_19": {
        "x": 0.4762767255306244,
        "y": 0.4270647168159485,
        "z": -0.47234925627708435
    },
    "landmark_20": {
        "x": 0.42955827713012695,
        "y": 0.3517912030220032,
        "z": -0.4081581234931946
    },
    "landmark_21": {
        "x": 0.4783271849155426,
        "y": 0.4293055534362793,
        "z": -0.4427209496498108
    },
    "landmark_22": {
        "x": 0.4335349202156067,
        "y": 0.35720351338386536,
        "z": -0.3805030286312103
    },
    "landmark_23": {
        "x": 0.5201859474182129,
        "y": 0.6129700541496277,
        "z": -0.0063855149783194065
    },
    "landmark_24": {
        "x": 0.47529906034469604,
        "y": 0.6250669360160828,
        "z": 0.006250123493373394
    },
    "landmark_25": {
        "x": 0.5583223104476929,
        "y": 0.7252746820449829,
        "z": -0.014520521275699139
    },
    "landmark_26": {
        "x": 0.46863752603530884,
        "y": 0.7615606784820557,
        "z": 0.03401535004377365
    },
    "landmark_27": {
        "x": 0.5976024866104126,
        "y": 0.8410102725028992,
        "z": 0.06525576859712601
    },
    "landmark_28": {
        "x": 0.4780499339103699,
        "y": 0.8509241938591003,
        "z": 0.16846129298210144
    },
    "landmark_29": {
        "x": 0.5973105430603027,
        "y": 0.8694512248039246,
        "z": 0.06760957092046738
    },
    "landmark_30": {
        "x": 0.4874764382839203,
        "y": 0.8662135601043701,
        "z": 0.1768265813589096
    },
    "landmark_31": {
        "x": 0.626773476600647,
        "y": 0.8575058579444885,
        "z": -0.02871105633676052
    },
    "landmark_32": {
        "x": 0.46676692366600037,
        "y": 0.9064143896102905,
        "z": 0.09665664285421371
    }
}