{
    "landmark_0": {
        "x": 0.510732114315033,
        "y": 0.4488113522529602,
        "z": -0.23466376960277557
    },
    "landmark_1": {
        "x": 0.5142923593521118,
        "y": 0.4367351830005646,
        "z": -0.2229178249835968
    },
    "landmark_2": {
        "x": 0.5167492032051086,
        "y": 0.43613776564598083,
        "z": -0.2229156792163849
    },
    "landmark_3": {
        "x": 0.5192051529884338,
        "y": 0.43548205494880676,
        "z": -0.22298464179039001
    },
    "landmark_4": {
        "x": 0.5067776441574097,
        "y": 0.43500301241874695,
        "z": -0.22245988249778748
    },
    "landmark_5": {
        "x": 0.5042052268981934,
        "y": 0.43327492475509644,
        "z": -0.2225302755832672
    },
    "landmark_6": {
        "x": 0.5017099976539612,
        "y": 0.4314841330051422,
        "z": -0.2225596010684967
    },
    "landmark_7": {
        "x": 0.5220100283622742,
        "y": 0.4301866888999939,
        "z": -0.13286186754703522
    },
    "landmark_8": {
        "x": 0.4981555938720703,
        "y": 0.4265905022621155,
        "z": -0.1297861635684967
    },
    "landmark_9": {
        "x": 0.5159903168678284,
        "y": 0.45849722623825073,
        "z": -0.19881394505500793
    },
    "landmark_10": {
        "x": 0.5063043832778931,
        "y": 0.45458510518074036,
        "z": -0.1982901245355606
    },
    "landmark_11": {
        "x": 0.5386842489242554,
        "y": 0.4767492413520813,
        "z": -0.06745722144842148
    },
    "landmark_12": {
        "x": 0.4777016043663025,
        "y": 0.4571049213409424,
        "z": -0.08478965610265732
    },
    "landmark_13": {
        "x": 0.5389903783798218,
        "y": 0.5567216873168945,
        "z": -0.08052334189414978
    },
    "landmark_14": {
        "x": 0.4557737708091736,
        "y": 0.4482828676700592,
        "z": -0.17960304021835327
    },
    "landmark_15": {
        "x": 0.5342233180999756,
        "y": 0.6080054044723511,
        "z": -0.1621631383895874
    },
    "landmark_16": {
        "x": 0.4669412672519684,
        "y": 0.3855418264865875,
        "z": -0.3018815219402313
    },
    "landmark_17": {
        "x": 0.5355947017669678,
        "y": 0.6255042552947998,
        "z": -0.18007509410381317
    },
    "landmark_18": {
        "x": 0.4659372866153717,
        "y": 0.3635089099407196,
        "z": -0.33474409580230713
    },
    "landmark_19": {
        "x": 0.5343356132507324,
        "y": 0.6219088435173035,
        "z": -0.19371533393859863
    },
    "landmark_20": {
        "x": 0.46983426809310913,
        "y": 0.36396315693855286,
        "z": -0.3290138840675354
    },
    "landmark_21": {
        "x": 0.5336413383483887,
        "y": 0.612910270690918,
        "z": -0.16942663490772247
    },
    "landmark_22": {
        "x": 0.4714447557926178,
        "y": 0.37287357449531555,
        "z": -0.30512896180152893
    },
    "landmark_23": {
        "x": 0.5227413177490234,
        "y": 0.6408072113990784,
        "z": 0.006106213200837374
    },
    "landmark_24": {
        "x": 0.48028141260147095,
        "y": 0.6404701471328735,
        "z": -0.0061874366365373135
    },
    "landmark_25": {
        "x": 0.5754611492156982,
        "y": 0.7131541967391968,
        "z": -0.20386424660682678
    },
    "landmark_26": {
        "x": 0.4414437413215637,
        "y": 0.7425574660301208,
        "z": -0.18168975412845612
    },
    "landmark_27": {
        "x": 0.5504977703094482,
        "y": 0.8272907733917236,
        "z": -0.006444653961807489
    },
    "landmark_28": {
        "x": 0.4629262387752533,
        "y": 0.8279208540916443,
        "z": 0.016723010689020157
    },
    "landmark_29": {
        "x": 0.5392166376113892,
        "y": 0.8441261053085327,
        "z": 0.009674602188169956
    },
    "landmark_30": {
        "x": 0.4732348322868347,
        "y": 0.8359466791152954,
        "z": 0.03310971334576607
    },
    "landmark_31": {
        "x": 0.5754095315933228,
        "y": 0.884395956993103,
        "z": -0.07186099886894226
    },
    "landmark_32": {
        "x": 0.4536801278591156,
        "y": 0.8942611813545227,
        "z": -0.04607453942298889
    }
}