{
    "landmark_0": {
        "x": 0.5025712251663208,
        "y": 0.40820974111557007,
        "z": -0.17491105198860168
    },
    "landmark_1": {
        "x": 0.5067582726478577,
        "y": 0.39684101939201355,
        "z": -0.1614130735397339
    },
    "landmark_2": {
        "x": 0.5089090466499329,
        "y": 0.3966423571109772,
        "z": -0.16145703196525574
    },
    "landmark_3": {
        "x": 0.5110925436019897,
        "y": 0.3965037167072296,
        "z": -0.16150203347206116
    },
    "landmark_4": {
        "x": 0.5007143020629883,
        "y": 0.3953101336956024,
        "z": -0.16638833284378052
    },
    "landmark_5": {
        "x": 0.49882322549819946,
        "y": 0.3941127061843872,
        "z": -0.16638529300689697
    },
    "landmark_6": {
        "x": 0.4970718324184418,
        "y": 0.39305347204208374,
        "z": -0.1664113700389862
    },
    "landmark_7": {
        "x": 0.5113004446029663,
        "y": 0.39460045099258423,
        "z": -0.07056211680173874
    },
    "landmark_8": {
        "x": 0.49316030740737915,
        "y": 0.39188244938850403,
        "z": -0.09242572635412216
    },
    "landmark_9": {
        "x": 0.5056030750274658,
        "y": 0.415508896112442,
        "z": -0.1394396275281906
    },
    "landmark_10": {
        "x": 0.4975816607475281,
        "y": 0.41431453824043274,
        "z": -0.14592739939689636
    },
    "landmark_11": {
        "x": 0.5248839259147644,
        "y": 0.44504034519195557,
        "z": -0.029843445867300034
    },
    "landmark_12": {
        "x": 0.4627417027950287,
        "y": 0.4509762227535248,
        "z": -0.04595703259110451
    },
    "landmark_13": {
        "x": 0.5388782024383545,
        "y": 0.46093711256980896,
        "z": -0.13119596242904663
    },
    "landmark_14": {
        "x": 0.4704762399196625,
        "y": 0.5487231016159058,
        "z": -0.108751580119133
    },
    "landmark_15": {
        "x": 0.549104630947113,
        "y": 0.41081148386001587,
        "z": -0.28756874799728394
    },
    "landmark_16": {
        "x": 0.4802490174770355,
        "y": 0.5851362943649292,
        "z": -0.22823038697242737
    },
    "landmark_17": {
        "x": 0.5546703338623047,
        "y": 0.39386993646621704,
        "z": -0.3242688775062561
    },
    "landmark_18": {
        "x": 0.4796714186668396,
        "y": 0.5988296866416931,
        "z": -0.25351494550704956
    },
    "landmark_19": {
        "x": 0.5524863600730896,
        "y": 0.3845501244068146,
        "z": -0.32801857590675354
    },
    "landmark_20": {
        "x": 0.48224568367004395,
        "y": 0.5933658480644226,
        "z": -0.26692280173301697
    },
    "landmark_21": {
        "x": 0.5515555739402771,
        "y": 0.39247649908065796,
        "z": -0.2960253357887268
    },
    "landmark_22": {
        "x": 0.48453253507614136,
        "y": 0.5882009863853455,
        "z": -0.2363947629928589
    },
    "landmark_23": {
        "x": 0.5137632489204407,
        "y": 0.6318597197532654,
        "z": -0.012000505812466145
    },
    "landmark_24": {
        "x": 0.47051724791526794,
        "y": 0.6275338530540466,
        "z": 0.012083804234862328
    },
    "landmark_25": {
        "x": 0.5251610279083252,
        "y": 0.7448280453681946,
        "z": -0.14003673195838928
    },
    "landmark_26": {
        "x": 0.42437800765037537,
        "y": 0.7186660766601562,
        "z": -0.08170740306377411
    },
    "landmark_27": {
        "x": 0.511080265045166,
        "y": 0.8508960008621216,
        "z": -0.023615648970007896
    },
    "landmark_28": {
        "x": 0.4188541769981384,
        "y": 0.8324966430664062,
        "z": 0.042820073664188385
    },
    "landmark_29": {
        "x": 0.5031501650810242,
        "y": 0.869191586971283,
        "z": -0.018328145146369934
    },
    "landmark_30": {
        "x": 0.42733699083328247,
        "y": 0.8579515814781189,
        "z": 0.04958721250295639
    },
    "landmark_31": {
        "x": 0.521945059299469,
        "y": 0.8995199203491211,
        "z": -0.10951361805200577
    },
    "landmark_32": {
        "x": 0.3901278078556061,
        "y": 0.8630858659744263,
        "z": -0.02257535792887211
    }
}