{
    "landmark_0": {
        "x": 0.5037294030189514,
        "y": 0.3276575207710266,
        "z": -0.08178554475307465
    },
    "landmark_1": {
        "x": 0.5075345039367676,
        "y": 0.31982216238975525,
        "z": -0.05968178063631058
    },
    "landmark_2": {
        "x": 0.5095163583755493,
        "y": 0.320932000875473,
        "z": -0.059635914862155914
    },
    "landmark_3": {
        "x": 0.5115514993667603,
        "y": 0.32210972905158997,
        "z": -0.05967453122138977
    },
    "landmark_4": {
        "x": 0.5014017820358276,
        "y": 0.31616446375846863,
        "z": -0.06502190977334976
    },
    "landmark_5": {
        "x": 0.49902206659317017,
        "y": 0.3147386610507965,
        "z": -0.0650150254368782
    },
    "landmark_6": {
        "x": 0.49671274423599243,
        "y": 0.31326839327812195,
        "z": -0.06495387107133865
    },
    "landmark_7": {
        "x": 0.5111928582191467,
        "y": 0.32960888743400574,
        "z": 0.03870211914181709
    },
    "landmark_8": {
        "x": 0.4892098307609558,
        "y": 0.3173990249633789,
        "z": 0.012840059585869312
    },
    "landmark_9": {
        "x": 0.5062651038169861,
        "y": 0.3394480347633362,
        "z": -0.047108929604291916
    },
    "landmark_10": {
        "x": 0.49649864435195923,
        "y": 0.3353920578956604,
        "z": -0.0549485981464386
    },
    "landmark_11": {
        "x": 0.5169195532798767,
        "y": 0.40103840827941895,
        "z": 0.07096827030181885
    },
    "landmark_12": {
        "x": 0.4611876606941223,
        "y": 0.38020849227905273,
        "z": 0.021856823936104774
    },
    "landmark_13": {
        "x": 0.5462484359741211,
        "y": 0.38483184576034546,
        "z": 0.0557885468006134
    },
    "landmark_14": {
        "x": 0.4529208540916443,
        "y": 0.3280046284198761,
        "z": -0.028127247467637062
    },
    "landmark_15": {
        "x": 0.5438089370727539,
        "y": 0.30341604351997375,
        "z": 0.05598946288228035
    },
    "landmark_16": {
        "x": 0.4736226201057434,
        "y": 0.2932136058807373,
        "z": -0.010618307627737522
    },
    "landmark_17": {
        "x": 0.5455218553543091,
        "y": 0.2787241041660309,
        "z": 0.043530941009521484
    },
    "landmark_18": {
        "x": 0.4762820601463318,
        "y": 0.28725337982177734,
        "z": -0.027407800778746605
    },
    "landmark_19": {
        "x": 0.5413419604301453,
        "y": 0.2776905596256256,
        "z": 0.04626455903053284
    },
    "landmark_20": {
        "x": 0.47901207208633423,
        "y": 0.2888324558734894,
        "z": -0.021368205547332764
    },
    "landmark_21": {
        "x": 0.5391414761543274,
        "y": 0.28700974583625793,
        "z": 0.05414305254817009
    },
    "landmark_22": {
        "x": 0.4793665409088135,
        "y": 0.29329466819763184,
        "z": -0.011774670332670212
    },
    "landmark_23": {
        "x": 0.5088794231414795,
        "y": 0.583936870098114,
        "z": 0.008191636763513088
    },
    "landmark_24": {
        "x": 0.4672951102256775,
        "y": 0.5869114398956299,
        "z": -0.00820707343518734
    },
    "landmark_25": {
        "x": 0.5408159494400024,
        "y": 0.7120006084442139,
        "z": -0.058952368795871735
    },
    "landmark_26": {
        "x": 0.4344300627708435,
        "y": 0.721498429775238,
        "z": -0.10812785476446152
    },
    "landmark_27": {
        "x": 0.5362883806228638,
        "y": 0.8282637596130371,
        "z": 0.12116342782974243
    },
    "landmark_28": {
        "x": 0.45591840147972107,
        "y": 0.8235003352165222,
        "z": 0.09680798649787903
    },
    "landmark_29": {
        "x": 0.5289610028266907,
        "y": 0.8410230278968811,
        "z": 0.13449320197105408
    },
    "landmark_30": {
        "x": 0.46829456090927124,
        "y": 0.8337255120277405,
        "z": 0.11316342651844025
    },
    "landmark_31": {
        "x": 0.5471349358558655,
        "y": 0.8843287229537964,
        "z": 0.04912630096077919
    },
    "landmark_32": {
        "x": 0.4504789710044861,
        "y": 0.8908342123031616,
        "z": 0.034323036670684814
    }
}