{
    "landmark_0": {
        "x": 0.4842221736907959,
        "y": 0.4567640423774719,
        "z": -0.24592271447181702
    },
    "landmark_1": {
        "x": 0.4846685528755188,
        "y": 0.4324757158756256,
        "z": -0.2405286580324173
    },
    "landmark_2": {
        "x": 0.48849591612815857,
        "y": 0.4407304525375366,
        "z": -0.24058032035827637
    },
    "landmark_3": {
        "x": 0.49086007475852966,
        "y": 0.4391179382801056,
        "z": -0.2406650334596634
    },
    "landmark_4": {
        "x": 0.4794413149356842,
        "y": 0.43019622564315796,
        "z": -0.23409482836723328
    },
    "landmark_5": {
        "x": 0.4775715470314026,
        "y": 0.4298245310783386,
        "z": -0.23412303626537323
    },
    "landmark_6": {
        "x": 0.47659391164779663,
        "y": 0.43054261803627014,
        "z": -0.234185129404068
    },
    "landmark_7": {
        "x": 0.49237149953842163,
        "y": 0.4351440370082855,
        "z": -0.1754990816116333
    },
    "landmark_8": {
        "x": 0.47770553827285767,
        "y": 0.4346506893634796,
        "z": -0.14496168494224548
    },
    "landmark_9": {
        "x": 0.49018988013267517,
        "y": 0.46383464336395264,
        "z": -0.21818506717681885
    },
    "landmark_10": {
        "x": 0.4827267527580261,
        "y": 0.4678940773010254,
        "z": -0.2097153216600418
    },
    "landmark_11": {
        "x": 0.5159538388252258,
        "y": 0.46736544370651245,
        "z": -0.13464690744876862
    },
    "landmark_12": {
        "x": 0.46903079748153687,
        "y": 0.5000767707824707,
        "z": -0.06870240718126297
    },
    "landmark_13": {
        "x": 0.5150067806243896,
        "y": 0.534345269203186,
        "z": -0.1742655336856842
    },
    "landmark_14": {
        "x": 0.49270087480545044,
        "y": 0.5757460594177246,
        "z": -0.02742597833275795
    },
    "landmark_15": {
        "x": 0.4652201533317566,
        "y": 0.526522696018219,
        "z": -0.23430287837982178
    },
    "landmark_16": {
        "x": 0.5203847289085388,
        "y": 0.5924492478370667,
        "z": -0.04468841850757599
    },
    "landmark_17": {
        "x": 0.4511334300041199,
        "y": 0.5455179810523987,
        "z": -0.2588898837566376
    },
    "landmark_18": {
        "x": 0.5254136919975281,
        "y": 0.6107075810432434,
        "z": -0.055612824857234955
    },
    "landmark_19": {
        "x": 0.45223385095596313,
        "y": 0.534674346446991,
        "z": -0.255839079618454
    },
    "landmark_20": {
        "x": 0.5246329307556152,
        "y": 0.601948618888855,
        "z": -0.06938749551773071
    },
    "landmark_21": {
        "x": 0.45431575179100037,
        "y": 0.5343319177627563,
        "z": -0.2324407994747162
    },
    "landmark_22": {
        "x": 0.525747537612915,
        "y": 0.5953888893127441,
        "z": -0.05010896176099777
    },
    "landmark_23": {
        "x": 0.517221987247467,
        "y": 0.6276644468307495,
        "z": -0.008507964201271534
    },
    "landmark_24": {
        "x": 0.4793466031551361,
        "y": 0.6382539868354797,
        "z": 0.008548321202397346
    },
    "landmark_25": {
        "x": 0.5713764429092407,
        "y": 0.6865269541740417,
        "z": -0.16346286237239838
    },
    "landmark_26": {
        "x": 0.4477882385253906,
        "y": 0.7540104985237122,
        "z": -0.13673730194568634
    },
    "landmark_27": {
        "x": 0.5746205449104309,
        "y": 0.8176961541175842,
        "z": -0.009698093868792057
    },
    "landmark_28": {
        "x": 0.4709094166755676,
        "y": 0.8497975468635559,
        "z": 0.0037285187281668186
    },
    "landmark_29": {
        "x": 0.5675171613693237,
        "y": 0.8452646136283875,
        "z": 0.0022499291226267815
    },
    "landmark_30": {
        "x": 0.4811388850212097,
        "y": 0.8628140091896057,
        "z": 0.01433534361422062
    },
    "landmark_31": {
        "x": 0.6067246794700623,
        "y": 0.8439010381698608,
        "z": -0.07507007569074631
    },
    "landmark_32": {
        "x": 0.45776787400245667,
        "y": 0.9035439491271973,
        "z": -0.06541609019041061
    }
}