{
    "landmark_0": {
        "x": 0.5160561203956604,
        "y": 0.4593426287174225,
        "z": -0.25187402963638306
    },
    "landmark_1": {
        "x": 0.5204095840454102,
        "y": 0.44552749395370483,
        "z": -0.24132516980171204
    },
    "landmark_2": {
        "x": 0.5224245190620422,
        "y": 0.4455887973308563,
        "z": -0.24128380417823792
    },
    "landmark_3": {
        "x": 0.5243744254112244,
        "y": 0.44578060507774353,
        "z": -0.24132585525512695
    },
    "landmark_4": {
        "x": 0.514308512210846,
        "y": 0.4427588880062103,
        "z": -0.25068265199661255
    },
    "landmark_5": {
        "x": 0.5119819641113281,
        "y": 0.44096916913986206,
        "z": -0.25071555376052856
    },
    "landmark_6": {
        "x": 0.5096928477287292,
        "y": 0.43933096528053284,
        "z": -0.250751256942749
    },
    "landmark_7": {
        "x": 0.5248318910598755,
        "y": 0.4462779462337494,
        "z": -0.15142403542995453
    },
    "landmark_8": {
        "x": 0.5044770240783691,
        "y": 0.43936651945114136,
        "z": -0.19292573630809784
    },
    "landmark_9": {
        "x": 0.5185993909835815,
        "y": 0.4691891670227051,
        "z": -0.21381792426109314
    },
    "landmark_10": {
        "x": 0.5105780959129333,
        "y": 0.4674732983112335,
        "z": -0.22641277313232422
    },
    "landmark_11": {
        "x": 0.5371243357658386,
        "y": 0.5062460899353027,
        "z": -0.06656723469495773
    },
    "landmark_12": {
        "x": 0.47505393624305725,
        "y": 0.4727618396282196,
        "z": -0.1713315099477768
    },
    "landmark_13": {
        "x": 0.5465015769004822,
        "y": 0.5614336133003235,
        "z": -0.11845292896032333
    },
    "landmark_14": {
        "x": 0.4952341914176941,
        "y": 0.5102511644363403,
        "z": -0.28350383043289185
    },
    "landmark_15": {
        "x": 0.5619083642959595,
        "y": 0.502189040184021,
        "z": -0.21058329939842224
    },
    "landmark_16": {
        "x": 0.53843092918396,
        "y": 0.47874805331230164,
        "z": -0.3547378480434418
    },
    "landmark_17": {
        "x": 0.5668638944625854,
        "y": 0.48388397693634033,
        "z": -0.22212810814380646
    },
    "landmark_18": {
        "x": 0.5482257604598999,
        "y": 0.4690290093421936,
        "z": -0.3759322762489319
    },
    "landmark_19": {
        "x": 0.5678735971450806,
        "y": 0.4731687903404236,
        "z": -0.22191910445690155
    },
    "landmark_20": {
        "x": 0.5473279356956482,
        "y": 0.4667462706565857,
        "z": -0.35971352458000183
    },
    "landmark_21": {
        "x": 0.563401997089386,
        "y": 0.48003333806991577,
        "z": -0.21240095794200897
    },
    "landmark_22": {
        "x": 0.5472352504730225,
        "y": 0.47170671820640564,
        "z": -0.3490143120288849
    },
    "landmark_23": {
        "x": 0.5097213983535767,
        "y": 0.6541464924812317,
        "z": 0.014068575575947762
    },
    "landmark_24": {
        "x": 0.46746355295181274,
        "y": 0.6463104486465454,
        "z": -0.01416002493351698
    },
    "landmark_25": {
        "x": 0.5248422622680664,
        "y": 0.7500512599945068,
        "z": -0.17560192942619324
    },
    "landmark_26": {
        "x": 0.42152029275894165,
        "y": 0.7479678392410278,
        "z": -0.09910988062620163
    },
    "landmark_27": {
        "x": 0.510120689868927,
        "y": 0.8524208068847656,
        "z": -0.042704805731773376
    },
    "landmark_28": {
        "x": 0.3746451139450073,
        "y": 0.8510770797729492,
        "z": -0.05071450024843216
    },
    "landmark_29": {
        "x": 0.5026868581771851,
        "y": 0.8652686476707458,
        "z": -0.03185088187456131
    },
    "landmark_30": {
        "x": 0.37015971541404724,
        "y": 0.8688902854919434,
        "z": -0.05090900510549545
    },
    "landmark_31": {
        "x": 0.5229167342185974,
        "y": 0.9022013545036316,
        "z": -0.108171246945858
    },
    "landmark_32": {
        "x": 0.344953715801239,
        "y": 0.8647797703742981,
        "z": -0.1434614658355713
    }
}