{
    "landmark_0": {
        "x": 0.5329803824424744,
        "y": 0.46207982301712036,
        "z": -0.1491904854774475
    },
    "landmark_1": {
        "x": 0.5384393930435181,
        "y": 0.451460599899292,
        "z": -0.1371750831604004
    },
    "landmark_2": {
        "x": 0.5405709147453308,
        "y": 0.4522491991519928,
        "z": -0.13724620640277863
    },
    "landmark_3": {
        "x": 0.5426338315010071,
        "y": 0.453053742647171,
        "z": -0.13733048737049103
    },
    "landmark_4": {
        "x": 0.5326082110404968,
        "y": 0.44751545786857605,
        "z": -0.13643275201320648
    },
    "landmark_5": {
        "x": 0.53067946434021,
        "y": 0.44550782442092896,
        "z": -0.136393204331398
    },
    "landmark_6": {
        "x": 0.528555691242218,
        "y": 0.4435776472091675,
        "z": -0.13638831675052643
    },
    "landmark_7": {
        "x": 0.5444608926773071,
        "y": 0.4550345540046692,
        "z": -0.05272400379180908
    },
    "landmark_8": {
        "x": 0.5250959992408752,
        "y": 0.4436509311199188,
        "z": -0.04977000132203102
    },
    "landmark_9": {
        "x": 0.5359575748443604,
        "y": 0.47312813997268677,
        "z": -0.11597348749637604
    },
    "landmark_10": {
        "x": 0.5277843475341797,
        "y": 0.4701300859451294,
        "z": -0.11538903415203094
    },
    "landmark_11": {
        "x": 0.5520077347755432,
        "y": 0.5125556588172913,
        "z": -0.01871398277580738
    },
    "landmark_12": {
        "x": 0.4998306632041931,
        "y": 0.4878166913986206,
        "z": -0.00802640337496996
    },
    "landmark_13": {
        "x": 0.5618738532066345,
        "y": 0.5621765851974487,
        "z": -0.1522538661956787
    },
    "landmark_14": {
        "x": 0.5062935948371887,
        "y": 0.5631067156791687,
        "z": -0.01198764517903328
    },
    "landmark_15": {
        "x": 0.5754121541976929,
        "y": 0.4908709228038788,
        "z": -0.3130611777305603
    },
    "landmark_16": {
        "x": 0.5197488069534302,
        "y": 0.6062294244766235,
        "z": -0.042276572436094284
    },
    "landmark_17": {
        "x": 0.5843470096588135,
        "y": 0.4708332121372223,
        "z": -0.3495902717113495
    },
    "landmark_18": {
        "x": 0.5205941200256348,
        "y": 0.6208954453468323,
        "z": -0.050638098269701004
    },
    "landmark_19": {
        "x": 0.5830801725387573,
        "y": 0.46230649948120117,
        "z": -0.3479195833206177
    },
    "landmark_20": {
        "x": 0.5211173295974731,
        "y": 0.6215612888336182,
        "z": -0.06158869341015816
    },
    "landmark_21": {
        "x": 0.5788074731826782,
        "y": 0.4706901013851166,
        "z": -0.3174169361591339
    },
    "landmark_22": {
        "x": 0.5215515494346619,
        "y": 0.617426335811615,
        "z": -0.04710197076201439
    },
    "landmark_23": {
        "x": 0.5166258811950684,
        "y": 0.6798397898674011,
        "z": -0.00015622097998857498
    },
    "landmark_24": {
        "x": 0.475327730178833,
        "y": 0.6666781306266785,
        "z": 0.00034532154677435756
    },
    "landmark_25": {
        "x": 0.5472941398620605,
        "y": 0.7755181193351746,
        "z": -0.13028718531131744
    },
    "landmark_26": {
        "x": 0.4151145815849304,
        "y": 0.7561776041984558,
        "z": -0.10269695520401001
    },
    "landmark_27": {
        "x": 0.5230042934417725,
        "y": 0.852807879447937,
        "z": 0.02937464788556099
    },
    "landmark_28": {
        "x": 0.3726884722709656,
        "y": 0.8543245196342468,
        "z": -0.01496285479515791
    },
    "landmark_29": {
        "x": 0.512640655040741,
        "y": 0.8735411167144775,
        "z": 0.042360272258520126
    },
    "landmark_30": {
        "x": 0.37097662687301636,
        "y": 0.8811641335487366,
        "z": -0.011471383273601532
    },
    "landmark_31": {
        "x": 0.5450912714004517,
        "y": 0.8987279534339905,
        "z": -0.026953648775815964
    },
    "landmark_32": {
        "x": 0.344919353723526,
        "y": 0.8681227564811707,
        "z": -0.0988200455904007
    }
}