{
    "landmark_0": {
        "x": 0.5130685567855835,
        "y": 0.455563485622406,
        "z": -0.23752367496490479
    },
    "landmark_1": {
        "x": 0.5168505907058716,
        "y": 0.44309455156326294,
        "z": -0.22878305613994598
    },
    "landmark_2": {
        "x": 0.5187137126922607,
        "y": 0.4430569112300873,
        "z": -0.22876115143299103
    },
    "landmark_3": {
        "x": 0.5207041501998901,
        "y": 0.4433726966381073,
        "z": -0.22881297767162323
    },
    "landmark_4": {
        "x": 0.5118926167488098,
        "y": 0.4412088096141815,
        "z": -0.2377464473247528
    },
    "landmark_5": {
        "x": 0.510191798210144,
        "y": 0.4396805763244629,
        "z": -0.23776689171791077
    },
    "landmark_6": {
        "x": 0.5082403421401978,
        "y": 0.43822452425956726,
        "z": -0.23780116438865662
    },
    "landmark_7": {
        "x": 0.5213324427604675,
        "y": 0.4430922269821167,
        "z": -0.14644281566143036
    },
    "landmark_8": {
        "x": 0.503131091594696,
        "y": 0.43578365445137024,
        "z": -0.18472544848918915
    },
    "landmark_9": {
        "x": 0.5154649615287781,
        "y": 0.4637415111064911,
        "z": -0.2017020434141159
    },
    "landmark_10": {
        "x": 0.5084207057952881,
        "y": 0.46160706877708435,
        "z": -0.21330709755420685
    },
    "landmark_11": {
        "x": 0.5343776345252991,
        "y": 0.49562591314315796,
        "z": -0.07159043848514557
    },
    "landmark_12": {
        "x": 0.4717000126838684,
        "y": 0.47430530190467834,
        "z": -0.17220726609230042
    },
    "landmark_13": {
        "x": 0.5550894141197205,
        "y": 0.5508438348770142,
        "z": -0.16036008298397064
    },
    "landmark_14": {
        "x": 0.5087013244628906,
        "y": 0.5133579969406128,
        "z": -0.24293072521686554
    },
    "landmark_15": {
        "x": 0.5666855573654175,
        "y": 0.47692617774009705,
        "z": -0.28415989875793457
    },
    "landmark_16": {
        "x": 0.5575737953186035,
        "y": 0.487101674079895,
        "z": -0.2548202872276306
    },
    "landmark_17": {
        "x": 0.5764223337173462,
        "y": 0.4586173892021179,
        "z": -0.3045281767845154
    },
    "landmark_18": {
        "x": 0.571370542049408,
        "y": 0.4738152325153351,
        "z": -0.27371180057525635
    },
    "landmark_19": {
        "x": 0.5761792063713074,
        "y": 0.45314857363700867,
        "z": -0.30209285020828247
    },
    "landmark_20": {
        "x": 0.568921685218811,
        "y": 0.47003471851348877,
        "z": -0.2599280774593353
    },
    "landmark_21": {
        "x": 0.5723704099655151,
        "y": 0.46037060022354126,
        "z": -0.2870616316795349
    },
    "landmark_22": {
        "x": 0.565327525138855,
        "y": 0.4697958528995514,
        "z": -0.24927225708961487
    },
    "landmark_23": {
        "x": 0.511210560798645,
        "y": 0.6554192304611206,
        "z": 0.010700716637074947
    },
    "landmark_24": {
        "x": 0.4682961404323578,
        "y": 0.6465355753898621,
        "z": -0.010713627561926842
    },
    "landmark_25": {
        "x": 0.5288022756576538,
        "y": 0.7592849135398865,
        "z": -0.1071915403008461
    },
    "landmark_26": {
        "x": 0.4161682724952698,
        "y": 0.7498175501823425,
        "z": -0.08632155507802963
    },
    "landmark_27": {
        "x": 0.5094966888427734,
        "y": 0.8542606830596924,
        "z": 0.05265665799379349
    },
    "landmark_28": {
        "x": 0.3723125457763672,
        "y": 0.8503388166427612,
        "z": -0.017848221585154533
    },
    "landmark_29": {
        "x": 0.49986690282821655,
        "y": 0.8720262050628662,
        "z": 0.06569982320070267
    },
    "landmark_30": {
        "x": 0.3687032163143158,
        "y": 0.8828394412994385,
        "z": -0.015901615843176842
    },
    "landmark_31": {
        "x": 0.5229485034942627,
        "y": 0.9053457379341125,
        "z": -0.003853809554129839
    },
    "landmark_32": {
        "x": 0.34067460894584656,
        "y": 0.8521565198898315,
        "z": -0.10210289806127548
    }
}