{
    "landmark_0": {
        "x": 0.4861207902431488,
        "y": 0.36104342341423035,
        "z": -0.1760542243719101
    },
    "landmark_1": {
        "x": 0.48956042528152466,
        "y": 0.34616678953170776,
        "z": -0.16472288966178894
    },
    "landmark_2": {
        "x": 0.4922376275062561,
        "y": 0.34566769003868103,
        "z": -0.16476507484912872
    },
    "landmark_3": {
        "x": 0.4951271116733551,
        "y": 0.34527117013931274,
        "z": -0.16478294134140015
    },
    "landmark_4": {
        "x": 0.48256874084472656,
        "y": 0.3472299873828888,
        "z": -0.1599874347448349
    },
    "landmark_5": {
        "x": 0.48034945130348206,
        "y": 0.3475951552391052,
        "z": -0.15995946526527405
    },
    "landmark_6": {
        "x": 0.47815266251564026,
        "y": 0.3480628430843353,
        "z": -0.1599215269088745
    },
    "landmark_7": {
        "x": 0.5010550618171692,
        "y": 0.348640114068985,
        "z": -0.09480038285255432
    },
    "landmark_8": {
        "x": 0.4745944142341614,
        "y": 0.35346272587776184,
        "z": -0.06988204270601273
    },
    "landmark_9": {
        "x": 0.4933341145515442,
        "y": 0.37283995747566223,
        "z": -0.14986470341682434
    },
    "landmark_10": {
        "x": 0.48266512155532837,
        "y": 0.37419942021369934,
        "z": -0.14286932349205017
    },
    "landmark_11": {
        "x": 0.523891031742096,
        "y": 0.4087475538253784,
        "z": -0.12188048660755157
    },
    "landmark_12": {
        "x": 0.45915183424949646,
        "y": 0.41745808720588684,
        "z": -0.05426240712404251
    },
    "landmark_13": {
        "x": 0.521640419960022,
        "y": 0.42317020893096924,
        "z": -0.3530358076095581
    },
    "landmark_14": {
        "x": 0.43092674016952515,
        "y": 0.41077926754951477,
        "z": -0.25528720021247864
    },
    "landmark_15": {
        "x": 0.49160271883010864,
        "y": 0.4286836087703705,
        "z": -0.5372539162635803
    },
    "landmark_16": {
        "x": 0.4258648753166199,
        "y": 0.37065333127975464,
        "z": -0.46325454115867615
    },
    "landmark_17": {
        "x": 0.48137980699539185,
        "y": 0.43365541100502014,
        "z": -0.5825729966163635
    },
    "landmark_18": {
        "x": 0.4252527356147766,
        "y": 0.3514483869075775,
        "z": -0.5061294436454773
    },
    "landmark_19": {
        "x": 0.47512397170066833,
        "y": 0.43341076374053955,
        "z": -0.573605477809906
    },
    "landmark_20": {
        "x": 0.42732882499694824,
        "y": 0.34382760524749756,
        "z": -0.49995899200439453
    },
    "landmark_21": {
        "x": 0.47771400213241577,
        "y": 0.4331425428390503,
        "z": -0.539528489112854
    },
    "landmark_22": {
        "x": 0.4298780858516693,
        "y": 0.3528037667274475,
        "z": -0.4692438244819641
    },
    "landmark_23": {
        "x": 0.5235533118247986,
        "y": 0.6046077013015747,
        "z": -0.01773444376885891
    },
    "landmark_24": {
        "x": 0.48017334938049316,
        "y": 0.6128352284431458,
        "z": 0.017559867352247238
    },
    "landmark_25": {
        "x": 0.5593105554580688,
        "y": 0.70516037940979,
        "z": -0.023805800825357437
    },
    "landmark_26": {
        "x": 0.47389039397239685,
        "y": 0.7420302629470825,
        "z": 0.05120743066072464
    },
    "landmark_27": {
        "x": 0.5928609371185303,
        "y": 0.8270584940910339,
        "z": 0.054267991334199905
    },
    "landmark_28": {
        "x": 0.4875949025154114,
        "y": 0.838004469871521,
        "z": 0.19568689167499542
    },
    "landmark_29": {
        "x": 0.5901490449905396,
        "y": 0.8492228984832764,
        "z": 0.05547947436571121
    },
    "landmark_30": {
        "x": 0.49839138984680176,
        "y": 0.8568856716156006,
        "z": 0.20467576384544373
    },
    "landmark_31": {
        "x": 0.6201841831207275,
        "y": 0.8466677069664001,
        "z": -0.0423770546913147
    },
    "landmark_32": {
        "x": 0.4700239300727844,
        "y": 0.8851519227027893,
        "z": 0.13181941211223602
    }
}