{
    "landmark_0": {
        "x": 0.5140941143035889,
        "y": 0.4402097165584564,
        "z": -0.22687622904777527
    },
    "landmark_1": {
        "x": 0.5182580947875977,
        "y": 0.42615145444869995,
        "z": -0.21617679297924042
    },
    "landmark_2": {
        "x": 0.5203218460083008,
        "y": 0.42716267704963684,
        "z": -0.21616940200328827
    },
    "landmark_3": {
        "x": 0.522596538066864,
        "y": 0.42858055233955383,
        "z": -0.21620436012744904
    },
    "landmark_4": {
        "x": 0.5111522674560547,
        "y": 0.4224899411201477,
        "z": -0.22001604735851288
    },
    "landmark_5": {
        "x": 0.509042501449585,
        "y": 0.4205872416496277,
        "z": -0.22004500031471252
    },
    "landmark_6": {
        "x": 0.505904495716095,
        "y": 0.4196931719779968,
        "z": -0.22008326649665833
    },
    "landmark_7": {
        "x": 0.5229031443595886,
        "y": 0.4319910705089569,
        "z": -0.12564629316329956
    },
    "landmark_8": {
        "x": 0.5009079575538635,
        "y": 0.4228186011314392,
        "z": -0.14257889986038208
    },
    "landmark_9": {
        "x": 0.5167887210845947,
        "y": 0.45362260937690735,
        "z": -0.18923801183700562
    },
    "landmark_10": {
        "x": 0.5081000328063965,
        "y": 0.45122990012168884,
        "z": -0.19461244344711304
    },
    "landmark_11": {
        "x": 0.5351354479789734,
        "y": 0.48824343085289,
        "z": -0.05414711311459541
    },
    "landmark_12": {
        "x": 0.4730086922645569,
        "y": 0.45974981784820557,
        "z": -0.10934297740459442
    },
    "landmark_13": {
        "x": 0.541886031627655,
        "y": 0.5564460754394531,
        "z": -0.11716251075267792
    },
    "landmark_14": {
        "x": 0.48610392212867737,
        "y": 0.5224652886390686,
        "z": -0.21190400421619415
    },
    "landmark_15": {
        "x": 0.5444879531860352,
        "y": 0.5110267996788025,
        "z": -0.220851331949234
    },
    "landmark_16": {
        "x": 0.5257138609886169,
        "y": 0.4992634654045105,
        "z": -0.3047087788581848
    },
    "landmark_17": {
        "x": 0.5501182675361633,
        "y": 0.4892163574695587,
        "z": -0.23619887232780457
    },
    "landmark_18": {
        "x": 0.5355852246284485,
        "y": 0.49439021944999695,
        "z": -0.32477080821990967
    },
    "landmark_19": {
        "x": 0.5501994490623474,
        "y": 0.47719472646713257,
        "z": -0.23508217930793762
    },
    "landmark_20": {
        "x": 0.5336126685142517,
        "y": 0.4884754717350006,
        "z": -0.31303727626800537
    },
    "landmark_21": {
        "x": 0.544983983039856,
        "y": 0.495482474565506,
        "z": -0.2218168079853058
    },
    "landmark_22": {
        "x": 0.5314248204231262,
        "y": 0.492289662361145,
        "z": -0.30114200711250305
    },
    "landmark_23": {
        "x": 0.5085437893867493,
        "y": 0.6433897018432617,
        "z": 0.0054789152927696705
    },
    "landmark_24": {
        "x": 0.467099130153656,
        "y": 0.6329588294029236,
        "z": -0.0055070980452001095
    },
    "landmark_25": {
        "x": 0.5273851752281189,
        "y": 0.7622028589248657,
        "z": -0.12582801282405853
    },
    "landmark_26": {
        "x": 0.41210469603538513,
        "y": 0.7310084104537964,
        "z": -0.08415742963552475
    },
    "landmark_27": {
        "x": 0.5093377828598022,
        "y": 0.8511906266212463,
        "z": 0.037244804203510284
    },
    "landmark_28": {
        "x": 0.37144941091537476,
        "y": 0.8308610916137695,
        "z": 0.006782746408134699
    },
    "landmark_29": {
        "x": 0.5009286403656006,
        "y": 0.8671875596046448,
        "z": 0.050575245171785355
    },
    "landmark_30": {
        "x": 0.3715616762638092,
        "y": 0.8563796281814575,
        "z": 0.01162594836205244
    },
    "landmark_31": {
        "x": 0.5235859155654907,
        "y": 0.9015877842903137,
        "z": -0.016587069258093834
    },
    "landmark_32": {
        "x": 0.3412754237651825,
        "y": 0.848048746585846,
        "z": -0.06966090947389603
    }
}