{
    "landmark_0": {
        "x": 0.50783771276474,
        "y": 0.3564360737800598,
        "z": -0.115522101521492
    },
    "landmark_1": {
        "x": 0.5110609531402588,
        "y": 0.3467674255371094,
        "z": -0.09916926175355911
    },
    "landmark_2": {
        "x": 0.5131039619445801,
        "y": 0.3471357822418213,
        "z": -0.09917433559894562
    },
    "landmark_3": {
        "x": 0.5152227878570557,
        "y": 0.34766802191734314,
        "z": -0.09921301156282425
    },
    "landmark_4": {
        "x": 0.5055115818977356,
        "y": 0.34550657868385315,
        "z": -0.10251732915639877
    },
    "landmark_5": {
        "x": 0.5036343336105347,
        "y": 0.34503278136253357,
        "z": -0.10250036418437958
    },
    "landmark_6": {
        "x": 0.501805305480957,
        "y": 0.34471595287323,
        "z": -0.10251996666193008
    },
    "landmark_7": {
        "x": 0.5161131024360657,
        "y": 0.3534039556980133,
        "z": -0.013102846220135689
    },
    "landmark_8": {
        "x": 0.4971950650215149,
        "y": 0.34975478053092957,
        "z": -0.024111445993185043
    },
    "landmark_9": {
        "x": 0.5107048153877258,
        "y": 0.36602330207824707,
        "z": -0.08231983333826065
    },
    "landmark_10": {
        "x": 0.5031048655509949,
        "y": 0.3653371036052704,
        "z": -0.08608660101890564
    },
    "landmark_11": {
        "x": 0.5285263657569885,
        "y": 0.4148118793964386,
        "z": 0.012550552375614643
    },
    "landmark_12": {
        "x": 0.4729396402835846,
        "y": 0.40516358613967896,
        "z": -0.02621687389910221
    },
    "landmark_13": {
        "x": 0.5493402481079102,
        "y": 0.39883992075920105,
        "z": -0.09002325683832169
    },
    "landmark_14": {
        "x": 0.506838858127594,
        "y": 0.3957138955593109,
        "z": -0.08574006706476212
    },
    "landmark_15": {
        "x": 0.5438920855522156,
        "y": 0.3152485489845276,
        "z": -0.15967699885368347
    },
    "landmark_16": {
        "x": 0.5399327278137207,
        "y": 0.34253472089767456,
        "z": -0.054023437201976776
    },
    "landmark_17": {
        "x": 0.5459661483764648,
        "y": 0.2903151512145996,
        "z": -0.17970626056194305
    },
    "landmark_18": {
        "x": 0.548945963382721,
        "y": 0.31482237577438354,
        "z": -0.07091034948825836
    },
    "landmark_19": {
        "x": 0.5415526032447815,
        "y": 0.2915073335170746,
        "z": -0.16978611052036285
    },
    "landmark_20": {
        "x": 0.5497497916221619,
        "y": 0.34033963084220886,
        "z": -0.05898193269968033
    },
    "landmark_21": {
        "x": 0.5395482182502747,
        "y": 0.3021094501018524,
        "z": -0.1591620147228241
    },
    "landmark_22": {
        "x": 0.5478830337524414,
        "y": 0.34866443276405334,
        "z": -0.05093715712428093
    },
    "landmark_23": {
        "x": 0.5210140943527222,
        "y": 0.6159071922302246,
        "z": -0.0075489794835448265
    },
    "landmark_24": {
        "x": 0.47657713294029236,
        "y": 0.6109553575515747,
        "z": 0.007568740751594305
    },
    "landmark_25": {
        "x": 0.545333206653595,
        "y": 0.742193877696991,
        "z": -0.06828528642654419
    },
    "landmark_26": {
        "x": 0.41812485456466675,
        "y": 0.7064036130905151,
        "z": -0.1092982292175293
    },
    "landmark_27": {
        "x": 0.5287209749221802,
        "y": 0.8431692123413086,
        "z": 0.1360267996788025
    },
    "landmark_28": {
        "x": 0.4248013496398926,
        "y": 0.8373968601226807,
        "z": 0.053689293563365936
    },
    "landmark_29": {
        "x": 0.5178834199905396,
        "y": 0.8539464473724365,
        "z": 0.15268324315547943
    },
    "landmark_30": {
        "x": 0.4347224831581116,
        "y": 0.8605585098266602,
        "z": 0.06558100134134293
    },
    "landmark_31": {
        "x": 0.5327306389808655,
        "y": 0.897059440612793,
        "z": 0.07137138396501541
    },
    "landmark_32": {
        "x": 0.39070770144462585,
        "y": 0.8714843988418579,
        "z": -0.00866888277232647
    }
}