{
    "landmark_0": {
        "x": 0.5066323280334473,
        "y": 0.3640977740287781,
        "z": -0.15863172709941864
    },
    "landmark_1": {
        "x": 0.5103943347930908,
        "y": 0.35267549753189087,
        "z": -0.14081640541553497
    },
    "landmark_2": {
        "x": 0.512811005115509,
        "y": 0.35232874751091003,
        "z": -0.14077143371105194
    },
    "landmark_3": {
        "x": 0.5153108239173889,
        "y": 0.3518555164337158,
        "z": -0.14074380695819855
    },
    "landmark_4": {
        "x": 0.5032984018325806,
        "y": 0.3515201807022095,
        "z": -0.14118067920207977
    },
    "landmark_5": {
        "x": 0.5008358359336853,
        "y": 0.350527822971344,
        "z": -0.14118464291095734
    },
    "landmark_6": {
        "x": 0.4983310103416443,
        "y": 0.3492656350135803,
        "z": -0.14123788475990295
    },
    "landmark_7": {
        "x": 0.5183205604553223,
        "y": 0.3580000102519989,
        "z": -0.05659560114145279
    },
    "landmark_8": {
        "x": 0.4937058091163635,
        "y": 0.35359492897987366,
        "z": -0.05620349198579788
    },
    "landmark_9": {
        "x": 0.5111907124519348,
        "y": 0.37571996450424194,
        "z": -0.1283092200756073
    },
    "landmark_10": {
        "x": 0.5022532343864441,
        "y": 0.3755519986152649,
        "z": -0.1283474862575531
    },
    "landmark_11": {
        "x": 0.5379820466041565,
        "y": 0.4262264370918274,
        "z": -0.05594208091497421
    },
    "landmark_12": {
        "x": 0.4760933816432953,
        "y": 0.4161922037601471,
        "z": -0.06114441156387329
    },
    "landmark_13": {
        "x": 0.5608112812042236,
        "y": 0.40125954151153564,
        "z": -0.2158772498369217
    },
    "landmark_14": {
        "x": 0.4572262763977051,
        "y": 0.38029390573501587,
        "z": -0.21580228209495544
    },
    "landmark_15": {
        "x": 0.5441982746124268,
        "y": 0.3377039134502411,
        "z": -0.3251948356628418
    },
    "landmark_16": {
        "x": 0.4903918206691742,
        "y": 0.32759082317352295,
        "z": -0.30690866708755493
    },
    "landmark_17": {
        "x": 0.5410676598548889,
        "y": 0.3153451383113861,
        "z": -0.3544771075248718
    },
    "landmark_18": {
        "x": 0.5012381672859192,
        "y": 0.3148426413536072,
        "z": -0.3349493443965912
    },
    "landmark_19": {
        "x": 0.5361117124557495,
        "y": 0.3165712356567383,
        "z": -0.33805355429649353
    },
    "landmark_20": {
        "x": 0.5046775341033936,
        "y": 0.3162800669670105,
        "z": -0.32003048062324524
    },
    "landmark_21": {
        "x": 0.5357807278633118,
        "y": 0.32679545879364014,
        "z": -0.32358458638191223
    },
    "landmark_22": {
        "x": 0.5016179084777832,
        "y": 0.3235120177268982,
        "z": -0.30484738945961
    },
    "landmark_23": {
        "x": 0.5247787237167358,
        "y": 0.62474125623703,
        "z": -0.01924368366599083
    },
    "landmark_24": {
        "x": 0.4828220009803772,
        "y": 0.61519855260849,
        "z": 0.01916900835931301
    },
    "landmark_25": {
        "x": 0.5292818546295166,
        "y": 0.7409958839416504,
        "z": -0.06039160490036011
    },
    "landmark_26": {
        "x": 0.4303010106086731,
        "y": 0.7090310454368591,
        "z": -0.05857918784022331
    },
    "landmark_27": {
        "x": 0.519025444984436,
        "y": 0.8548164963722229,
        "z": 0.06491826474666595
    },
    "landmark_28": {
        "x": 0.42837923765182495,
        "y": 0.8263587355613708,
        "z": 0.08567284047603607
    },
    "landmark_29": {
        "x": 0.511969268321991,
        "y": 0.8733219504356384,
        "z": 0.07124123722314835
    },
    "landmark_30": {
        "x": 0.4377249777317047,
        "y": 0.8511077761650085,
        "z": 0.09528026729822159
    },
    "landmark_31": {
        "x": 0.5308127999305725,
        "y": 0.8992301225662231,
        "z": -0.01827261596918106
    },
    "landmark_32": {
        "x": 0.39332103729248047,
        "y": 0.8577527403831482,
        "z": 0.030935918912291527
    }
}