{
    "landmark_0": {
        "x": 0.4810940623283386,
        "y": 0.38078707456588745,
        "z": -0.18131700158119202
    },
    "landmark_1": {
        "x": 0.4828895926475525,
        "y": 0.36395102739334106,
        "z": -0.17195746302604675
    },
    "landmark_2": {
        "x": 0.48513132333755493,
        "y": 0.3623526394367218,
        "z": -0.17202205955982208
    },
    "landmark_3": {
        "x": 0.487539142370224,
        "y": 0.36097007989883423,
        "z": -0.17205940186977386
    },
    "landmark_4": {
        "x": 0.47784215211868286,
        "y": 0.36712363362312317,
        "z": -0.1651505082845688
    },
    "landmark_5": {
        "x": 0.47641247510910034,
        "y": 0.36789724230766296,
        "z": -0.16513313353061676
    },
    "landmark_6": {
        "x": 0.4749242663383484,
        "y": 0.3689013719558716,
        "z": -0.16513065993785858
    },
    "landmark_7": {
        "x": 0.49205321073532104,
        "y": 0.3657914996147156,
        "z": -0.10328513383865356
    },
    "landmark_8": {
        "x": 0.47222304344177246,
        "y": 0.37620362639427185,
        "z": -0.07187565416097641
    },
    "landmark_9": {
        "x": 0.487112432718277,
        "y": 0.39098888635635376,
        "z": -0.15515844523906708
    },
    "landmark_10": {
        "x": 0.4795340597629547,
        "y": 0.39449313282966614,
        "z": -0.14634127914905548
    },
    "landmark_11": {
        "x": 0.5223340392112732,
        "y": 0.4306875765323639,
        "z": -0.10818628966808319
    },
    "landmark_12": {
        "x": 0.4604542851448059,
        "y": 0.44148656725883484,
        "z": -0.03746692091226578
    },
    "landmark_13": {
        "x": 0.5230861902236938,
        "y": 0.4797636568546295,
        "z": -0.27398815751075745
    },
    "landmark_14": {
        "x": 0.43846601247787476,
        "y": 0.45310449600219727,
        "z": -0.19702139496803284
    },
    "landmark_15": {
        "x": 0.48002633452415466,
        "y": 0.46623340249061584,
        "z": -0.4140844941139221
    },
    "landmark_16": {
        "x": 0.42647790908813477,
        "y": 0.39933913946151733,
        "z": -0.41055989265441895
    },
    "landmark_17": {
        "x": 0.4704752564430237,
        "y": 0.4805343747138977,
        "z": -0.450850248336792
    },
    "landmark_18": {
        "x": 0.42240938544273376,
        "y": 0.38171178102493286,
        "z": -0.45009249448776245
    },
    "landmark_19": {
        "x": 0.465677410364151,
        "y": 0.47192680835723877,
        "z": -0.4392523169517517
    },
    "landmark_20": {
        "x": 0.42510929703712463,
        "y": 0.3762383759021759,
        "z": -0.4483093321323395
    },
    "landmark_21": {
        "x": 0.4694608747959137,
        "y": 0.4700436592102051,
        "z": -0.4119514524936676
    },
    "landmark_22": {
        "x": 0.42708301544189453,
        "y": 0.38172951340675354,
        "z": -0.4177633821964264
    },
    "landmark_23": {
        "x": 0.5165678262710571,
        "y": 0.6327353119850159,
        "z": -0.014949509873986244
    },
    "landmark_24": {
        "x": 0.4742664694786072,
        "y": 0.640779972076416,
        "z": 0.014733021147549152
    },
    "landmark_25": {
        "x": 0.5514402985572815,
        "y": 0.7502363324165344,
        "z": -0.006957746110856533
    },
    "landmark_26": {
        "x": 0.4694262146949768,
        "y": 0.7649796605110168,
        "z": 0.03564286231994629
    },
    "landmark_27": {
        "x": 0.5923121571540833,
        "y": 0.8476855158805847,
        "z": 0.08703181147575378
    },
    "landmark_28": {
        "x": 0.4810146689414978,
        "y": 0.852040708065033,
        "z": 0.19184532761573792
    },
    "landmark_29": {
        "x": 0.5943217873573303,
        "y": 0.8775466680526733,
        "z": 0.0917808935046196
    },
    "landmark_30": {
        "x": 0.4894588589668274,
        "y": 0.8701480627059937,
        "z": 0.2036360502243042
    },
    "landmark_31": {
        "x": 0.6283100247383118,
        "y": 0.8515329957008362,
        "z": 0.005366028286516666
    },
    "landmark_32": {
        "x": 0.46451932191848755,
        "y": 0.9036433696746826,
        "z": 0.1327926069498062
    }
}