{
    "landmark_0": {
        "x": 0.5038039684295654,
        "y": 0.3260878026485443,
        "z": -0.12424661964178085
    },
    "landmark_1": {
        "x": 0.5044695138931274,
        "y": 0.3147463798522949,
        "z": -0.10636136680841446
    },
    "landmark_2": {
        "x": 0.5057244300842285,
        "y": 0.315030962228775,
        "z": -0.106367327272892
    },
    "landmark_3": {
        "x": 0.507119357585907,
        "y": 0.3154582381248474,
        "z": -0.10637805610895157
    },
    "landmark_4": {
        "x": 0.5002045035362244,
        "y": 0.313033789396286,
        "z": -0.11554553359746933
    },
    "landmark_5": {
        "x": 0.4986792504787445,
        "y": 0.3119657337665558,
        "z": -0.11553604900836945
    },
    "landmark_6": {
        "x": 0.49727100133895874,
        "y": 0.31115108728408813,
        "z": -0.11558876186609268
    },
    "landmark_7": {
        "x": 0.5049325823783875,
        "y": 0.3186524212360382,
        "z": -0.01273893378674984
    },
    "landmark_8": {
        "x": 0.4911683201789856,
        "y": 0.31392809748649597,
        "z": -0.053287189453840256
    },
    "landmark_9": {
        "x": 0.5058937072753906,
        "y": 0.33638817071914673,
        "z": -0.0886889398097992
    },
    "landmark_10": {
        "x": 0.49970707297325134,
        "y": 0.33484718203544617,
        "z": -0.1007206067442894
    },
    "landmark_11": {
        "x": 0.5203307271003723,
        "y": 0.3837956190109253,
        "z": 0.01811877079308033
    },
    "landmark_12": {
        "x": 0.45835891366004944,
        "y": 0.3667941987514496,
        "z": -0.0706138014793396
    },
    "landmark_13": {
        "x": 0.5287625193595886,
        "y": 0.3891092836856842,
        "z": -0.10646197944879532
    },
    "landmark_14": {
        "x": 0.46520501375198364,
        "y": 0.3737086355686188,
        "z": -0.23892061412334442
    },
    "landmark_15": {
        "x": 0.5378813743591309,
        "y": 0.32782647013664246,
        "z": -0.24077346920967102
    },
    "landmark_16": {
        "x": 0.5057604312896729,
        "y": 0.32306018471717834,
        "z": -0.3421853184700012
    },
    "landmark_17": {
        "x": 0.5470662117004395,
        "y": 0.3225651681423187,
        "z": -0.26833972334861755
    },
    "landmark_18": {
        "x": 0.5128800272941589,
        "y": 0.3106999695301056,
        "z": -0.3766566514968872
    },
    "landmark_19": {
        "x": 0.5376741290092468,
        "y": 0.3025505244731903,
        "z": -0.2652229964733124
    },
    "landmark_20": {
        "x": 0.5173177719116211,
        "y": 0.30974775552749634,
        "z": -0.36151769757270813
    },
    "landmark_21": {
        "x": 0.5334153175354004,
        "y": 0.31396061182022095,
        "z": -0.24531304836273193
    },
    "landmark_22": {
        "x": 0.5131211280822754,
        "y": 0.31828659772872925,
        "z": -0.340114027261734
    },
    "landmark_23": {
        "x": 0.5091371536254883,
        "y": 0.5749602317810059,
        "z": 0.008204490877687931
    },
    "landmark_24": {
        "x": 0.4670430123806,
        "y": 0.5777053833007812,
        "z": -0.008178737945854664
    },
    "landmark_25": {
        "x": 0.5346050262451172,
        "y": 0.7050394415855408,
        "z": -0.0924878641963005
    },
    "landmark_26": {
        "x": 0.42505574226379395,
        "y": 0.6984051465988159,
        "z": -0.14110510051250458
    },
    "landmark_27": {
        "x": 0.5222427845001221,
        "y": 0.8143686652183533,
        "z": 0.0674181655049324
    },
    "landmark_28": {
        "x": 0.4437731206417084,
        "y": 0.7991740703582764,
        "z": 0.0399179644882679
    },
    "landmark_29": {
        "x": 0.5120477080345154,
        "y": 0.8297909498214722,
        "z": 0.07771754264831543
    },
    "landmark_30": {
        "x": 0.45572251081466675,
        "y": 0.8134462833404541,
        "z": 0.05299396440386772
    },
    "landmark_31": {
        "x": 0.5329220294952393,
        "y": 0.8726009130477905,
        "z": -0.01961180940270424
    },
    "landmark_32": {
        "x": 0.4304184317588806,
        "y": 0.8570933938026428,
        "z": -0.03573843836784363
    }
}