{
    "landmark_0": {
        "x": 0.5369517803192139,
        "y": 0.4730920195579529,
        "z": -0.13616599142551422
    },
    "landmark_1": {
        "x": 0.5415993332862854,
        "y": 0.4606633186340332,
        "z": -0.121501125395298
    },
    "landmark_2": {
        "x": 0.5434097051620483,
        "y": 0.4611204266548157,
        "z": -0.12154164165258408
    },
    "landmark_3": {
        "x": 0.5451616048812866,
        "y": 0.46159666776657104,
        "z": -0.12160342931747437
    },
    "landmark_4": {
        "x": 0.5360238552093506,
        "y": 0.45734819769859314,
        "z": -0.12371213734149933
    },
    "landmark_5": {
        "x": 0.5340202450752258,
        "y": 0.4554540514945984,
        "z": -0.12367366254329681
    },
    "landmark_6": {
        "x": 0.531963050365448,
        "y": 0.4534667134284973,
        "z": -0.12367111444473267
    },
    "landmark_7": {
        "x": 0.5455582737922668,
        "y": 0.46083056926727295,
        "z": -0.038780439645051956
    },
    "landmark_8": {
        "x": 0.5277919769287109,
        "y": 0.4505413770675659,
        "z": -0.04881596565246582
    },
    "landmark_9": {
        "x": 0.5386050343513489,
        "y": 0.48459795117378235,
        "z": -0.10526932775974274
    },
    "landmark_10": {
        "x": 0.5313223600387573,
        "y": 0.48169052600860596,
        "z": -0.10839350521564484
    },
    "landmark_11": {
        "x": 0.5483707785606384,
        "y": 0.5235130190849304,
        "z": -0.025262746959924698
    },
    "landmark_12": {
        "x": 0.5022583603858948,
        "y": 0.4910500943660736,
        "z": -0.05237520486116409
    },
    "landmark_13": {
        "x": 0.5565685033798218,
        "y": 0.5453015565872192,
        "z": -0.20255441963672638
    },
    "landmark_14": {
        "x": 0.5009406208992004,
        "y": 0.4855401813983917,
        "z": -0.21586184203624725
    },
    "landmark_15": {
        "x": 0.5768841505050659,
        "y": 0.49556952714920044,
        "z": -0.3784916400909424
    },
    "landmark_16": {
        "x": 0.5150198340415955,
        "y": 0.43476465344429016,
        "z": -0.34964466094970703
    },
    "landmark_17": {
        "x": 0.5859553217887878,
        "y": 0.48239657282829285,
        "z": -0.41403475403785706
    },
    "landmark_18": {
        "x": 0.516161322593689,
        "y": 0.4184908866882324,
        "z": -0.3797190189361572
    },
    "landmark_19": {
        "x": 0.5819947123527527,
        "y": 0.4764453172683716,
        "z": -0.40980711579322815
    },
    "landmark_20": {
        "x": 0.516742467880249,
        "y": 0.4201415181159973,
        "z": -0.3723214566707611
    },
    "landmark_21": {
        "x": 0.5783514976501465,
        "y": 0.48083508014678955,
        "z": -0.383192777633667
    },
    "landmark_22": {
        "x": 0.5168657898902893,
        "y": 0.42825207114219666,
        "z": -0.35267364978790283
    },
    "landmark_23": {
        "x": 0.5155828595161438,
        "y": 0.684004545211792,
        "z": 0.010852810926735401
    },
    "landmark_24": {
        "x": 0.4745334982872009,
        "y": 0.6751708984375,
        "z": -0.010844319127500057
    },
    "landmark_25": {
        "x": 0.5468327403068542,
        "y": 0.7658940553665161,
        "z": -0.11211024224758148
    },
    "landmark_26": {
        "x": 0.4173716604709625,
        "y": 0.764155924320221,
        "z": -0.07842862606048584
    },
    "landmark_27": {
        "x": 0.5233274102210999,
        "y": 0.8539339900016785,
        "z": 0.015397058799862862
    },
    "landmark_28": {
        "x": 0.3699001669883728,
        "y": 0.8585634231567383,
        "z": -0.025935206562280655
    },
    "landmark_29": {
        "x": 0.5137526988983154,
        "y": 0.86723792552948,
        "z": 0.024418743327260017
    },
    "landmark_30": {
        "x": 0.36473360657691956,
        "y": 0.8819742202758789,
        "z": -0.026027392596006393
    },
    "landmark_31": {
        "x": 0.5435030460357666,
        "y": 0.8990457057952881,
        "z": -0.040182895958423615
    },
    "landmark_32": {
        "x": 0.34139546751976013,
        "y": 0.8526638746261597,
        "z": -0.10859771072864532
    }
}