{
    "landmark_0": {
        "x": 0.5386772751808167,
        "y": 0.459106981754303,
        "z": -0.1495656669139862
    },
    "landmark_1": {
        "x": 0.5415487289428711,
        "y": 0.44770458340644836,
        "z": -0.1340736597776413
    },
    "landmark_2": {
        "x": 0.5429859757423401,
        "y": 0.447448194026947,
        "z": -0.13409318029880524
    },
    "landmark_3": {
        "x": 0.5444956421852112,
        "y": 0.4471619427204132,
        "z": -0.13413509726524353
    },
    "landmark_4": {
        "x": 0.5373123288154602,
        "y": 0.44526001811027527,
        "z": -0.14433149993419647
    },
    "landmark_5": {
        "x": 0.5356662273406982,
        "y": 0.4432511329650879,
        "z": -0.14432227611541748
    },
    "landmark_6": {
        "x": 0.5339804291725159,
        "y": 0.44115445017814636,
        "z": -0.14435434341430664
    },
    "landmark_7": {
        "x": 0.5443305373191833,
        "y": 0.4439113140106201,
        "z": -0.042548395693302155
    },
    "landmark_8": {
        "x": 0.5293486714363098,
        "y": 0.43519532680511475,
        "z": -0.08991166949272156
    },
    "landmark_9": {
        "x": 0.5398771166801453,
        "y": 0.46775704622268677,
        "z": -0.11367740482091904
    },
    "landmark_10": {
        "x": 0.5339550375938416,
        "y": 0.4650568664073944,
        "z": -0.12781494855880737
    },
    "landmark_11": {
        "x": 0.5490295886993408,
        "y": 0.4999511241912842,
        "z": -0.002244168659672141
    },
    "landmark_12": {
        "x": 0.5003435611724854,
        "y": 0.46842387318611145,
        "z": -0.10237214714288712
    },
    "landmark_13": {
        "x": 0.5578175187110901,
        "y": 0.5191944241523743,
        "z": -0.09284378588199615
    },
    "landmark_14": {
        "x": 0.5123422145843506,
        "y": 0.45337459444999695,
        "z": -0.2898564040660858
    },
    "landmark_15": {
        "x": 0.5771970748901367,
        "y": 0.4617905616760254,
        "z": -0.20355281233787537
    },
    "landmark_16": {
        "x": 0.5371056795120239,
        "y": 0.4176408052444458,
        "z": -0.42269912362098694
    },
    "landmark_17": {
        "x": 0.5870180726051331,
        "y": 0.4475032687187195,
        "z": -0.22499731183052063
    },
    "landmark_18": {
        "x": 0.5410800576210022,
        "y": 0.4086013734340668,
        "z": -0.4563979208469391
    },
    "landmark_19": {
        "x": 0.5837341547012329,
        "y": 0.44068896770477295,
        "z": -0.22663450241088867
    },
    "landmark_20": {
        "x": 0.5428305864334106,
        "y": 0.4102493226528168,
        "z": -0.4452438950538635
    },
    "landmark_21": {
        "x": 0.5788573622703552,
        "y": 0.44763848185539246,
        "z": -0.20864567160606384
    },
    "landmark_22": {
        "x": 0.5419027209281921,
        "y": 0.4158422648906708,
        "z": -0.4233209490776062
    },
    "landmark_23": {
        "x": 0.517360270023346,
        "y": 0.6756302118301392,
        "z": 0.01568123698234558
    },
    "landmark_24": {
        "x": 0.4771088659763336,
        "y": 0.6622598171234131,
        "z": -0.01567051373422146
    },
    "landmark_25": {
        "x": 0.5472845435142517,
        "y": 0.7669145464897156,
        "z": -0.10572351515293121
    },
    "landmark_26": {
        "x": 0.4128105044364929,
        "y": 0.7375078797340393,
        "z": -0.10260756313800812
    },
    "landmark_27": {
        "x": 0.52501380443573,
        "y": 0.8513916730880737,
        "z": 0.034177154302597046
    },
    "landmark_28": {
        "x": 0.3680509030818939,
        "y": 0.8371223211288452,
        "z": -0.031312622129917145
    },
    "landmark_29": {
        "x": 0.515393853187561,
        "y": 0.8662142157554626,
        "z": 0.04436122626066208
    },
    "landmark_30": {
        "x": 0.36408573389053345,
        "y": 0.8682162165641785,
        "z": -0.02899356558918953
    },
    "landmark_31": {
        "x": 0.544781506061554,
        "y": 0.8977862596511841,
        "z": -0.022334888577461243
    },
    "landmark_32": {
        "x": 0.3323316276073456,
        "y": 0.8268757462501526,
        "z": -0.11016204208135605
    }
}