{
    "landmark_0": {
        "x": 0.4791145920753479,
        "y": 0.34657999873161316,
        "z": -0.15896537899971008
    },
    "landmark_1": {
        "x": 0.48180800676345825,
        "y": 0.3330145478248596,
        "z": -0.14703711867332458
    },
    "landmark_2": {
        "x": 0.4834217131137848,
        "y": 0.3321748673915863,
        "z": -0.14707136154174805
    },
    "landmark_3": {
        "x": 0.4851134717464447,
        "y": 0.331439733505249,
        "z": -0.14710268378257751
    },
    "landmark_4": {
        "x": 0.47822895646095276,
        "y": 0.33399221301078796,
        "z": -0.14337630569934845
    },
    "landmark_5": {
        "x": 0.47720807790756226,
        "y": 0.33399835228919983,
        "z": -0.14334994554519653
    },
    "landmark_6": {
        "x": 0.47628897428512573,
        "y": 0.3340098559856415,
        "z": -0.14338946342468262
    },
    "landmark_7": {
        "x": 0.48948758840560913,
        "y": 0.33384087681770325,
        "z": -0.07120406627655029
    },
    "landmark_8": {
        "x": 0.47656455636024475,
        "y": 0.33689746260643005,
        "z": -0.05380070209503174
    },
    "landmark_9": {
        "x": 0.48442038893699646,
        "y": 0.3545924127101898,
        "z": -0.13018466532230377
    },
    "landmark_10": {
        "x": 0.47852450609207153,
        "y": 0.35508742928504944,
        "z": -0.12550221383571625
    },
    "landmark_11": {
        "x": 0.5152036547660828,
        "y": 0.3985285758972168,
        "z": -0.06255856901407242
    },
    "landmark_12": {
        "x": 0.45583876967430115,
        "y": 0.4005680978298187,
        "z": -0.05366234853863716
    },
    "landmark_13": {
        "x": 0.5154998302459717,
        "y": 0.4142567217350006,
        "z": -0.24036221206188202
    },
    "landmark_14": {
        "x": 0.4295406937599182,
        "y": 0.3713967204093933,
        "z": -0.23681600391864777
    },
    "landmark_15": {
        "x": 0.4962504506111145,
        "y": 0.34868019819259644,
        "z": -0.3900347650051117
    },
    "landmark_16": {
        "x": 0.43892741203308105,
        "y": 0.31948259472846985,
        "z": -0.40726765990257263
    },
    "landmark_17": {
        "x": 0.49334660172462463,
        "y": 0.333714097738266,
        "z": -0.42604485154151917
    },
    "landmark_18": {
        "x": 0.4386344850063324,
        "y": 0.29497936367988586,
        "z": -0.44521960616111755
    },
    "landmark_19": {
        "x": 0.4920485019683838,
        "y": 0.329956978559494,
        "z": -0.41835108399391174
    },
    "landmark_20": {
        "x": 0.4403495788574219,
        "y": 0.2939373254776001,
        "z": -0.435295045375824
    },
    "landmark_21": {
        "x": 0.49126967787742615,
        "y": 0.33686962723731995,
        "z": -0.39202016592025757
    },
    "landmark_22": {
        "x": 0.44251498579978943,
        "y": 0.30413171648979187,
        "z": -0.4105028212070465
    },
    "landmark_23": {
        "x": 0.5074396133422852,
        "y": 0.5963097810745239,
        "z": 0.0035634383093565702
    },
    "landmark_24": {
        "x": 0.4641246199607849,
        "y": 0.6066035628318787,
        "z": -0.0036451921332627535
    },
    "landmark_25": {
        "x": 0.5503692626953125,
        "y": 0.7081701755523682,
        "z": -0.05608067661523819
    },
    "landmark_26": {
        "x": 0.4524374008178711,
        "y": 0.7510233521461487,
        "z": -0.029034346342086792
    },
    "landmark_27": {
        "x": 0.5469649434089661,
        "y": 0.8337825536727905,
        "z": 0.06217791512608528
    },
    "landmark_28": {
        "x": 0.4707888662815094,
        "y": 0.8543242812156677,
        "z": 0.09845953434705734
    },
    "landmark_29": {
        "x": 0.5380631685256958,
        "y": 0.8560850620269775,
        "z": 0.06842367351055145
    },
    "landmark_30": {
        "x": 0.48141878843307495,
        "y": 0.8718693852424622,
        "z": 0.10534705966711044
    },
    "landmark_31": {
        "x": 0.5792503356933594,
        "y": 0.8725598454475403,
        "z": -0.023209577426314354
    },
    "landmark_32": {
        "x": 0.45566755533218384,
        "y": 0.9050402045249939,
        "z": 0.014542010612785816
    }
}