{
    "landmark_0": {
        "x": 0.5168667435646057,
        "y": 0.3304674029350281,
        "z": -0.1250562220811844
    },
    "landmark_1": {
        "x": 0.5200729966163635,
        "y": 0.3207436501979828,
        "z": -0.10827431827783585
    },
    "landmark_2": {
        "x": 0.5217374563217163,
        "y": 0.3215409219264984,
        "z": -0.10825173556804657
    },
    "landmark_3": {
        "x": 0.5235349535942078,
        "y": 0.3223605155944824,
        "z": -0.10826005041599274
    },
    "landmark_4": {
        "x": 0.5150848627090454,
        "y": 0.31731003522872925,
        "z": -0.12082438170909882
    },
    "landmark_5": {
        "x": 0.5132394433021545,
        "y": 0.3159739673137665,
        "z": -0.12085612118244171
    },
    "landmark_6": {
        "x": 0.5113346576690674,
        "y": 0.31482988595962524,
        "z": -0.12093625962734222
    },
    "landmark_7": {
        "x": 0.521515965461731,
        "y": 0.3255155384540558,
        "z": -0.009233160875737667
    },
    "landmark_8": {
        "x": 0.5037118196487427,
        "y": 0.3159864544868469,
        "z": -0.06803586333990097
    },
    "landmark_9": {
        "x": 0.5174614191055298,
        "y": 0.340371310710907,
        "z": -0.08624899387359619
    },
    "landmark_10": {
        "x": 0.5102040767669678,
        "y": 0.33629345893859863,
        "z": -0.10373945534229279
    },
    "landmark_11": {
        "x": 0.528144359588623,
        "y": 0.39127111434936523,
        "z": 0.0319141261279583
    },
    "landmark_12": {
        "x": 0.46822890639305115,
        "y": 0.35808274149894714,
        "z": -0.042734261602163315
    },
    "landmark_13": {
        "x": 0.5450524091720581,
        "y": 0.38383054733276367,
        "z": -0.010985738597810268
    },
    "landmark_14": {
        "x": 0.46616190671920776,
        "y": 0.4078456163406372,
        "z": -0.07432031631469727
    },
    "landmark_15": {
        "x": 0.5545830130577087,
        "y": 0.2935926616191864,
        "z": -0.07697751373052597
    },
    "landmark_16": {
        "x": 0.4928082823753357,
        "y": 0.4399714469909668,
        "z": -0.06331637501716614
    },
    "landmark_17": {
        "x": 0.5617623925209045,
        "y": 0.27390313148498535,
        "z": -0.09398883581161499
    },
    "landmark_18": {
        "x": 0.49696511030197144,
        "y": 0.45539334416389465,
        "z": -0.07039660215377808
    },
    "landmark_19": {
        "x": 0.5598469972610474,
        "y": 0.27328479290008545,
        "z": -0.0948503315448761
    },
    "landmark_20": {
        "x": 0.5010857582092285,
        "y": 0.45669448375701904,
        "z": -0.07584235072135925
    },
    "landmark_21": {
        "x": 0.5555145144462585,
        "y": 0.2819124758243561,
        "z": -0.08158470690250397
    },
    "landmark_22": {
        "x": 0.5001037120819092,
        "y": 0.45392364263534546,
        "z": -0.06450369209051132
    },
    "landmark_23": {
        "x": 0.513752281665802,
        "y": 0.5935936570167542,
        "z": -0.005311488173902035
    },
    "landmark_24": {
        "x": 0.47057634592056274,
        "y": 0.5845587253570557,
        "z": 0.005467583425343037
    },
    "landmark_25": {
        "x": 0.5249543190002441,
        "y": 0.7273299098014832,
        "z": -0.02046850323677063
    },
    "landmark_26": {
        "x": 0.42258062958717346,
        "y": 0.7044028043746948,
        "z": -0.060975395143032074
    },
    "landmark_27": {
        "x": 0.5210607051849365,
        "y": 0.8364149928092957,
        "z": 0.13252069056034088
    },
    "landmark_28": {
        "x": 0.41967135667800903,
        "y": 0.8390021324157715,
        "z": 0.07133185863494873
    },
    "landmark_29": {
        "x": 0.5169488787651062,
        "y": 0.8437983393669128,
        "z": 0.14245909452438354
    },
    "landmark_30": {
        "x": 0.4289015829563141,
        "y": 0.8681421875953674,
        "z": 0.07962051779031754
    },
    "landmark_31": {
        "x": 0.514593780040741,
        "y": 0.9014959335327148,
        "z": 0.056357838213443756
    },
    "landmark_32": {
        "x": 0.3864092528820038,
        "y": 0.8674870729446411,
        "z": -0.0020257369615137577
    }
}