{
    "landmark_0": {
        "x": 0.49807649850845337,
        "y": 0.36684033274650574,
        "z": -0.16980847716331482
    },
    "landmark_1": {
        "x": 0.4993937015533447,
        "y": 0.35460904240608215,
        "z": -0.15668417513370514
    },
    "landmark_2": {
        "x": 0.5010690093040466,
        "y": 0.3541884124279022,
        "z": -0.1567012369632721
    },
    "landmark_3": {
        "x": 0.5029370784759521,
        "y": 0.3537198305130005,
        "z": -0.15675273537635803
    },
    "landmark_4": {
        "x": 0.49444788694381714,
        "y": 0.35358500480651855,
        "z": -0.15729090571403503
    },
    "landmark_5": {
        "x": 0.49270838499069214,
        "y": 0.3527752161026001,
        "z": -0.15728361904621124
    },
    "landmark_6": {
        "x": 0.49060654640197754,
        "y": 0.3520873785018921,
        "z": -0.15735352039337158
    },
    "landmark_7": {
        "x": 0.5026764273643494,
        "y": 0.35579714179039,
        "z": -0.07363314181566238
    },
    "landmark_8": {
        "x": 0.48747190833091736,
        "y": 0.355805367231369,
        "z": -0.07456504553556442
    },
    "landmark_9": {
        "x": 0.5003811717033386,
        "y": 0.37512335181236267,
        "z": -0.13798244297504425
    },
    "landmark_10": {
        "x": 0.49453920125961304,
        "y": 0.375544011592865,
        "z": -0.13840244710445404
    },
    "landmark_11": {
        "x": 0.5230699777603149,
        "y": 0.4164298176765442,
        "z": -0.05329539254307747
    },
    "landmark_12": {
        "x": 0.46408596634864807,
        "y": 0.41706979274749756,
        "z": -0.05272870510816574
    },
    "landmark_13": {
        "x": 0.5496476292610168,
        "y": 0.4520118236541748,
        "z": -0.17810864746570587
    },
    "landmark_14": {
        "x": 0.4808865189552307,
        "y": 0.49991530179977417,
        "z": -0.13576023280620575
    },
    "landmark_15": {
        "x": 0.5403082370758057,
        "y": 0.3900185525417328,
        "z": -0.31062307953834534
    },
    "landmark_16": {
        "x": 0.5074281096458435,
        "y": 0.513282299041748,
        "z": -0.2360467165708542
    },
    "landmark_17": {
        "x": 0.5390030741691589,
        "y": 0.3713774085044861,
        "z": -0.3439749479293823
    },
    "landmark_18": {
        "x": 0.5116222500801086,
        "y": 0.5217577815055847,
        "z": -0.26118704676628113
    },
    "landmark_19": {
        "x": 0.5366508960723877,
        "y": 0.36776378750801086,
        "z": -0.3353436589241028
    },
    "landmark_20": {
        "x": 0.5120744705200195,
        "y": 0.5183836221694946,
        "z": -0.2673211395740509
    },
    "landmark_21": {
        "x": 0.5344493985176086,
        "y": 0.3522283434867859,
        "z": -0.31257787346839905
    },
    "landmark_22": {
        "x": 0.5120375156402588,
        "y": 0.5164657235145569,
        "z": -0.2417851686477661
    },
    "landmark_23": {
        "x": 0.519561231136322,
        "y": 0.618241012096405,
        "z": -0.013131251558661461
    },
    "landmark_24": {
        "x": 0.47624391317367554,
        "y": 0.6136927604675293,
        "z": 0.013149896636605263
    },
    "landmark_25": {
        "x": 0.5405389666557312,
        "y": 0.7457230687141418,
        "z": -0.11493287235498428
    },
    "landmark_26": {
        "x": 0.41882339119911194,
        "y": 0.6953288316726685,
        "z": -0.09420314431190491
    },
    "landmark_27": {
        "x": 0.5233661532402039,
        "y": 0.8389968276023865,
        "z": 0.07383163273334503
    },
    "landmark_28": {
        "x": 0.4116857051849365,
        "y": 0.8193095922470093,
        "z": 0.05585367605090141
    },
    "landmark_29": {
        "x": 0.5132122039794922,
        "y": 0.8482539653778076,
        "z": 0.08785070478916168
    },
    "landmark_30": {
        "x": 0.41824761033058167,
        "y": 0.8506807684898376,
        "z": 0.0665777251124382
    },
    "landmark_31": {
        "x": 0.5286601781845093,
        "y": 0.9022440314292908,
        "z": 0.006525445729494095
    },
    "landmark_32": {
        "x": 0.3741677701473236,
        "y": 0.8408137559890747,
        "z": -0.0030395735520869493
    }
}