{
    "landmark_0": {
        "x": 0.49650949239730835,
        "y": 0.3241138160228729,
        "z": -0.13768744468688965
    },
    "landmark_1": {
        "x": 0.4995960593223572,
        "y": 0.31534114480018616,
        "z": -0.11951786279678345
    },
    "landmark_2": {
        "x": 0.501805305480957,
        "y": 0.31573542952537537,
        "z": -0.1195131167769432
    },
    "landmark_3": {
        "x": 0.5041043162345886,
        "y": 0.31618914008140564,
        "z": -0.11952879279851913
    },
    "landmark_4": {
        "x": 0.49393218755722046,
        "y": 0.3136524558067322,
        "z": -0.12435217201709747
    },
    "landmark_5": {
        "x": 0.4920141100883484,
        "y": 0.312984436750412,
        "z": -0.1243567243218422
    },
    "landmark_6": {
        "x": 0.4900614619255066,
        "y": 0.3125647008419037,
        "z": -0.12443061918020248
    },
    "landmark_7": {
        "x": 0.5050289034843445,
        "y": 0.32072052359580994,
        "z": -0.022707758471369743
    },
    "landmark_8": {
        "x": 0.4842558801174164,
        "y": 0.3151310682296753,
        "z": -0.044255033135414124
    },
    "landmark_9": {
        "x": 0.500238835811615,
        "y": 0.333865761756897,
        "z": -0.10056457668542862
    },
    "landmark_10": {
        "x": 0.49219924211502075,
        "y": 0.33312490582466125,
        "z": -0.10717563331127167
    },
    "landmark_11": {
        "x": 0.5206836462020874,
        "y": 0.37614744901657104,
        "z": 0.0026980163529515266
    },
    "landmark_12": {
        "x": 0.4553670883178711,
        "y": 0.3576691448688507,
        "z": -0.05708819627761841
    },
    "landmark_13": {
        "x": 0.5326005220413208,
        "y": 0.35352277755737305,
        "z": -0.13120946288108826
    },
    "landmark_14": {
        "x": 0.45712417364120483,
        "y": 0.359905868768692,
        "z": -0.20421507954597473
    },
    "landmark_15": {
        "x": 0.5332797169685364,
        "y": 0.2657727301120758,
        "z": -0.24473290145397186
    },
    "landmark_16": {
        "x": 0.5021371841430664,
        "y": 0.33742231130599976,
        "z": -0.28069061040878296
    },
    "landmark_17": {
        "x": 0.5368988513946533,
        "y": 0.2363121211528778,
        "z": -0.2726578712463379
    },
    "landmark_18": {
        "x": 0.5138391256332397,
        "y": 0.3412882685661316,
        "z": -0.30918797850608826
    },
    "landmark_19": {
        "x": 0.5356890559196472,
        "y": 0.23754560947418213,
        "z": -0.26372069120407104
    },
    "landmark_20": {
        "x": 0.5151049494743347,
        "y": 0.3406978249549866,
        "z": -0.2944529950618744
    },
    "landmark_21": {
        "x": 0.5323451161384583,
        "y": 0.24523670971393585,
        "z": -0.2466840296983719
    },
    "landmark_22": {
        "x": 0.5164391994476318,
        "y": 0.3438359498977661,
        "z": -0.27754589915275574
    },
    "landmark_23": {
        "x": 0.5114438533782959,
        "y": 0.5843433737754822,
        "z": 0.002152087166905403
    },
    "landmark_24": {
        "x": 0.465615838766098,
        "y": 0.5826514363288879,
        "z": -0.0021309861913323402
    },
    "landmark_25": {
        "x": 0.5318019390106201,
        "y": 0.7207485437393188,
        "z": -0.05858224630355835
    },
    "landmark_26": {
        "x": 0.4248943328857422,
        "y": 0.6994955539703369,
        "z": -0.1251135766506195
    },
    "landmark_27": {
        "x": 0.5179761052131653,
        "y": 0.8123925924301147,
        "z": 0.139281764626503
    },
    "landmark_28": {
        "x": 0.44427308440208435,
        "y": 0.8211113214492798,
        "z": 0.05935811251401901
    },
    "landmark_29": {
        "x": 0.5063706040382385,
        "y": 0.8238726854324341,
        "z": 0.15408946573734283
    },
    "landmark_30": {
        "x": 0.4580955505371094,
        "y": 0.8379958868026733,
        "z": 0.07320667803287506
    },
    "landmark_31": {
        "x": 0.5293328166007996,
        "y": 0.8749170303344727,
        "z": 0.06778186559677124
    },
    "landmark_32": {
        "x": 0.42474764585494995,
        "y": 0.8747311234474182,
        "z": -0.013580398634076118
    }
}