{
    "landmark_0": {
        "x": 0.5195264220237732,
        "y": 0.3687717020511627,
        "z": -0.18683001399040222
    },
    "landmark_1": {
        "x": 0.5237042903900146,
        "y": 0.35785025358200073,
        "z": -0.17126086354255676
    },
    "landmark_2": {
        "x": 0.5262916088104248,
        "y": 0.35798391699790955,
        "z": -0.17124883830547333
    },
    "landmark_3": {
        "x": 0.5286701321601868,
        "y": 0.35815566778182983,
        "z": -0.17125210165977478
    },
    "landmark_4": {
        "x": 0.5154935121536255,
        "y": 0.3564143180847168,
        "z": -0.17677482962608337
    },
    "landmark_5": {
        "x": 0.5128613710403442,
        "y": 0.3558422029018402,
        "z": -0.17675809562206268
    },
    "landmark_6": {
        "x": 0.5103698372840881,
        "y": 0.3555011451244354,
        "z": -0.1767725795507431
    },
    "landmark_7": {
        "x": 0.5310429334640503,
        "y": 0.3615190386772156,
        "z": -0.07152879238128662
    },
    "landmark_8": {
        "x": 0.5060487389564514,
        "y": 0.3606552183628082,
        "z": -0.09698284417390823
    },
    "landmark_9": {
        "x": 0.5246425867080688,
        "y": 0.38044726848602295,
        "z": -0.14818991720676422
    },
    "landmark_10": {
        "x": 0.5141434073448181,
        "y": 0.37952420115470886,
        "z": -0.15584087371826172
    },
    "landmark_11": {
        "x": 0.5456185936927795,
        "y": 0.43373459577560425,
        "z": -0.03557818755507469
    },
    "landmark_12": {
        "x": 0.4786633849143982,
        "y": 0.41642141342163086,
        "z": -0.11315323412418365
    },
    "landmark_13": {
        "x": 0.5699930191040039,
        "y": 0.4404636025428772,
        "z": -0.24897103011608124
    },
    "landmark_14": {
        "x": 0.47014445066452026,
        "y": 0.44835445284843445,
        "z": -0.3334702253341675
    },
    "landmark_15": {
        "x": 0.5695907473564148,
        "y": 0.37496304512023926,
        "z": -0.46741944551467896
    },
    "landmark_16": {
        "x": 0.5170883536338806,
        "y": 0.4428596794605255,
        "z": -0.4932849407196045
    },
    "landmark_17": {
        "x": 0.5746442675590515,
        "y": 0.35136547684669495,
        "z": -0.5098369121551514
    },
    "landmark_18": {
        "x": 0.527132511138916,
        "y": 0.45517390966415405,
        "z": -0.5326271057128906
    },
    "landmark_19": {
        "x": 0.5727534294128418,
        "y": 0.3481168746948242,
        "z": -0.49956661462783813
    },
    "landmark_20": {
        "x": 0.5323233008384705,
        "y": 0.4536071717739105,
        "z": -0.5154588222503662
    },
    "landmark_21": {
        "x": 0.5696092247962952,
        "y": 0.3595905601978302,
        "z": -0.47130537033081055
    },
    "landmark_22": {
        "x": 0.5284273028373718,
        "y": 0.4492292106151581,
        "z": -0.4906974732875824
    },
    "landmark_23": {
        "x": 0.5236589908599854,
        "y": 0.6239745020866394,
        "z": 0.014285075478255749
    },
    "landmark_24": {
        "x": 0.48152533173561096,
        "y": 0.618507981300354,
        "z": -0.014308163896203041
    },
    "landmark_25": {
        "x": 0.530232310295105,
        "y": 0.7604092955589294,
        "z": 0.020782366394996643
    },
    "landmark_26": {
        "x": 0.4319829046726227,
        "y": 0.7387151718139648,
        "z": -0.06396318972110748
    },
    "landmark_27": {
        "x": 0.5186201930046082,
        "y": 0.8562368750572205,
        "z": 0.24411311745643616
    },
    "landmark_28": {
        "x": 0.39907193183898926,
        "y": 0.845744252204895,
        "z": 0.05086345225572586
    },
    "landmark_29": {
        "x": 0.5083822011947632,
        "y": 0.8703892827033997,
        "z": 0.26086121797561646
    },
    "landmark_30": {
        "x": 0.4004768431186676,
        "y": 0.8731233477592468,
        "z": 0.057254236191511154
    },
    "landmark_31": {
        "x": 0.5312526226043701,
        "y": 0.9064690470695496,
        "z": 0.18634364008903503
    },
    "landmark_32": {
        "x": 0.36852166056632996,
        "y": 0.8568920493125916,
        "z": -0.04041368141770363
    }
}