{
    "landmark_0": {
        "x": 0.4833412766456604,
        "y": 0.35714447498321533,
        "z": -0.15342172980308533
    },
    "landmark_1": {
        "x": 0.48608389496803284,
        "y": 0.34249094128608704,
        "z": -0.14163951575756073
    },
    "landmark_2": {
        "x": 0.4881698489189148,
        "y": 0.34182479977607727,
        "z": -0.14167334139347076
    },
    "landmark_3": {
        "x": 0.4904824197292328,
        "y": 0.34111395478248596,
        "z": -0.1417084038257599
    },
    "landmark_4": {
        "x": 0.48092570900917053,
        "y": 0.3420650362968445,
        "z": -0.13419468700885773
    },
    "landmark_5": {
        "x": 0.4792167544364929,
        "y": 0.34131017327308655,
        "z": -0.13421443104743958
    },
    "landmark_6": {
        "x": 0.47726744413375854,
        "y": 0.34055304527282715,
        "z": -0.13421468436717987
    },
    "landmark_7": {
        "x": 0.4962864816188812,
        "y": 0.3425108790397644,
        "z": -0.06537704169750214
    },
    "landmark_8": {
        "x": 0.4755183160305023,
        "y": 0.3425186276435852,
        "z": -0.029243260622024536
    },
    "landmark_9": {
        "x": 0.48794588446617126,
        "y": 0.3681187927722931,
        "z": -0.12527091801166534
    },
    "landmark_10": {
        "x": 0.480152428150177,
        "y": 0.3677603304386139,
        "z": -0.11516307294368744
    },
    "landmark_11": {
        "x": 0.5191490054130554,
        "y": 0.4049363136291504,
        "z": -0.046793270856142044
    },
    "landmark_12": {
        "x": 0.4577389359474182,
        "y": 0.4031718075275421,
        "z": 0.014014316722750664
    },
    "landmark_13": {
        "x": 0.5409793257713318,
        "y": 0.4606689512729645,
        "z": -0.1442713737487793
    },
    "landmark_14": {
        "x": 0.42820096015930176,
        "y": 0.3797447085380554,
        "z": -0.05998895689845085
    },
    "landmark_15": {
        "x": 0.5239226222038269,
        "y": 0.4980866611003876,
        "z": -0.286623477935791
    },
    "landmark_16": {
        "x": 0.42487916350364685,
        "y": 0.29793819785118103,
        "z": -0.17093981802463531
    },
    "landmark_17": {
        "x": 0.5223672986030579,
        "y": 0.5140118598937988,
        "z": -0.3198016583919525
    },
    "landmark_18": {
        "x": 0.4212133288383484,
        "y": 0.2752409279346466,
        "z": -0.20635977387428284
    },
    "landmark_19": {
        "x": 0.515780508518219,
        "y": 0.5058637261390686,
        "z": -0.3287055194377899
    },
    "landmark_20": {
        "x": 0.42616042494773865,
        "y": 0.2725689709186554,
        "z": -0.20095482468605042
    },
    "landmark_21": {
        "x": 0.514698326587677,
        "y": 0.501804769039154,
        "z": -0.2936075031757355
    },
    "landmark_22": {
        "x": 0.4293103814125061,
        "y": 0.28174200654029846,
        "z": -0.17612306773662567
    },
    "landmark_23": {
        "x": 0.5162145495414734,
        "y": 0.6119608283042908,
        "z": -0.01099681481719017
    },
    "landmark_24": {
        "x": 0.4724028706550598,
        "y": 0.6176671385765076,
        "z": 0.010884945280849934
    },
    "landmark_25": {
        "x": 0.5497034192085266,
        "y": 0.7285227179527283,
        "z": -0.07319924980401993
    },
    "landmark_26": {
        "x": 0.4551251530647278,
        "y": 0.7580521702766418,
        "z": -0.03105923905968666
    },
    "landmark_27": {
        "x": 0.563002347946167,
        "y": 0.839251697063446,
        "z": 0.07186204940080643
    },
    "landmark_28": {
        "x": 0.4767407774925232,
        "y": 0.8412933945655823,
        "z": 0.14253203570842743
    },
    "landmark_29": {
        "x": 0.5576691031455994,
        "y": 0.8680998682975769,
        "z": 0.08108172565698624
    },
    "landmark_30": {
        "x": 0.48752540349960327,
        "y": 0.8534446954727173,
        "z": 0.15517905354499817
    },
    "landmark_31": {
        "x": 0.584592878818512,
        "y": 0.8820239305496216,
        "z": -0.018007850274443626
    },
    "landmark_32": {
        "x": 0.4652327001094818,
        "y": 0.8975839614868164,
        "z": 0.07500540465116501
    }
}