{
    "landmark_0": {
        "x": 0.5012625455856323,
        "y": 0.4206787943840027,
        "z": -0.13362467288970947
    },
    "landmark_1": {
        "x": 0.5031489729881287,
        "y": 0.4060392677783966,
        "z": -0.1223963275551796
    },
    "landmark_2": {
        "x": 0.5048243403434753,
        "y": 0.40481966733932495,
        "z": -0.122417151927948
    },
    "landmark_3": {
        "x": 0.5065109133720398,
        "y": 0.4038563072681427,
        "z": -0.12244407832622528
    },
    "landmark_4": {
        "x": 0.4969651699066162,
        "y": 0.40699195861816406,
        "z": -0.12142731249332428
    },
    "landmark_5": {
        "x": 0.4945053458213806,
        "y": 0.4065455198287964,
        "z": -0.12141011655330658
    },
    "landmark_6": {
        "x": 0.49216383695602417,
        "y": 0.40656062960624695,
        "z": -0.12147296965122223
    },
    "landmark_7": {
        "x": 0.5069935917854309,
        "y": 0.40323561429977417,
        "z": -0.04472772777080536
    },
    "landmark_8": {
        "x": 0.4889090657234192,
        "y": 0.40895140171051025,
        "z": -0.03935049846768379
    },
    "landmark_9": {
        "x": 0.5040954947471619,
        "y": 0.4272315502166748,
        "z": -0.10273700952529907
    },
    "landmark_10": {
        "x": 0.4972669184207916,
        "y": 0.42844292521476746,
        "z": -0.1014137864112854
    },
    "landmark_11": {
        "x": 0.5290871858596802,
        "y": 0.4495830535888672,
        "z": -0.02865302935242653
    },
    "landmark_12": {
        "x": 0.4702063500881195,
        "y": 0.4502345323562622,
        "z": -0.02354901283979416
    },
    "landmark_13": {
        "x": 0.54038006067276,
        "y": 0.46660321950912476,
        "z": -0.17673610150814056
    },
    "landmark_14": {
        "x": 0.45109567046165466,
        "y": 0.48092612624168396,
        "z": -0.16113170981407166
    },
    "landmark_15": {
        "x": 0.5176533460617065,
        "y": 0.4450746774673462,
        "z": -0.31526806950569153
    },
    "landmark_16": {
        "x": 0.47879648208618164,
        "y": 0.46004071831703186,
        "z": -0.2904251217842102
    },
    "landmark_17": {
        "x": 0.5151368975639343,
        "y": 0.4390815198421478,
        "z": -0.34536507725715637
    },
    "landmark_18": {
        "x": 0.4823288321495056,
        "y": 0.45861899852752686,
        "z": -0.3190040588378906
    },
    "landmark_19": {
        "x": 0.5119394659996033,
        "y": 0.4368945360183716,
        "z": -0.33432966470718384
    },
    "landmark_20": {
        "x": 0.487741082906723,
        "y": 0.4544917345046997,
        "z": -0.30857259035110474
    },
    "landmark_21": {
        "x": 0.5122037529945374,
        "y": 0.43929705023765564,
        "z": -0.3147469460964203
    },
    "landmark_22": {
        "x": 0.48621663451194763,
        "y": 0.4564315378665924,
        "z": -0.2902194559574127
    },
    "landmark_23": {
        "x": 0.5219653844833374,
        "y": 0.632826566696167,
        "z": -0.0061656394973397255
    },
    "landmark_24": {
        "x": 0.4809686541557312,
        "y": 0.6284146904945374,
        "z": 0.006215744651854038
    },
    "landmark_25": {
        "x": 0.5490437150001526,
        "y": 0.7496269345283508,
        "z": -0.12462971359491348
    },
    "landmark_26": {
        "x": 0.44005054235458374,
        "y": 0.7204210162162781,
        "z": -0.15704721212387085
    },
    "landmark_27": {
        "x": 0.5245164036750793,
        "y": 0.8406578302383423,
        "z": 0.01448761485517025
    },
    "landmark_28": {
        "x": 0.4474499821662903,
        "y": 0.8116673231124878,
        "z": -0.014466695487499237
    },
    "landmark_29": {
        "x": 0.512829601764679,
        "y": 0.8515418171882629,
        "z": 0.023657333105802536
    },
    "landmark_30": {
        "x": 0.4548030495643616,
        "y": 0.8244047164916992,
        "z": -0.003607638878747821
    },
    "landmark_31": {
        "x": 0.5361570119857788,
        "y": 0.8959960341453552,
        "z": -0.059933584183454514
    },
    "landmark_32": {
        "x": 0.4270656704902649,
        "y": 0.8585401177406311,
        "z": -0.07562840729951859
    }
}