{
    "landmark_0": {
        "x": 0.4741179049015045,
        "y": 0.37526023387908936,
        "z": -0.19356249272823334
    },
    "landmark_1": {
        "x": 0.477011501789093,
        "y": 0.3607177436351776,
        "z": -0.1820119321346283
    },
    "landmark_2": {
        "x": 0.4794313907623291,
        "y": 0.3598809838294983,
        "z": -0.18206635117530823
    },
    "landmark_3": {
        "x": 0.48210611939430237,
        "y": 0.3594673275947571,
        "z": -0.18210792541503906
    },
    "landmark_4": {
        "x": 0.471122682094574,
        "y": 0.3626680076122284,
        "z": -0.17835992574691772
    },
    "landmark_5": {
        "x": 0.46923699975013733,
        "y": 0.362960547208786,
        "z": -0.1783844381570816
    },
    "landmark_6": {
        "x": 0.4673282504081726,
        "y": 0.3634960651397705,
        "z": -0.17838384211063385
    },
    "landmark_7": {
        "x": 0.48731058835983276,
        "y": 0.36478444933891296,
        "z": -0.1032327190041542
    },
    "landmark_8": {
        "x": 0.46357569098472595,
        "y": 0.36924704909324646,
        "z": -0.08462974429130554
    },
    "landmark_9": {
        "x": 0.4801856577396393,
        "y": 0.3849116861820221,
        "z": -0.16340196132659912
    },
    "landmark_10": {
        "x": 0.4714224934577942,
        "y": 0.38794735074043274,
        "z": -0.15843938291072845
    },
    "landmark_11": {
        "x": 0.5158957242965698,
        "y": 0.4300331175327301,
        "z": -0.09056840091943741
    },
    "landmark_12": {
        "x": 0.44643092155456543,
        "y": 0.43245941400527954,
        "z": -0.039857253432273865
    },
    "landmark_13": {
        "x": 0.522132396697998,
        "y": 0.4755929410457611,
        "z": -0.2083689272403717
    },
    "landmark_14": {
        "x": 0.4218721389770508,
        "y": 0.4522676169872284,
        "z": -0.17067137360572815
    },
    "landmark_15": {
        "x": 0.49090486764907837,
        "y": 0.5078233480453491,
        "z": -0.33863604068756104
    },
    "landmark_16": {
        "x": 0.4183257520198822,
        "y": 0.3810392916202545,
        "z": -0.35199490189552307
    },
    "landmark_17": {
        "x": 0.483543336391449,
        "y": 0.5305652618408203,
        "z": -0.372802197933197
    },
    "landmark_18": {
        "x": 0.41349273920059204,
        "y": 0.3636183738708496,
        "z": -0.39145100116729736
    },
    "landmark_19": {
        "x": 0.4760464131832123,
        "y": 0.5224260687828064,
        "z": -0.37234148383140564
    },
    "landmark_20": {
        "x": 0.41847291588783264,
        "y": 0.35896268486976624,
        "z": -0.3876951336860657
    },
    "landmark_21": {
        "x": 0.48188620805740356,
        "y": 0.522291898727417,
        "z": -0.3409697115421295
    },
    "landmark_22": {
        "x": 0.4228059649467468,
        "y": 0.36557698249816895,
        "z": -0.35708102583885193
    },
    "landmark_23": {
        "x": 0.5148744583129883,
        "y": 0.6224004030227661,
        "z": -0.014706050045788288
    },
    "landmark_24": {
        "x": 0.4720841348171234,
        "y": 0.6318694949150085,
        "z": 0.014646058902144432
    },
    "landmark_25": {
        "x": 0.5554608702659607,
        "y": 0.7396405339241028,
        "z": -0.04251972585916519
    },
    "landmark_26": {
        "x": 0.46588802337646484,
        "y": 0.7662115097045898,
        "z": 0.04212099313735962
    },
    "landmark_27": {
        "x": 0.590584933757782,
        "y": 0.8457428216934204,
        "z": 0.04844590276479721
    },
    "landmark_28": {
        "x": 0.4846442639827728,
        "y": 0.8498042821884155,
        "z": 0.2011096179485321
    },
    "landmark_29": {
        "x": 0.5885183215141296,
        "y": 0.8648289442062378,
        "z": 0.05163503810763359
    },
    "landmark_30": {
        "x": 0.49491947889328003,
        "y": 0.8685752749443054,
        "z": 0.21218471229076385
    },
    "landmark_31": {
        "x": 0.6171432137489319,
        "y": 0.8690146803855896,
        "z": -0.04459819942712784
    },
    "landmark_32": {
        "x": 0.46584004163742065,
        "y": 0.8943078517913818,
        "z": 0.14038017392158508
    }
}