{
    "landmark_0": {
        "x": 0.48011264204978943,
        "y": 0.3814965486526489,
        "z": -0.17903247475624084
    },
    "landmark_1": {
        "x": 0.48267894983291626,
        "y": 0.3653176724910736,
        "z": -0.17096664011478424
    },
    "landmark_2": {
        "x": 0.4853249192237854,
        "y": 0.36362889409065247,
        "z": -0.17103968560695648
    },
    "landmark_3": {
        "x": 0.4880824685096741,
        "y": 0.3621131181716919,
        "z": -0.17107835412025452
    },
    "landmark_4": {
        "x": 0.4767143130302429,
        "y": 0.36883071064949036,
        "z": -0.16059397161006927
    },
    "landmark_5": {
        "x": 0.47503194212913513,
        "y": 0.3697686791419983,
        "z": -0.16055825352668762
    },
    "landmark_6": {
        "x": 0.4733232855796814,
        "y": 0.37086379528045654,
        "z": -0.16053840517997742
    },
    "landmark_7": {
        "x": 0.4937238097190857,
        "y": 0.36756426095962524,
        "z": -0.11157049983739853
    },
    "landmark_8": {
        "x": 0.4715169370174408,
        "y": 0.3777209520339966,
        "z": -0.0633511170744896
    },
    "landmark_9": {
        "x": 0.4863714277744293,
        "y": 0.3917403817176819,
        "z": -0.15670707821846008
    },
    "landmark_10": {
        "x": 0.47819334268569946,
        "y": 0.39625880122184753,
        "z": -0.14292150735855103
    },
    "landmark_11": {
        "x": 0.5216877460479736,
        "y": 0.43054550886154175,
        "z": -0.13641810417175293
    },
    "landmark_12": {
        "x": 0.4616945683956146,
        "y": 0.44311144948005676,
        "z": -0.009110473096370697
    },
    "landmark_13": {
        "x": 0.5236823558807373,
        "y": 0.46232733130455017,
        "z": -0.32828468084335327
    },
    "landmark_14": {
        "x": 0.436992347240448,
        "y": 0.4609653353691101,
        "z": -0.12615524232387543
    },
    "landmark_15": {
        "x": 0.48063889145851135,
        "y": 0.4638162851333618,
        "z": -0.47044864296913147
    },
    "landmark_16": {
        "x": 0.4263858199119568,
        "y": 0.4023839831352234,
        "z": -0.302500456571579
    },
    "landmark_17": {
        "x": 0.4696342349052429,
        "y": 0.4721508026123047,
        "z": -0.5083715915679932
    },
    "landmark_18": {
        "x": 0.4230521321296692,
        "y": 0.3837171196937561,
        "z": -0.33248788118362427
    },
    "landmark_19": {
        "x": 0.46503347158432007,
        "y": 0.4648730754852295,
        "z": -0.4926510453224182
    },
    "landmark_20": {
        "x": 0.4249400496482849,
        "y": 0.37845712900161743,
        "z": -0.3293701410293579
    },
    "landmark_21": {
        "x": 0.4674563407897949,
        "y": 0.46364903450012207,
        "z": -0.46673887968063354
    },
    "landmark_22": {
        "x": 0.42753157019615173,
        "y": 0.384501188993454,
        "z": -0.30789974331855774
    },
    "landmark_23": {
        "x": 0.5166545510292053,
        "y": 0.6347987651824951,
        "z": -0.030343344435095787
    },
    "landmark_24": {
        "x": 0.47457942366600037,
        "y": 0.6390016078948975,
        "z": 0.03010697104036808
    },
    "landmark_25": {
        "x": 0.5507851839065552,
        "y": 0.7508163452148438,
        "z": -0.028166431933641434
    },
    "landmark_26": {
        "x": 0.4694020748138428,
        "y": 0.7605776190757751,
        "z": 0.04139520600438118
    },
    "landmark_27": {
        "x": 0.5946145057678223,
        "y": 0.8505286574363708,
        "z": 0.05819832161068916
    },
    "landmark_28": {
        "x": 0.4801503121852875,
        "y": 0.8517385125160217,
        "z": 0.19145341217517853
    },
    "landmark_29": {
        "x": 0.5957096815109253,
        "y": 0.8781139850616455,
        "z": 0.06199023872613907
    },
    "landmark_30": {
        "x": 0.4893254339694977,
        "y": 0.871192991733551,
        "z": 0.20221391320228577
    },
    "landmark_31": {
        "x": 0.6267696022987366,
        "y": 0.855529248714447,
        "z": -0.02509039081633091
    },
    "landmark_32": {
        "x": 0.46385425329208374,
        "y": 0.901659369468689,
        "z": 0.1360129714012146
    }
}