{
    "landmark_0": {
        "x": 0.4932888150215149,
        "y": 0.32542556524276733,
        "z": -0.181135892868042
    },
    "landmark_1": {
        "x": 0.49625730514526367,
        "y": 0.31355029344558716,
        "z": -0.16263754665851593
    },
    "landmark_2": {
        "x": 0.4979899525642395,
        "y": 0.31347784399986267,
        "z": -0.16265396773815155
    },
    "landmark_3": {
        "x": 0.49989280104637146,
        "y": 0.3139549791812897,
        "z": -0.16269828379154205
    },
    "landmark_4": {
        "x": 0.4915124773979187,
        "y": 0.31265246868133545,
        "z": -0.16388991475105286
    },
    "landmark_5": {
        "x": 0.48977965116500854,
        "y": 0.3117159307003021,
        "z": -0.16387662291526794
    },
    "landmark_6": {
        "x": 0.48774996399879456,
        "y": 0.31101515889167786,
        "z": -0.16392230987548828
    },
    "landmark_7": {
        "x": 0.501914381980896,
        "y": 0.32069239020347595,
        "z": -0.06699342280626297
    },
    "landmark_8": {
        "x": 0.4826603829860687,
        "y": 0.3156236410140991,
        "z": -0.07091695815324783
    },
    "landmark_9": {
        "x": 0.4961426854133606,
        "y": 0.3364943265914917,
        "z": -0.14598266780376434
    },
    "landmark_10": {
        "x": 0.48952189087867737,
        "y": 0.33504191040992737,
        "z": -0.14737561345100403
    },
    "landmark_11": {
        "x": 0.5170651078224182,
        "y": 0.3807671368122101,
        "z": -0.043072327971458435
    },
    "landmark_12": {
        "x": 0.4581466615200043,
        "y": 0.37401407957077026,
        "z": -0.06495919823646545
    },
    "landmark_13": {
        "x": 0.538746178150177,
        "y": 0.3588375151157379,
        "z": -0.19333326816558838
    },
    "landmark_14": {
        "x": 0.447261244058609,
        "y": 0.3516315817832947,
        "z": -0.23297972977161407
    },
    "landmark_15": {
        "x": 0.5037656426429749,
        "y": 0.330145925283432,
        "z": -0.311629056930542
    },
    "landmark_16": {
        "x": 0.45910507440567017,
        "y": 0.2854395806789398,
        "z": -0.3653359115123749
    },
    "landmark_17": {
        "x": 0.4981766641139984,
        "y": 0.31678542494773865,
        "z": -0.34274446964263916
    },
    "landmark_18": {
        "x": 0.45825809240341187,
        "y": 0.26715606451034546,
        "z": -0.39997246861457825
    },
    "landmark_19": {
        "x": 0.49095287919044495,
        "y": 0.32022368907928467,
        "z": -0.325308620929718
    },
    "landmark_20": {
        "x": 0.46163973212242126,
        "y": 0.2675023078918457,
        "z": -0.3888798654079437
    },
    "landmark_21": {
        "x": 0.49276620149612427,
        "y": 0.32505202293395996,
        "z": -0.3090512156486511
    },
    "landmark_22": {
        "x": 0.46347784996032715,
        "y": 0.2759665548801422,
        "z": -0.36649787425994873
    },
    "landmark_23": {
        "x": 0.50279301404953,
        "y": 0.570831298828125,
        "z": 0.006046555005013943
    },
    "landmark_24": {
        "x": 0.4640485644340515,
        "y": 0.5775419473648071,
        "z": -0.006169161759316921
    },
    "landmark_25": {
        "x": 0.5387933850288391,
        "y": 0.6952134370803833,
        "z": -0.1649695783853531
    },
    "landmark_26": {
        "x": 0.4361349940299988,
        "y": 0.7132368087768555,
        "z": -0.1289130598306656
    },
    "landmark_27": {
        "x": 0.5284464955329895,
        "y": 0.817215621471405,
        "z": -0.0057758549228310585
    },
    "landmark_28": {
        "x": 0.4544978737831116,
        "y": 0.8026965856552124,
        "z": 0.07314015179872513
    },
    "landmark_29": {
        "x": 0.5185771584510803,
        "y": 0.8316819667816162,
        "z": 0.005291927605867386
    },
    "landmark_30": {
        "x": 0.46405667066574097,
        "y": 0.8112627863883972,
        "z": 0.08893134444952011
    },
    "landmark_31": {
        "x": 0.5410422086715698,
        "y": 0.8724213242530823,
        "z": -0.09722435474395752
    },
    "landmark_32": {
        "x": 0.4535554051399231,
        "y": 0.8691301941871643,
        "z": 0.005603270139545202
    }
}