{
    "landmark_0": {
        "x": 0.5189560055732727,
        "y": 0.45372700691223145,
        "z": -0.19360291957855225
    },
    "landmark_1": {
        "x": 0.5221883654594421,
        "y": 0.44107601046562195,
        "z": -0.1792498379945755
    },
    "landmark_2": {
        "x": 0.5240523815155029,
        "y": 0.4407006502151489,
        "z": -0.17927877604961395
    },
    "landmark_3": {
        "x": 0.5258882641792297,
        "y": 0.4406873881816864,
        "z": -0.179319828748703
    },
    "landmark_4": {
        "x": 0.5169091820716858,
        "y": 0.43950432538986206,
        "z": -0.18901781737804413
    },
    "landmark_5": {
        "x": 0.514958918094635,
        "y": 0.4380294382572174,
        "z": -0.1890685260295868
    },
    "landmark_6": {
        "x": 0.5128560662269592,
        "y": 0.4368704855442047,
        "z": -0.18913733959197998
    },
    "landmark_7": {
        "x": 0.5252832770347595,
        "y": 0.440443217754364,
        "z": -0.0891156941652298
    },
    "landmark_8": {
        "x": 0.5054077506065369,
        "y": 0.43593961000442505,
        "z": -0.13222114741802216
    },
    "landmark_9": {
        "x": 0.5213836431503296,
        "y": 0.46147775650024414,
        "z": -0.15737541019916534
    },
    "landmark_10": {
        "x": 0.513392984867096,
        "y": 0.4602174460887909,
        "z": -0.1701999306678772
    },
    "landmark_11": {
        "x": 0.5355020761489868,
        "y": 0.48986145853996277,
        "z": -0.030186805874109268
    },
    "landmark_12": {
        "x": 0.4786333441734314,
        "y": 0.4769609570503235,
        "z": -0.13150714337825775
    },
    "landmark_13": {
        "x": 0.538956344127655,
        "y": 0.5715680718421936,
        "z": -0.032456617802381516
    },
    "landmark_14": {
        "x": 0.5028622150421143,
        "y": 0.507790744304657,
        "z": -0.24687564373016357
    },
    "landmark_15": {
        "x": 0.5407338738441467,
        "y": 0.6149157285690308,
        "z": -0.08347613364458084
    },
    "landmark_16": {
        "x": 0.5437999963760376,
        "y": 0.47130221128463745,
        "z": -0.32641512155532837
    },
    "landmark_17": {
        "x": 0.5431696176528931,
        "y": 0.6302210688591003,
        "z": -0.09697221964597702
    },
    "landmark_18": {
        "x": 0.5541687607765198,
        "y": 0.4638175666332245,
        "z": -0.35693681240081787
    },
    "landmark_19": {
        "x": 0.5404654741287231,
        "y": 0.6210762858390808,
        "z": -0.11293911933898926
    },
    "landmark_20": {
        "x": 0.553236722946167,
        "y": 0.4524763822555542,
        "z": -0.34948617219924927
    },
    "landmark_21": {
        "x": 0.5387977957725525,
        "y": 0.6148523688316345,
        "z": -0.09160919487476349
    },
    "landmark_22": {
        "x": 0.5540862679481506,
        "y": 0.4557928442955017,
        "z": -0.3255959451198578
    },
    "landmark_23": {
        "x": 0.5157445073127747,
        "y": 0.6622796654701233,
        "z": 0.010052467696368694
    },
    "landmark_24": {
        "x": 0.4737657904624939,
        "y": 0.6533560156822205,
        "z": -0.009947086684405804
    },
    "landmark_25": {
        "x": 0.5382251143455505,
        "y": 0.7699399590492249,
        "z": -0.11849384009838104
    },
    "landmark_26": {
        "x": 0.41895633935928345,
        "y": 0.7445918321609497,
        "z": -0.11028137058019638
    },
    "landmark_27": {
        "x": 0.5167140960693359,
        "y": 0.8552407026290894,
        "z": 0.0464472658932209
    },
    "landmark_28": {
        "x": 0.3890970051288605,
        "y": 0.8484097123146057,
        "z": -0.0008374997414648533
    },
    "landmark_29": {
        "x": 0.5070754289627075,
        "y": 0.8722931742668152,
        "z": 0.05899905413389206
    },
    "landmark_30": {
        "x": 0.3881779909133911,
        "y": 0.8812129497528076,
        "z": 0.005708842072635889
    },
    "landmark_31": {
        "x": 0.5360202193260193,
        "y": 0.8999512791633606,
        "z": -0.010492694564163685
    },
    "landmark_32": {
        "x": 0.35787707567214966,
        "y": 0.8642631769180298,
        "z": -0.0746927410364151
    }
}