{
    "landmark_0": {
        "x": 0.4861892759799957,
        "y": 0.3676835894584656,
        "z": -0.20285296440124512
    },
    "landmark_1": {
        "x": 0.4902472496032715,
        "y": 0.35320883989334106,
        "z": -0.18955464661121368
    },
    "landmark_2": {
        "x": 0.492706835269928,
        "y": 0.3533232808113098,
        "z": -0.1896035373210907
    },
    "landmark_3": {
        "x": 0.4951283931732178,
        "y": 0.35349079966545105,
        "z": -0.18964508175849915
    },
    "landmark_4": {
        "x": 0.4824620187282562,
        "y": 0.35244667530059814,
        "z": -0.18851639330387115
    },
    "landmark_5": {
        "x": 0.4795570969581604,
        "y": 0.3522247076034546,
        "z": -0.18851281702518463
    },
    "landmark_6": {
        "x": 0.4766998887062073,
        "y": 0.3521243631839752,
        "z": -0.1884770393371582
    },
    "landmark_7": {
        "x": 0.49823641777038574,
        "y": 0.3585093915462494,
        "z": -0.10686089098453522
    },
    "landmark_8": {
        "x": 0.4712578356266022,
        "y": 0.3582170307636261,
        "z": -0.1007988452911377
    },
    "landmark_9": {
        "x": 0.4910503327846527,
        "y": 0.3806353807449341,
        "z": -0.17151983082294464
    },
    "landmark_10": {
        "x": 0.4799467623233795,
        "y": 0.38271814584732056,
        "z": -0.1700044572353363
    },
    "landmark_11": {
        "x": 0.5156726837158203,
        "y": 0.42307642102241516,
        "z": -0.10211645066738129
    },
    "landmark_12": {
        "x": 0.4516880512237549,
        "y": 0.42662256956100464,
        "z": -0.07392175495624542
    },
    "landmark_13": {
        "x": 0.5152067542076111,
        "y": 0.4608991742134094,
        "z": -0.2731277644634247
    },
    "landmark_14": {
        "x": 0.44282016158103943,
        "y": 0.44546738266944885,
        "z": -0.2250017672777176
    },
    "landmark_15": {
        "x": 0.4688555598258972,
        "y": 0.460993230342865,
        "z": -0.421448290348053
    },
    "landmark_16": {
        "x": 0.43235301971435547,
        "y": 0.389962375164032,
        "z": -0.397165983915329
    },
    "landmark_17": {
        "x": 0.4582296311855316,
        "y": 0.46766313910484314,
        "z": -0.46117907762527466
    },
    "landmark_18": {
        "x": 0.4274578094482422,
        "y": 0.3770667612552643,
        "z": -0.43638333678245544
    },
    "landmark_19": {
        "x": 0.4546073079109192,
        "y": 0.4604199230670929,
        "z": -0.4498416483402252
    },
    "landmark_20": {
        "x": 0.42941778898239136,
        "y": 0.37118417024612427,
        "z": -0.4321700632572174
    },
    "landmark_21": {
        "x": 0.45782870054244995,
        "y": 0.4579428434371948,
        "z": -0.42051687836647034
    },
    "landmark_22": {
        "x": 0.432012140750885,
        "y": 0.3769533038139343,
        "z": -0.40189656615257263
    },
    "landmark_23": {
        "x": 0.5065928101539612,
        "y": 0.6181753277778625,
        "z": 0.004601381719112396
    },
    "landmark_24": {
        "x": 0.46493616700172424,
        "y": 0.6239053010940552,
        "z": -0.004695304669439793
    },
    "landmark_25": {
        "x": 0.5396609306335449,
        "y": 0.7412124872207642,
        "z": -0.05487968772649765
    },
    "landmark_26": {
        "x": 0.4678386151790619,
        "y": 0.7502389550209045,
        "z": 0.03929669409990311
    },
    "landmark_27": {
        "x": 0.5720179080963135,
        "y": 0.8446600437164307,
        "z": 0.04990575090050697
    },
    "landmark_28": {
        "x": 0.4743140637874603,
        "y": 0.8344399929046631,
        "z": 0.2429485023021698
    },
    "landmark_29": {
        "x": 0.5701402425765991,
        "y": 0.8652938008308411,
        "z": 0.05595964193344116
    },
    "landmark_30": {
        "x": 0.4814177453517914,
        "y": 0.8448684811592102,
        "z": 0.25911852717399597
    },
    "landmark_31": {
        "x": 0.6065316796302795,
        "y": 0.8555207252502441,
        "z": -0.03898221254348755
    },
    "landmark_32": {
        "x": 0.4669760763645172,
        "y": 0.8814408779144287,
        "z": 0.18496036529541016
    }
}