{
    "landmark_0": {
        "x": 0.513817548751831,
        "y": 0.3397221565246582,
        "z": -0.12905284762382507
    },
    "landmark_1": {
        "x": 0.5170561075210571,
        "y": 0.3310029208660126,
        "z": -0.11586274206638336
    },
    "landmark_2": {
        "x": 0.5186390280723572,
        "y": 0.3321439325809479,
        "z": -0.11580785363912582
    },
    "landmark_3": {
        "x": 0.5203798413276672,
        "y": 0.33349376916885376,
        "z": -0.11584530025720596
    },
    "landmark_4": {
        "x": 0.5131275057792664,
        "y": 0.3287205398082733,
        "z": -0.12678863108158112
    },
    "landmark_5": {
        "x": 0.5117733478546143,
        "y": 0.32834383845329285,
        "z": -0.1267814040184021
    },
    "landmark_6": {
        "x": 0.5103403925895691,
        "y": 0.3280835747718811,
        "z": -0.12686026096343994
    },
    "landmark_7": {
        "x": 0.5197917222976685,
        "y": 0.3401668667793274,
        "z": -0.03771944344043732
    },
    "landmark_8": {
        "x": 0.5054435729980469,
        "y": 0.3325139880180359,
        "z": -0.08610618114471436
    },
    "landmark_9": {
        "x": 0.5146955847740173,
        "y": 0.3524356484413147,
        "z": -0.0980633869767189
    },
    "landmark_10": {
        "x": 0.5089892745018005,
        "y": 0.349803626537323,
        "z": -0.11283241212368011
    },
    "landmark_11": {
        "x": 0.5271322131156921,
        "y": 0.41918063163757324,
        "z": 0.01059752982109785
    },
    "landmark_12": {
        "x": 0.4745247960090637,
        "y": 0.3851635456085205,
        "z": -0.06720983237028122
    },
    "landmark_13": {
        "x": 0.5621383786201477,
        "y": 0.42281052470207214,
        "z": 0.12074379622936249
    },
    "landmark_14": {
        "x": 0.48165664076805115,
        "y": 0.482501357793808,
        "z": -0.036432381719350815
    },
    "landmark_15": {
        "x": 0.563947856426239,
        "y": 0.33558356761932373,
        "z": 0.25615617632865906
    },
    "landmark_16": {
        "x": 0.5072614550590515,
        "y": 0.5641977787017822,
        "z": 0.04200682044029236
    },
    "landmark_17": {
        "x": 0.5702003240585327,
        "y": 0.32462894916534424,
        "z": 0.27467235922813416
    },
    "landmark_18": {
        "x": 0.5096442699432373,
        "y": 0.5885176658630371,
        "z": 0.04714183881878853
    },
    "landmark_19": {
        "x": 0.5656166076660156,
        "y": 0.32124000787734985,
        "z": 0.26960489153862
    },
    "landmark_20": {
        "x": 0.5154331922531128,
        "y": 0.5922819972038269,
        "z": 0.035040657967329025
    },
    "landmark_21": {
        "x": 0.5625009536743164,
        "y": 0.3257063627243042,
        "z": 0.25603941082954407
    },
    "landmark_22": {
        "x": 0.5147302150726318,
        "y": 0.583369791507721,
        "z": 0.04037373512983322
    },
    "landmark_23": {
        "x": 0.5078615546226501,
        "y": 0.613191545009613,
        "z": -0.014969317242503166
    },
    "landmark_24": {
        "x": 0.47244444489479065,
        "y": 0.6030123829841614,
        "z": 0.014979195781052113
    },
    "landmark_25": {
        "x": 0.5159557461738586,
        "y": 0.7475845217704773,
        "z": -0.02260332927107811
    },
    "landmark_26": {
        "x": 0.42037853598594666,
        "y": 0.7105558514595032,
        "z": -0.029400337487459183
    },
    "landmark_27": {
        "x": 0.5161669850349426,
        "y": 0.8550357222557068,
        "z": 0.1577502340078354
    },
    "landmark_28": {
        "x": 0.3984164297580719,
        "y": 0.8300307393074036,
        "z": 0.10644929111003876
    },
    "landmark_29": {
        "x": 0.5123459100723267,
        "y": 0.8646643161773682,
        "z": 0.171735480427742
    },
    "landmark_30": {
        "x": 0.4015803337097168,
        "y": 0.8647099137306213,
        "z": 0.11621852964162827
    },
    "landmark_31": {
        "x": 0.5060567259788513,
        "y": 0.9117811322212219,
        "z": 0.08719047904014587
    },
    "landmark_32": {
        "x": 0.36365586519241333,
        "y": 0.8397125005722046,
        "z": 0.03638526052236557
    }
}