{
    "landmark_0": {
        "x": 0.5227171778678894,
        "y": 0.39107441902160645,
        "z": -0.17770525813102722
    },
    "landmark_1": {
        "x": 0.5276186466217041,
        "y": 0.37912291288375854,
        "z": -0.15948697924613953
    },
    "landmark_2": {
        "x": 0.5301393866539001,
        "y": 0.37960585951805115,
        "z": -0.1594887673854828
    },
    "landmark_3": {
        "x": 0.5324853658676147,
        "y": 0.3800757825374603,
        "z": -0.15950925648212433
    },
    "landmark_4": {
        "x": 0.5200381278991699,
        "y": 0.37591439485549927,
        "z": -0.16525249183177948
    },
    "landmark_5": {
        "x": 0.5175826549530029,
        "y": 0.3744838833808899,
        "z": -0.16520701348781586
    },
    "landmark_6": {
        "x": 0.5150824189186096,
        "y": 0.3733084499835968,
        "z": -0.1652238517999649
    },
    "landmark_7": {
        "x": 0.5342877507209778,
        "y": 0.3834812045097351,
        "z": -0.05403050035238266
    },
    "landmark_8": {
        "x": 0.5109361410140991,
        "y": 0.37668800354003906,
        "z": -0.0786716639995575
    },
    "landmark_9": {
        "x": 0.5259768962860107,
        "y": 0.4041813611984253,
        "z": -0.13669900596141815
    },
    "landmark_10": {
        "x": 0.5166193842887878,
        "y": 0.4017450511455536,
        "z": -0.1440073698759079
    },
    "landmark_11": {
        "x": 0.5453341007232666,
        "y": 0.44577455520629883,
        "z": 0.009029374457895756
    },
    "landmark_12": {
        "x": 0.48127561807632446,
        "y": 0.4324031472206116,
        "z": -0.08955887705087662
    },
    "landmark_13": {
        "x": 0.554421603679657,
        "y": 0.4928629696369171,
        "z": -0.10332930088043213
    },
    "landmark_14": {
        "x": 0.5122193694114685,
        "y": 0.48340198397636414,
        "z": -0.1667235940694809
    },
    "landmark_15": {
        "x": 0.5616858601570129,
        "y": 0.42324745655059814,
        "z": -0.24871942400932312
    },
    "landmark_16": {
        "x": 0.5678247809410095,
        "y": 0.44117528200149536,
        "z": -0.1549876630306244
    },
    "landmark_17": {
        "x": 0.5622583031654358,
        "y": 0.4046340584754944,
        "z": -0.2763810455799103
    },
    "landmark_18": {
        "x": 0.5859614014625549,
        "y": 0.45541322231292725,
        "z": -0.17108912765979767
    },
    "landmark_19": {
        "x": 0.5669136643409729,
        "y": 0.3966418504714966,
        "z": -0.2689983546733856
    },
    "landmark_20": {
        "x": 0.5809571146965027,
        "y": 0.4261229336261749,
        "z": -0.16310639679431915
    },
    "landmark_21": {
        "x": 0.5605642199516296,
        "y": 0.4063858091831207,
        "z": -0.25104546546936035
    },
    "landmark_22": {
        "x": 0.5767093896865845,
        "y": 0.4522343873977661,
        "z": -0.15109093487262726
    },
    "landmark_23": {
        "x": 0.5244635343551636,
        "y": 0.6468827724456787,
        "z": 0.013549486175179482
    },
    "landmark_24": {
        "x": 0.4821230471134186,
        "y": 0.6390278935432434,
        "z": -0.01343431044369936
    },
    "landmark_25": {
        "x": 0.5314108729362488,
        "y": 0.7710234522819519,
        "z": 0.025474321097135544
    },
    "landmark_26": {
        "x": 0.4334697127342224,
        "y": 0.7569748163223267,
        "z": -0.043731946498155594
    },
    "landmark_27": {
        "x": 0.520516037940979,
        "y": 0.8592800498008728,
        "z": 0.2213822901248932
    },
    "landmark_28": {
        "x": 0.3920953869819641,
        "y": 0.8426050543785095,
        "z": 0.06086205691099167
    },
    "landmark_29": {
        "x": 0.5108975768089294,
        "y": 0.8730595707893372,
        "z": 0.2370196133852005
    },
    "landmark_30": {
        "x": 0.3887955844402313,
        "y": 0.8650701642036438,
        "z": 0.06778059154748917
    },
    "landmark_31": {
        "x": 0.5326968431472778,
        "y": 0.9090243577957153,
        "z": 0.17448069155216217
    },
    "landmark_32": {
        "x": 0.3629949986934662,
        "y": 0.8638263940811157,
        "z": -0.015090594068169594
    }
}