{
    "landmark_0": {
        "x": 0.47797441482543945,
        "y": 0.36492449045181274,
        "z": -0.19524110853672028
    },
    "landmark_1": {
        "x": 0.4809528887271881,
        "y": 0.34948456287384033,
        "z": -0.1811361312866211
    },
    "landmark_2": {
        "x": 0.4833475947380066,
        "y": 0.3485528528690338,
        "z": -0.1811661571264267
    },
    "landmark_3": {
        "x": 0.48599934577941895,
        "y": 0.34790706634521484,
        "z": -0.18118447065353394
    },
    "landmark_4": {
        "x": 0.47553595900535583,
        "y": 0.3504856526851654,
        "z": -0.1769563853740692
    },
    "landmark_5": {
        "x": 0.47387880086898804,
        "y": 0.3504466116428375,
        "z": -0.1769864708185196
    },
    "landmark_6": {
        "x": 0.47217339277267456,
        "y": 0.3504490852355957,
        "z": -0.17697890102863312
    },
    "landmark_7": {
        "x": 0.49077755212783813,
        "y": 0.3527638018131256,
        "z": -0.09317611902952194
    },
    "landmark_8": {
        "x": 0.4694415032863617,
        "y": 0.3544585108757019,
        "z": -0.07300768792629242
    },
    "landmark_9": {
        "x": 0.4831621050834656,
        "y": 0.3744683861732483,
        "z": -0.1629064828157425
    },
    "landmark_10": {
        "x": 0.4753625988960266,
        "y": 0.37774360179901123,
        "z": -0.15744543075561523
    },
    "landmark_11": {
        "x": 0.5146247148513794,
        "y": 0.4218367338180542,
        "z": -0.05770931392908096
    },
    "landmark_12": {
        "x": 0.45262089371681213,
        "y": 0.4214884042739868,
        "z": -0.02881317213177681
    },
    "landmark_13": {
        "x": 0.5291063189506531,
        "y": 0.4886147081851959,
        "z": -0.12936414778232574
    },
    "landmark_14": {
        "x": 0.42561691999435425,
        "y": 0.41795748472213745,
        "z": -0.14892013370990753
    },
    "landmark_15": {
        "x": 0.5157678127288818,
        "y": 0.5593092441558838,
        "z": -0.25107476115226746
    },
    "landmark_16": {
        "x": 0.42119020223617554,
        "y": 0.33413001894950867,
        "z": -0.331728994846344
    },
    "landmark_17": {
        "x": 0.5215398073196411,
        "y": 0.5857359766960144,
        "z": -0.28079602122306824
    },
    "landmark_18": {
        "x": 0.4155457019805908,
        "y": 0.31861332058906555,
        "z": -0.3750760555267334
    },
    "landmark_19": {
        "x": 0.5155076384544373,
        "y": 0.5758773684501648,
        "z": -0.2933250963687897
    },
    "landmark_20": {
        "x": 0.4193486273288727,
        "y": 0.3152320384979248,
        "z": -0.37184587121009827
    },
    "landmark_21": {
        "x": 0.5121340751647949,
        "y": 0.5732057094573975,
        "z": -0.2588590681552887
    },
    "landmark_22": {
        "x": 0.42312294244766235,
        "y": 0.320970743894577,
        "z": -0.3378461003303528
    },
    "landmark_23": {
        "x": 0.513534426689148,
        "y": 0.6099434494972229,
        "z": -0.004848584998399019
    },
    "landmark_24": {
        "x": 0.47363823652267456,
        "y": 0.619979739189148,
        "z": 0.004726822953671217
    },
    "landmark_25": {
        "x": 0.5506619215011597,
        "y": 0.7327702045440674,
        "z": -0.05971106141805649
    },
    "landmark_26": {
        "x": 0.4647729992866516,
        "y": 0.7527455687522888,
        "z": 0.0006616553291678429
    },
    "landmark_27": {
        "x": 0.5797969698905945,
        "y": 0.8475691676139832,
        "z": 0.0661100298166275
    },
    "landmark_28": {
        "x": 0.4809960722923279,
        "y": 0.8451586961746216,
        "z": 0.17748305201530457
    },
    "landmark_29": {
        "x": 0.5792418718338013,
        "y": 0.8680813312530518,
        "z": 0.07272969186306
    },
    "landmark_30": {
        "x": 0.4907497763633728,
        "y": 0.8576325178146362,
        "z": 0.1901739090681076
    },
    "landmark_31": {
        "x": 0.6034615635871887,
        "y": 0.8752577304840088,
        "z": -0.03250712528824806
    },
    "landmark_32": {
        "x": 0.46840420365333557,
        "y": 0.8940562009811401,
        "z": 0.10340584814548492
    }
}