{
    "landmark_0": {
        "x": 0.46856245398521423,
        "y": 0.4279654324054718,
        "z": -0.20033343136310577
    },
    "landmark_1": {
        "x": 0.46991056203842163,
        "y": 0.41190627217292786,
        "z": -0.1954195201396942
    },
    "landmark_2": {
        "x": 0.4721378684043884,
        "y": 0.41121330857276917,
        "z": -0.19546669721603394
    },
    "landmark_3": {
        "x": 0.4747680723667145,
        "y": 0.4108755886554718,
        "z": -0.19551964104175568
    },
    "landmark_4": {
        "x": 0.46513718366622925,
        "y": 0.41333678364753723,
        "z": -0.18658816814422607
    },
    "landmark_5": {
        "x": 0.463695228099823,
        "y": 0.4136570394039154,
        "z": -0.18660715222358704
    },
    "landmark_6": {
        "x": 0.4622005522251129,
        "y": 0.41435152292251587,
        "z": -0.18660405278205872
    },
    "landmark_7": {
        "x": 0.48185816407203674,
        "y": 0.4113538861274719,
        "z": -0.1346103399991989
    },
    "landmark_8": {
        "x": 0.4629727303981781,
        "y": 0.4178118109703064,
        "z": -0.09092304855585098
    },
    "landmark_9": {
        "x": 0.474420964717865,
        "y": 0.4354483187198639,
        "z": -0.1752302050590515
    },
    "landmark_10": {
        "x": 0.46813350915908813,
        "y": 0.43741413950920105,
        "z": -0.16283495724201202
    },
    "landmark_11": {
        "x": 0.5112650394439697,
        "y": 0.45667731761932373,
        "z": -0.11216183006763458
    },
    "landmark_12": {
        "x": 0.45039528608322144,
        "y": 0.47169455885887146,
        "z": -0.028989378362894058
    },
    "landmark_13": {
        "x": 0.5136354565620422,
        "y": 0.5096307992935181,
        "z": -0.20984336733818054
    },
    "landmark_14": {
        "x": 0.4288240075111389,
        "y": 0.49534183740615845,
        "z": -0.10420391708612442
    },
    "landmark_15": {
        "x": 0.4716548025608063,
        "y": 0.5257040858268738,
        "z": -0.31596487760543823
    },
    "landmark_16": {
        "x": 0.4177538752555847,
        "y": 0.42322632670402527,
        "z": -0.2568743824958801
    },
    "landmark_17": {
        "x": 0.461270809173584,
        "y": 0.5422182083129883,
        "z": -0.3457760810852051
    },
    "landmark_18": {
        "x": 0.4121764600276947,
        "y": 0.40521541237831116,
        "z": -0.2892577648162842
    },
    "landmark_19": {
        "x": 0.4652221202850342,
        "y": 0.5331847071647644,
        "z": -0.3447985351085663
    },
    "landmark_20": {
        "x": 0.41498619318008423,
        "y": 0.4006556272506714,
        "z": -0.2885555624961853
    },
    "landmark_21": {
        "x": 0.4609796404838562,
        "y": 0.5335001945495605,
        "z": -0.317364901304245
    },
    "landmark_22": {
        "x": 0.4189383387565613,
        "y": 0.4088565409183502,
        "z": -0.2622208297252655
    },
    "landmark_23": {
        "x": 0.5050142407417297,
        "y": 0.6439529657363892,
        "z": -0.01543917041271925
    },
    "landmark_24": {
        "x": 0.465200811624527,
        "y": 0.6512501835823059,
        "z": 0.015350058674812317
    },
    "landmark_25": {
        "x": 0.5536347031593323,
        "y": 0.7486613988876343,
        "z": -0.08520188182592392
    },
    "landmark_26": {
        "x": 0.45251673460006714,
        "y": 0.7789785861968994,
        "z": 0.018041277304291725
    },
    "landmark_27": {
        "x": 0.5907124876976013,
        "y": 0.8437572717666626,
        "z": 0.0023374201264232397
    },
    "landmark_28": {
        "x": 0.47497063875198364,
        "y": 0.8589836359024048,
        "z": 0.19297052919864655
    },
    "landmark_29": {
        "x": 0.5912811160087585,
        "y": 0.8745595216751099,
        "z": 0.006888961885124445
    },
    "landmark_30": {
        "x": 0.4856562614440918,
        "y": 0.8782434463500977,
        "z": 0.20698952674865723
    },
    "landmark_31": {
        "x": 0.6256154775619507,
        "y": 0.8553276062011719,
        "z": -0.08132616430521011
    },
    "landmark_32": {
        "x": 0.4537281394004822,
        "y": 0.9029757976531982,
        "z": 0.14452092349529266
    }
}