{
    "landmark_0": {
        "x": 0.4887862205505371,
        "y": 0.32434573769569397,
        "z": -0.14079289138317108
    },
    "landmark_1": {
        "x": 0.49245983362197876,
        "y": 0.3092385232448578,
        "z": -0.12669022381305695
    },
    "landmark_2": {
        "x": 0.49521303176879883,
        "y": 0.3091273307800293,
        "z": -0.12673930823802948
    },
    "landmark_3": {
        "x": 0.49806275963783264,
        "y": 0.30918288230895996,
        "z": -0.1267610490322113
    },
    "landmark_4": {
        "x": 0.4860954284667969,
        "y": 0.30943790078163147,
        "z": -0.12155427783727646
    },
    "landmark_5": {
        "x": 0.4843928813934326,
        "y": 0.3095611333847046,
        "z": -0.1215653195977211
    },
    "landmark_6": {
        "x": 0.4826575219631195,
        "y": 0.309932142496109,
        "z": -0.12157156318426132
    },
    "landmark_7": {
        "x": 0.5025125741958618,
        "y": 0.31521540880203247,
        "z": -0.04933072626590729
    },
    "landmark_8": {
        "x": 0.47990864515304565,
        "y": 0.31758204102516174,
        "z": -0.023814648389816284
    },
    "landmark_9": {
        "x": 0.4947941303253174,
        "y": 0.33720818161964417,
        "z": -0.11240296065807343
    },
    "landmark_10": {
        "x": 0.48549047112464905,
        "y": 0.3368013799190521,
        "z": -0.10508785396814346
    },
    "landmark_11": {
        "x": 0.5223777890205383,
        "y": 0.37650471925735474,
        "z": -0.0495268851518631
    },
    "landmark_12": {
        "x": 0.45853391289711,
        "y": 0.3778364062309265,
        "z": -0.005540975369513035
    },
    "landmark_13": {
        "x": 0.521974503993988,
        "y": 0.38886991143226624,
        "z": -0.19820350408554077
    },
    "landmark_14": {
        "x": 0.4264529347419739,
        "y": 0.3590303957462311,
        "z": -0.13508860766887665
    },
    "landmark_15": {
        "x": 0.47805848717689514,
        "y": 0.3763576149940491,
        "z": -0.33416199684143066
    },
    "landmark_16": {
        "x": 0.4162100851535797,
        "y": 0.27091801166534424,
        "z": -0.2703959345817566
    },
    "landmark_17": {
        "x": 0.46681898832321167,
        "y": 0.3816717267036438,
        "z": -0.36815327405929565
    },
    "landmark_18": {
        "x": 0.4107559323310852,
        "y": 0.25263315439224243,
        "z": -0.3024497926235199
    },
    "landmark_19": {
        "x": 0.46302327513694763,
        "y": 0.3828936815261841,
        "z": -0.36117327213287354
    },
    "landmark_20": {
        "x": 0.4141816198825836,
        "y": 0.24829404056072235,
        "z": -0.29656291007995605
    },
    "landmark_21": {
        "x": 0.466736376285553,
        "y": 0.3838996887207031,
        "z": -0.335094690322876
    },
    "landmark_22": {
        "x": 0.41728195548057556,
        "y": 0.2536858320236206,
        "z": -0.27446597814559937
    },
    "landmark_23": {
        "x": 0.5100917816162109,
        "y": 0.5801328420639038,
        "z": 0.002277714665979147
    },
    "landmark_24": {
        "x": 0.46598854660987854,
        "y": 0.5821787118911743,
        "z": -0.0023256854619830847
    },
    "landmark_25": {
        "x": 0.5537460446357727,
        "y": 0.6868120431900024,
        "z": -0.175131157040596
    },
    "landmark_26": {
        "x": 0.4530794024467468,
        "y": 0.7137155532836914,
        "z": -0.020136451348662376
    },
    "landmark_27": {
        "x": 0.5357741713523865,
        "y": 0.813776969909668,
        "z": -0.03570520132780075
    },
    "landmark_28": {
        "x": 0.4646837115287781,
        "y": 0.7963911890983582,
        "z": 0.2128739058971405
    },
    "landmark_29": {
        "x": 0.5238138437271118,
        "y": 0.8359927535057068,
        "z": -0.025408431887626648
    },
    "landmark_30": {
        "x": 0.47382983565330505,
        "y": 0.8066091537475586,
        "z": 0.23196497559547424
    },
    "landmark_31": {
        "x": 0.5654934644699097,
        "y": 0.851782500743866,
        "z": -0.11491582542657852
    },
    "landmark_32": {
        "x": 0.45824867486953735,
        "y": 0.86029452085495,
        "z": 0.16582459211349487
    }
}