{
    "landmark_0": {
        "x": 0.5141860842704773,
        "y": 0.38235124945640564,
        "z": -0.12129174172878265
    },
    "landmark_1": {
        "x": 0.5179502964019775,
        "y": 0.3710711896419525,
        "z": -0.10437184572219849
    },
    "landmark_2": {
        "x": 0.5198830366134644,
        "y": 0.3713333010673523,
        "z": -0.10433497279882431
    },
    "landmark_3": {
        "x": 0.5220018625259399,
        "y": 0.37169164419174194,
        "z": -0.10435555875301361
    },
    "landmark_4": {
        "x": 0.512973964214325,
        "y": 0.36973339319229126,
        "z": -0.11515884101390839
    },
    "landmark_5": {
        "x": 0.511228621006012,
        "y": 0.3691178560256958,
        "z": -0.11517902463674545
    },
    "landmark_6": {
        "x": 0.5093713998794556,
        "y": 0.36850059032440186,
        "z": -0.11522276699542999
    },
    "landmark_7": {
        "x": 0.5233780145645142,
        "y": 0.3763107657432556,
        "z": -0.009889712557196617
    },
    "landmark_8": {
        "x": 0.5035824775695801,
        "y": 0.3709662854671478,
        "z": -0.05960441380739212
    },
    "landmark_9": {
        "x": 0.5163678526878357,
        "y": 0.39303308725357056,
        "z": -0.08463739603757858
    },
    "landmark_10": {
        "x": 0.5089715123176575,
        "y": 0.39223259687423706,
        "z": -0.09936117380857468
    },
    "landmark_11": {
        "x": 0.5329041481018066,
        "y": 0.44423797726631165,
        "z": 0.04527156054973602
    },
    "landmark_12": {
        "x": 0.4750150740146637,
        "y": 0.4225935935974121,
        "z": -0.052333325147628784
    },
    "landmark_13": {
        "x": 0.5563304424285889,
        "y": 0.4610161781311035,
        "z": 0.06164824217557907
    },
    "landmark_14": {
        "x": 0.48834437131881714,
        "y": 0.5085601210594177,
        "z": -0.05222698301076889
    },
    "landmark_15": {
        "x": 0.5600461363792419,
        "y": 0.39059722423553467,
        "z": 0.08328154683113098
    },
    "landmark_16": {
        "x": 0.5221537947654724,
        "y": 0.5485252141952515,
        "z": 0.024351345375180244
    },
    "landmark_17": {
        "x": 0.5629157423973083,
        "y": 0.37558266520500183,
        "z": 0.0827767625451088
    },
    "landmark_18": {
        "x": 0.5292090773582458,
        "y": 0.56448894739151,
        "z": 0.02475750260055065
    },
    "landmark_19": {
        "x": 0.5602610111236572,
        "y": 0.3729484975337982,
        "z": 0.08278907835483551
    },
    "landmark_20": {
        "x": 0.5302116274833679,
        "y": 0.5644257068634033,
        "z": 0.01754731684923172
    },
    "landmark_21": {
        "x": 0.5582656264305115,
        "y": 0.38312503695487976,
        "z": 0.08185070008039474
    },
    "landmark_22": {
        "x": 0.5279435515403748,
        "y": 0.5600703358650208,
        "z": 0.024661531671881676
    },
    "landmark_23": {
        "x": 0.5239260196685791,
        "y": 0.6398029923439026,
        "z": -0.0015649932902306318
    },
    "landmark_24": {
        "x": 0.4799181818962097,
        "y": 0.6328297257423401,
        "z": 0.0017206359189003706
    },
    "landmark_25": {
        "x": 0.5303659439086914,
        "y": 0.7617952823638916,
        "z": 0.06964902579784393
    },
    "landmark_26": {
        "x": 0.4172322154045105,
        "y": 0.7138631939888,
        "z": -0.10969188064336777
    },
    "landmark_27": {
        "x": 0.520255446434021,
        "y": 0.846958339214325,
        "z": 0.261399507522583
    },
    "landmark_28": {
        "x": 0.3816455900669098,
        "y": 0.836521327495575,
        "z": -0.03278396651148796
    },
    "landmark_29": {
        "x": 0.5116885304450989,
        "y": 0.8661107420921326,
        "z": 0.27676641941070557
    },
    "landmark_30": {
        "x": 0.3820708394050598,
        "y": 0.8689935207366943,
        "z": -0.029247844591736794
    },
    "landmark_31": {
        "x": 0.5323032140731812,
        "y": 0.895609438419342,
        "z": 0.21083402633666992
    },
    "landmark_32": {
        "x": 0.3439697325229645,
        "y": 0.8286051154136658,
        "z": -0.1178327202796936
    }
}