{
    "landmark_0": {
        "x": 0.4970950186252594,
        "y": 0.3456830680370331,
        "z": -0.20473723113536835
    },
    "landmark_1": {
        "x": 0.5033080577850342,
        "y": 0.3361334204673767,
        "z": -0.19072532653808594
    },
    "landmark_2": {
        "x": 0.5061472058296204,
        "y": 0.33714890480041504,
        "z": -0.19070717692375183
    },
    "landmark_3": {
        "x": 0.5089725255966187,
        "y": 0.3380841314792633,
        "z": -0.190696582198143
    },
    "landmark_4": {
        "x": 0.49652862548828125,
        "y": 0.3326639235019684,
        "z": -0.19199277460575104
    },
    "landmark_5": {
        "x": 0.49454960227012634,
        "y": 0.3314458131790161,
        "z": -0.19205796718597412
    },
    "landmark_6": {
        "x": 0.49256977438926697,
        "y": 0.33035826683044434,
        "z": -0.19213880598545074
    },
    "landmark_7": {
        "x": 0.5131357312202454,
        "y": 0.34300366044044495,
        "z": -0.0963888019323349
    },
    "landmark_8": {
        "x": 0.4896306097507477,
        "y": 0.33400896191596985,
        "z": -0.10323306173086166
    },
    "landmark_9": {
        "x": 0.5009796619415283,
        "y": 0.35853177309036255,
        "z": -0.1675766259431839
    },
    "landmark_10": {
        "x": 0.4912870526313782,
        "y": 0.354859858751297,
        "z": -0.16998599469661713
    },
    "landmark_11": {
        "x": 0.5270205140113831,
        "y": 0.41805407404899597,
        "z": -0.051477693021297455
    },
    "landmark_12": {
        "x": 0.46784526109695435,
        "y": 0.38888487219810486,
        "z": -0.06969115883111954
    },
    "landmark_13": {
        "x": 0.5306776762008667,
        "y": 0.5143866539001465,
        "z": -0.064340740442276
    },
    "landmark_14": {
        "x": 0.4554286003112793,
        "y": 0.4069347381591797,
        "z": -0.21130208671092987
    },
    "landmark_15": {
        "x": 0.5207089185714722,
        "y": 0.5852413773536682,
        "z": -0.10747836530208588
    },
    "landmark_16": {
        "x": 0.4955989718437195,
        "y": 0.40075385570526123,
        "z": -0.3968299329280853
    },
    "landmark_17": {
        "x": 0.5210579037666321,
        "y": 0.6097840666770935,
        "z": -0.1214405745267868
    },
    "landmark_18": {
        "x": 0.5052493214607239,
        "y": 0.40592747926712036,
        "z": -0.43638044595718384
    },
    "landmark_19": {
        "x": 0.5181511044502258,
        "y": 0.6061260104179382,
        "z": -0.13892613351345062
    },
    "landmark_20": {
        "x": 0.508351743221283,
        "y": 0.40719085931777954,
        "z": -0.4310120642185211
    },
    "landmark_21": {
        "x": 0.5167021751403809,
        "y": 0.5961766839027405,
        "z": -0.11476904153823853
    },
    "landmark_22": {
        "x": 0.5057825446128845,
        "y": 0.40617257356643677,
        "z": -0.3996659815311432
    },
    "landmark_23": {
        "x": 0.5120173692703247,
        "y": 0.6093014478683472,
        "z": -0.014789310283958912
    },
    "landmark_24": {
        "x": 0.4706432819366455,
        "y": 0.6040545701980591,
        "z": 0.01480024866759777
    },
    "landmark_25": {
        "x": 0.5131102800369263,
        "y": 0.7482954859733582,
        "z": -0.016475612297654152
    },
    "landmark_26": {
        "x": 0.41611582040786743,
        "y": 0.707977294921875,
        "z": -0.08204453438520432
    },
    "landmark_27": {
        "x": 0.5053139925003052,
        "y": 0.8367829918861389,
        "z": 0.16641810536384583
    },
    "landmark_28": {
        "x": 0.3893373906612396,
        "y": 0.8297647833824158,
        "z": 0.017632441595196724
    },
    "landmark_29": {
        "x": 0.5010031461715698,
        "y": 0.8470323085784912,
        "z": 0.17857427895069122
    },
    "landmark_30": {
        "x": 0.39133089780807495,
        "y": 0.8645293116569519,
        "z": 0.02170521579682827
    },
    "landmark_31": {
        "x": 0.5064865350723267,
        "y": 0.8938887119293213,
        "z": 0.08962372690439224
    },
    "landmark_32": {
        "x": 0.35054734349250793,
        "y": 0.8334730267524719,
        "z": -0.07377086579799652
    }
}