{
    "landmark_0": {
        "x": 0.4863831400871277,
        "y": 0.3539378345012665,
        "z": -0.1777988225221634
    },
    "landmark_1": {
        "x": 0.48927775025367737,
        "y": 0.3406430780887604,
        "z": -0.16461944580078125
    },
    "landmark_2": {
        "x": 0.4917629361152649,
        "y": 0.3399837017059326,
        "z": -0.1646469384431839
    },
    "landmark_3": {
        "x": 0.4944080412387848,
        "y": 0.33950355648994446,
        "z": -0.1646616905927658
    },
    "landmark_4": {
        "x": 0.48314613103866577,
        "y": 0.3424094319343567,
        "z": -0.16108787059783936
    },
    "landmark_5": {
        "x": 0.4811806082725525,
        "y": 0.34316888451576233,
        "z": -0.16111469268798828
    },
    "landmark_6": {
        "x": 0.4791373610496521,
        "y": 0.34408995509147644,
        "z": -0.1611214280128479
    },
    "landmark_7": {
        "x": 0.49953633546829224,
        "y": 0.34417110681533813,
        "z": -0.08234040439128876
    },
    "landmark_8": {
        "x": 0.4759596288204193,
        "y": 0.3510982394218445,
        "z": -0.06637401133775711
    },
    "landmark_9": {
        "x": 0.49261051416397095,
        "y": 0.3657388985157013,
        "z": -0.14746901392936707
    },
    "landmark_10": {
        "x": 0.4826829433441162,
        "y": 0.36812862753868103,
        "z": -0.1431829184293747
    },
    "landmark_11": {
        "x": 0.5218294262886047,
        "y": 0.40928390622138977,
        "z": -0.05595635250210762
    },
    "landmark_12": {
        "x": 0.4600178301334381,
        "y": 0.4146827161312103,
        "z": -0.03607195243239403
    },
    "landmark_13": {
        "x": 0.5299513936042786,
        "y": 0.481079638004303,
        "z": -0.11841358989477158
    },
    "landmark_14": {
        "x": 0.44030341506004333,
        "y": 0.41605594754219055,
        "z": -0.17201457917690277
    },
    "landmark_15": {
        "x": 0.5236012935638428,
        "y": 0.5551483631134033,
        "z": -0.2009166181087494
    },
    "landmark_16": {
        "x": 0.4298322796821594,
        "y": 0.3454541862010956,
        "z": -0.33900874853134155
    },
    "landmark_17": {
        "x": 0.526756763458252,
        "y": 0.5791398286819458,
        "z": -0.2183838188648224
    },
    "landmark_18": {
        "x": 0.4275568425655365,
        "y": 0.32890018820762634,
        "z": -0.37416842579841614
    },
    "landmark_19": {
        "x": 0.522886335849762,
        "y": 0.5791674256324768,
        "z": -0.23053093254566193
    },
    "landmark_20": {
        "x": 0.43039172887802124,
        "y": 0.3238895535469055,
        "z": -0.37086886167526245
    },
    "landmark_21": {
        "x": 0.5202793478965759,
        "y": 0.570016086101532,
        "z": -0.2068195641040802
    },
    "landmark_22": {
        "x": 0.43222466111183167,
        "y": 0.3300086557865143,
        "z": -0.34438377618789673
    },
    "landmark_23": {
        "x": 0.5187338590621948,
        "y": 0.6129570007324219,
        "z": -0.004476091358810663
    },
    "landmark_24": {
        "x": 0.47705763578414917,
        "y": 0.6234059929847717,
        "z": 0.004332703072577715
    },
    "landmark_25": {
        "x": 0.5568236708641052,
        "y": 0.7311034202575684,
        "z": -0.031118612736463547
    },
    "landmark_26": {
        "x": 0.47272437810897827,
        "y": 0.7521280646324158,
        "z": 0.03521192818880081
    },
    "landmark_27": {
        "x": 0.5861916542053223,
        "y": 0.8426499366760254,
        "z": 0.05318554490804672
    },
    "landmark_28": {
        "x": 0.4887875020503998,
        "y": 0.84745192527771,
        "z": 0.1905447542667389
    },
    "landmark_29": {
        "x": 0.5829304456710815,
        "y": 0.8651260137557983,
        "z": 0.05600941926240921
    },
    "landmark_30": {
        "x": 0.49736079573631287,
        "y": 0.8611639142036438,
        "z": 0.2012910395860672
    },
    "landmark_31": {
        "x": 0.6131219267845154,
        "y": 0.8697295188903809,
        "z": -0.035866525024175644
    },
    "landmark_32": {
        "x": 0.4707324504852295,
        "y": 0.88885897397995,
        "z": 0.12879012525081635
    }
}