{
    "landmark_0": {
        "x": 0.508236825466156,
        "y": 0.35367918014526367,
        "z": -0.10670502483844757
    },
    "landmark_1": {
        "x": 0.511651337146759,
        "y": 0.3434644341468811,
        "z": -0.08994322270154953
    },
    "landmark_2": {
        "x": 0.5136051177978516,
        "y": 0.3438166379928589,
        "z": -0.08993541449308395
    },
    "landmark_3": {
        "x": 0.5156622529029846,
        "y": 0.344267338514328,
        "z": -0.08994781970977783
    },
    "landmark_4": {
        "x": 0.5058146715164185,
        "y": 0.3415755033493042,
        "z": -0.09453177452087402
    },
    "landmark_5": {
        "x": 0.5036703944206238,
        "y": 0.3407772481441498,
        "z": -0.09451857954263687
    },
    "landmark_6": {
        "x": 0.5015190839767456,
        "y": 0.34009331464767456,
        "z": -0.09454477578401566
    },
    "landmark_7": {
        "x": 0.5167079567909241,
        "y": 0.34976261854171753,
        "z": -0.0023863771930336952
    },
    "landmark_8": {
        "x": 0.4965607225894928,
        "y": 0.34499266743659973,
        "z": -0.019622858613729477
    },
    "landmark_9": {
        "x": 0.5106050968170166,
        "y": 0.3636195659637451,
        "z": -0.07282175123691559
    },
    "landmark_10": {
        "x": 0.5026634931564331,
        "y": 0.3627903461456299,
        "z": -0.0783139318227768
    },
    "landmark_11": {
        "x": 0.5295040011405945,
        "y": 0.41700947284698486,
        "z": 0.016834670677781105
    },
    "landmark_12": {
        "x": 0.4723776876926422,
        "y": 0.40320107340812683,
        "z": -0.03320249915122986
    },
    "landmark_13": {
        "x": 0.5522720813751221,
        "y": 0.41917937994003296,
        "z": -0.12349949777126312
    },
    "landmark_14": {
        "x": 0.5084822773933411,
        "y": 0.40736907720565796,
        "z": -0.12038473784923553
    },
    "landmark_15": {
        "x": 0.5436283946037292,
        "y": 0.31785818934440613,
        "z": -0.23230767250061035
    },
    "landmark_16": {
        "x": 0.5410892963409424,
        "y": 0.3836907148361206,
        "z": -0.11145728826522827
    },
    "landmark_17": {
        "x": 0.5444777011871338,
        "y": 0.29423943161964417,
        "z": -0.25626417994499207
    },
    "landmark_18": {
        "x": 0.5584010481834412,
        "y": 0.3808492422103882,
        "z": -0.12892809510231018
    },
    "landmark_19": {
        "x": 0.5409778356552124,
        "y": 0.2973567247390747,
        "z": -0.24223104119300842
    },
    "landmark_20": {
        "x": 0.5569206476211548,
        "y": 0.3842334449291229,
        "z": -0.11757960170507431
    },
    "landmark_21": {
        "x": 0.5395478010177612,
        "y": 0.30858707427978516,
        "z": -0.23081202805042267
    },
    "landmark_22": {
        "x": 0.5538898706436157,
        "y": 0.389586865901947,
        "z": -0.10796739906072617
    },
    "landmark_23": {
        "x": 0.5207715034484863,
        "y": 0.613594651222229,
        "z": -0.005364689510315657
    },
    "landmark_24": {
        "x": 0.4761475622653961,
        "y": 0.6092264652252197,
        "z": 0.005387824960052967
    },
    "landmark_25": {
        "x": 0.5457850694656372,
        "y": 0.7409482598304749,
        "z": -0.07826651632785797
    },
    "landmark_26": {
        "x": 0.41763824224472046,
        "y": 0.7054198980331421,
        "z": -0.12317869812250137
    },
    "landmark_27": {
        "x": 0.5287967324256897,
        "y": 0.8409253358840942,
        "z": 0.1312185674905777
    },
    "landmark_28": {
        "x": 0.42435210943222046,
        "y": 0.8382203578948975,
        "z": 0.04726262390613556
    },
    "landmark_29": {
        "x": 0.5181499123573303,
        "y": 0.8526769280433655,
        "z": 0.1480725109577179
    },
    "landmark_30": {
        "x": 0.4339827597141266,
        "y": 0.8628566265106201,
        "z": 0.05920860171318054
    },
    "landmark_31": {
        "x": 0.5333942770957947,
        "y": 0.8952637314796448,
        "z": 0.06666185706853867
    },
    "landmark_32": {
        "x": 0.3907979726791382,
        "y": 0.8687633872032166,
        "z": -0.01725698634982109
    }
}