{
    "landmark_0": {
        "x": 0.493458092212677,
        "y": 0.31357964873313904,
        "z": -0.09312828630208969
    },
    "landmark_1": {
        "x": 0.49739569425582886,
        "y": 0.30771327018737793,
        "z": -0.07051511853933334
    },
    "landmark_2": {
        "x": 0.49928155541419983,
        "y": 0.30894234776496887,
        "z": -0.07051828503608704
    },
    "landmark_3": {
        "x": 0.5011549592018127,
        "y": 0.3102419972419739,
        "z": -0.070553719997406
    },
    "landmark_4": {
        "x": 0.4910518527030945,
        "y": 0.30454930663108826,
        "z": -0.08104325830936432
    },
    "landmark_5": {
        "x": 0.4887743890285492,
        "y": 0.3035668432712555,
        "z": -0.08105544000864029
    },
    "landmark_6": {
        "x": 0.48664727807044983,
        "y": 0.3026792109012604,
        "z": -0.08105117082595825
    },
    "landmark_7": {
        "x": 0.5001550316810608,
        "y": 0.31758344173431396,
        "z": 0.03086860477924347
    },
    "landmark_8": {
        "x": 0.4802137315273285,
        "y": 0.3069208562374115,
        "z": -0.018794018775224686
    },
    "landmark_9": {
        "x": 0.49647802114486694,
        "y": 0.3269543945789337,
        "z": -0.05634228140115738
    },
    "landmark_10": {
        "x": 0.48669591546058655,
        "y": 0.32256174087524414,
        "z": -0.07083283364772797
    },
    "landmark_11": {
        "x": 0.5070334076881409,
        "y": 0.38737064599990845,
        "z": 0.05634505674242973
    },
    "landmark_12": {
        "x": 0.4532892107963562,
        "y": 0.37782400846481323,
        "z": -0.035682592540979385
    },
    "landmark_13": {
        "x": 0.5245386958122253,
        "y": 0.30103570222854614,
        "z": -0.004578583873808384
    },
    "landmark_14": {
        "x": 0.45993614196777344,
        "y": 0.34972643852233887,
        "z": -0.11231763660907745
    },
    "landmark_15": {
        "x": 0.5286305546760559,
        "y": 0.226394385099411,
        "z": -0.06884724646806717
    },
    "landmark_16": {
        "x": 0.5084630846977234,
        "y": 0.3187137544155121,
        "z": -0.08083269745111465
    },
    "landmark_17": {
        "x": 0.5315122604370117,
        "y": 0.22573883831501007,
        "z": -0.09473737329244614
    },
    "landmark_18": {
        "x": 0.5168184041976929,
        "y": 0.31008318066596985,
        "z": -0.10119040310382843
    },
    "landmark_19": {
        "x": 0.5303966403007507,
        "y": 0.21313415467739105,
        "z": -0.09672961384057999
    },
    "landmark_20": {
        "x": 0.5192851424217224,
        "y": 0.31996336579322815,
        "z": -0.09270317852497101
    },
    "landmark_21": {
        "x": 0.5289304852485657,
        "y": 0.22214627265930176,
        "z": -0.07544289529323578
    },
    "landmark_22": {
        "x": 0.5155893564224243,
        "y": 0.32366493344306946,
        "z": -0.07842889428138733
    },
    "landmark_23": {
        "x": 0.5074030160903931,
        "y": 0.5840173959732056,
        "z": 0.012275832705199718
    },
    "landmark_24": {
        "x": 0.4650586247444153,
        "y": 0.5878443121910095,
        "z": -0.012138601392507553
    },
    "landmark_25": {
        "x": 0.5382893681526184,
        "y": 0.7153794169425964,
        "z": -0.09328072518110275
    },
    "landmark_26": {
        "x": 0.43529072403907776,
        "y": 0.7168375849723816,
        "z": -0.141853466629982
    },
    "landmark_27": {
        "x": 0.5203864574432373,
        "y": 0.8174834251403809,
        "z": 0.1448843628168106
    },
    "landmark_28": {
        "x": 0.454317182302475,
        "y": 0.8266081809997559,
        "z": 0.09810169786214828
    },
    "landmark_29": {
        "x": 0.5092880129814148,
        "y": 0.8299272060394287,
        "z": 0.16472063958644867
    },
    "landmark_30": {
        "x": 0.4672609865665436,
        "y": 0.844086229801178,
        "z": 0.11727575957775116
    },
    "landmark_31": {
        "x": 0.5390633940696716,
        "y": 0.8708125352859497,
        "z": 0.08511684834957123
    },
    "landmark_32": {
        "x": 0.444166362285614,
        "y": 0.8886042833328247,
        "z": 0.026709284633398056
    }
}