{
    "landmark_0": {
        "x": 0.49343323707580566,
        "y": 0.41363805532455444,
        "z": -0.13460636138916016
    },
    "landmark_1": {
        "x": 0.49754175543785095,
        "y": 0.40001508593559265,
        "z": -0.12602774798870087
    },
    "landmark_2": {
        "x": 0.5001724362373352,
        "y": 0.39935293793678284,
        "z": -0.12606215476989746
    },
    "landmark_3": {
        "x": 0.5027902722358704,
        "y": 0.39873045682907104,
        "z": -0.12610813975334167
    },
    "landmark_4": {
        "x": 0.4902752935886383,
        "y": 0.40016767382621765,
        "z": -0.12066350132226944
    },
    "landmark_5": {
        "x": 0.4882126748561859,
        "y": 0.3998318612575531,
        "z": -0.12064806371927261
    },
    "landmark_6": {
        "x": 0.4862557351589203,
        "y": 0.3998858630657196,
        "z": -0.12070365250110626
    },
    "landmark_7": {
        "x": 0.505611002445221,
        "y": 0.39879488945007324,
        "z": -0.05837544798851013
    },
    "landmark_8": {
        "x": 0.4862343668937683,
        "y": 0.4023839235305786,
        "z": -0.03388962522149086
    },
    "landmark_9": {
        "x": 0.4984671473503113,
        "y": 0.4221562147140503,
        "z": -0.1077512875199318
    },
    "landmark_10": {
        "x": 0.4908703863620758,
        "y": 0.4219011664390564,
        "z": -0.10092206299304962
    },
    "landmark_11": {
        "x": 0.5282146334648132,
        "y": 0.45284390449523926,
        "z": -0.03746357187628746
    },
    "landmark_12": {
        "x": 0.46948450803756714,
        "y": 0.45206865668296814,
        "z": 0.0030831536278128624
    },
    "landmark_13": {
        "x": 0.5417078733444214,
        "y": 0.47388187050819397,
        "z": -0.16363774240016937
    },
    "landmark_14": {
        "x": 0.4528317451477051,
        "y": 0.48439496755599976,
        "z": -0.09075970202684402
    },
    "landmark_15": {
        "x": 0.51400226354599,
        "y": 0.44546952843666077,
        "z": -0.2838973104953766
    },
    "landmark_16": {
        "x": 0.4693211615085602,
        "y": 0.46922439336776733,
        "z": -0.232432559132576
    },
    "landmark_17": {
        "x": 0.5102929472923279,
        "y": 0.43567565083503723,
        "z": -0.3108024597167969
    },
    "landmark_18": {
        "x": 0.4698091149330139,
        "y": 0.46785101294517517,
        "z": -0.25978779792785645
    },
    "landmark_19": {
        "x": 0.5077642798423767,
        "y": 0.43540653586387634,
        "z": -0.3015042841434479
    },
    "landmark_20": {
        "x": 0.47523555159568787,
        "y": 0.4641053378582001,
        "z": -0.2567613422870636
    },
    "landmark_21": {
        "x": 0.508854329586029,
        "y": 0.440756618976593,
        "z": -0.28270837664604187
    },
    "landmark_22": {
        "x": 0.47558507323265076,
        "y": 0.46516579389572144,
        "z": -0.2356826812028885
    },
    "landmark_23": {
        "x": 0.5221512317657471,
        "y": 0.6343249082565308,
        "z": -0.009818488731980324
    },
    "landmark_24": {
        "x": 0.4802568852901459,
        "y": 0.6303715705871582,
        "z": 0.009882895275950432
    },
    "landmark_25": {
        "x": 0.5489615797996521,
        "y": 0.7484636306762695,
        "z": -0.11322607100009918
    },
    "landmark_26": {
        "x": 0.4406944215297699,
        "y": 0.7196141481399536,
        "z": -0.14683185517787933
    },
    "landmark_27": {
        "x": 0.524281919002533,
        "y": 0.842468798160553,
        "z": 0.032481830567121506
    },
    "landmark_28": {
        "x": 0.44829005002975464,
        "y": 0.8122120499610901,
        "z": 0.003933106083422899
    },
    "landmark_29": {
        "x": 0.5126522779464722,
        "y": 0.8535077571868896,
        "z": 0.042034000158309937
    },
    "landmark_30": {
        "x": 0.4553428590297699,
        "y": 0.8251434564590454,
        "z": 0.015302421525120735
    },
    "landmark_31": {
        "x": 0.5365463495254517,
        "y": 0.896018922328949,
        "z": -0.04425593093037605
    },
    "landmark_32": {
        "x": 0.427590936422348,
        "y": 0.8580091595649719,
        "z": -0.058259837329387665
    }
}