{
    "landmark_0": {
        "x": 0.516528308391571,
        "y": 0.38243943452835083,
        "z": -0.1928100436925888
    },
    "landmark_1": {
        "x": 0.5224584341049194,
        "y": 0.3702632784843445,
        "z": -0.18066304922103882
    },
    "landmark_2": {
        "x": 0.5243740081787109,
        "y": 0.3707365393638611,
        "z": -0.18067681789398193
    },
    "landmark_3": {
        "x": 0.5264167785644531,
        "y": 0.37125304341316223,
        "z": -0.1807105839252472
    },
    "landmark_4": {
        "x": 0.517553448677063,
        "y": 0.3668920397758484,
        "z": -0.19233937561511993
    },
    "landmark_5": {
        "x": 0.5158657431602478,
        "y": 0.364959180355072,
        "z": -0.19234558939933777
    },
    "landmark_6": {
        "x": 0.5142001509666443,
        "y": 0.3630484342575073,
        "z": -0.19240114092826843
    },
    "landmark_7": {
        "x": 0.5272713303565979,
        "y": 0.3751375377178192,
        "z": -0.0863562673330307
    },
    "landmark_8": {
        "x": 0.5087303519248962,
        "y": 0.36368638277053833,
        "z": -0.1396443247795105
    },
    "landmark_9": {
        "x": 0.5180012583732605,
        "y": 0.39427649974823,
        "z": -0.15421634912490845
    },
    "landmark_10": {
        "x": 0.5105648636817932,
        "y": 0.3907582461833954,
        "z": -0.16999973356723785
    },
    "landmark_11": {
        "x": 0.5288360714912415,
        "y": 0.44614192843437195,
        "z": -0.017443349584937096
    },
    "landmark_12": {
        "x": 0.4729068875312805,
        "y": 0.4118254482746124,
        "z": -0.11061624437570572
    },
    "landmark_13": {
        "x": 0.5472697615623474,
        "y": 0.515305757522583,
        "z": -0.05352853611111641
    },
    "landmark_14": {
        "x": 0.4693984091281891,
        "y": 0.5014280080795288,
        "z": -0.17344777286052704
    },
    "landmark_15": {
        "x": 0.5478386282920837,
        "y": 0.4987866282463074,
        "z": -0.16670739650726318
    },
    "landmark_16": {
        "x": 0.4899570047855377,
        "y": 0.5731822848320007,
        "z": -0.2542831301689148
    },
    "landmark_17": {
        "x": 0.5485501289367676,
        "y": 0.49651283025741577,
        "z": -0.19022831320762634
    },
    "landmark_18": {
        "x": 0.49586421251296997,
        "y": 0.587643027305603,
        "z": -0.2802785038948059
    },
    "landmark_19": {
        "x": 0.5473429560661316,
        "y": 0.48726731538772583,
        "z": -0.19474703073501587
    },
    "landmark_20": {
        "x": 0.4957652688026428,
        "y": 0.5869659781455994,
        "z": -0.2874671220779419
    },
    "landmark_21": {
        "x": 0.5451669096946716,
        "y": 0.4882715940475464,
        "z": -0.17229032516479492
    },
    "landmark_22": {
        "x": 0.496354877948761,
        "y": 0.5787330865859985,
        "z": -0.25820475816726685
    },
    "landmark_23": {
        "x": 0.5095886588096619,
        "y": 0.632262110710144,
        "z": 0.009346586652100086
    },
    "landmark_24": {
        "x": 0.4694404602050781,
        "y": 0.6228728294372559,
        "z": -0.009263893589377403
    },
    "landmark_25": {
        "x": 0.5068437457084656,
        "y": 0.7584167718887329,
        "z": 0.047040801495313644
    },
    "landmark_26": {
        "x": 0.4219309389591217,
        "y": 0.7306670546531677,
        "z": -0.027761518955230713
    },
    "landmark_27": {
        "x": 0.5026105642318726,
        "y": 0.8601154685020447,
        "z": 0.2163124531507492
    },
    "landmark_28": {
        "x": 0.3777469992637634,
        "y": 0.8354642987251282,
        "z": 0.08139296621084213
    },
    "landmark_29": {
        "x": 0.4968821108341217,
        "y": 0.8684796094894409,
        "z": 0.2285507619380951
    },
    "landmark_30": {
        "x": 0.3768456280231476,
        "y": 0.8580525517463684,
        "z": 0.0868631973862648
    },
    "landmark_31": {
        "x": 0.5083891153335571,
        "y": 0.9129284620285034,
        "z": 0.14898081123828888
    },
    "landmark_32": {
        "x": 0.3446418344974518,
        "y": 0.8396472334861755,
        "z": -0.009764103218913078
    }
}