{
    "landmark_0": {
        "x": 0.4910573959350586,
        "y": 0.3698003888130188,
        "z": -0.21200844645500183
    },
    "landmark_1": {
        "x": 0.4934634566307068,
        "y": 0.3543543219566345,
        "z": -0.19846855103969574
    },
    "landmark_2": {
        "x": 0.4956139624118805,
        "y": 0.35320109128952026,
        "z": -0.19847911596298218
    },
    "landmark_3": {
        "x": 0.49783191084861755,
        "y": 0.35214415192604065,
        "z": -0.19851315021514893
    },
    "landmark_4": {
        "x": 0.487321138381958,
        "y": 0.3556719422340393,
        "z": -0.20088794827461243
    },
    "landmark_5": {
        "x": 0.48509034514427185,
        "y": 0.35548484325408936,
        "z": -0.200940802693367
    },
    "landmark_6": {
        "x": 0.48292654752731323,
        "y": 0.35530996322631836,
        "z": -0.2009773552417755
    },
    "landmark_7": {
        "x": 0.5004987120628357,
        "y": 0.3536452353000641,
        "z": -0.10502593219280243
    },
    "landmark_8": {
        "x": 0.47809332609176636,
        "y": 0.35819706320762634,
        "z": -0.11615432798862457
    },
    "landmark_9": {
        "x": 0.49555057287216187,
        "y": 0.3810202181339264,
        "z": -0.17598015069961548
    },
    "landmark_10": {
        "x": 0.4866044521331787,
        "y": 0.3820227384567261,
        "z": -0.17956791818141937
    },
    "landmark_11": {
        "x": 0.5197076797485352,
        "y": 0.4176914095878601,
        "z": -0.0367356538772583
    },
    "landmark_12": {
        "x": 0.4596567749977112,
        "y": 0.41609328985214233,
        "z": -0.10377795994281769
    },
    "landmark_13": {
        "x": 0.532670795917511,
        "y": 0.49133971333503723,
        "z": -0.03577505797147751
    },
    "landmark_14": {
        "x": 0.43090003728866577,
        "y": 0.41670992970466614,
        "z": -0.28224796056747437
    },
    "landmark_15": {
        "x": 0.5239480137825012,
        "y": 0.5748278498649597,
        "z": -0.09535455703735352
    },
    "landmark_16": {
        "x": 0.42474135756492615,
        "y": 0.3370889723300934,
        "z": -0.4902004301548004
    },
    "landmark_17": {
        "x": 0.5259516835212708,
        "y": 0.5916717648506165,
        "z": -0.10666897147893906
    },
    "landmark_18": {
        "x": 0.4225020408630371,
        "y": 0.32008716464042664,
        "z": -0.537790834903717
    },
    "landmark_19": {
        "x": 0.5227300524711609,
        "y": 0.5907851457595825,
        "z": -0.1224309578537941
    },
    "landmark_20": {
        "x": 0.4275003969669342,
        "y": 0.3134842813014984,
        "z": -0.5317133665084839
    },
    "landmark_21": {
        "x": 0.5216169953346252,
        "y": 0.5881807804107666,
        "z": -0.10296718031167984
    },
    "landmark_22": {
        "x": 0.42963558435440063,
        "y": 0.32035523653030396,
        "z": -0.49508899450302124
    },
    "landmark_23": {
        "x": 0.5157812833786011,
        "y": 0.6252254843711853,
        "z": 0.01706838421523571
    },
    "landmark_24": {
        "x": 0.47110405564308167,
        "y": 0.634289026260376,
        "z": -0.017222153022885323
    },
    "landmark_25": {
        "x": 0.5614455342292786,
        "y": 0.7325011491775513,
        "z": -0.0449981763958931
    },
    "landmark_26": {
        "x": 0.4646654725074768,
        "y": 0.7726598978042603,
        "z": -0.0034043334890156984
    },
    "landmark_27": {
        "x": 0.5818010568618774,
        "y": 0.8515656590461731,
        "z": 0.07399743795394897
    },
    "landmark_28": {
        "x": 0.4760187566280365,
        "y": 0.8531612157821655,
        "z": 0.17396289110183716
    },
    "landmark_29": {
        "x": 0.5783278346061707,
        "y": 0.8816882371902466,
        "z": 0.08102737367153168
    },
    "landmark_30": {
        "x": 0.4842330813407898,
        "y": 0.8672993183135986,
        "z": 0.187526673078537
    },
    "landmark_31": {
        "x": 0.6118171215057373,
        "y": 0.8810223340988159,
        "z": -0.015371766872704029
    },
    "landmark_32": {
        "x": 0.4672938287258148,
        "y": 0.9061040878295898,
        "z": 0.10187220573425293
    }
}