{
    "landmark_0": {
        "x": 0.5041833519935608,
        "y": 0.34993648529052734,
        "z": -0.1576755791902542
    },
    "landmark_1": {
        "x": 0.5062815546989441,
        "y": 0.3363528549671173,
        "z": -0.1419183909893036
    },
    "landmark_2": {
        "x": 0.5087859034538269,
        "y": 0.33531418442726135,
        "z": -0.1419149786233902
    },
    "landmark_3": {
        "x": 0.5114719867706299,
        "y": 0.3345832824707031,
        "z": -0.14189772307872772
    },
    "landmark_4": {
        "x": 0.4997533857822418,
        "y": 0.3392692804336548,
        "z": -0.13828277587890625
    },
    "landmark_5": {
        "x": 0.4976169466972351,
        "y": 0.34018251299858093,
        "z": -0.1382809579372406
    },
    "landmark_6": {
        "x": 0.4954832196235657,
        "y": 0.3411344587802887,
        "z": -0.1382824182510376
    },
    "landmark_7": {
        "x": 0.515811026096344,
        "y": 0.3397884666919708,
        "z": -0.059153925627470016
    },
    "landmark_8": {
        "x": 0.49126142263412476,
        "y": 0.34597522020339966,
        "z": -0.03921885043382645
    },
    "landmark_9": {
        "x": 0.5105453729629517,
        "y": 0.3620360791683197,
        "z": -0.12762552499771118
    },
    "landmark_10": {
        "x": 0.5017496347427368,
        "y": 0.3640221357345581,
        "z": -0.1220492348074913
    },
    "landmark_11": {
        "x": 0.5373574495315552,
        "y": 0.4014054238796234,
        "z": -0.0652116984128952
    },
    "landmark_12": {
        "x": 0.4776969850063324,
        "y": 0.405652791261673,
        "z": -0.031665001064538956
    },
    "landmark_13": {
        "x": 0.5454477667808533,
        "y": 0.38228437304496765,
        "z": -0.264071524143219
    },
    "landmark_14": {
        "x": 0.44956904649734497,
        "y": 0.36737197637557983,
        "z": -0.21718767285346985
    },
    "landmark_15": {
        "x": 0.5212612748146057,
        "y": 0.33572423458099365,
        "z": -0.41367626190185547
    },
    "landmark_16": {
        "x": 0.4611542820930481,
        "y": 0.289795458316803,
        "z": -0.37731117010116577
    },
    "landmark_17": {
        "x": 0.5249366760253906,
        "y": 0.30602407455444336,
        "z": -0.45367521047592163
    },
    "landmark_18": {
        "x": 0.4618454575538635,
        "y": 0.2667712867259979,
        "z": -0.42174237966537476
    },
    "landmark_19": {
        "x": 0.5203181505203247,
        "y": 0.3071575164794922,
        "z": -0.44238361716270447
    },
    "landmark_20": {
        "x": 0.4655018746852875,
        "y": 0.2662988007068634,
        "z": -0.4054041802883148
    },
    "landmark_21": {
        "x": 0.5193577408790588,
        "y": 0.31497853994369507,
        "z": -0.4157577157020569
    },
    "landmark_22": {
        "x": 0.46660223603248596,
        "y": 0.2767217457294464,
        "z": -0.37933310866355896
    },
    "landmark_23": {
        "x": 0.523966372013092,
        "y": 0.6049713492393494,
        "z": -0.014159096404910088
    },
    "landmark_24": {
        "x": 0.48257189989089966,
        "y": 0.5980367064476013,
        "z": 0.014103509485721588
    },
    "landmark_25": {
        "x": 0.5355533361434937,
        "y": 0.7417573928833008,
        "z": -0.06051477789878845
    },
    "landmark_26": {
        "x": 0.436434805393219,
        "y": 0.7065575122833252,
        "z": -0.06752320379018784
    },
    "landmark_27": {
        "x": 0.5196413397789001,
        "y": 0.8516777157783508,
        "z": 0.09206998348236084
    },
    "landmark_28": {
        "x": 0.44847235083580017,
        "y": 0.8158292770385742,
        "z": 0.10263605415821075
    },
    "landmark_29": {
        "x": 0.5127079486846924,
        "y": 0.8690763115882874,
        "z": 0.10067562758922577
    },
    "landmark_30": {
        "x": 0.4589962065219879,
        "y": 0.8324556946754456,
        "z": 0.11401347815990448
    },
    "landmark_31": {
        "x": 0.5329164266586304,
        "y": 0.9004172682762146,
        "z": -0.0027879541739821434
    },
    "landmark_32": {
        "x": 0.4217000901699066,
        "y": 0.8570486307144165,
        "z": 0.028909897431731224
    }
}