{
    "landmark_0": {
        "x": 0.4761093258857727,
        "y": 0.45964863896369934,
        "z": -0.3363339602947235
    },
    "landmark_1": {
        "x": 0.47662028670310974,
        "y": 0.4454552233219147,
        "z": -0.33333587646484375
    },
    "landmark_2": {
        "x": 0.4786246418952942,
        "y": 0.4448489248752594,
        "z": -0.3333887755870819
    },
    "landmark_3": {
        "x": 0.48093312978744507,
        "y": 0.4445679187774658,
        "z": -0.3335023820400238
    },
    "landmark_4": {
        "x": 0.47181200981140137,
        "y": 0.4459160566329956,
        "z": -0.32839059829711914
    },
    "landmark_5": {
        "x": 0.47052592039108276,
        "y": 0.44568946957588196,
        "z": -0.328426331281662
    },
    "landmark_6": {
        "x": 0.46924668550491333,
        "y": 0.44590023159980774,
        "z": -0.3284760117530823
    },
    "landmark_7": {
        "x": 0.4845800995826721,
        "y": 0.4423370063304901,
        "z": -0.26173365116119385
    },
    "landmark_8": {
        "x": 0.4676768183708191,
        "y": 0.4470377266407013,
        "z": -0.23800873756408691
    },
    "landmark_9": {
        "x": 0.4817811846733093,
        "y": 0.4659369885921478,
        "z": -0.30442196130752563
    },
    "landmark_10": {
        "x": 0.47435179352760315,
        "y": 0.4670313596725464,
        "z": -0.29786378145217896
    },
    "landmark_11": {
        "x": 0.5132797956466675,
        "y": 0.4850025475025177,
        "z": -0.20395497977733612
    },
    "landmark_12": {
        "x": 0.452450692653656,
        "y": 0.4965153634548187,
        "z": -0.16184724867343903
    },
    "landmark_13": {
        "x": 0.5057152509689331,
        "y": 0.572149395942688,
        "z": -0.23971538245677948
    },
    "landmark_14": {
        "x": 0.47404322028160095,
        "y": 0.578728437423706,
        "z": -0.18684780597686768
    },
    "landmark_15": {
        "x": 0.47855573892593384,
        "y": 0.6229960322380066,
        "z": -0.30479398369789124
    },
    "landmark_16": {
        "x": 0.5069913268089294,
        "y": 0.614324152469635,
        "z": -0.272291362285614
    },
    "landmark_17": {
        "x": 0.474092960357666,
        "y": 0.6377903819084167,
        "z": -0.3328734040260315
    },
    "landmark_18": {
        "x": 0.5158195495605469,
        "y": 0.6296413540840149,
        "z": -0.2945943772792816
    },
    "landmark_19": {
        "x": 0.47275644540786743,
        "y": 0.6270758509635925,
        "z": -0.3387467861175537
    },
    "landmark_20": {
        "x": 0.5193710327148438,
        "y": 0.6298286318778992,
        "z": -0.3074723780155182
    },
    "landmark_21": {
        "x": 0.47377151250839233,
        "y": 0.6211652755737305,
        "z": -0.30809590220451355
    },
    "landmark_22": {
        "x": 0.511918306350708,
        "y": 0.6181619167327881,
        "z": -0.27937155961990356
    },
    "landmark_23": {
        "x": 0.5101575255393982,
        "y": 0.6473560333251953,
        "z": -0.00996984913945198
    },
    "landmark_24": {
        "x": 0.4687461853027344,
        "y": 0.6588960289955139,
        "z": 0.009962698444724083
    },
    "landmark_25": {
        "x": 0.5541994571685791,
        "y": 0.7450094223022461,
        "z": -0.06319206207990646
    },
    "landmark_26": {
        "x": 0.45541253685951233,
        "y": 0.7794058322906494,
        "z": 0.0033699676860123873
    },
    "landmark_27": {
        "x": 0.5993161201477051,
        "y": 0.8480303287506104,
        "z": 0.031688839197158813
    },
    "landmark_28": {
        "x": 0.4756804406642914,
        "y": 0.8642176389694214,
        "z": 0.15900231897830963
    },
    "landmark_29": {
        "x": 0.5995270013809204,
        "y": 0.8715739846229553,
        "z": 0.03624659404158592
    },
    "landmark_30": {
        "x": 0.4851565957069397,
        "y": 0.8819716572761536,
        "z": 0.17108303308486938
    },
    "landmark_31": {
        "x": 0.6320924162864685,
        "y": 0.8504485487937927,
        "z": -0.052072130143642426
    },
    "landmark_32": {
        "x": 0.45746320486068726,
        "y": 0.90385502576828,
        "z": 0.0972282662987709
    }
}