{
    "landmark_0": {
        "x": 0.5141725540161133,
        "y": 0.3601791262626648,
        "z": -0.17391720414161682
    },
    "landmark_1": {
        "x": 0.5200415849685669,
        "y": 0.352090448141098,
        "z": -0.1520613133907318
    },
    "landmark_2": {
        "x": 0.5221365690231323,
        "y": 0.35381942987442017,
        "z": -0.152068093419075
    },
    "landmark_3": {
        "x": 0.5240007638931274,
        "y": 0.3554069995880127,
        "z": -0.1520994007587433
    },
    "landmark_4": {
        "x": 0.5133568048477173,
        "y": 0.34588348865509033,
        "z": -0.16000275313854218
    },
    "landmark_5": {
        "x": 0.5110106468200684,
        "y": 0.34357476234436035,
        "z": -0.15999238193035126
    },
    "landmark_6": {
        "x": 0.5088621377944946,
        "y": 0.34146955609321594,
        "z": -0.1600119173526764
    },
    "landmark_7": {
        "x": 0.5238229632377625,
        "y": 0.35930630564689636,
        "z": -0.0400225929915905
    },
    "landmark_8": {
        "x": 0.5020458698272705,
        "y": 0.3427833914756775,
        "z": -0.07548004388809204
    },
    "landmark_9": {
        "x": 0.5158630013465881,
        "y": 0.37360599637031555,
        "z": -0.13176964223384857
    },
    "landmark_10": {
        "x": 0.5062944293022156,
        "y": 0.36656653881073,
        "z": -0.1422903686761856
    },
    "landmark_11": {
        "x": 0.5251474380493164,
        "y": 0.42802807688713074,
        "z": 0.017877187579870224
    },
    "landmark_12": {
        "x": 0.4717276990413666,
        "y": 0.4094463884830475,
        "z": -0.038311272859573364
    },
    "landmark_13": {
        "x": 0.5603126883506775,
        "y": 0.4579446017742157,
        "z": -0.05062394589185715
    },
    "landmark_14": {
        "x": 0.487699031829834,
        "y": 0.512727677822113,
        "z": -0.05200610309839249
    },
    "landmark_15": {
        "x": 0.5607823729515076,
        "y": 0.3621257245540619,
        "z": -0.16560989618301392
    },
    "landmark_16": {
        "x": 0.5094751119613647,
        "y": 0.5749425888061523,
        "z": -0.1004815548658371
    },
    "landmark_17": {
        "x": 0.5664417743682861,
        "y": 0.34180355072021484,
        "z": -0.1937655210494995
    },
    "landmark_18": {
        "x": 0.5085155963897705,
        "y": 0.5989130139350891,
        "z": -0.12027225643396378
    },
    "landmark_19": {
        "x": 0.5637964606285095,
        "y": 0.33743080496788025,
        "z": -0.1891629546880722
    },
    "landmark_20": {
        "x": 0.5151486992835999,
        "y": 0.5958338975906372,
        "z": -0.13571733236312866
    },
    "landmark_21": {
        "x": 0.5607098937034607,
        "y": 0.3453626334667206,
        "z": -0.16905099153518677
    },
    "landmark_22": {
        "x": 0.5153542757034302,
        "y": 0.5885973572731018,
        "z": -0.10687662661075592
    },
    "landmark_23": {
        "x": 0.520367443561554,
        "y": 0.6140259504318237,
        "z": -0.0065693422220647335
    },
    "landmark_24": {
        "x": 0.47839584946632385,
        "y": 0.6069828867912292,
        "z": 0.006656251847743988
    },
    "landmark_25": {
        "x": 0.5393418073654175,
        "y": 0.7420791387557983,
        "z": -0.0718323290348053
    },
    "landmark_26": {
        "x": 0.4212804436683655,
        "y": 0.7027361392974854,
        "z": -0.10507907718420029
    },
    "landmark_27": {
        "x": 0.5253032445907593,
        "y": 0.84950190782547,
        "z": 0.11128310114145279
    },
    "landmark_28": {
        "x": 0.4173761010169983,
        "y": 0.8203691840171814,
        "z": 0.07139302045106888
    },
    "landmark_29": {
        "x": 0.5176435708999634,
        "y": 0.8632618188858032,
        "z": 0.12400517612695694
    },
    "landmark_30": {
        "x": 0.4256884455680847,
        "y": 0.8448421955108643,
        "z": 0.08401505649089813
    },
    "landmark_31": {
        "x": 0.5298704504966736,
        "y": 0.9040824174880981,
        "z": 0.0355854406952858
    },
    "landmark_32": {
        "x": 0.3831014931201935,
        "y": 0.8428893089294434,
        "z": 0.004065744578838348
    }
}