{
    "landmark_0": {
        "x": 0.5059140920639038,
        "y": 0.45926839113235474,
        "z": -0.163119837641716
    },
    "landmark_1": {
        "x": 0.510626494884491,
        "y": 0.44666460156440735,
        "z": -0.1521451473236084
    },
    "landmark_2": {
        "x": 0.5133817195892334,
        "y": 0.4459468126296997,
        "z": -0.15218409895896912
    },
    "landmark_3": {
        "x": 0.5159768462181091,
        "y": 0.44494712352752686,
        "z": -0.15226270258426666
    },
    "landmark_4": {
        "x": 0.502142071723938,
        "y": 0.443679541349411,
        "z": -0.1501007229089737
    },
    "landmark_5": {
        "x": 0.49942493438720703,
        "y": 0.44155609607696533,
        "z": -0.15014801919460297
    },
    "landmark_6": {
        "x": 0.4969290792942047,
        "y": 0.4395558536052704,
        "z": -0.15014010667800903
    },
    "landmark_7": {
        "x": 0.5190553665161133,
        "y": 0.4365215599536896,
        "z": -0.06997594982385635
    },
    "landmark_8": {
        "x": 0.49292778968811035,
        "y": 0.4326765239238739,
        "z": -0.05866663530468941
    },
    "landmark_9": {
        "x": 0.5113674998283386,
        "y": 0.4691552519798279,
        "z": -0.13059350848197937
    },
    "landmark_10": {
        "x": 0.5010742545127869,
        "y": 0.465054452419281,
        "z": -0.12754465639591217
    },
    "landmark_11": {
        "x": 0.5380429625511169,
        "y": 0.4698832929134369,
        "z": -0.042405273765325546
    },
    "landmark_12": {
        "x": 0.47303301095962524,
        "y": 0.46092498302459717,
        "z": -0.02806326374411583
    },
    "landmark_13": {
        "x": 0.5410014986991882,
        "y": 0.5047462582588196,
        "z": -0.17076140642166138
    },
    "landmark_14": {
        "x": 0.4510905146598816,
        "y": 0.4553842842578888,
        "z": -0.16449768841266632
    },
    "landmark_15": {
        "x": 0.5140788555145264,
        "y": 0.5198088884353638,
        "z": -0.329936683177948
    },
    "landmark_16": {
        "x": 0.4478731155395508,
        "y": 0.38142746686935425,
        "z": -0.3118928372859955
    },
    "landmark_17": {
        "x": 0.5161766409873962,
        "y": 0.5411965847015381,
        "z": -0.36616647243499756
    },
    "landmark_18": {
        "x": 0.44438034296035767,
        "y": 0.3549329340457916,
        "z": -0.3471246659755707
    },
    "landmark_19": {
        "x": 0.5095793008804321,
        "y": 0.530388593673706,
        "z": -0.3633847236633301
    },
    "landmark_20": {
        "x": 0.4469551146030426,
        "y": 0.3520778715610504,
        "z": -0.34076181054115295
    },
    "landmark_21": {
        "x": 0.5090089440345764,
        "y": 0.5276593565940857,
        "z": -0.33299702405929565
    },
    "landmark_22": {
        "x": 0.4496884346008301,
        "y": 0.36334386467933655,
        "z": -0.31548938155174255
    },
    "landmark_23": {
        "x": 0.5217754244804382,
        "y": 0.6363812685012817,
        "z": 0.003675017971545458
    },
    "landmark_24": {
        "x": 0.4778732657432556,
        "y": 0.6417972445487976,
        "z": -0.00372106209397316
    },
    "landmark_25": {
        "x": 0.5795190930366516,
        "y": 0.6955976486206055,
        "z": -0.21281111240386963
    },
    "landmark_26": {
        "x": 0.4513532519340515,
        "y": 0.7648634910583496,
        "z": -0.17960110306739807
    },
    "landmark_27": {
        "x": 0.573046863079071,
        "y": 0.8224643468856812,
        "z": -0.07070114463567734
    },
    "landmark_28": {
        "x": 0.4699411392211914,
        "y": 0.8407723903656006,
        "z": 0.0021916923578828573
    },
    "landmark_29": {
        "x": 0.5627004504203796,
        "y": 0.8498222231864929,
        "z": -0.05981648713350296
    },
    "landmark_30": {
        "x": 0.47979936003685,
        "y": 0.8541643023490906,
        "z": 0.017083151265978813
    },
    "landmark_31": {
        "x": 0.6043311357498169,
        "y": 0.863379180431366,
        "z": -0.1356426328420639
    },
    "landmark_32": {
        "x": 0.4568479657173157,
        "y": 0.8959930539131165,
        "z": -0.05442018434405327
    }
}