{
    "landmark_0": {
        "x": 0.520521879196167,
        "y": 0.4072955250740051,
        "z": -0.1300806701183319
    },
    "landmark_1": {
        "x": 0.5257810950279236,
        "y": 0.3944733440876007,
        "z": -0.1131158247590065
    },
    "landmark_2": {
        "x": 0.5281374454498291,
        "y": 0.3951066732406616,
        "z": -0.11309926211833954
    },
    "landmark_3": {
        "x": 0.5304821729660034,
        "y": 0.39563944935798645,
        "z": -0.11309318244457245
    },
    "landmark_4": {
        "x": 0.5190432667732239,
        "y": 0.3910282850265503,
        "z": -0.12556734681129456
    },
    "landmark_5": {
        "x": 0.5167285799980164,
        "y": 0.3896660804748535,
        "z": -0.12556195259094238
    },
    "landmark_6": {
        "x": 0.5142912268638611,
        "y": 0.3884803056716919,
        "z": -0.12557005882263184
    },
    "landmark_7": {
        "x": 0.5332306027412415,
        "y": 0.3988610506057739,
        "z": -0.007705516181886196
    },
    "landmark_8": {
        "x": 0.5098271369934082,
        "y": 0.3904523253440857,
        "z": -0.06464896351099014
    },
    "landmark_9": {
        "x": 0.5238390564918518,
        "y": 0.4203295111656189,
        "z": -0.08803354948759079
    },
    "landmark_10": {
        "x": 0.5144932866096497,
        "y": 0.4179936647415161,
        "z": -0.1050131544470787
    },
    "landmark_11": {
        "x": 0.5395835638046265,
        "y": 0.46068790555000305,
        "z": 0.06272727996110916
    },
    "landmark_12": {
        "x": 0.48402243852615356,
        "y": 0.4338652193546295,
        "z": -0.09591325372457504
    },
    "landmark_13": {
        "x": 0.5467837452888489,
        "y": 0.4991515278816223,
        "z": 0.01569860801100731
    },
    "landmark_14": {
        "x": 0.5124322772026062,
        "y": 0.45179489254951477,
        "z": -0.2575767934322357
    },
    "landmark_15": {
        "x": 0.5484920740127563,
        "y": 0.47626030445098877,
        "z": -0.06841088086366653
    },
    "landmark_16": {
        "x": 0.5530174970626831,
        "y": 0.4669763743877411,
        "z": -0.30896857380867004
    },
    "landmark_17": {
        "x": 0.5497328639030457,
        "y": 0.47246572375297546,
        "z": -0.07995731383562088
    },
    "landmark_18": {
        "x": 0.5627036690711975,
        "y": 0.47637003660202026,
        "z": -0.33349621295928955
    },
    "landmark_19": {
        "x": 0.5477789640426636,
        "y": 0.4616285562515259,
        "z": -0.0840587392449379
    },
    "landmark_20": {
        "x": 0.5635328888893127,
        "y": 0.4756574332714081,
        "z": -0.32201337814331055
    },
    "landmark_21": {
        "x": 0.5474519729614258,
        "y": 0.4614473879337311,
        "z": -0.07283244282007217
    },
    "landmark_22": {
        "x": 0.5597646832466125,
        "y": 0.47607243061065674,
        "z": -0.3050658106803894
    },
    "landmark_23": {
        "x": 0.5192139744758606,
        "y": 0.6491134762763977,
        "z": 0.025356639176607132
    },
    "landmark_24": {
        "x": 0.47805255651474,
        "y": 0.6443232297897339,
        "z": -0.025251355022192
    },
    "landmark_25": {
        "x": 0.5282407999038696,
        "y": 0.7706223130226135,
        "z": 0.0811828225851059
    },
    "landmark_26": {
        "x": 0.42452582716941833,
        "y": 0.755743682384491,
        "z": -0.06350186467170715
    },
    "landmark_27": {
        "x": 0.5193396210670471,
        "y": 0.8580840826034546,
        "z": 0.26710909605026245
    },
    "landmark_28": {
        "x": 0.37855833768844604,
        "y": 0.8550475835800171,
        "z": -0.012564519420266151
    },
    "landmark_29": {
        "x": 0.5115988254547119,
        "y": 0.8701201677322388,
        "z": 0.2814711034297943
    },
    "landmark_30": {
        "x": 0.3739303648471832,
        "y": 0.8803339600563049,
        "z": -0.011556540615856647
    },
    "landmark_31": {
        "x": 0.5329055786132812,
        "y": 0.9039797186851501,
        "z": 0.21790078282356262
    },
    "landmark_32": {
        "x": 0.3448251485824585,
        "y": 0.8803085088729858,
        "z": -0.10676494985818863
    }
}