{
    "landmark_0": {
        "x": 0.5186612606048584,
        "y": 0.4277230203151703,
        "z": -0.13235193490982056
    },
    "landmark_1": {
        "x": 0.5212410688400269,
        "y": 0.41384434700012207,
        "z": -0.1165795773267746
    },
    "landmark_2": {
        "x": 0.5228533148765564,
        "y": 0.4135724902153015,
        "z": -0.11658773571252823
    },
    "landmark_3": {
        "x": 0.524636447429657,
        "y": 0.4137222170829773,
        "z": -0.11660313606262207
    },
    "landmark_4": {
        "x": 0.5169478058815002,
        "y": 0.4118824005126953,
        "z": -0.12695114314556122
    },
    "landmark_5": {
        "x": 0.515514075756073,
        "y": 0.4103221595287323,
        "z": -0.12699724733829498
    },
    "landmark_6": {
        "x": 0.5140320658683777,
        "y": 0.40929269790649414,
        "z": -0.12709365785121918
    },
    "landmark_7": {
        "x": 0.5247999429702759,
        "y": 0.41415315866470337,
        "z": -0.030883055180311203
    },
    "landmark_8": {
        "x": 0.5087853074073792,
        "y": 0.40899136662483215,
        "z": -0.0766649916768074
    },
    "landmark_9": {
        "x": 0.5203765034675598,
        "y": 0.43548113107681274,
        "z": -0.09892850369215012
    },
    "landmark_10": {
        "x": 0.5143116116523743,
        "y": 0.43410584330558777,
        "z": -0.11248256266117096
    },
    "landmark_11": {
        "x": 0.5382316708564758,
        "y": 0.46925657987594604,
        "z": 0.015075506642460823
    },
    "landmark_12": {
        "x": 0.47776132822036743,
        "y": 0.4526302218437195,
        "z": -0.09973036497831345
    },
    "landmark_13": {
        "x": 0.5343115925788879,
        "y": 0.565301239490509,
        "z": 0.015828071162104607
    },
    "landmark_14": {
        "x": 0.49267715215682983,
        "y": 0.4785204529762268,
        "z": -0.24695232510566711
    },
    "landmark_15": {
        "x": 0.5332836508750916,
        "y": 0.629651665687561,
        "z": -0.022405236959457397
    },
    "landmark_16": {
        "x": 0.5420584678649902,
        "y": 0.45643413066864014,
        "z": -0.34473711252212524
    },
    "landmark_17": {
        "x": 0.5345191955566406,
        "y": 0.6494468450546265,
        "z": -0.029340755194425583
    },
    "landmark_18": {
        "x": 0.549831211566925,
        "y": 0.45604372024536133,
        "z": -0.37796932458877563
    },
    "landmark_19": {
        "x": 0.5348690152168274,
        "y": 0.6449453830718994,
        "z": -0.04612345993518829
    },
    "landmark_20": {
        "x": 0.5518086552619934,
        "y": 0.4537579417228699,
        "z": -0.36143550276756287
    },
    "landmark_21": {
        "x": 0.531493604183197,
        "y": 0.6410733461380005,
        "z": -0.03048654831945896
    },
    "landmark_22": {
        "x": 0.5490474104881287,
        "y": 0.45569688081741333,
        "z": -0.34092339873313904
    },
    "landmark_23": {
        "x": 0.5229030251502991,
        "y": 0.6514725685119629,
        "z": 0.01054276991635561
    },
    "landmark_24": {
        "x": 0.4802370071411133,
        "y": 0.6434910297393799,
        "z": -0.010433833114802837
    },
    "landmark_25": {
        "x": 0.5530145168304443,
        "y": 0.7564367651939392,
        "z": -0.14289872348308563
    },
    "landmark_26": {
        "x": 0.42875218391418457,
        "y": 0.72343909740448,
        "z": -0.175354465842247
    },
    "landmark_27": {
        "x": 0.527818500995636,
        "y": 0.8431699275970459,
        "z": 0.05152909830212593
    },
    "landmark_28": {
        "x": 0.43391138315200806,
        "y": 0.8316879868507385,
        "z": 0.00907642487436533
    },
    "landmark_29": {
        "x": 0.5172706246376038,
        "y": 0.8549998998641968,
        "z": 0.0666767805814743
    },
    "landmark_30": {
        "x": 0.4416685998439789,
        "y": 0.8480011224746704,
        "z": 0.02336014434695244
    },
    "landmark_31": {
        "x": 0.5479338765144348,
        "y": 0.8909981846809387,
        "z": -0.007373679429292679
    },
    "landmark_32": {
        "x": 0.40602511167526245,
        "y": 0.870719850063324,
        "z": -0.05202149227261543
    }
}