{
    "landmark_0": {
        "x": 0.5072977542877197,
        "y": 0.4215291440486908,
        "z": -0.23688574135303497
    },
    "landmark_1": {
        "x": 0.5105984210968018,
        "y": 0.4088263511657715,
        "z": -0.22158333659172058
    },
    "landmark_2": {
        "x": 0.512752115726471,
        "y": 0.40838032960891724,
        "z": -0.22161836922168732
    },
    "landmark_3": {
        "x": 0.5149372816085815,
        "y": 0.4079524874687195,
        "z": -0.22169549763202667
    },
    "landmark_4": {
        "x": 0.5039644241333008,
        "y": 0.4078432619571686,
        "z": -0.22384783625602722
    },
    "landmark_5": {
        "x": 0.5015842914581299,
        "y": 0.4066784381866455,
        "z": -0.22385868430137634
    },
    "landmark_6": {
        "x": 0.4992538094520569,
        "y": 0.4056118428707123,
        "z": -0.22389361262321472
    },
    "landmark_7": {
        "x": 0.5158990621566772,
        "y": 0.40770071744918823,
        "z": -0.12074214220046997
    },
    "landmark_8": {
        "x": 0.49420079588890076,
        "y": 0.4054132103919983,
        "z": -0.12948928773403168
    },
    "landmark_9": {
        "x": 0.5104735493659973,
        "y": 0.43000495433807373,
        "z": -0.1972852498292923
    },
    "landmark_10": {
        "x": 0.5026763081550598,
        "y": 0.4298817813396454,
        "z": -0.20001879334449768
    },
    "landmark_11": {
        "x": 0.5358927845954895,
        "y": 0.46072715520858765,
        "z": -0.06476784497499466
    },
    "landmark_12": {
        "x": 0.4669113755226135,
        "y": 0.45904460549354553,
        "z": -0.08231588453054428
    },
    "landmark_13": {
        "x": 0.5459067821502686,
        "y": 0.5216673016548157,
        "z": -0.18309122323989868
    },
    "landmark_14": {
        "x": 0.46514663100242615,
        "y": 0.5468011498451233,
        "z": -0.1806175857782364
    },
    "landmark_15": {
        "x": 0.555987536907196,
        "y": 0.4433903992176056,
        "z": -0.3545702397823334
    },
    "landmark_16": {
        "x": 0.4975801408290863,
        "y": 0.5483182072639465,
        "z": -0.32175537943840027
    },
    "landmark_17": {
        "x": 0.5649827122688293,
        "y": 0.4166821241378784,
        "z": -0.3938559293746948
    },
    "landmark_18": {
        "x": 0.5049041509628296,
        "y": 0.5679894089698792,
        "z": -0.3522757887840271
    },
    "landmark_19": {
        "x": 0.5642014741897583,
        "y": 0.40912073850631714,
        "z": -0.3925164043903351
    },
    "landmark_20": {
        "x": 0.506739616394043,
        "y": 0.5592422485351562,
        "z": -0.3546206057071686
    },
    "landmark_21": {
        "x": 0.5588987469673157,
        "y": 0.41933414340019226,
        "z": -0.36011338233947754
    },
    "landmark_22": {
        "x": 0.5054197311401367,
        "y": 0.5466522574424744,
        "z": -0.3261062502861023
    },
    "landmark_23": {
        "x": 0.5144608616828918,
        "y": 0.6369998455047607,
        "z": -0.007752726320177317
    },
    "landmark_24": {
        "x": 0.47102588415145874,
        "y": 0.6305490732192993,
        "z": 0.007902263663709164
    },
    "landmark_25": {
        "x": 0.521625816822052,
        "y": 0.7456626296043396,
        "z": -0.19349583983421326
    },
    "landmark_26": {
        "x": 0.4207301139831543,
        "y": 0.7246061563491821,
        "z": -0.13400860130786896
    },
    "landmark_27": {
        "x": 0.5105298161506653,
        "y": 0.8521679639816284,
        "z": -0.033337343484163284
    },
    "landmark_28": {
        "x": 0.4020457863807678,
        "y": 0.8401544094085693,
        "z": 0.006325355730950832
    },
    "landmark_29": {
        "x": 0.5027178525924683,
        "y": 0.8667815327644348,
        "z": -0.023532837629318237
    },
    "landmark_30": {
        "x": 0.40452003479003906,
        "y": 0.8707922101020813,
        "z": 0.013935583643615246
    },
    "landmark_31": {
        "x": 0.520826518535614,
        "y": 0.898654580116272,
        "z": -0.12366857379674911
    },
    "landmark_32": {
        "x": 0.37051481008529663,
        "y": 0.8544761538505554,
        "z": -0.08044601231813431
    }
}