{
    "landmark_0": {
        "x": 0.5054908990859985,
        "y": 0.4257534146308899,
        "z": -0.20193429291248322
    },
    "landmark_1": {
        "x": 0.5047788023948669,
        "y": 0.41399872303009033,
        "z": -0.1912085860967636
    },
    "landmark_2": {
        "x": 0.5058234930038452,
        "y": 0.4131850302219391,
        "z": -0.19123131036758423
    },
    "landmark_3": {
        "x": 0.5070124268531799,
        "y": 0.4125276803970337,
        "z": -0.19129663705825806
    },
    "landmark_4": {
        "x": 0.5009586215019226,
        "y": 0.41532161831855774,
        "z": -0.2018239051103592
    },
    "landmark_5": {
        "x": 0.4992763102054596,
        "y": 0.4152684211730957,
        "z": -0.20184199512004852
    },
    "landmark_6": {
        "x": 0.49762940406799316,
        "y": 0.4153938591480255,
        "z": -0.2018854171037674
    },
    "landmark_7": {
        "x": 0.5053580403327942,
        "y": 0.41476309299468994,
        "z": -0.10480634868144989
    },
    "landmark_8": {
        "x": 0.49134379625320435,
        "y": 0.42014747858047485,
        "z": -0.14950263500213623
    },
    "landmark_9": {
        "x": 0.5071753859519958,
        "y": 0.43309351801872253,
        "z": -0.165483295917511
    },
    "landmark_10": {
        "x": 0.5014966130256653,
        "y": 0.4354463219642639,
        "z": -0.1786370724439621
    },
    "landmark_11": {
        "x": 0.5273005366325378,
        "y": 0.460504412651062,
        "z": -0.033132776618003845
    },
    "landmark_12": {
        "x": 0.4689496159553528,
        "y": 0.46625959873199463,
        "z": -0.13245268166065216
    },
    "landmark_13": {
        "x": 0.5571068525314331,
        "y": 0.5014592409133911,
        "z": -0.13065387308597565
    },
    "landmark_14": {
        "x": 0.4885619580745697,
        "y": 0.5234953761100769,
        "z": -0.20449523627758026
    },
    "landmark_15": {
        "x": 0.561621904373169,
        "y": 0.43936270475387573,
        "z": -0.2839982211589813
    },
    "landmark_16": {
        "x": 0.5282285809516907,
        "y": 0.5212923288345337,
        "z": -0.2463875710964203
    },
    "landmark_17": {
        "x": 0.566691517829895,
        "y": 0.41647422313690186,
        "z": -0.3139924108982086
    },
    "landmark_18": {
        "x": 0.5429562330245972,
        "y": 0.5159817337989807,
        "z": -0.2696585953235626
    },
    "landmark_19": {
        "x": 0.5639216899871826,
        "y": 0.41182374954223633,
        "z": -0.3142816722393036
    },
    "landmark_20": {
        "x": 0.5416172742843628,
        "y": 0.5083830952644348,
        "z": -0.2640300691127777
    },
    "landmark_21": {
        "x": 0.561248242855072,
        "y": 0.4229185879230499,
        "z": -0.29012951254844666
    },
    "landmark_22": {
        "x": 0.538366436958313,
        "y": 0.5108854174613953,
        "z": -0.24472203850746155
    },
    "landmark_23": {
        "x": 0.5144496560096741,
        "y": 0.6350288391113281,
        "z": 0.0034938256721943617
    },
    "landmark_24": {
        "x": 0.4733591675758362,
        "y": 0.6303770542144775,
        "z": -0.0032807670067995787
    },
    "landmark_25": {
        "x": 0.5250366926193237,
        "y": 0.7566816806793213,
        "z": -0.12608590722084045
    },
    "landmark_26": {
        "x": 0.41998082399368286,
        "y": 0.7243354916572571,
        "z": -0.11185406148433685
    },
    "landmark_27": {
        "x": 0.5140578746795654,
        "y": 0.853391170501709,
        "z": 0.016062218695878983
    },
    "landmark_28": {
        "x": 0.4095792770385742,
        "y": 0.8408377170562744,
        "z": 0.007524571381509304
    },
    "landmark_29": {
        "x": 0.505859375,
        "y": 0.8738664984703064,
        "z": 0.02521413192152977
    },
    "landmark_30": {
        "x": 0.41339272260665894,
        "y": 0.8724545836448669,
        "z": 0.014292268082499504
    },
    "landmark_31": {
        "x": 0.5265507102012634,
        "y": 0.9021133184432983,
        "z": -0.05935724452137947
    },
    "landmark_32": {
        "x": 0.3772745430469513,
        "y": 0.8604522943496704,
        "z": -0.06571386009454727
    }
}