{
    "landmark_0": {
        "x": 0.5298326015472412,
        "y": 0.46774592995643616,
        "z": -0.1667291671037674
    },
    "landmark_1": {
        "x": 0.5359922647476196,
        "y": 0.45436275005340576,
        "z": -0.15544289350509644
    },
    "landmark_2": {
        "x": 0.538386344909668,
        "y": 0.45481187105178833,
        "z": -0.15549372136592865
    },
    "landmark_3": {
        "x": 0.5406956076622009,
        "y": 0.45555946230888367,
        "z": -0.15557672083377838
    },
    "landmark_4": {
        "x": 0.5298076272010803,
        "y": 0.4520416259765625,
        "z": -0.15394175052642822
    },
    "landmark_5": {
        "x": 0.5281304121017456,
        "y": 0.45066672563552856,
        "z": -0.15391729772090912
    },
    "landmark_6": {
        "x": 0.5264448523521423,
        "y": 0.4494016766548157,
        "z": -0.15392982959747314
    },
    "landmark_7": {
        "x": 0.5443094372749329,
        "y": 0.45930641889572144,
        "z": -0.07314038276672363
    },
    "landmark_8": {
        "x": 0.5269668102264404,
        "y": 0.45127785205841064,
        "z": -0.0670284703373909
    },
    "landmark_9": {
        "x": 0.5344266295433044,
        "y": 0.4800902009010315,
        "z": -0.13436640799045563
    },
    "landmark_10": {
        "x": 0.5261640548706055,
        "y": 0.47697922587394714,
        "z": -0.13300736248493195
    },
    "landmark_11": {
        "x": 0.5548229813575745,
        "y": 0.5264259576797485,
        "z": -0.03190512955188751
    },
    "landmark_12": {
        "x": 0.5013915300369263,
        "y": 0.4938938021659851,
        "z": -0.04350321739912033
    },
    "landmark_13": {
        "x": 0.5624920725822449,
        "y": 0.5768250823020935,
        "z": -0.1692735105752945
    },
    "landmark_14": {
        "x": 0.5089954137802124,
        "y": 0.5371915102005005,
        "z": -0.12103841453790665
    },
    "landmark_15": {
        "x": 0.577630341053009,
        "y": 0.5122840404510498,
        "z": -0.32515761256217957
    },
    "landmark_16": {
        "x": 0.5370465517044067,
        "y": 0.5332423448562622,
        "z": -0.21808239817619324
    },
    "landmark_17": {
        "x": 0.5854024291038513,
        "y": 0.4910343289375305,
        "z": -0.3565824329853058
    },
    "landmark_18": {
        "x": 0.5425846576690674,
        "y": 0.5335227847099304,
        "z": -0.23891720175743103
    },
    "landmark_19": {
        "x": 0.5831135511398315,
        "y": 0.48567458987236023,
        "z": -0.3540169298648834
    },
    "landmark_20": {
        "x": 0.5437894463539124,
        "y": 0.5313203930854797,
        "z": -0.23593518137931824
    },
    "landmark_21": {
        "x": 0.5786102414131165,
        "y": 0.49298134446144104,
        "z": -0.3281202018260956
    },
    "landmark_22": {
        "x": 0.5422044992446899,
        "y": 0.5331652760505676,
        "z": -0.21970102190971375
    },
    "landmark_23": {
        "x": 0.5176981687545776,
        "y": 0.6856203675270081,
        "z": 0.008386562578380108
    },
    "landmark_24": {
        "x": 0.4757584035396576,
        "y": 0.6737538576126099,
        "z": -0.008276287466287613
    },
    "landmark_25": {
        "x": 0.5488821864128113,
        "y": 0.7741556763648987,
        "z": -0.09211629629135132
    },
    "landmark_26": {
        "x": 0.4193013310432434,
        "y": 0.7650245428085327,
        "z": -0.08844272792339325
    },
    "landmark_27": {
        "x": 0.5251002907752991,
        "y": 0.8564013838768005,
        "z": 0.06610279530286789
    },
    "landmark_28": {
        "x": 0.369446724653244,
        "y": 0.8542872071266174,
        "z": -0.031670160591602325
    },
    "landmark_29": {
        "x": 0.5153949856758118,
        "y": 0.8689589500427246,
        "z": 0.07871776074171066
    },
    "landmark_30": {
        "x": 0.36199072003364563,
        "y": 0.8850902318954468,
        "z": -0.03082272782921791
    },
    "landmark_31": {
        "x": 0.5449442863464355,
        "y": 0.9001522660255432,
        "z": 0.012837963178753853
    },
    "landmark_32": {
        "x": 0.33947625756263733,
        "y": 0.8579068779945374,
        "z": -0.12135361135005951
    }
}