{
    "landmark_0": {
        "x": 0.5103502869606018,
        "y": 0.3571733832359314,
        "z": -0.18205946683883667
    },
    "landmark_1": {
        "x": 0.512860894203186,
        "y": 0.34412601590156555,
        "z": -0.16715364158153534
    },
    "landmark_2": {
        "x": 0.5152400135993958,
        "y": 0.34330564737319946,
        "z": -0.16716046631336212
    },
    "landmark_3": {
        "x": 0.5177555680274963,
        "y": 0.3426627516746521,
        "z": -0.1671852320432663
    },
    "landmark_4": {
        "x": 0.5061330795288086,
        "y": 0.3455105721950531,
        "z": -0.1709921658039093
    },
    "landmark_5": {
        "x": 0.5038415789604187,
        "y": 0.34552285075187683,
        "z": -0.17097467184066772
    },
    "landmark_6": {
        "x": 0.501434326171875,
        "y": 0.345761239528656,
        "z": -0.1710231602191925
    },
    "landmark_7": {
        "x": 0.5208063721656799,
        "y": 0.3456997573375702,
        "z": -0.07251128554344177
    },
    "landmark_8": {
        "x": 0.49681156873703003,
        "y": 0.35109561681747437,
        "z": -0.08823559433221817
    },
    "landmark_9": {
        "x": 0.5149244666099548,
        "y": 0.3683522641658783,
        "z": -0.14508967101573944
    },
    "landmark_10": {
        "x": 0.5055950880050659,
        "y": 0.3698050081729889,
        "z": -0.14979217946529388
    },
    "landmark_11": {
        "x": 0.5422835946083069,
        "y": 0.40773701667785645,
        "z": -0.04341752454638481
    },
    "landmark_12": {
        "x": 0.4727756381034851,
        "y": 0.4030775725841522,
        "z": -0.09175579249858856
    },
    "landmark_13": {
        "x": 0.5531275868415833,
        "y": 0.44045722484588623,
        "z": -0.2086966335773468
    },
    "landmark_14": {
        "x": 0.4788063168525696,
        "y": 0.45613887906074524,
        "z": -0.2395707666873932
    },
    "landmark_15": {
        "x": 0.5510525107383728,
        "y": 0.3553672730922699,
        "z": -0.36952996253967285
    },
    "landmark_16": {
        "x": 0.5313673615455627,
        "y": 0.4596928060054779,
        "z": -0.3341985046863556
    },
    "landmark_17": {
        "x": 0.5538190007209778,
        "y": 0.32589319348335266,
        "z": -0.4066818356513977
    },
    "landmark_18": {
        "x": 0.5439221262931824,
        "y": 0.46683475375175476,
        "z": -0.3629104197025299
    },
    "landmark_19": {
        "x": 0.5529345273971558,
        "y": 0.32148197293281555,
        "z": -0.3968881666660309
    },
    "landmark_20": {
        "x": 0.5460609197616577,
        "y": 0.4608483612537384,
        "z": -0.35365453362464905
    },
    "landmark_21": {
        "x": 0.5494855046272278,
        "y": 0.3354896306991577,
        "z": -0.37224647402763367
    },
    "landmark_22": {
        "x": 0.5420430898666382,
        "y": 0.4611797034740448,
        "z": -0.33357125520706177
    },
    "landmark_23": {
        "x": 0.5243548154830933,
        "y": 0.6209350824356079,
        "z": -0.00267180148512125
    },
    "landmark_24": {
        "x": 0.48108673095703125,
        "y": 0.6121883988380432,
        "z": 0.002784673124551773
    },
    "landmark_25": {
        "x": 0.5336369276046753,
        "y": 0.748663604259491,
        "z": -0.019043244421482086
    },
    "landmark_26": {
        "x": 0.43230199813842773,
        "y": 0.7225967645645142,
        "z": -0.05867685750126839
    },
    "landmark_27": {
        "x": 0.5214524865150452,
        "y": 0.8480690717697144,
        "z": 0.15530386567115784
    },
    "landmark_28": {
        "x": 0.4117657542228699,
        "y": 0.8344740867614746,
        "z": 0.08232930302619934
    },
    "landmark_29": {
        "x": 0.5118750929832458,
        "y": 0.86719810962677,
        "z": 0.1668972671031952
    },
    "landmark_30": {
        "x": 0.4146975874900818,
        "y": 0.8606240749359131,
        "z": 0.09149827063083649
    },
    "landmark_31": {
        "x": 0.5294529795646667,
        "y": 0.9044890403747559,
        "z": 0.08460364490747452
    },
    "landmark_32": {
        "x": 0.3810814917087555,
        "y": 0.852156937122345,
        "z": 0.014887799508869648
    }
}