{
    "landmark_0": {
        "x": 0.5098605155944824,
        "y": 0.41433361172676086,
        "z": -0.1671445667743683
    },
    "landmark_1": {
        "x": 0.5109617710113525,
        "y": 0.4037327170372009,
        "z": -0.1529245525598526
    },
    "landmark_2": {
        "x": 0.5127533078193665,
        "y": 0.40379655361175537,
        "z": -0.15295518934726715
    },
    "landmark_3": {
        "x": 0.5143570899963379,
        "y": 0.4038728177547455,
        "z": -0.15301421284675598
    },
    "landmark_4": {
        "x": 0.5053712129592896,
        "y": 0.4018866717815399,
        "z": -0.15998350083827972
    },
    "landmark_5": {
        "x": 0.5034142136573792,
        "y": 0.40085333585739136,
        "z": -0.15998432040214539
    },
    "landmark_6": {
        "x": 0.5015462040901184,
        "y": 0.40019214153289795,
        "z": -0.1600271463394165
    },
    "landmark_7": {
        "x": 0.5111274719238281,
        "y": 0.40497004985809326,
        "z": -0.061211585998535156
    },
    "landmark_8": {
        "x": 0.49598097801208496,
        "y": 0.40491345524787903,
        "z": -0.0931374654173851
    },
    "landmark_9": {
        "x": 0.5117051005363464,
        "y": 0.42260581254959106,
        "z": -0.13105414807796478
    },
    "landmark_10": {
        "x": 0.5039915442466736,
        "y": 0.42129307985305786,
        "z": -0.14035074412822723
    },
    "landmark_11": {
        "x": 0.5274055600166321,
        "y": 0.45265868306159973,
        "z": -0.0046856398694217205
    },
    "landmark_12": {
        "x": 0.4699034094810486,
        "y": 0.45913204550743103,
        "z": -0.07107558846473694
    },
    "landmark_13": {
        "x": 0.5534013509750366,
        "y": 0.4733775556087494,
        "z": -0.10944901406764984
    },
    "landmark_14": {
        "x": 0.4647279679775238,
        "y": 0.5232951641082764,
        "z": -0.19217723608016968
    },
    "landmark_15": {
        "x": 0.5563333034515381,
        "y": 0.4192506670951843,
        "z": -0.2588813304901123
    },
    "landmark_16": {
        "x": 0.5003650188446045,
        "y": 0.4972167909145355,
        "z": -0.32134342193603516
    },
    "landmark_17": {
        "x": 0.5591328144073486,
        "y": 0.3984432518482208,
        "z": -0.2905220091342926
    },
    "landmark_18": {
        "x": 0.5079690217971802,
        "y": 0.5079280138015747,
        "z": -0.3523782193660736
    },
    "landmark_19": {
        "x": 0.556749701499939,
        "y": 0.39580175280570984,
        "z": -0.28696826100349426
    },
    "landmark_20": {
        "x": 0.5106170177459717,
        "y": 0.4992343783378601,
        "z": -0.3458028733730316
    },
    "landmark_21": {
        "x": 0.5547410845756531,
        "y": 0.40336185693740845,
        "z": -0.2635398507118225
    },
    "landmark_22": {
        "x": 0.5081857442855835,
        "y": 0.5015086531639099,
        "z": -0.3216797113418579
    },
    "landmark_23": {
        "x": 0.5194265842437744,
        "y": 0.6332035660743713,
        "z": 0.0029150708578526974
    },
    "landmark_24": {
        "x": 0.48030439019203186,
        "y": 0.6286428570747375,
        "z": -0.0027250454295426607
    },
    "landmark_25": {
        "x": 0.5439331531524658,
        "y": 0.7535455226898193,
        "z": -0.10063226521015167
    },
    "landmark_26": {
        "x": 0.4324708878993988,
        "y": 0.7192328572273254,
        "z": -0.13615263998508453
    },
    "landmark_27": {
        "x": 0.5199246406555176,
        "y": 0.8487032651901245,
        "z": 0.044156763702631
    },
    "landmark_28": {
        "x": 0.4317514896392822,
        "y": 0.8225806355476379,
        "z": 0.01321249920874834
    },
    "landmark_29": {
        "x": 0.5082253217697144,
        "y": 0.8656072616577148,
        "z": 0.05307447165250778
    },
    "landmark_30": {
        "x": 0.43868422508239746,
        "y": 0.8471009135246277,
        "z": 0.02335432544350624
    },
    "landmark_31": {
        "x": 0.5362409353256226,
        "y": 0.8940896987915039,
        "z": -0.03144899755716324
    },
    "landmark_32": {
        "x": 0.4053736627101898,
        "y": 0.8590643405914307,
        "z": -0.059060823172330856
    }
}