{
    "landmark_0": {
        "x": 0.4878219664096832,
        "y": 0.3027937412261963,
        "z": -0.16503062844276428
    },
    "landmark_1": {
        "x": 0.4923337399959564,
        "y": 0.29233288764953613,
        "z": -0.1534816473722458
    },
    "landmark_2": {
        "x": 0.4944620728492737,
        "y": 0.29278042912483215,
        "z": -0.15346430242061615
    },
    "landmark_3": {
        "x": 0.496717631816864,
        "y": 0.29342976212501526,
        "z": -0.15345171093940735
    },
    "landmark_4": {
        "x": 0.4873259663581848,
        "y": 0.2914055585861206,
        "z": -0.1464032232761383
    },
    "landmark_5": {
        "x": 0.4859617352485657,
        "y": 0.2912020683288574,
        "z": -0.14643941819667816
    },
    "landmark_6": {
        "x": 0.4844968318939209,
        "y": 0.2911246716976166,
        "z": -0.14649440348148346
    },
    "landmark_7": {
        "x": 0.5014586448669434,
        "y": 0.30127301812171936,
        "z": -0.0800025537610054
    },
    "landmark_8": {
        "x": 0.4840961992740631,
        "y": 0.2985888123512268,
        "z": -0.04779438674449921
    },
    "landmark_9": {
        "x": 0.4927293360233307,
        "y": 0.31441277265548706,
        "z": -0.13804565370082855
    },
    "landmark_10": {
        "x": 0.4861612915992737,
        "y": 0.3133808970451355,
        "z": -0.1291053593158722
    },
    "landmark_11": {
        "x": 0.5248303413391113,
        "y": 0.3718956708908081,
        "z": -0.05898492410778999
    },
    "landmark_12": {
        "x": 0.46513310074806213,
        "y": 0.36472541093826294,
        "z": 0.006445643957704306
    },
    "landmark_13": {
        "x": 0.5229156613349915,
        "y": 0.4492747485637665,
        "z": -0.06431161612272263
    },
    "landmark_14": {
        "x": 0.43623271584510803,
        "y": 0.346511572599411,
        "z": -0.10772724449634552
    },
    "landmark_15": {
        "x": 0.5212635397911072,
        "y": 0.5454633235931396,
        "z": -0.09715160727500916
    },
    "landmark_16": {
        "x": 0.44437867403030396,
        "y": 0.2747991383075714,
        "z": -0.2840167284011841
    },
    "landmark_17": {
        "x": 0.5258093476295471,
        "y": 0.5736133456230164,
        "z": -0.11193870007991791
    },
    "landmark_18": {
        "x": 0.4451295733451843,
        "y": 0.24979034066200256,
        "z": -0.3236545920372009
    },
    "landmark_19": {
        "x": 0.524307370185852,
        "y": 0.5736145377159119,
        "z": -0.12830477952957153
    },
    "landmark_20": {
        "x": 0.45018404722213745,
        "y": 0.25043433904647827,
        "z": -0.3179599940776825
    },
    "landmark_21": {
        "x": 0.5219512581825256,
        "y": 0.5636301636695862,
        "z": -0.1038353443145752
    },
    "landmark_22": {
        "x": 0.4507344365119934,
        "y": 0.2620757818222046,
        "z": -0.28951066732406616
    },
    "landmark_23": {
        "x": 0.5098952651023865,
        "y": 0.5748136639595032,
        "z": -0.02419029176235199
    },
    "landmark_24": {
        "x": 0.4696657657623291,
        "y": 0.5693130493164062,
        "z": 0.02403523400425911
    },
    "landmark_25": {
        "x": 0.525736927986145,
        "y": 0.7153674364089966,
        "z": -0.06086518615484238
    },
    "landmark_26": {
        "x": 0.4297458529472351,
        "y": 0.6808582544326782,
        "z": -0.05021723359823227
    },
    "landmark_27": {
        "x": 0.5073777437210083,
        "y": 0.8308894038200378,
        "z": 0.09743927419185638
    },
    "landmark_28": {
        "x": 0.43744438886642456,
        "y": 0.806193470954895,
        "z": 0.12208016961812973
    },
    "landmark_29": {
        "x": 0.4991261065006256,
        "y": 0.8409465551376343,
        "z": 0.10646176338195801
    },
    "landmark_30": {
        "x": 0.4467782974243164,
        "y": 0.8255907893180847,
        "z": 0.13406163454055786
    },
    "landmark_31": {
        "x": 0.5065407752990723,
        "y": 0.891692578792572,
        "z": -0.00014423843822441995
    },
    "landmark_32": {
        "x": 0.4097289443016052,
        "y": 0.8408046960830688,
        "z": 0.05055565387010574
    }
}