{
    "landmark_0": {
        "x": 0.49222517013549805,
        "y": 0.44139447808265686,
        "z": -0.2734418511390686
    },
    "landmark_1": {
        "x": 0.4912394881248474,
        "y": 0.42455312609672546,
        "z": -0.2620598077774048
    },
    "landmark_2": {
        "x": 0.49341124296188354,
        "y": 0.423982709646225,
        "z": -0.26210761070251465
    },
    "landmark_3": {
        "x": 0.4956124424934387,
        "y": 0.42357563972473145,
        "z": -0.26220330595970154
    },
    "landmark_4": {
        "x": 0.4866634011268616,
        "y": 0.42721766233444214,
        "z": -0.25911328196525574
    },
    "landmark_5": {
        "x": 0.48522597551345825,
        "y": 0.42729732394218445,
        "z": -0.2591494619846344
    },
    "landmark_6": {
        "x": 0.4831918776035309,
        "y": 0.42766162753105164,
        "z": -0.25921064615249634
    },
    "landmark_7": {
        "x": 0.4985339641571045,
        "y": 0.4232120215892792,
        "z": -0.17176879942417145
    },
    "landmark_8": {
        "x": 0.4819246232509613,
        "y": 0.4270503520965576,
        "z": -0.1570354402065277
    },
    "landmark_9": {
        "x": 0.4962480962276459,
        "y": 0.4462091326713562,
        "z": -0.23678751289844513
    },
    "landmark_10": {
        "x": 0.489983469247818,
        "y": 0.4486132860183716,
        "z": -0.232761949300766
    },
    "landmark_11": {
        "x": 0.5231221318244934,
        "y": 0.4597868323326111,
        "z": -0.10776914656162262
    },
    "landmark_12": {
        "x": 0.4645044207572937,
        "y": 0.48650217056274414,
        "z": -0.07075245678424835
    },
    "landmark_13": {
        "x": 0.531528890132904,
        "y": 0.5246555209159851,
        "z": -0.13274705410003662
    },
    "landmark_14": {
        "x": 0.47617238759994507,
        "y": 0.5720061659812927,
        "z": -0.029109332710504532
    },
    "landmark_15": {
        "x": 0.48569798469543457,
        "y": 0.5121022462844849,
        "z": -0.21316519379615784
    },
    "landmark_16": {
        "x": 0.49324655532836914,
        "y": 0.6141286492347717,
        "z": -0.07014723122119904
    },
    "landmark_17": {
        "x": 0.47355565428733826,
        "y": 0.5238011479377747,
        "z": -0.23841533064842224
    },
    "landmark_18": {
        "x": 0.49687904119491577,
        "y": 0.6305617690086365,
        "z": -0.08376476913690567
    },
    "landmark_19": {
        "x": 0.4700588583946228,
        "y": 0.5167866349220276,
        "z": -0.23711390793323517
    },
    "landmark_20": {
        "x": 0.4952090382575989,
        "y": 0.6248611807823181,
        "z": -0.1026419848203659
    },
    "landmark_21": {
        "x": 0.4783145785331726,
        "y": 0.513296365737915,
        "z": -0.2132764309644699
    },
    "landmark_22": {
        "x": 0.49492549896240234,
        "y": 0.6175130605697632,
        "z": -0.07803530991077423
    },
    "landmark_23": {
        "x": 0.5187946557998657,
        "y": 0.6196253299713135,
        "z": -0.0031004780903458595
    },
    "landmark_24": {
        "x": 0.47385555505752563,
        "y": 0.6246774196624756,
        "z": 0.003173551755025983
    },
    "landmark_25": {
        "x": 0.5692809224128723,
        "y": 0.6937115788459778,
        "z": -0.18869811296463013
    },
    "landmark_26": {
        "x": 0.43948665261268616,
        "y": 0.7292783260345459,
        "z": -0.17932869493961334
    },
    "landmark_27": {
        "x": 0.5537254810333252,
        "y": 0.8235598802566528,
        "z": -0.011233959347009659
    },
    "landmark_28": {
        "x": 0.4644455015659332,
        "y": 0.8225005269050598,
        "z": 0.00984635204076767
    },
    "landmark_29": {
        "x": 0.5452865958213806,
        "y": 0.8467166423797607,
        "z": 0.0025529167614877224
    },
    "landmark_30": {
        "x": 0.47416719794273376,
        "y": 0.8341490626335144,
        "z": 0.0252221766859293
    },
    "landmark_31": {
        "x": 0.5828500986099243,
        "y": 0.8646771907806396,
        "z": -0.07828327268362045
    },
    "landmark_32": {
        "x": 0.45337557792663574,
        "y": 0.8885619044303894,
        "z": -0.05119902640581131
    }
}