{
    "landmark_0": {
        "x": 0.48699942231178284,
        "y": 0.35873958468437195,
        "z": -0.1618487387895584
    },
    "landmark_1": {
        "x": 0.48988550901412964,
        "y": 0.34578683972358704,
        "z": -0.14753367006778717
    },
    "landmark_2": {
        "x": 0.49220746755599976,
        "y": 0.34556928277015686,
        "z": -0.14757360517978668
    },
    "landmark_3": {
        "x": 0.49472078680992126,
        "y": 0.3457273840904236,
        "z": -0.14760509133338928
    },
    "landmark_4": {
        "x": 0.484614759683609,
        "y": 0.3466540575027466,
        "z": -0.14330267906188965
    },
    "landmark_5": {
        "x": 0.4831139147281647,
        "y": 0.34684836864471436,
        "z": -0.1432979851961136
    },
    "landmark_6": {
        "x": 0.4815128743648529,
        "y": 0.34723562002182007,
        "z": -0.14329537749290466
    },
    "landmark_7": {
        "x": 0.4989217221736908,
        "y": 0.35256245732307434,
        "z": -0.06853587925434113
    },
    "landmark_8": {
        "x": 0.4780425429344177,
        "y": 0.3539126217365265,
        "z": -0.04770662263035774
    },
    "landmark_9": {
        "x": 0.4911722242832184,
        "y": 0.3693625032901764,
        "z": -0.13292913138866425
    },
    "landmark_10": {
        "x": 0.4844418466091156,
        "y": 0.3702392876148224,
        "z": -0.12699975073337555
    },
    "landmark_11": {
        "x": 0.5232909321784973,
        "y": 0.4118254482746124,
        "z": -0.06436803936958313
    },
    "landmark_12": {
        "x": 0.45718374848365784,
        "y": 0.4171055555343628,
        "z": -0.0043843998573720455
    },
    "landmark_13": {
        "x": 0.530526876449585,
        "y": 0.44829076528549194,
        "z": -0.20126061141490936
    },
    "landmark_14": {
        "x": 0.433896005153656,
        "y": 0.4440596401691437,
        "z": -0.12560462951660156
    },
    "landmark_15": {
        "x": 0.49555984139442444,
        "y": 0.44868260622024536,
        "z": -0.3472115397453308
    },
    "landmark_16": {
        "x": 0.43036937713623047,
        "y": 0.3706510365009308,
        "z": -0.2991705536842346
    },
    "landmark_17": {
        "x": 0.48380669951438904,
        "y": 0.46074622869491577,
        "z": -0.3843335509300232
    },
    "landmark_18": {
        "x": 0.42770886421203613,
        "y": 0.35125645995140076,
        "z": -0.3370926082134247
    },
    "landmark_19": {
        "x": 0.477900892496109,
        "y": 0.45322126150131226,
        "z": -0.3756309449672699
    },
    "landmark_20": {
        "x": 0.4308486878871918,
        "y": 0.34678372740745544,
        "z": -0.33017098903656006
    },
    "landmark_21": {
        "x": 0.4817017614841461,
        "y": 0.4521220624446869,
        "z": -0.3470272421836853
    },
    "landmark_22": {
        "x": 0.43325310945510864,
        "y": 0.35548844933509827,
        "z": -0.3022998571395874
    },
    "landmark_23": {
        "x": 0.5173323154449463,
        "y": 0.5964898467063904,
        "z": -0.012081010267138481
    },
    "landmark_24": {
        "x": 0.4726569652557373,
        "y": 0.6009080410003662,
        "z": 0.01198805682361126
    },
    "landmark_25": {
        "x": 0.5506665706634521,
        "y": 0.714559018611908,
        "z": -0.10707767307758331
    },
    "landmark_26": {
        "x": 0.4439482092857361,
        "y": 0.7222964763641357,
        "z": -0.07378815114498138
    },
    "landmark_27": {
        "x": 0.5423744916915894,
        "y": 0.8318786025047302,
        "z": 0.045778099447488785
    },
    "landmark_28": {
        "x": 0.4642142355442047,
        "y": 0.8123278021812439,
        "z": 0.11333669722080231
    },
    "landmark_29": {
        "x": 0.5320426821708679,
        "y": 0.8525808453559875,
        "z": 0.05604192614555359
    },
    "landmark_30": {
        "x": 0.4758109450340271,
        "y": 0.8261240720748901,
        "z": 0.12806381285190582
    },
    "landmark_31": {
        "x": 0.5613410472869873,
        "y": 0.8851584792137146,
        "z": -0.03629694879055023
    },
    "landmark_32": {
        "x": 0.44783297181129456,
        "y": 0.8704676032066345,
        "z": 0.0557941198348999
    }
}