{
    "landmark_0": {
        "x": 0.5089799165725708,
        "y": 0.35370907187461853,
        "z": -0.1141212210059166
    },
    "landmark_1": {
        "x": 0.5124481320381165,
        "y": 0.34358808398246765,
        "z": -0.09689591079950333
    },
    "landmark_2": {
        "x": 0.5144329071044922,
        "y": 0.34402647614479065,
        "z": -0.09689244627952576
    },
    "landmark_3": {
        "x": 0.5165529847145081,
        "y": 0.34458523988723755,
        "z": -0.09690442681312561
    },
    "landmark_4": {
        "x": 0.5067829489707947,
        "y": 0.3415844440460205,
        "z": -0.10168202221393585
    },
    "landmark_5": {
        "x": 0.5046579241752625,
        "y": 0.34071090817451477,
        "z": -0.10166467726230621
    },
    "landmark_6": {
        "x": 0.5024816989898682,
        "y": 0.33996057510375977,
        "z": -0.10169150680303574
    },
    "landmark_7": {
        "x": 0.5176896452903748,
        "y": 0.35009270906448364,
        "z": -0.006078286096453667
    },
    "landmark_8": {
        "x": 0.49716395139694214,
        "y": 0.344463050365448,
        "z": -0.02433914877474308
    },
    "landmark_9": {
        "x": 0.5115660429000854,
        "y": 0.363648384809494,
        "z": -0.07901613414287567
    },
    "landmark_10": {
        "x": 0.5037169456481934,
        "y": 0.36258479952812195,
        "z": -0.08478379249572754
    },
    "landmark_11": {
        "x": 0.5302398204803467,
        "y": 0.4164494276046753,
        "z": 0.019005196169018745
    },
    "landmark_12": {
        "x": 0.47315460443496704,
        "y": 0.40196990966796875,
        "z": -0.035475943237543106
    },
    "landmark_13": {
        "x": 0.5471506714820862,
        "y": 0.4067519009113312,
        "z": -0.11847133934497833
    },
    "landmark_14": {
        "x": 0.5061255693435669,
        "y": 0.4183353781700134,
        "z": -0.11654286086559296
    },
    "landmark_15": {
        "x": 0.5457274913787842,
        "y": 0.3181362748146057,
        "z": -0.24018999934196472
    },
    "landmark_16": {
        "x": 0.5512885451316833,
        "y": 0.3912080228328705,
        "z": -0.11196671426296234
    },
    "landmark_17": {
        "x": 0.5463140606880188,
        "y": 0.2947314977645874,
        "z": -0.26611489057540894
    },
    "landmark_18": {
        "x": 0.5614117383956909,
        "y": 0.39207038283348083,
        "z": -0.12998338043689728
    },
    "landmark_19": {
        "x": 0.5438838005065918,
        "y": 0.2972605228424072,
        "z": -0.2545382082462311
    },
    "landmark_20": {
        "x": 0.5597047805786133,
        "y": 0.3928801119327545,
        "z": -0.11975540220737457
    },
    "landmark_21": {
        "x": 0.5426055788993835,
        "y": 0.307492733001709,
        "z": -0.24012061953544617
    },
    "landmark_22": {
        "x": 0.5561860203742981,
        "y": 0.3981115520000458,
        "z": -0.10869894176721573
    },
    "landmark_23": {
        "x": 0.5212069749832153,
        "y": 0.6126019358634949,
        "z": -0.004332561511546373
    },
    "landmark_24": {
        "x": 0.47709375619888306,
        "y": 0.6094403862953186,
        "z": 0.004369078669697046
    },
    "landmark_25": {
        "x": 0.5467263460159302,
        "y": 0.7413747310638428,
        "z": -0.07453759014606476
    },
    "landmark_26": {
        "x": 0.4174729287624359,
        "y": 0.7071512341499329,
        "z": -0.11760860681533813
    },
    "landmark_27": {
        "x": 0.5283290147781372,
        "y": 0.8406798243522644,
        "z": 0.13178831338882446
    },
    "landmark_28": {
        "x": 0.42472249269485474,
        "y": 0.8370680212974548,
        "z": 0.05431715399026871
    },
    "landmark_29": {
        "x": 0.5172111988067627,
        "y": 0.8508002161979675,
        "z": 0.14811426401138306
    },
    "landmark_30": {
        "x": 0.4343518316745758,
        "y": 0.8620669841766357,
        "z": 0.06655041873455048
    },
    "landmark_31": {
        "x": 0.5334010124206543,
        "y": 0.8956817388534546,
        "z": 0.06578780710697174
    },
    "landmark_32": {
        "x": 0.39076900482177734,
        "y": 0.8696059584617615,
        "z": -0.00961462501436472
    }
}