{
    "landmark_0": {
        "x": 0.516757607460022,
        "y": 0.3838319480419159,
        "z": -0.17379294335842133
    },
    "landmark_1": {
        "x": 0.5202840566635132,
        "y": 0.37182965874671936,
        "z": -0.15791195631027222
    },
    "landmark_2": {
        "x": 0.5225855708122253,
        "y": 0.37222373485565186,
        "z": -0.15789984166622162
    },
    "landmark_3": {
        "x": 0.5247657299041748,
        "y": 0.37253713607788086,
        "z": -0.15791098773479462
    },
    "landmark_4": {
        "x": 0.512724757194519,
        "y": 0.3700459897518158,
        "z": -0.16038361191749573
    },
    "landmark_5": {
        "x": 0.5098198652267456,
        "y": 0.3694590628147125,
        "z": -0.16037005186080933
    },
    "landmark_6": {
        "x": 0.5069823861122131,
        "y": 0.36914798617362976,
        "z": -0.16037143766880035
    },
    "landmark_7": {
        "x": 0.5262195467948914,
        "y": 0.37657368183135986,
        "z": -0.06266610324382782
    },
    "landmark_8": {
        "x": 0.500016450881958,
        "y": 0.37550652027130127,
        "z": -0.07416148483753204
    },
    "landmark_9": {
        "x": 0.520882248878479,
        "y": 0.39697372913360596,
        "z": -0.13716676831245422
    },
    "landmark_10": {
        "x": 0.5094947814941406,
        "y": 0.3965299725532532,
        "z": -0.1407519429922104
    },
    "landmark_11": {
        "x": 0.5409187078475952,
        "y": 0.44211962819099426,
        "z": -0.05165264755487442
    },
    "landmark_12": {
        "x": 0.4778057038784027,
        "y": 0.4257901608943939,
        "z": -0.07260268926620483
    },
    "landmark_13": {
        "x": 0.5588515400886536,
        "y": 0.41657474637031555,
        "z": -0.26876670122146606
    },
    "landmark_14": {
        "x": 0.45637646317481995,
        "y": 0.40868932008743286,
        "z": -0.29231131076812744
    },
    "landmark_15": {
        "x": 0.5574139952659607,
        "y": 0.34880077838897705,
        "z": -0.4493340849876404
    },
    "landmark_16": {
        "x": 0.48817548155784607,
        "y": 0.39933809638023376,
        "z": -0.4755076766014099
    },
    "landmark_17": {
        "x": 0.560908854007721,
        "y": 0.3219681680202484,
        "z": -0.49020490050315857
    },
    "landmark_18": {
        "x": 0.4921131730079651,
        "y": 0.4002836048603058,
        "z": -0.5150296092033386
    },
    "landmark_19": {
        "x": 0.5587616562843323,
        "y": 0.31960126757621765,
        "z": -0.4743987023830414
    },
    "landmark_20": {
        "x": 0.4997037947177887,
        "y": 0.40329673886299133,
        "z": -0.502236545085907
    },
    "landmark_21": {
        "x": 0.5558868646621704,
        "y": 0.3302757441997528,
        "z": -0.4502488970756531
    },
    "landmark_22": {
        "x": 0.4978914260864258,
        "y": 0.4056778848171234,
        "z": -0.4772408604621887
    },
    "landmark_23": {
        "x": 0.523679792881012,
        "y": 0.6297411918640137,
        "z": -0.007097196765244007
    },
    "landmark_24": {
        "x": 0.4816369116306305,
        "y": 0.6196580529212952,
        "z": 0.007156644947826862
    },
    "landmark_25": {
        "x": 0.5275383591651917,
        "y": 0.756209671497345,
        "z": -0.09527876228094101
    },
    "landmark_26": {
        "x": 0.42484593391418457,
        "y": 0.7175378799438477,
        "z": -0.10779354721307755
    },
    "landmark_27": {
        "x": 0.5174763202667236,
        "y": 0.8608493208885193,
        "z": 0.05685663968324661
    },
    "landmark_28": {
        "x": 0.4097107946872711,
        "y": 0.8365312218666077,
        "z": 0.03939948230981827
    },
    "landmark_29": {
        "x": 0.5108616948127747,
        "y": 0.8791133165359497,
        "z": 0.06566078215837479
    },
    "landmark_30": {
        "x": 0.41323423385620117,
        "y": 0.8635310530662537,
        "z": 0.04765610024333
    },
    "landmark_31": {
        "x": 0.5360367894172668,
        "y": 0.9038257002830505,
        "z": -0.02797413431107998
    },
    "landmark_32": {
        "x": 0.37584441900253296,
        "y": 0.8511810302734375,
        "z": -0.04185030236840248
    }
}