{
    "landmark_0": {
        "x": 0.4814407229423523,
        "y": 0.3881269097328186,
        "z": -0.17688919603824615
    },
    "landmark_1": {
        "x": 0.4845901429653168,
        "y": 0.37206628918647766,
        "z": -0.1627088189125061
    },
    "landmark_2": {
        "x": 0.4866519570350647,
        "y": 0.3713844418525696,
        "z": -0.1627461314201355
    },
    "landmark_3": {
        "x": 0.48875564336776733,
        "y": 0.3708653748035431,
        "z": -0.1627764105796814
    },
    "landmark_4": {
        "x": 0.478524774312973,
        "y": 0.3713110685348511,
        "z": -0.15941312909126282
    },
    "landmark_5": {
        "x": 0.47627395391464233,
        "y": 0.3703300356864929,
        "z": -0.15938833355903625
    },
    "landmark_6": {
        "x": 0.4740235209465027,
        "y": 0.369577020406723,
        "z": -0.15938597917556763
    },
    "landmark_7": {
        "x": 0.48971694707870483,
        "y": 0.37177324295043945,
        "z": -0.07918906211853027
    },
    "landmark_8": {
        "x": 0.46851205825805664,
        "y": 0.3713921308517456,
        "z": -0.0608561709523201
    },
    "landmark_9": {
        "x": 0.4846747815608978,
        "y": 0.3974725008010864,
        "z": -0.14551275968551636
    },
    "landmark_10": {
        "x": 0.47630253434181213,
        "y": 0.39650222659111023,
        "z": -0.14040568470954895
    },
    "landmark_11": {
        "x": 0.5076795220375061,
        "y": 0.43230003118515015,
        "z": -0.07526135444641113
    },
    "landmark_12": {
        "x": 0.4503222107887268,
        "y": 0.4259082078933716,
        "z": -0.047973792999982834
    },
    "landmark_13": {
        "x": 0.5108495354652405,
        "y": 0.44344833493232727,
        "z": -0.2803433835506439
    },
    "landmark_14": {
        "x": 0.4296674132347107,
        "y": 0.41324523091316223,
        "z": -0.2102232426404953
    },
    "landmark_15": {
        "x": 0.4921494424343109,
        "y": 0.39641302824020386,
        "z": -0.4756844639778137
    },
    "landmark_16": {
        "x": 0.426330029964447,
        "y": 0.3418593108654022,
        "z": -0.37346190214157104
    },
    "landmark_17": {
        "x": 0.4917392134666443,
        "y": 0.3888692557811737,
        "z": -0.5200290679931641
    },
    "landmark_18": {
        "x": 0.42162376642227173,
        "y": 0.3156834542751312,
        "z": -0.41203218698501587
    },
    "landmark_19": {
        "x": 0.4874490797519684,
        "y": 0.38469940423965454,
        "z": -0.5131545066833496
    },
    "landmark_20": {
        "x": 0.4234732985496521,
        "y": 0.3129010498523712,
        "z": -0.4074823260307312
    },
    "landmark_21": {
        "x": 0.48630672693252563,
        "y": 0.389695405960083,
        "z": -0.48001766204833984
    },
    "landmark_22": {
        "x": 0.42784857749938965,
        "y": 0.3240606486797333,
        "z": -0.3787841200828552
    },
    "landmark_23": {
        "x": 0.507804274559021,
        "y": 0.6170505285263062,
        "z": -0.004457945004105568
    },
    "landmark_24": {
        "x": 0.46445590257644653,
        "y": 0.6269222497940063,
        "z": 0.004367653280496597
    },
    "landmark_25": {
        "x": 0.556668758392334,
        "y": 0.7263059020042419,
        "z": -0.0862284004688263
    },
    "landmark_26": {
        "x": 0.45157045125961304,
        "y": 0.7679252028465271,
        "z": -0.024254996329545975
    },
    "landmark_27": {
        "x": 0.5706244111061096,
        "y": 0.8429469466209412,
        "z": 0.007363701704889536
    },
    "landmark_28": {
        "x": 0.4737941324710846,
        "y": 0.8591068983078003,
        "z": 0.12708555161952972
    },
    "landmark_29": {
        "x": 0.5635063648223877,
        "y": 0.8719619512557983,
        "z": 0.01056179404258728
    },
    "landmark_30": {
        "x": 0.4841373562812805,
        "y": 0.8766732811927795,
        "z": 0.13627338409423828
    },
    "landmark_31": {
        "x": 0.6020220518112183,
        "y": 0.8697742819786072,
        "z": -0.0874660536646843
    },
    "landmark_32": {
        "x": 0.4535062313079834,
        "y": 0.9029791355133057,
        "z": 0.05509725958108902
    }
}