{
    "landmark_0": {
        "x": 0.5285760760307312,
        "y": 0.4592282474040985,
        "z": 0.05929344892501831
    },
    "landmark_1": {
        "x": 0.5300983190536499,
        "y": 0.446196585893631,
        "z": 0.05063265562057495
    },
    "landmark_2": {
        "x": 0.530022919178009,
        "y": 0.44553181529045105,
        "z": 0.05064897984266281
    },
    "landmark_3": {
        "x": 0.5300582051277161,
        "y": 0.44543418288230896,
        "z": 0.05059564858675003
    },
    "landmark_4": {
        "x": 0.5303810238838196,
        "y": 0.4461310803890228,
        "z": 0.04104138910770416
    },
    "landmark_5": {
        "x": 0.530540943145752,
        "y": 0.4454813301563263,
        "z": 0.04102078825235367
    },
    "landmark_6": {
        "x": 0.5307013988494873,
        "y": 0.44537898898124695,
        "z": 0.040955934673547745
    },
    "landmark_7": {
        "x": 0.5273774266242981,
        "y": 0.44448503851890564,
        "z": 0.029341135174036026
    },
    "landmark_8": {
        "x": 0.5288451313972473,
        "y": 0.4455074667930603,
        "z": -0.016579220071434975
    },
    "landmark_9": {
        "x": 0.5271539688110352,
        "y": 0.46582651138305664,
        "z": 0.05481079965829849
    },
    "landmark_10": {
        "x": 0.5271518230438232,
        "y": 0.4658263325691223,
        "z": 0.041007693856954575
    },
    "landmark_11": {
        "x": 0.5033541321754456,
        "y": 0.4930611848831177,
        "z": 0.05098931863903999
    },
    "landmark_12": {
        "x": 0.5198540687561035,
        "y": 0.5014581680297852,
        "z": -0.05046068876981735
    },
    "landmark_13": {
        "x": 0.5190517902374268,
        "y": 0.5051549673080444,
        "z": 0.1881198287010193
    },
    "landmark_14": {
        "x": 0.5577753782272339,
        "y": 0.5042959451675415,
        "z": -0.003368623089045286
    },
    "landmark_15": {
        "x": 0.5482655763626099,
        "y": 0.4722052812576294,
        "z": 0.3169357180595398
    },
    "landmark_16": {
        "x": 0.5696424245834351,
        "y": 0.46622925996780396,
        "z": 0.11976270377635956
    },
    "landmark_17": {
        "x": 0.5527871251106262,
        "y": 0.4631032645702362,
        "z": 0.3441523015499115
    },
    "landmark_18": {
        "x": 0.5788188576698303,
        "y": 0.44908004999160767,
        "z": 0.12681511044502258
    },
    "landmark_19": {
        "x": 0.55516517162323,
        "y": 0.457306444644928,
        "z": 0.3295252025127411
    },
    "landmark_20": {
        "x": 0.5739603638648987,
        "y": 0.45003682374954224,
        "z": 0.12855306267738342
    },
    "landmark_21": {
        "x": 0.5546049475669861,
        "y": 0.46756798028945923,
        "z": 0.314853698015213
    },
    "landmark_22": {
        "x": 0.5684924721717834,
        "y": 0.45378443598747253,
        "z": 0.1236114650964737
    },
    "landmark_23": {
        "x": 0.5030909180641174,
        "y": 0.6768431067466736,
        "z": 0.018726011738181114
    },
    "landmark_24": {
        "x": 0.4811970591545105,
        "y": 0.6725841760635376,
        "z": -0.018791647627949715
    },
    "landmark_25": {
        "x": 0.5329656600952148,
        "y": 0.7689104080200195,
        "z": 0.013039520010352135
    },
    "landmark_26": {
        "x": 0.42426425218582153,
        "y": 0.770382285118103,
        "z": -0.08024674654006958
    },
    "landmark_27": {
        "x": 0.5157688856124878,
        "y": 0.8571992516517639,
        "z": 0.14672808349132538
    },
    "landmark_28": {
        "x": 0.37187573313713074,
        "y": 0.8642190098762512,
        "z": -0.05772998183965683
    },
    "landmark_29": {
        "x": 0.5076300501823425,
        "y": 0.8729887008666992,
        "z": 0.15886321663856506
    },
    "landmark_30": {
        "x": 0.36642423272132874,
        "y": 0.8863860368728638,
        "z": -0.05758291482925415
    },
    "landmark_31": {
        "x": 0.5343853831291199,
        "y": 0.8978996276855469,
        "z": 0.12232100963592529
    },
    "landmark_32": {
        "x": 0.3456222116947174,
        "y": 0.8721417784690857,
        "z": -0.12218011915683746
    }
}