{
    "landmark_0": {
        "x": 0.5066472887992859,
        "y": 0.4842469096183777,
        "z": -0.28429585695266724
    },
    "landmark_1": {
        "x": 0.5090649127960205,
        "y": 0.47272247076034546,
        "z": -0.2817613482475281
    },
    "landmark_2": {
        "x": 0.511218249797821,
        "y": 0.471966415643692,
        "z": -0.28174665570259094
    },
    "landmark_3": {
        "x": 0.5135849714279175,
        "y": 0.471116840839386,
        "z": -0.28180572390556335
    },
    "landmark_4": {
        "x": 0.5035296678543091,
        "y": 0.46999767422676086,
        "z": -0.2860594689846039
    },
    "landmark_5": {
        "x": 0.5015808343887329,
        "y": 0.46747592091560364,
        "z": -0.2860763967037201
    },
    "landmark_6": {
        "x": 0.4996891915798187,
        "y": 0.4650370180606842,
        "z": -0.28608816862106323
    },
    "landmark_7": {
        "x": 0.515617847442627,
        "y": 0.4626108407974243,
        "z": -0.20591136813163757
    },
    "landmark_8": {
        "x": 0.4956952929496765,
        "y": 0.45790308713912964,
        "z": -0.22318890690803528
    },
    "landmark_9": {
        "x": 0.5101305842399597,
        "y": 0.4891607165336609,
        "z": -0.248692125082016
    },
    "landmark_10": {
        "x": 0.5033164620399475,
        "y": 0.48744359612464905,
        "z": -0.2542285919189453
    },
    "landmark_11": {
        "x": 0.5335014462471008,
        "y": 0.4996965527534485,
        "z": -0.12963992357254028
    },
    "landmark_12": {
        "x": 0.4735582768917084,
        "y": 0.4864645302295685,
        "z": -0.19015942513942719
    },
    "landmark_13": {
        "x": 0.5554479360580444,
        "y": 0.5204569101333618,
        "z": -0.22494859993457794
    },
    "landmark_14": {
        "x": 0.5025599002838135,
        "y": 0.5411273837089539,
        "z": -0.2876169681549072
    },
    "landmark_15": {
        "x": 0.5658290982246399,
        "y": 0.47279220819473267,
        "z": -0.3365562856197357
    },
    "landmark_16": {
        "x": 0.5448896288871765,
        "y": 0.511582612991333,
        "z": -0.3682416081428528
    },
    "landmark_17": {
        "x": 0.5720900297164917,
        "y": 0.4634336829185486,
        "z": -0.3607962429523468
    },
    "landmark_18": {
        "x": 0.5612542629241943,
        "y": 0.5242753624916077,
        "z": -0.3953471779823303
    },
    "landmark_19": {
        "x": 0.5679851770401001,
        "y": 0.4597885012626648,
        "z": -0.3619212508201599
    },
    "landmark_20": {
        "x": 0.5598449110984802,
        "y": 0.5196824669837952,
        "z": -0.38559988141059875
    },
    "landmark_21": {
        "x": 0.5654927492141724,
        "y": 0.4650340676307678,
        "z": -0.3403612971305847
    },
    "landmark_22": {
        "x": 0.5565627217292786,
        "y": 0.5227243900299072,
        "z": -0.36625245213508606
    },
    "landmark_23": {
        "x": 0.512163519859314,
        "y": 0.6652565598487854,
        "z": 0.0023978089448064566
    },
    "landmark_24": {
        "x": 0.47123971581459045,
        "y": 0.6598918437957764,
        "z": -0.0024265882093459368
    },
    "landmark_25": {
        "x": 0.5193801522254944,
        "y": 0.7511972784996033,
        "z": -0.10590271651744843
    },
    "landmark_26": {
        "x": 0.42498332262039185,
        "y": 0.7709395289421082,
        "z": -0.07406017184257507
    },
    "landmark_27": {
        "x": 0.5162943601608276,
        "y": 0.8534358739852905,
        "z": 0.05190166085958481
    },
    "landmark_28": {
        "x": 0.37796589732170105,
        "y": 0.8735843300819397,
        "z": -0.02669033408164978
    },
    "landmark_29": {
        "x": 0.5086313486099243,
        "y": 0.8716154098510742,
        "z": 0.06449733674526215
    },
    "landmark_30": {
        "x": 0.3706303536891937,
        "y": 0.9068125486373901,
        "z": -0.027051854878664017
    },
    "landmark_31": {
        "x": 0.5281522870063782,
        "y": 0.9035552740097046,
        "z": -0.012629613280296326
    },
    "landmark_32": {
        "x": 0.34683117270469666,
        "y": 0.8685075640678406,
        "z": -0.1204998642206192
    }
}