{
    "landmark_0": {
        "x": 0.5112283825874329,
        "y": 0.392829567193985,
        "z": -0.23379924893379211
    },
    "landmark_1": {
        "x": 0.5115438103675842,
        "y": 0.38061606884002686,
        "z": -0.22236666083335876
    },
    "landmark_2": {
        "x": 0.5127712488174438,
        "y": 0.3804302513599396,
        "z": -0.2223951518535614
    },
    "landmark_3": {
        "x": 0.5142868161201477,
        "y": 0.3804103434085846,
        "z": -0.22247619926929474
    },
    "landmark_4": {
        "x": 0.5067610144615173,
        "y": 0.3785950243473053,
        "z": -0.22906319797039032
    },
    "landmark_5": {
        "x": 0.5051369667053223,
        "y": 0.37736719846725464,
        "z": -0.22908151149749756
    },
    "landmark_6": {
        "x": 0.5036897659301758,
        "y": 0.3764626085758209,
        "z": -0.22913429141044617
    },
    "landmark_7": {
        "x": 0.5109013319015503,
        "y": 0.3822205066680908,
        "z": -0.13734649121761322
    },
    "landmark_8": {
        "x": 0.4977390170097351,
        "y": 0.37772396206855774,
        "z": -0.1671665459871292
    },
    "landmark_9": {
        "x": 0.5106621980667114,
        "y": 0.40346559882164,
        "z": -0.1991041749715805
    },
    "landmark_10": {
        "x": 0.5051891207695007,
        "y": 0.402482807636261,
        "z": -0.2080211341381073
    },
    "landmark_11": {
        "x": 0.519415020942688,
        "y": 0.43774843215942383,
        "z": -0.09226904809474945
    },
    "landmark_12": {
        "x": 0.4643295407295227,
        "y": 0.42050278186798096,
        "z": -0.12837781012058258
    },
    "landmark_13": {
        "x": 0.5468475222587585,
        "y": 0.4888405203819275,
        "z": -0.20905856788158417
    },
    "landmark_14": {
        "x": 0.48090991377830505,
        "y": 0.48707982897758484,
        "z": -0.2334536761045456
    },
    "landmark_15": {
        "x": 0.5517994165420532,
        "y": 0.3879331946372986,
        "z": -0.35306215286254883
    },
    "landmark_16": {
        "x": 0.5121320486068726,
        "y": 0.4413610100746155,
        "z": -0.3445018231868744
    },
    "landmark_17": {
        "x": 0.5557109117507935,
        "y": 0.3696163296699524,
        "z": -0.38571950793266296
    },
    "landmark_18": {
        "x": 0.5196807384490967,
        "y": 0.43020138144493103,
        "z": -0.37249892950057983
    },
    "landmark_19": {
        "x": 0.5551972389221191,
        "y": 0.36596205830574036,
        "z": -0.38063761591911316
    },
    "landmark_20": {
        "x": 0.5176984667778015,
        "y": 0.4240547716617584,
        "z": -0.3677564263343811
    },
    "landmark_21": {
        "x": 0.5533640384674072,
        "y": 0.37195202708244324,
        "z": -0.3557678461074829
    },
    "landmark_22": {
        "x": 0.5158592462539673,
        "y": 0.429876446723938,
        "z": -0.34566786885261536
    },
    "landmark_23": {
        "x": 0.5087510347366333,
        "y": 0.616081178188324,
        "z": -0.005386960227042437
    },
    "landmark_24": {
        "x": 0.46705207228660583,
        "y": 0.6062167286872864,
        "z": 0.005499109625816345
    },
    "landmark_25": {
        "x": 0.522998034954071,
        "y": 0.7423369288444519,
        "z": -0.15540052950382233
    },
    "landmark_26": {
        "x": 0.40440624952316284,
        "y": 0.692206621170044,
        "z": -0.11574278771877289
    },
    "landmark_27": {
        "x": 0.5115960836410522,
        "y": 0.8480574488639832,
        "z": -0.0017916311044245958
    },
    "landmark_28": {
        "x": 0.39566272497177124,
        "y": 0.8106614947319031,
        "z": 0.01883026398718357
    },
    "landmark_29": {
        "x": 0.5022809505462646,
        "y": 0.8634703159332275,
        "z": 0.008554899133741856
    },
    "landmark_30": {
        "x": 0.4006831645965576,
        "y": 0.840910792350769,
        "z": 0.02696259878575802
    },
    "landmark_31": {
        "x": 0.5191908478736877,
        "y": 0.8990253210067749,
        "z": -0.07961621135473251
    },
    "landmark_32": {
        "x": 0.36003056168556213,
        "y": 0.8258251547813416,
        "z": -0.054311834275722504
    }
}