{
    "landmark_0": {
        "x": 0.4879690110683441,
        "y": 0.4116724729537964,
        "z": -0.20686355233192444
    },
    "landmark_1": {
        "x": 0.4923020303249359,
        "y": 0.39561522006988525,
        "z": -0.19548292458057404
    },
    "landmark_2": {
        "x": 0.4948861598968506,
        "y": 0.39481788873672485,
        "z": -0.19548378884792328
    },
    "landmark_3": {
        "x": 0.49759641289711,
        "y": 0.3941298723220825,
        "z": -0.19553610682487488
    },
    "landmark_4": {
        "x": 0.4860190451145172,
        "y": 0.3948739767074585,
        "z": -0.19120563566684723
    },
    "landmark_5": {
        "x": 0.4841081500053406,
        "y": 0.3936566114425659,
        "z": -0.19124194979667664
    },
    "landmark_6": {
        "x": 0.48218098282814026,
        "y": 0.3923361003398895,
        "z": -0.19124263525009155
    },
    "landmark_7": {
        "x": 0.5013049840927124,
        "y": 0.3937376141548157,
        "z": -0.1104198470711708
    },
    "landmark_8": {
        "x": 0.47921475768089294,
        "y": 0.3908820152282715,
        "z": -0.09069452434778214
    },
    "landmark_9": {
        "x": 0.49263158440589905,
        "y": 0.42231547832489014,
        "z": -0.17360201478004456
    },
    "landmark_10": {
        "x": 0.4838624596595764,
        "y": 0.41991207003593445,
        "z": -0.1682043820619583
    },
    "landmark_11": {
        "x": 0.5204373002052307,
        "y": 0.44896313548088074,
        "z": -0.06026487797498703
    },
    "landmark_12": {
        "x": 0.46153172850608826,
        "y": 0.4281304180622101,
        "z": -0.05109523609280586
    },
    "landmark_13": {
        "x": 0.5315229892730713,
        "y": 0.5312626957893372,
        "z": -0.09324687719345093
    },
    "landmark_14": {
        "x": 0.4361630976200104,
        "y": 0.3993140459060669,
        "z": -0.16092689335346222
    },
    "landmark_15": {
        "x": 0.5298566222190857,
        "y": 0.598237156867981,
        "z": -0.17243382334709167
    },
    "landmark_16": {
        "x": 0.4386385381221771,
        "y": 0.3640140891075134,
        "z": -0.3123377859592438
    },
    "landmark_17": {
        "x": 0.536321759223938,
        "y": 0.6300053596496582,
        "z": -0.1906018704175949
    },
    "landmark_18": {
        "x": 0.4331636428833008,
        "y": 0.34614983201026917,
        "z": -0.34885290265083313
    },
    "landmark_19": {
        "x": 0.5326980948448181,
        "y": 0.6287582516670227,
        "z": -0.20621004700660706
    },
    "landmark_20": {
        "x": 0.43733248114585876,
        "y": 0.3448442816734314,
        "z": -0.34594976902008057
    },
    "landmark_21": {
        "x": 0.5290618538856506,
        "y": 0.6142172813415527,
        "z": -0.1806039959192276
    },
    "landmark_22": {
        "x": 0.4417552053928375,
        "y": 0.35424816608428955,
        "z": -0.3186580538749695
    },
    "landmark_23": {
        "x": 0.5169359445571899,
        "y": 0.628456175327301,
        "z": 0.0008411775343120098
    },
    "landmark_24": {
        "x": 0.4755154550075531,
        "y": 0.6347451210021973,
        "z": -0.0009711007587611675
    },
    "landmark_25": {
        "x": 0.5667260885238647,
        "y": 0.71612548828125,
        "z": -0.12000793218612671
    },
    "landmark_26": {
        "x": 0.4530581831932068,
        "y": 0.7613627314567566,
        "z": -0.11021069437265396
    },
    "landmark_27": {
        "x": 0.5716544985771179,
        "y": 0.8383072018623352,
        "z": 0.025362079963088036
    },
    "landmark_28": {
        "x": 0.47413769364356995,
        "y": 0.8510764837265015,
        "z": 0.04921872913837433
    },
    "landmark_29": {
        "x": 0.5631687641143799,
        "y": 0.8649910092353821,
        "z": 0.034847795963287354
    },
    "landmark_30": {
        "x": 0.4849318861961365,
        "y": 0.866830587387085,
        "z": 0.060363151133060455
    },
    "landmark_31": {
        "x": 0.5986607074737549,
        "y": 0.8755306005477905,
        "z": -0.05841720849275589
    },
    "landmark_32": {
        "x": 0.4519747793674469,
        "y": 0.8987807631492615,
        "z": -0.022219333797693253
    }
}