{
    "landmark_0": {
        "x": 0.5111843347549438,
        "y": 0.3514786958694458,
        "z": -0.16649995744228363
    },
    "landmark_1": {
        "x": 0.5152696967124939,
        "y": 0.3412441909313202,
        "z": -0.14840295910835266
    },
    "landmark_2": {
        "x": 0.5169715881347656,
        "y": 0.34173235297203064,
        "z": -0.1484115719795227
    },
    "landmark_3": {
        "x": 0.5186631083488464,
        "y": 0.3423575460910797,
        "z": -0.1484491378068924
    },
    "landmark_4": {
        "x": 0.5102860927581787,
        "y": 0.33896157145500183,
        "z": -0.15552565455436707
    },
    "landmark_5": {
        "x": 0.5085524320602417,
        "y": 0.33797845244407654,
        "z": -0.15552102029323578
    },
    "landmark_6": {
        "x": 0.5067497491836548,
        "y": 0.3371204733848572,
        "z": -0.15555545687675476
    },
    "landmark_7": {
        "x": 0.5172165632247925,
        "y": 0.34798502922058105,
        "z": -0.04916144534945488
    },
    "landmark_8": {
        "x": 0.500026285648346,
        "y": 0.3408728241920471,
        "z": -0.08066987991333008
    },
    "landmark_9": {
        "x": 0.5120464563369751,
        "y": 0.3626921474933624,
        "z": -0.12883976101875305
    },
    "landmark_10": {
        "x": 0.5047149062156677,
        "y": 0.36127471923828125,
        "z": -0.1383572518825531
    },
    "landmark_11": {
        "x": 0.5242048501968384,
        "y": 0.42252156138420105,
        "z": -0.0012273465981706977
    },
    "landmark_12": {
        "x": 0.46943846344947815,
        "y": 0.40659841895103455,
        "z": -0.0557660274207592
    },
    "landmark_13": {
        "x": 0.5557453036308289,
        "y": 0.4349956512451172,
        "z": -0.07177355885505676
    },
    "landmark_14": {
        "x": 0.4845450818538666,
        "y": 0.4842940866947174,
        "z": -0.11054395139217377
    },
    "landmark_15": {
        "x": 0.5565161108970642,
        "y": 0.33437463641166687,
        "z": -0.1695864349603653
    },
    "landmark_16": {
        "x": 0.5128397941589355,
        "y": 0.4939928352832794,
        "z": -0.17306959629058838
    },
    "landmark_17": {
        "x": 0.5621271729469299,
        "y": 0.3098376393318176,
        "z": -0.19530317187309265
    },
    "landmark_18": {
        "x": 0.517878532409668,
        "y": 0.5005500912666321,
        "z": -0.1968858242034912
    },
    "landmark_19": {
        "x": 0.5597991347312927,
        "y": 0.3033389449119568,
        "z": -0.19441993534564972
    },
    "landmark_20": {
        "x": 0.519267201423645,
        "y": 0.49640917778015137,
        "z": -0.20049956440925598
    },
    "landmark_21": {
        "x": 0.5557267069816589,
        "y": 0.3153378963470459,
        "z": -0.1735772043466568
    },
    "landmark_22": {
        "x": 0.5186916589736938,
        "y": 0.49589982628822327,
        "z": -0.1760627180337906
    },
    "landmark_23": {
        "x": 0.5196124315261841,
        "y": 0.604491114616394,
        "z": -0.0026506443973630667
    },
    "landmark_24": {
        "x": 0.4771493971347809,
        "y": 0.6016945242881775,
        "z": 0.0027167443186044693
    },
    "landmark_25": {
        "x": 0.5450913906097412,
        "y": 0.7332257032394409,
        "z": -0.05541060119867325
    },
    "landmark_26": {
        "x": 0.4313186705112457,
        "y": 0.7091855406761169,
        "z": -0.04717651382088661
    },
    "landmark_27": {
        "x": 0.5326770544052124,
        "y": 0.843274712562561,
        "z": 0.12921243906021118
    },
    "landmark_28": {
        "x": 0.44221410155296326,
        "y": 0.8169189691543579,
        "z": 0.15605428814888
    },
    "landmark_29": {
        "x": 0.5270909070968628,
        "y": 0.8534680604934692,
        "z": 0.1429646909236908
    },
    "landmark_30": {
        "x": 0.45118194818496704,
        "y": 0.836185872554779,
        "z": 0.172284796833992
    },
    "landmark_31": {
        "x": 0.5343746542930603,
        "y": 0.8945308923721313,
        "z": 0.05176622420549393
    },
    "landmark_32": {
        "x": 0.41407233476638794,
        "y": 0.854430615901947,
        "z": 0.09759796410799026
    }
}