{
    "landmark_0": {
        "x": 0.5347928404808044,
        "y": 0.47973623871803284,
        "z": -0.2028319537639618
    },
    "landmark_1": {
        "x": 0.5402572154998779,
        "y": 0.46789056062698364,
        "z": -0.1855042278766632
    },
    "landmark_2": {
        "x": 0.5421554446220398,
        "y": 0.4686993956565857,
        "z": -0.18553051352500916
    },
    "landmark_3": {
        "x": 0.544048547744751,
        "y": 0.4694390594959259,
        "z": -0.18560592830181122
    },
    "landmark_4": {
        "x": 0.5348994135856628,
        "y": 0.4634667634963989,
        "z": -0.19257000088691711
    },
    "landmark_5": {
        "x": 0.533057451248169,
        "y": 0.46136200428009033,
        "z": -0.19254165887832642
    },
    "landmark_6": {
        "x": 0.531123161315918,
        "y": 0.4594303071498871,
        "z": -0.19254237413406372
    },
    "landmark_7": {
        "x": 0.5459131598472595,
        "y": 0.4698634147644043,
        "z": -0.08491777628660202
    },
    "landmark_8": {
        "x": 0.5275920033454895,
        "y": 0.4596382677555084,
        "z": -0.11498737335205078
    },
    "landmark_9": {
        "x": 0.5370200872421265,
        "y": 0.49068593978881836,
        "z": -0.16325749456882477
    },
    "landmark_10": {
        "x": 0.5293735861778259,
        "y": 0.4878101348876953,
        "z": -0.1723514199256897
    },
    "landmark_11": {
        "x": 0.5473575592041016,
        "y": 0.5317909121513367,
        "z": -0.0133794154971838
    },
    "landmark_12": {
        "x": 0.5003295540809631,
        "y": 0.502081573009491,
        "z": -0.11647416651248932
    },
    "landmark_13": {
        "x": 0.5547995567321777,
        "y": 0.5708816051483154,
        "z": -0.11028172075748444
    },
    "landmark_14": {
        "x": 0.5340974926948547,
        "y": 0.5263694524765015,
        "z": -0.20945537090301514
    },
    "landmark_15": {
        "x": 0.5749504566192627,
        "y": 0.5134685635566711,
        "z": -0.2555229365825653
    },
    "landmark_16": {
        "x": 0.5754653215408325,
        "y": 0.5097728371620178,
        "z": -0.24075648188591003
    },
    "landmark_17": {
        "x": 0.583294689655304,
        "y": 0.49622100591659546,
        "z": -0.2795785963535309
    },
    "landmark_18": {
        "x": 0.5872922539710999,
        "y": 0.4960339367389679,
        "z": -0.2580638825893402
    },
    "landmark_19": {
        "x": 0.5820629596710205,
        "y": 0.4894428551197052,
        "z": -0.27791276574134827
    },
    "landmark_20": {
        "x": 0.5837575793266296,
        "y": 0.48996224999427795,
        "z": -0.24818435311317444
    },
    "landmark_21": {
        "x": 0.5779485106468201,
        "y": 0.49693170189857483,
        "z": -0.25971055030822754
    },
    "landmark_22": {
        "x": 0.5766410827636719,
        "y": 0.49458813667297363,
        "z": -0.23710079491138458
    },
    "landmark_23": {
        "x": 0.5168137550354004,
        "y": 0.685020923614502,
        "z": 0.02197357267141342
    },
    "landmark_24": {
        "x": 0.4767776429653168,
        "y": 0.6759573817253113,
        "z": -0.022010376676917076
    },
    "landmark_25": {
        "x": 0.546552836894989,
        "y": 0.7724778652191162,
        "z": -0.12634162604808807
    },
    "landmark_26": {
        "x": 0.4210931658744812,
        "y": 0.7718782424926758,
        "z": -0.08058729767799377
    },
    "landmark_27": {
        "x": 0.5213790535926819,
        "y": 0.856744647026062,
        "z": 0.013732796534895897
    },
    "landmark_28": {
        "x": 0.36889976263046265,
        "y": 0.8563228845596313,
        "z": -0.03298407047986984
    },
    "landmark_29": {
        "x": 0.5108933448791504,
        "y": 0.8777984380722046,
        "z": 0.025770997628569603
    },
    "landmark_30": {
        "x": 0.3569459915161133,
        "y": 0.86942458152771,
        "z": -0.03215509653091431
    },
    "landmark_31": {
        "x": 0.5452783703804016,
        "y": 0.8979940414428711,
        "z": -0.0316242091357708
    },
    "landmark_32": {
        "x": 0.3405630886554718,
        "y": 0.8799949884414673,
        "z": -0.113950215280056
    }
}