{
    "landmark_0": {
        "x": 0.49388012290000916,
        "y": 0.3380431830883026,
        "z": -0.12530823051929474
    },
    "landmark_1": {
        "x": 0.49757856130599976,
        "y": 0.3271162807941437,
        "z": -0.10912059247493744
    },
    "landmark_2": {
        "x": 0.4998975396156311,
        "y": 0.32682886719703674,
        "z": -0.10913064330816269
    },
    "landmark_3": {
        "x": 0.5024758577346802,
        "y": 0.3266162872314453,
        "z": -0.10917510092258453
    },
    "landmark_4": {
        "x": 0.49152523279190063,
        "y": 0.3270508050918579,
        "z": -0.10627764463424683
    },
    "landmark_5": {
        "x": 0.4894345700740814,
        "y": 0.32686594128608704,
        "z": -0.10626466572284698
    },
    "landmark_6": {
        "x": 0.4872453808784485,
        "y": 0.3264245390892029,
        "z": -0.10625354945659637
    },
    "landmark_7": {
        "x": 0.5082946419715881,
        "y": 0.3310658633708954,
        "z": -0.02852666936814785
    },
    "landmark_8": {
        "x": 0.4843847155570984,
        "y": 0.3290872573852539,
        "z": -0.013704491779208183
    },
    "landmark_9": {
        "x": 0.49880462884902954,
        "y": 0.3504278361797333,
        "z": -0.0966772586107254
    },
    "landmark_10": {
        "x": 0.4895128309726715,
        "y": 0.34845876693725586,
        "z": -0.09277594834566116
    },
    "landmark_11": {
        "x": 0.5246514678001404,
        "y": 0.3965303599834442,
        "z": -0.026164095848798752
    },
    "landmark_12": {
        "x": 0.46821218729019165,
        "y": 0.3870404064655304,
        "z": -0.0073823025450110435
    },
    "landmark_13": {
        "x": 0.5449968576431274,
        "y": 0.35231077671051025,
        "z": -0.17291602492332458
    },
    "landmark_14": {
        "x": 0.4499339461326599,
        "y": 0.33570870757102966,
        "z": -0.10177822411060333
    },
    "landmark_15": {
        "x": 0.5451138615608215,
        "y": 0.32204508781433105,
        "z": -0.3088764548301697
    },
    "landmark_16": {
        "x": 0.45792609453201294,
        "y": 0.2860558331012726,
        "z": -0.17684076726436615
    },
    "landmark_17": {
        "x": 0.5511980652809143,
        "y": 0.3128727674484253,
        "z": -0.34486258029937744
    },
    "landmark_18": {
        "x": 0.4539281725883484,
        "y": 0.26723167300224304,
        "z": -0.20835301280021667
    },
    "landmark_19": {
        "x": 0.5444326400756836,
        "y": 0.31054097414016724,
        "z": -0.34556061029434204
    },
    "landmark_20": {
        "x": 0.458457887172699,
        "y": 0.2676076591014862,
        "z": -0.20124836266040802
    },
    "landmark_21": {
        "x": 0.5403111577033997,
        "y": 0.31589797139167786,
        "z": -0.31502559781074524
    },
    "landmark_22": {
        "x": 0.46074342727661133,
        "y": 0.2767527997493744,
        "z": -0.18050801753997803
    },
    "landmark_23": {
        "x": 0.5206019878387451,
        "y": 0.6001755595207214,
        "z": -0.0011979179689660668
    },
    "landmark_24": {
        "x": 0.47696056962013245,
        "y": 0.6043355464935303,
        "z": 0.001170479692518711
    },
    "landmark_25": {
        "x": 0.5535969734191895,
        "y": 0.7239872217178345,
        "z": -0.05477403849363327
    },
    "landmark_26": {
        "x": 0.4551805853843689,
        "y": 0.7430269122123718,
        "z": -0.029442137107253075
    },
    "landmark_27": {
        "x": 0.5568450689315796,
        "y": 0.8381162285804749,
        "z": 0.09358502924442291
    },
    "landmark_28": {
        "x": 0.4799538254737854,
        "y": 0.8266063332557678,
        "z": 0.16175441443920135
    },
    "landmark_29": {
        "x": 0.547818124294281,
        "y": 0.8599782586097717,
        "z": 0.10346720367670059
    },
    "landmark_30": {
        "x": 0.4901121258735657,
        "y": 0.8374677300453186,
        "z": 0.17601905763149261
    },
    "landmark_31": {
        "x": 0.5786924362182617,
        "y": 0.8877923488616943,
        "z": 0.00800954271107912
    },
    "landmark_32": {
        "x": 0.4704182744026184,
        "y": 0.888562023639679,
        "z": 0.10057222843170166
    }
}