{
    "landmark_0": {
        "x": 0.5031917095184326,
        "y": 0.3426656424999237,
        "z": -0.14757846295833588
    },
    "landmark_1": {
        "x": 0.504772424697876,
        "y": 0.3306578993797302,
        "z": -0.13171811401844025
    },
    "landmark_2": {
        "x": 0.5064916014671326,
        "y": 0.32965087890625,
        "z": -0.13170839846134186
    },
    "landmark_3": {
        "x": 0.5082351565361023,
        "y": 0.328735888004303,
        "z": -0.13172906637191772
    },
    "landmark_4": {
        "x": 0.49941691756248474,
        "y": 0.3323459327220917,
        "z": -0.13721847534179688
    },
    "landmark_5": {
        "x": 0.4975011944770813,
        "y": 0.3325793147087097,
        "z": -0.13723760843276978
    },
    "landmark_6": {
        "x": 0.49548545479774475,
        "y": 0.332970529794693,
        "z": -0.13732129335403442
    },
    "landmark_7": {
        "x": 0.5091843605041504,
        "y": 0.33025428652763367,
        "z": -0.03867446631193161
    },
    "landmark_8": {
        "x": 0.4903387427330017,
        "y": 0.3368583917617798,
        "z": -0.0601031556725502
    },
    "landmark_9": {
        "x": 0.506760835647583,
        "y": 0.3501076102256775,
        "z": -0.11079443991184235
    },
    "landmark_10": {
        "x": 0.49960047006607056,
        "y": 0.3520108759403229,
        "z": -0.11733774095773697
    },
    "landmark_11": {
        "x": 0.5325778126716614,
        "y": 0.39503371715545654,
        "z": 0.019119031727313995
    },
    "landmark_12": {
        "x": 0.47117042541503906,
        "y": 0.3860267698764801,
        "z": -0.06032975763082504
    },
    "landmark_13": {
        "x": 0.5576990246772766,
        "y": 0.4349742829799652,
        "z": -0.004135605879127979
    },
    "landmark_14": {
        "x": 0.47207555174827576,
        "y": 0.3712354302406311,
        "z": -0.08734719455242157
    },
    "landmark_15": {
        "x": 0.541773796081543,
        "y": 0.40106549859046936,
        "z": -0.03650038316845894
    },
    "landmark_16": {
        "x": 0.5129185914993286,
        "y": 0.3388594686985016,
        "z": -0.016858892515301704
    },
    "landmark_17": {
        "x": 0.5387807488441467,
        "y": 0.3919714689254761,
        "z": -0.04397731274366379
    },
    "landmark_18": {
        "x": 0.5234678983688354,
        "y": 0.33237266540527344,
        "z": -0.022553229704499245
    },
    "landmark_19": {
        "x": 0.5359520316123962,
        "y": 0.38722410798072815,
        "z": -0.043657224625349045
    },
    "landmark_20": {
        "x": 0.5247732400894165,
        "y": 0.336452454328537,
        "z": -0.0180896557867527
    },
    "landmark_21": {
        "x": 0.5352311730384827,
        "y": 0.3919636607170105,
        "z": -0.03790602460503578
    },
    "landmark_22": {
        "x": 0.5233379602432251,
        "y": 0.34015822410583496,
        "z": -0.013442608527839184
    },
    "landmark_23": {
        "x": 0.5235280990600586,
        "y": 0.5992423295974731,
        "z": -0.002762583550065756
    },
    "landmark_24": {
        "x": 0.4822414517402649,
        "y": 0.5934233069419861,
        "z": 0.002906251233071089
    },
    "landmark_25": {
        "x": 0.5380908250808716,
        "y": 0.7366507649421692,
        "z": -0.057090867310762405
    },
    "landmark_26": {
        "x": 0.43248891830444336,
        "y": 0.7073899507522583,
        "z": -0.04121828079223633
    },
    "landmark_27": {
        "x": 0.5201500058174133,
        "y": 0.8511799573898315,
        "z": 0.07519667595624924
    },
    "landmark_28": {
        "x": 0.4284687936306,
        "y": 0.8235623836517334,
        "z": 0.13141563534736633
    },
    "landmark_29": {
        "x": 0.5119837522506714,
        "y": 0.8639770746231079,
        "z": 0.08345436304807663
    },
    "landmark_30": {
        "x": 0.4357685446739197,
        "y": 0.8486237525939941,
        "z": 0.14457617700099945
    },
    "landmark_31": {
        "x": 0.5286362767219543,
        "y": 0.9061855673789978,
        "z": -0.002740254392847419
    },
    "landmark_32": {
        "x": 0.3995515704154968,
        "y": 0.8498326539993286,
        "z": 0.07559939473867416
    }
}