{
    "landmark_0": {
        "x": 0.4944269061088562,
        "y": 0.3716290295124054,
        "z": -0.15275819599628448
    },
    "landmark_1": {
        "x": 0.49709779024124146,
        "y": 0.36010363698005676,
        "z": -0.13869276642799377
    },
    "landmark_2": {
        "x": 0.4991372525691986,
        "y": 0.360521137714386,
        "z": -0.13870327174663544
    },
    "landmark_3": {
        "x": 0.5013628005981445,
        "y": 0.36060255765914917,
        "z": -0.13871990144252777
    },
    "landmark_4": {
        "x": 0.4918600022792816,
        "y": 0.3589875400066376,
        "z": -0.13777129352092743
    },
    "landmark_5": {
        "x": 0.4900434613227844,
        "y": 0.3584490120410919,
        "z": -0.13777975738048553
    },
    "landmark_6": {
        "x": 0.48810940980911255,
        "y": 0.35816752910614014,
        "z": -0.1378231793642044
    },
    "landmark_7": {
        "x": 0.5045073628425598,
        "y": 0.3664878308773041,
        "z": -0.055722784250974655
    },
    "landmark_8": {
        "x": 0.48393964767456055,
        "y": 0.3642021715641022,
        "z": -0.05117561295628548
    },
    "landmark_9": {
        "x": 0.4982622265815735,
        "y": 0.3833814263343811,
        "z": -0.12148953974246979
    },
    "landmark_10": {
        "x": 0.49158531427383423,
        "y": 0.38141143321990967,
        "z": -0.1204039454460144
    },
    "landmark_11": {
        "x": 0.5238390564918518,
        "y": 0.4319557547569275,
        "z": -0.027809444814920425
    },
    "landmark_12": {
        "x": 0.46088266372680664,
        "y": 0.4272266924381256,
        "z": -0.013271918520331383
    },
    "landmark_13": {
        "x": 0.5453438758850098,
        "y": 0.48077431321144104,
        "z": -0.14673863351345062
    },
    "landmark_14": {
        "x": 0.4407424032688141,
        "y": 0.46402260661125183,
        "z": -0.12968938052654266
    },
    "landmark_15": {
        "x": 0.5125802755355835,
        "y": 0.43007612228393555,
        "z": -0.2921361029148102
    },
    "landmark_16": {
        "x": 0.44977134466171265,
        "y": 0.40072745084762573,
        "z": -0.29436102509498596
    },
    "landmark_17": {
        "x": 0.5066060423851013,
        "y": 0.4241185188293457,
        "z": -0.32368114590644836
    },
    "landmark_18": {
        "x": 0.44935593008995056,
        "y": 0.3888586759567261,
        "z": -0.3312200903892517
    },
    "landmark_19": {
        "x": 0.5016048550605774,
        "y": 0.42272305488586426,
        "z": -0.3130275011062622
    },
    "landmark_20": {
        "x": 0.4540026783943176,
        "y": 0.3849148750305176,
        "z": -0.32272815704345703
    },
    "landmark_21": {
        "x": 0.5027175545692444,
        "y": 0.4281356930732727,
        "z": -0.2914349138736725
    },
    "landmark_22": {
        "x": 0.45533671975135803,
        "y": 0.391226589679718,
        "z": -0.29566025733947754
    },
    "landmark_23": {
        "x": 0.5147053003311157,
        "y": 0.6002359986305237,
        "z": -0.008304929360747337
    },
    "landmark_24": {
        "x": 0.4736720025539398,
        "y": 0.5999643206596375,
        "z": 0.008216151036322117
    },
    "landmark_25": {
        "x": 0.5413903594017029,
        "y": 0.7266259789466858,
        "z": -0.06762974709272385
    },
    "landmark_26": {
        "x": 0.4397975504398346,
        "y": 0.7131009697914124,
        "z": -0.09331222623586655
    },
    "landmark_27": {
        "x": 0.5248770117759705,
        "y": 0.839260458946228,
        "z": 0.08686129748821259
    },
    "landmark_28": {
        "x": 0.45549482107162476,
        "y": 0.8131255507469177,
        "z": 0.095545195043087
    },
    "landmark_29": {
        "x": 0.5149369835853577,
        "y": 0.8490577936172485,
        "z": 0.09719330817461014
    },
    "landmark_30": {
        "x": 0.4666295051574707,
        "y": 0.8267457485198975,
        "z": 0.1106879860162735
    },
    "landmark_31": {
        "x": 0.5307526588439941,
        "y": 0.8946422934532166,
        "z": 0.007165963761508465
    },
    "landmark_32": {
        "x": 0.4386267066001892,
        "y": 0.8677157759666443,
        "z": 0.03933317959308624
    }
}