{
    "landmark_0": {
        "x": 0.47088414430618286,
        "y": 0.44829636812210083,
        "z": -0.1831585019826889
    },
    "landmark_1": {
        "x": 0.4704357087612152,
        "y": 0.43310901522636414,
        "z": -0.1817324310541153
    },
    "landmark_2": {
        "x": 0.4720385670661926,
        "y": 0.43173739314079285,
        "z": -0.18178266286849976
    },
    "landmark_3": {
        "x": 0.47410815954208374,
        "y": 0.43088608980178833,
        "z": -0.18182824552059174
    },
    "landmark_4": {
        "x": 0.4667327404022217,
        "y": 0.43473929166793823,
        "z": -0.17399685084819794
    },
    "landmark_5": {
        "x": 0.4656027853488922,
        "y": 0.4342915117740631,
        "z": -0.17401087284088135
    },
    "landmark_6": {
        "x": 0.46447062492370605,
        "y": 0.43412578105926514,
        "z": -0.1740213930606842
    },
    "landmark_7": {
        "x": 0.4846275746822357,
        "y": 0.42940253019332886,
        "z": -0.1229955330491066
    },
    "landmark_8": {
        "x": 0.4642481207847595,
        "y": 0.43163979053497314,
        "z": -0.08731337636709213
    },
    "landmark_9": {
        "x": 0.4764779210090637,
        "y": 0.4537123441696167,
        "z": -0.15665338933467865
    },
    "landmark_10": {
        "x": 0.47044140100479126,
        "y": 0.4558870196342468,
        "z": -0.14673298597335815
    },
    "landmark_11": {
        "x": 0.5144193768501282,
        "y": 0.471916526556015,
        "z": -0.10241087526082993
    },
    "landmark_12": {
        "x": 0.4506078362464905,
        "y": 0.4803527295589447,
        "z": -0.018754860386252403
    },
    "landmark_13": {
        "x": 0.5105191469192505,
        "y": 0.5440261960029602,
        "z": -0.1928817331790924
    },
    "landmark_14": {
        "x": 0.4476732313632965,
        "y": 0.5417272448539734,
        "z": -0.11188187450170517
    },
    "landmark_15": {
        "x": 0.4606255888938904,
        "y": 0.5424038767814636,
        "z": -0.27582645416259766
    },
    "landmark_16": {
        "x": 0.4465223252773285,
        "y": 0.49811607599258423,
        "z": -0.2855488955974579
    },
    "landmark_17": {
        "x": 0.44700050354003906,
        "y": 0.5516042709350586,
        "z": -0.303326815366745
    },
    "landmark_18": {
        "x": 0.4448409974575043,
        "y": 0.48758286237716675,
        "z": -0.31504935026168823
    },
    "landmark_19": {
        "x": 0.44348031282424927,
        "y": 0.5441393256187439,
        "z": -0.29504862427711487
    },
    "landmark_20": {
        "x": 0.444429486989975,
        "y": 0.4814092516899109,
        "z": -0.3155694305896759
    },
    "landmark_21": {
        "x": 0.4478937089443207,
        "y": 0.542212188243866,
        "z": -0.2722640931606293
    },
    "landmark_22": {
        "x": 0.44705909490585327,
        "y": 0.4862120747566223,
        "z": -0.2906688153743744
    },
    "landmark_23": {
        "x": 0.5112006664276123,
        "y": 0.6453264355659485,
        "z": -0.019790345802903175
    },
    "landmark_24": {
        "x": 0.4699156880378723,
        "y": 0.6548609137535095,
        "z": 0.019770970568060875
    },
    "landmark_25": {
        "x": 0.5460762977600098,
        "y": 0.7526854872703552,
        "z": -0.07241151481866837
    },
    "landmark_26": {
        "x": 0.452949583530426,
        "y": 0.7726839780807495,
        "z": 0.015692252665758133
    },
    "landmark_27": {
        "x": 0.5928255915641785,
        "y": 0.8495686650276184,
        "z": 0.00999174453318119
    },
    "landmark_28": {
        "x": 0.47424155473709106,
        "y": 0.8627223372459412,
        "z": 0.17242838442325592
    },
    "landmark_29": {
        "x": 0.5929588079452515,
        "y": 0.8664050698280334,
        "z": 0.014354574494063854
    },
    "landmark_30": {
        "x": 0.48562511801719666,
        "y": 0.880393922328949,
        "z": 0.18508018553256989
    },
    "landmark_31": {
        "x": 0.6238555312156677,
        "y": 0.8587811589241028,
        "z": -0.0662950724363327
    },
    "landmark_32": {
        "x": 0.4558088183403015,
        "y": 0.9036003351211548,
        "z": 0.12788894772529602
    }
}