{
    "landmark_0": {
        "x": 0.5304906964302063,
        "y": 0.43576309084892273,
        "z": -0.15736474096775055
    },
    "landmark_1": {
        "x": 0.5337705016136169,
        "y": 0.4249926805496216,
        "z": -0.14020903408527374
    },
    "landmark_2": {
        "x": 0.5350347757339478,
        "y": 0.4253201484680176,
        "z": -0.14020252227783203
    },
    "landmark_3": {
        "x": 0.5363962054252625,
        "y": 0.425970196723938,
        "z": -0.14023248851299286
    },
    "landmark_4": {
        "x": 0.5301505923271179,
        "y": 0.4216859042644501,
        "z": -0.15213008224964142
    },
    "landmark_5": {
        "x": 0.5285416841506958,
        "y": 0.41964995861053467,
        "z": -0.15212470293045044
    },
    "landmark_6": {
        "x": 0.526963472366333,
        "y": 0.4179135262966156,
        "z": -0.1521783024072647
    },
    "landmark_7": {
        "x": 0.5341519713401794,
        "y": 0.42615893483161926,
        "z": -0.04510729759931564
    },
    "landmark_8": {
        "x": 0.5191944241523743,
        "y": 0.41683706641197205,
        "z": -0.10088548809289932
    },
    "landmark_9": {
        "x": 0.5306946039199829,
        "y": 0.4446934461593628,
        "z": -0.12073568999767303
    },
    "landmark_10": {
        "x": 0.525252640247345,
        "y": 0.4404240846633911,
        "z": -0.13720004260540009
    },
    "landmark_11": {
        "x": 0.5368286967277527,
        "y": 0.4855894446372986,
        "z": 0.023399680852890015
    },
    "landmark_12": {
        "x": 0.487093985080719,
        "y": 0.4442501962184906,
        "z": -0.11057709157466888
    },
    "landmark_13": {
        "x": 0.560041606426239,
        "y": 0.5188289880752563,
        "z": 0.03361101448535919
    },
    "landmark_14": {
        "x": 0.4943239092826843,
        "y": 0.4506374001502991,
        "z": -0.241648867726326
    },
    "landmark_15": {
        "x": 0.572772741317749,
        "y": 0.45395076274871826,
        "z": 0.003335239365696907
    },
    "landmark_16": {
        "x": 0.5289971828460693,
        "y": 0.4280337393283844,
        "z": -0.3152351975440979
    },
    "landmark_17": {
        "x": 0.5782094597816467,
        "y": 0.44406530261039734,
        "z": -0.0025203274562954903
    },
    "landmark_18": {
        "x": 0.5364229083061218,
        "y": 0.42395976185798645,
        "z": -0.3417908549308777
    },
    "landmark_19": {
        "x": 0.574679970741272,
        "y": 0.439742773771286,
        "z": -0.008630870841443539
    },
    "landmark_20": {
        "x": 0.5378028154373169,
        "y": 0.42216402292251587,
        "z": -0.3342205286026001
    },
    "landmark_21": {
        "x": 0.571200430393219,
        "y": 0.44210532307624817,
        "z": -0.0010180276585742831
    },
    "landmark_22": {
        "x": 0.5354220271110535,
        "y": 0.4264272451400757,
        "z": -0.3142796456813812
    },
    "landmark_23": {
        "x": 0.5136516094207764,
        "y": 0.6517511010169983,
        "z": 0.023384297266602516
    },
    "landmark_24": {
        "x": 0.4738655686378479,
        "y": 0.6388348340988159,
        "z": -0.023298928514122963
    },
    "landmark_25": {
        "x": 0.5353624820709229,
        "y": 0.7621456384658813,
        "z": 0.00879339873790741
    },
    "landmark_26": {
        "x": 0.4190487265586853,
        "y": 0.7359559535980225,
        "z": -0.08696534484624863
    },
    "landmark_27": {
        "x": 0.5188294649124146,
        "y": 0.8527814149856567,
        "z": 0.15884222090244293
    },
    "landmark_28": {
        "x": 0.37825408577919006,
        "y": 0.8347175717353821,
        "z": -0.03139882907271385
    },
    "landmark_29": {
        "x": 0.5106415152549744,
        "y": 0.8650861978530884,
        "z": 0.16957561671733856
    },
    "landmark_30": {
        "x": 0.37116295099258423,
        "y": 0.8425594568252563,
        "z": -0.030123692005872726
    },
    "landmark_31": {
        "x": 0.5357972383499146,
        "y": 0.8979157209396362,
        "z": 0.10492187738418579
    },
    "landmark_32": {
        "x": 0.3452441692352295,
        "y": 0.8605754375457764,
        "z": -0.11835898458957672
    }
}