{
    "landmark_0": {
        "x": 0.4830227792263031,
        "y": 0.469470351934433,
        "z": -0.2734012007713318
    },
    "landmark_1": {
        "x": 0.48518961668014526,
        "y": 0.4561046063899994,
        "z": -0.272918164730072
    },
    "landmark_2": {
        "x": 0.48758405447006226,
        "y": 0.4547950327396393,
        "z": -0.2729476988315582
    },
    "landmark_3": {
        "x": 0.4900289475917816,
        "y": 0.4532628357410431,
        "z": -0.2730289399623871
    },
    "landmark_4": {
        "x": 0.4786311089992523,
        "y": 0.45615407824516296,
        "z": -0.2653234601020813
    },
    "landmark_5": {
        "x": 0.47652095556259155,
        "y": 0.4551604688167572,
        "z": -0.2653646767139435
    },
    "landmark_6": {
        "x": 0.4743494987487793,
        "y": 0.45435094833374023,
        "z": -0.26538723707199097
    },
    "landmark_7": {
        "x": 0.49317312240600586,
        "y": 0.44582056999206543,
        "z": -0.20549730956554413
    },
    "landmark_8": {
        "x": 0.47187989950180054,
        "y": 0.4510609209537506,
        "z": -0.1692265123128891
    },
    "landmark_9": {
        "x": 0.48890000581741333,
        "y": 0.47666189074516296,
        "z": -0.24239154160022736
    },
    "landmark_10": {
        "x": 0.4806367754936218,
        "y": 0.4772493243217468,
        "z": -0.23245103657245636
    },
    "landmark_11": {
        "x": 0.5191085338592529,
        "y": 0.4851529002189636,
        "z": -0.16568419337272644
    },
    "landmark_12": {
        "x": 0.4594101905822754,
        "y": 0.49401310086250305,
        "z": -0.08953315019607544
    },
    "landmark_13": {
        "x": 0.513769268989563,
        "y": 0.5697521567344666,
        "z": -0.2642369866371155
    },
    "landmark_14": {
        "x": 0.4575069844722748,
        "y": 0.5367106795310974,
        "z": -0.1910438984632492
    },
    "landmark_15": {
        "x": 0.47086039185523987,
        "y": 0.5516183972358704,
        "z": -0.3582424223423004
    },
    "landmark_16": {
        "x": 0.45991963148117065,
        "y": 0.4900502860546112,
        "z": -0.3697303533554077
    },
    "landmark_17": {
        "x": 0.4582201838493347,
        "y": 0.5504193305969238,
        "z": -0.3840565085411072
    },
    "landmark_18": {
        "x": 0.4589850902557373,
        "y": 0.4775017201900482,
        "z": -0.3980647623538971
    },
    "landmark_19": {
        "x": 0.45524758100509644,
        "y": 0.538472056388855,
        "z": -0.37689006328582764
    },
    "landmark_20": {
        "x": 0.45818156003952026,
        "y": 0.47450318932533264,
        "z": -0.3976801633834839
    },
    "landmark_21": {
        "x": 0.4634784758090973,
        "y": 0.5378454327583313,
        "z": -0.3556833863258362
    },
    "landmark_22": {
        "x": 0.4604094922542572,
        "y": 0.479372501373291,
        "z": -0.3745943009853363
    },
    "landmark_23": {
        "x": 0.5191941261291504,
        "y": 0.6504254937171936,
        "z": -0.019154565408825874
    },
    "landmark_24": {
        "x": 0.47722679376602173,
        "y": 0.6588603854179382,
        "z": 0.019086772575974464
    },
    "landmark_25": {
        "x": 0.5620784163475037,
        "y": 0.7577486038208008,
        "z": -0.06702655553817749
    },
    "landmark_26": {
        "x": 0.4617011547088623,
        "y": 0.7755517959594727,
        "z": 0.025087391957640648
    },
    "landmark_27": {
        "x": 0.6113297939300537,
        "y": 0.8516600131988525,
        "z": 0.012956175021827221
    },
    "landmark_28": {
        "x": 0.47520583868026733,
        "y": 0.8546444177627563,
        "z": 0.20601944625377655
    },
    "landmark_29": {
        "x": 0.6110960841178894,
        "y": 0.8694237470626831,
        "z": 0.01704299822449684
    },
    "landmark_30": {
        "x": 0.4857317805290222,
        "y": 0.8711633682250977,
        "z": 0.22146300971508026
    },
    "landmark_31": {
        "x": 0.6412509679794312,
        "y": 0.8662494421005249,
        "z": -0.06965616345405579
    },
    "landmark_32": {
        "x": 0.455104261636734,
        "y": 0.8953319191932678,
        "z": 0.1648654043674469
    }
}