{
    "landmark_0": {
        "x": 0.5200076103210449,
        "y": 0.39478304982185364,
        "z": -0.15232396125793457
    },
    "landmark_1": {
        "x": 0.5254703760147095,
        "y": 0.383963942527771,
        "z": -0.13484863936901093
    },
    "landmark_2": {
        "x": 0.5275254845619202,
        "y": 0.3846670687198639,
        "z": -0.13485343754291534
    },
    "landmark_3": {
        "x": 0.5296833515167236,
        "y": 0.3853413760662079,
        "z": -0.13486675918102264
    },
    "landmark_4": {
        "x": 0.5200179815292358,
        "y": 0.37990641593933105,
        "z": -0.14682582020759583
    },
    "landmark_5": {
        "x": 0.518039882183075,
        "y": 0.3778887093067169,
        "z": -0.14683713018894196
    },
    "landmark_6": {
        "x": 0.5160759091377258,
        "y": 0.37598901987075806,
        "z": -0.14688906073570251
    },
    "landmark_7": {
        "x": 0.5302823781967163,
        "y": 0.3882668912410736,
        "z": -0.03844630718231201
    },
    "landmark_8": {
        "x": 0.5094546675682068,
        "y": 0.3761397898197174,
        "z": -0.0927806943655014
    },
    "landmark_9": {
        "x": 0.521435022354126,
        "y": 0.4055061638355255,
        "z": -0.11505737155675888
    },
    "landmark_10": {
        "x": 0.5132449269294739,
        "y": 0.40143293142318726,
        "z": -0.13099785149097443
    },
    "landmark_11": {
        "x": 0.5345686078071594,
        "y": 0.4587037265300751,
        "z": 0.03177482262253761
    },
    "landmark_12": {
        "x": 0.4773022532463074,
        "y": 0.4327388405799866,
        "z": -0.09915570169687271
    },
    "landmark_13": {
        "x": 0.5429000854492188,
        "y": 0.5348512530326843,
        "z": 0.06685587018728256
    },
    "landmark_14": {
        "x": 0.4897037148475647,
        "y": 0.5225244760513306,
        "z": -0.1462887078523636
    },
    "landmark_15": {
        "x": 0.5490717887878418,
        "y": 0.5539581775665283,
        "z": 0.03863036632537842
    },
    "landmark_16": {
        "x": 0.52762371301651,
        "y": 0.536003589630127,
        "z": -0.15391384065151215
    },
    "landmark_17": {
        "x": 0.5515773892402649,
        "y": 0.561507523059845,
        "z": 0.03186662867665291
    },
    "landmark_18": {
        "x": 0.5366888046264648,
        "y": 0.5458130240440369,
        "z": -0.17359711229801178
    },
    "landmark_19": {
        "x": 0.550750195980072,
        "y": 0.5539600253105164,
        "z": 0.017684265971183777
    },
    "landmark_20": {
        "x": 0.5372047424316406,
        "y": 0.5346474647521973,
        "z": -0.174699604511261
    },
    "landmark_21": {
        "x": 0.548244833946228,
        "y": 0.550528883934021,
        "z": 0.031190548092126846
    },
    "landmark_22": {
        "x": 0.5340437293052673,
        "y": 0.5323601961135864,
        "z": -0.15407828986644745
    },
    "landmark_23": {
        "x": 0.5200520157814026,
        "y": 0.6515970230102539,
        "z": 0.016329919919371605
    },
    "landmark_24": {
        "x": 0.4796460270881653,
        "y": 0.6390963792800903,
        "z": -0.016201836988329887
    },
    "landmark_25": {
        "x": 0.5334581732749939,
        "y": 0.7671494483947754,
        "z": -0.008496311493217945
    },
    "landmark_26": {
        "x": 0.42030271887779236,
        "y": 0.7354894280433655,
        "z": -0.07828324288129807
    },
    "landmark_27": {
        "x": 0.5202963948249817,
        "y": 0.8543671369552612,
        "z": 0.17657986283302307
    },
    "landmark_28": {
        "x": 0.38498494029045105,
        "y": 0.8237311244010925,
        "z": 0.04892506077885628
    },
    "landmark_29": {
        "x": 0.510184109210968,
        "y": 0.8711159825325012,
        "z": 0.19021804630756378
    },
    "landmark_30": {
        "x": 0.3839080035686493,
        "y": 0.8512775897979736,
        "z": 0.05761932209134102
    },
    "landmark_31": {
        "x": 0.5322645902633667,
        "y": 0.9066008925437927,
        "z": 0.11898913234472275
    },
    "landmark_32": {
        "x": 0.3542187809944153,
        "y": 0.8590965867042542,
        "z": -0.022208400070667267
    }
}