{
    "landmark_0": {
        "x": 0.491489976644516,
        "y": 0.3369874954223633,
        "z": -0.18239665031433105
    },
    "landmark_1": {
        "x": 0.4964074194431305,
        "y": 0.32609790563583374,
        "z": -0.16371168196201324
    },
    "landmark_2": {
        "x": 0.4991646707057953,
        "y": 0.32636916637420654,
        "z": -0.16370952129364014
    },
    "landmark_3": {
        "x": 0.5020787119865417,
        "y": 0.32660624384880066,
        "z": -0.16372354328632355
    },
    "landmark_4": {
        "x": 0.4899355471134186,
        "y": 0.3237518072128296,
        "z": -0.16349653899669647
    },
    "landmark_5": {
        "x": 0.48791903257369995,
        "y": 0.3225529193878174,
        "z": -0.16349636018276215
    },
    "landmark_6": {
        "x": 0.48582157492637634,
        "y": 0.32119014859199524,
        "z": -0.16347865760326385
    },
    "landmark_7": {
        "x": 0.5063972473144531,
        "y": 0.33055055141448975,
        "z": -0.06494501233100891
    },
    "landmark_8": {
        "x": 0.4819282591342926,
        "y": 0.3235224187374115,
        "z": -0.06252254545688629
    },
    "landmark_9": {
        "x": 0.4962109625339508,
        "y": 0.348773717880249,
        "z": -0.1468486189842224
    },
    "landmark_10": {
        "x": 0.48674994707107544,
        "y": 0.3449561297893524,
        "z": -0.14648975431919098
    },
    "landmark_11": {
        "x": 0.517632246017456,
        "y": 0.39771679043769836,
        "z": -0.05177190899848938
    },
    "landmark_12": {
        "x": 0.46069374680519104,
        "y": 0.3891731798648834,
        "z": -0.05955790728330612
    },
    "landmark_13": {
        "x": 0.5438292622566223,
        "y": 0.36908313632011414,
        "z": -0.2597849667072296
    },
    "landmark_14": {
        "x": 0.4452681541442871,
        "y": 0.3602428734302521,
        "z": -0.26178300380706787
    },
    "landmark_15": {
        "x": 0.5199267268180847,
        "y": 0.32426315546035767,
        "z": -0.4328567385673523
    },
    "landmark_16": {
        "x": 0.44210726022720337,
        "y": 0.28646162152290344,
        "z": -0.43649086356163025
    },
    "landmark_17": {
        "x": 0.5217821002006531,
        "y": 0.30220815539360046,
        "z": -0.47427478432655334
    },
    "landmark_18": {
        "x": 0.4388201832771301,
        "y": 0.26491162180900574,
        "z": -0.4823409616947174
    },
    "landmark_19": {
        "x": 0.5149074196815491,
        "y": 0.30546319484710693,
        "z": -0.458371639251709
    },
    "landmark_20": {
        "x": 0.4443984627723694,
        "y": 0.26386722922325134,
        "z": -0.46761554479599
    },
    "landmark_21": {
        "x": 0.5099940896034241,
        "y": 0.3180639147758484,
        "z": -0.43350857496261597
    },
    "landmark_22": {
        "x": 0.44706958532333374,
        "y": 0.2733163833618164,
        "z": -0.4390437602996826
    },
    "landmark_23": {
        "x": 0.5120858550071716,
        "y": 0.5913410782814026,
        "z": 0.002420986769720912
    },
    "landmark_24": {
        "x": 0.47061729431152344,
        "y": 0.5975565910339355,
        "z": -0.0025966560933738947
    },
    "landmark_25": {
        "x": 0.5459620356559753,
        "y": 0.7180784344673157,
        "z": -0.06862284243106842
    },
    "landmark_26": {
        "x": 0.44618910551071167,
        "y": 0.7366246581077576,
        "z": -0.06893306225538254
    },
    "landmark_27": {
        "x": 0.5467122197151184,
        "y": 0.8424810767173767,
        "z": 0.0780644565820694
    },
    "landmark_28": {
        "x": 0.4692150950431824,
        "y": 0.8338350653648376,
        "z": 0.10804162174463272
    },
    "landmark_29": {
        "x": 0.5385112762451172,
        "y": 0.8640831112861633,
        "z": 0.08703287690877914
    },
    "landmark_30": {
        "x": 0.4795951843261719,
        "y": 0.8406450748443604,
        "z": 0.12056316435337067
    },
    "landmark_31": {
        "x": 0.5701539516448975,
        "y": 0.8867639303207397,
        "z": -0.011590472422540188
    },
    "landmark_32": {
        "x": 0.46670961380004883,
        "y": 0.8920985460281372,
        "z": 0.03206542506814003
    }
}