{
    "landmark_0": {
        "x": 0.4933232367038727,
        "y": 0.42525675892829895,
        "z": -0.17846065759658813
    },
    "landmark_1": {
        "x": 0.49532946944236755,
        "y": 0.4121673107147217,
        "z": -0.17125825583934784
    },
    "landmark_2": {
        "x": 0.49766165018081665,
        "y": 0.410881370306015,
        "z": -0.17129556834697723
    },
    "landmark_3": {
        "x": 0.5001388788223267,
        "y": 0.40970343351364136,
        "z": -0.17135414481163025
    },
    "landmark_4": {
        "x": 0.4895327091217041,
        "y": 0.41326409578323364,
        "z": -0.1663210242986679
    },
    "landmark_5": {
        "x": 0.4877675175666809,
        "y": 0.4128505289554596,
        "z": -0.1663549393415451
    },
    "landmark_6": {
        "x": 0.48583564162254333,
        "y": 0.4127887189388275,
        "z": -0.16638021171092987
    },
    "landmark_7": {
        "x": 0.5033165812492371,
        "y": 0.4058806896209717,
        "z": -0.10496604442596436
    },
    "landmark_8": {
        "x": 0.4843509793281555,
        "y": 0.4121108055114746,
        "z": -0.08144568651914597
    },
    "landmark_9": {
        "x": 0.4986545443534851,
        "y": 0.43038901686668396,
        "z": -0.15181992948055267
    },
    "landmark_10": {
        "x": 0.4911338686943054,
        "y": 0.43126028776168823,
        "z": -0.1452643871307373
    },
    "landmark_11": {
        "x": 0.5273169279098511,
        "y": 0.44562995433807373,
        "z": -0.07885702699422836
    },
    "landmark_12": {
        "x": 0.4663237929344177,
        "y": 0.45284080505371094,
        "z": -0.03928219899535179
    },
    "landmark_13": {
        "x": 0.5362239480018616,
        "y": 0.48898619413375854,
        "z": -0.15966178476810455
    },
    "landmark_14": {
        "x": 0.44544973969459534,
        "y": 0.47098925709724426,
        "z": -0.13980108499526978
    },
    "landmark_15": {
        "x": 0.49859151244163513,
        "y": 0.4856794476509094,
        "z": -0.24852082133293152
    },
    "landmark_16": {
        "x": 0.4335963726043701,
        "y": 0.4136144518852234,
        "z": -0.29085156321525574
    },
    "landmark_17": {
        "x": 0.4911666810512543,
        "y": 0.5007042288780212,
        "z": -0.2717159390449524
    },
    "landmark_18": {
        "x": 0.42608991265296936,
        "y": 0.39641663432121277,
        "z": -0.32184332609176636
    },
    "landmark_19": {
        "x": 0.4867860674858093,
        "y": 0.49193865060806274,
        "z": -0.26856693625450134
    },
    "landmark_20": {
        "x": 0.4276590347290039,
        "y": 0.39217889308929443,
        "z": -0.319438636302948
    },
    "landmark_21": {
        "x": 0.4890785813331604,
        "y": 0.49103599786758423,
        "z": -0.24836218357086182
    },
    "landmark_22": {
        "x": 0.43152594566345215,
        "y": 0.40053778886795044,
        "z": -0.29537704586982727
    },
    "landmark_23": {
        "x": 0.5222295522689819,
        "y": 0.6170746088027954,
        "z": 0.00048067286843433976
    },
    "landmark_24": {
        "x": 0.48151105642318726,
        "y": 0.6218237280845642,
        "z": -0.0005827384884469211
    },
    "landmark_25": {
        "x": 0.5678235292434692,
        "y": 0.7068989872932434,
        "z": -0.13159047067165375
    },
    "landmark_26": {
        "x": 0.45804858207702637,
        "y": 0.735826849937439,
        "z": -0.07500682771205902
    },
    "landmark_27": {
        "x": 0.5560576915740967,
        "y": 0.8325345516204834,
        "z": 0.0010060127824544907
    },
    "landmark_28": {
        "x": 0.468502938747406,
        "y": 0.808383584022522,
        "z": 0.113033726811409
    },
    "landmark_29": {
        "x": 0.5469499230384827,
        "y": 0.8546797633171082,
        "z": 0.011017744429409504
    },
    "landmark_30": {
        "x": 0.4761997163295746,
        "y": 0.815453827381134,
        "z": 0.12934227287769318
    },
    "landmark_31": {
        "x": 0.5850731134414673,
        "y": 0.8730325698852539,
        "z": -0.06508862972259521
    },
    "landmark_32": {
        "x": 0.4594962000846863,
        "y": 0.8679666519165039,
        "z": 0.07307379692792892
    }
}