{
    "landmark_0": {
        "x": 0.48119086027145386,
        "y": 0.3608684241771698,
        "z": -0.19577288627624512
    },
    "landmark_1": {
        "x": 0.48385292291641235,
        "y": 0.3457200229167938,
        "z": -0.183974951505661
    },
    "landmark_2": {
        "x": 0.48649734258651733,
        "y": 0.34511151909828186,
        "z": -0.18402701616287231
    },
    "landmark_3": {
        "x": 0.4891626238822937,
        "y": 0.34500202536582947,
        "z": -0.1840626746416092
    },
    "landmark_4": {
        "x": 0.4767346978187561,
        "y": 0.349209725856781,
        "z": -0.18066562712192535
    },
    "landmark_5": {
        "x": 0.47441262006759644,
        "y": 0.35083335638046265,
        "z": -0.1806534081697464
    },
    "landmark_6": {
        "x": 0.47213563323020935,
        "y": 0.3526388108730316,
        "z": -0.18063057959079742
    },
    "landmark_7": {
        "x": 0.4936705529689789,
        "y": 0.35299208760261536,
        "z": -0.10376562178134918
    },
    "landmark_8": {
        "x": 0.4685552716255188,
        "y": 0.3618849813938141,
        "z": -0.08745414763689041
    },
    "landmark_9": {
        "x": 0.48788323998451233,
        "y": 0.3726939260959625,
        "z": -0.1650867611169815
    },
    "landmark_10": {
        "x": 0.47761958837509155,
        "y": 0.3790332078933716,
        "z": -0.16056232154369354
    },
    "landmark_11": {
        "x": 0.5178451538085938,
        "y": 0.41361135244369507,
        "z": -0.1059233769774437
    },
    "landmark_12": {
        "x": 0.4536542296409607,
        "y": 0.4252780079841614,
        "z": -0.05315060168504715
    },
    "landmark_13": {
        "x": 0.5247476100921631,
        "y": 0.4554852247238159,
        "z": -0.308794766664505
    },
    "landmark_14": {
        "x": 0.4366421103477478,
        "y": 0.4447116553783417,
        "z": -0.23867397010326385
    },
    "landmark_15": {
        "x": 0.48450055718421936,
        "y": 0.45424389839172363,
        "z": -0.48662835359573364
    },
    "landmark_16": {
        "x": 0.4242676794528961,
        "y": 0.40045323967933655,
        "z": -0.4570698142051697
    },
    "landmark_17": {
        "x": 0.4736781716346741,
        "y": 0.46424657106399536,
        "z": -0.5328398942947388
    },
    "landmark_18": {
        "x": 0.4242643713951111,
        "y": 0.3876533508300781,
        "z": -0.49792593717575073
    },
    "landmark_19": {
        "x": 0.46745410561561584,
        "y": 0.4626534879207611,
        "z": -0.5172600746154785
    },
    "landmark_20": {
        "x": 0.42684921622276306,
        "y": 0.3796878457069397,
        "z": -0.4960988163948059
    },
    "landmark_21": {
        "x": 0.4698536992073059,
        "y": 0.46027708053588867,
        "z": -0.48528942465782166
    },
    "landmark_22": {
        "x": 0.4280020594596863,
        "y": 0.3845544457435608,
        "z": -0.4634775221347809
    },
    "landmark_23": {
        "x": 0.5220326781272888,
        "y": 0.6082978844642639,
        "z": -0.018595101311802864
    },
    "landmark_24": {
        "x": 0.48040884733200073,
        "y": 0.6190672516822815,
        "z": 0.018458358943462372
    },
    "landmark_25": {
        "x": 0.5525147318840027,
        "y": 0.729464054107666,
        "z": -0.04183994606137276
    },
    "landmark_26": {
        "x": 0.47755104303359985,
        "y": 0.7516447901725769,
        "z": 0.08490868657827377
    },
    "landmark_27": {
        "x": 0.5926370024681091,
        "y": 0.8506637811660767,
        "z": 0.013826338574290276
    },
    "landmark_28": {
        "x": 0.4876314103603363,
        "y": 0.841887891292572,
        "z": 0.24097804725170135
    },
    "landmark_29": {
        "x": 0.5915296077728271,
        "y": 0.8790708184242249,
        "z": 0.013054517097771168
    },
    "landmark_30": {
        "x": 0.4989992082118988,
        "y": 0.863231897354126,
        "z": 0.25166037678718567
    },
    "landmark_31": {
        "x": 0.6236364245414734,
        "y": 0.8621410131454468,
        "z": -0.08638586848974228
    },
    "landmark_32": {
        "x": 0.46899041533470154,
        "y": 0.8861703872680664,
        "z": 0.1763676553964615
    }
}