{
    "landmark_0": {
        "x": 0.4886079430580139,
        "y": 0.44284680485725403,
        "z": -0.21763260662555695
    },
    "landmark_1": {
        "x": 0.49002212285995483,
        "y": 0.4301260709762573,
        "z": -0.21540692448616028
    },
    "landmark_2": {
        "x": 0.49183234572410583,
        "y": 0.4280967712402344,
        "z": -0.2154323160648346
    },
    "landmark_3": {
        "x": 0.49382543563842773,
        "y": 0.42569077014923096,
        "z": -0.21550193428993225
    },
    "landmark_4": {
        "x": 0.48492079973220825,
        "y": 0.43121129274368286,
        "z": -0.21088948845863342
    },
    "landmark_5": {
        "x": 0.4830818772315979,
        "y": 0.42994391918182373,
        "z": -0.21092984080314636
    },
    "landmark_6": {
        "x": 0.4810815453529358,
        "y": 0.42858046293258667,
        "z": -0.21095845103263855
    },
    "landmark_7": {
        "x": 0.49721989035606384,
        "y": 0.41656503081321716,
        "z": -0.15078094601631165
    },
    "landmark_8": {
        "x": 0.47740665078163147,
        "y": 0.4226066470146179,
        "z": -0.128023162484169
    },
    "landmark_9": {
        "x": 0.4925547242164612,
        "y": 0.44605663418769836,
        "z": -0.18875332176685333
    },
    "landmark_10": {
        "x": 0.48637184500694275,
        "y": 0.44702839851379395,
        "z": -0.1823720782995224
    },
    "landmark_11": {
        "x": 0.5244198441505432,
        "y": 0.44670888781547546,
        "z": -0.10707896947860718
    },
    "landmark_12": {
        "x": 0.46037739515304565,
        "y": 0.4556502103805542,
        "z": -0.0726659968495369
    },
    "landmark_13": {
        "x": 0.5263007283210754,
        "y": 0.5140496492385864,
        "z": -0.164431631565094
    },
    "landmark_14": {
        "x": 0.44121742248535156,
        "y": 0.4787158966064453,
        "z": -0.15938213467597961
    },
    "landmark_15": {
        "x": 0.50865238904953,
        "y": 0.564923882484436,
        "z": -0.2729893922805786
    },
    "landmark_16": {
        "x": 0.4237515330314636,
        "y": 0.4173037111759186,
        "z": -0.31887346506118774
    },
    "landmark_17": {
        "x": 0.5066545605659485,
        "y": 0.5821982622146606,
        "z": -0.30006545782089233
    },
    "landmark_18": {
        "x": 0.41694068908691406,
        "y": 0.4079687297344208,
        "z": -0.35305285453796387
    },
    "landmark_19": {
        "x": 0.5009387135505676,
        "y": 0.5728018283843994,
        "z": -0.3111219108104706
    },
    "landmark_20": {
        "x": 0.41995900869369507,
        "y": 0.4039827883243561,
        "z": -0.3565930128097534
    },
    "landmark_21": {
        "x": 0.5004624724388123,
        "y": 0.5669031143188477,
        "z": -0.2792297899723053
    },
    "landmark_22": {
        "x": 0.4241236746311188,
        "y": 0.40900474786758423,
        "z": -0.32580500841140747
    },
    "landmark_23": {
        "x": 0.5243467688560486,
        "y": 0.623028039932251,
        "z": -0.004242949653416872
    },
    "landmark_24": {
        "x": 0.4808725416660309,
        "y": 0.6294881701469421,
        "z": 0.0041871340945363045
    },
    "landmark_25": {
        "x": 0.5729520320892334,
        "y": 0.709154486656189,
        "z": -0.11563701927661896
    },
    "landmark_26": {
        "x": 0.46339088678359985,
        "y": 0.7439735531806946,
        "z": -0.023852163925766945
    },
    "landmark_27": {
        "x": 0.577521800994873,
        "y": 0.8288206458091736,
        "z": -0.014510907232761383
    },
    "landmark_28": {
        "x": 0.4765087068080902,
        "y": 0.8243168592453003,
        "z": 0.14550341665744781
    },
    "landmark_29": {
        "x": 0.5705800652503967,
        "y": 0.8636526465415955,
        "z": -0.00889862421900034
    },
    "landmark_30": {
        "x": 0.48739227652549744,
        "y": 0.8358062505722046,
        "z": 0.15912801027297974
    },
    "landmark_31": {
        "x": 0.6108577847480774,
        "y": 0.8565935492515564,
        "z": -0.09208031743764877
    },
    "landmark_32": {
        "x": 0.4623797833919525,
        "y": 0.8753366470336914,
        "z": 0.10382704436779022
    }
}