{
    "landmark_0": {
        "x": 0.467835009098053,
        "y": 0.403320848941803,
        "z": -0.2324543297290802
    },
    "landmark_1": {
        "x": 0.47009581327438354,
        "y": 0.383770614862442,
        "z": -0.22197552025318146
    },
    "landmark_2": {
        "x": 0.4726797640323639,
        "y": 0.3822553753852844,
        "z": -0.22199030220508575
    },
    "landmark_3": {
        "x": 0.47550374269485474,
        "y": 0.3810572028160095,
        "z": -0.22199539840221405
    },
    "landmark_4": {
        "x": 0.46371397376060486,
        "y": 0.3862447142601013,
        "z": -0.22079738974571228
    },
    "landmark_5": {
        "x": 0.4617043137550354,
        "y": 0.38647592067718506,
        "z": -0.22084340453147888
    },
    "landmark_6": {
        "x": 0.459550678730011,
        "y": 0.38703563809394836,
        "z": -0.2208605259656906
    },
    "landmark_7": {
        "x": 0.48054876923561096,
        "y": 0.3820245862007141,
        "z": -0.13491329550743103
    },
    "landmark_8": {
        "x": 0.45774132013320923,
        "y": 0.3898419141769409,
        "z": -0.13101749122142792
    },
    "landmark_9": {
        "x": 0.47318917512893677,
        "y": 0.41136854887008667,
        "z": -0.19787617027759552
    },
    "landmark_10": {
        "x": 0.4649756848812103,
        "y": 0.4154262840747833,
        "z": -0.19702325761318207
    },
    "landmark_11": {
        "x": 0.5094247460365295,
        "y": 0.4386635720729828,
        "z": -0.08752806484699249
    },
    "landmark_12": {
        "x": 0.44088393449783325,
        "y": 0.4507652223110199,
        "z": -0.08608298748731613
    },
    "landmark_13": {
        "x": 0.5110559463500977,
        "y": 0.5191162824630737,
        "z": -0.1301766037940979
    },
    "landmark_14": {
        "x": 0.4257725775241852,
        "y": 0.5127885341644287,
        "z": -0.2158907949924469
    },
    "landmark_15": {
        "x": 0.5088492035865784,
        "y": 0.6023308038711548,
        "z": -0.22884061932563782
    },
    "landmark_16": {
        "x": 0.42132216691970825,
        "y": 0.4321335554122925,
        "z": -0.41257938742637634
    },
    "landmark_17": {
        "x": 0.5100076794624329,
        "y": 0.6238194704055786,
        "z": -0.2551977038383484
    },
    "landmark_18": {
        "x": 0.41646724939346313,
        "y": 0.41574424505233765,
        "z": -0.4555816054344177
    },
    "landmark_19": {
        "x": 0.5055924654006958,
        "y": 0.6222703456878662,
        "z": -0.2659938335418701
    },
    "landmark_20": {
        "x": 0.41971033811569214,
        "y": 0.40937355160713196,
        "z": -0.453153520822525
    },
    "landmark_21": {
        "x": 0.5028672814369202,
        "y": 0.6152156591415405,
        "z": -0.23543700575828552
    },
    "landmark_22": {
        "x": 0.4232061505317688,
        "y": 0.41554543375968933,
        "z": -0.4172380566596985
    },
    "landmark_23": {
        "x": 0.5131284594535828,
        "y": 0.6365046501159668,
        "z": -0.003768444061279297
    },
    "landmark_24": {
        "x": 0.47408610582351685,
        "y": 0.6478652954101562,
        "z": 0.0036602006293833256
    },
    "landmark_25": {
        "x": 0.5560369491577148,
        "y": 0.7351514101028442,
        "z": -0.01628313958644867
    },
    "landmark_26": {
        "x": 0.4662710130214691,
        "y": 0.7661240696907043,
        "z": 0.05117160826921463
    },
    "landmark_27": {
        "x": 0.5943299531936646,
        "y": 0.8425076603889465,
        "z": 0.08503103256225586
    },
    "landmark_28": {
        "x": 0.48482218384742737,
        "y": 0.8548120260238647,
        "z": 0.2241247594356537
    },
    "landmark_29": {
        "x": 0.5951602458953857,
        "y": 0.8731802105903625,
        "z": 0.08976196497678757
    },
    "landmark_30": {
        "x": 0.49462834000587463,
        "y": 0.8692221641540527,
        "z": 0.2377147376537323
    },
    "landmark_31": {
        "x": 0.6255800127983093,
        "y": 0.8601680994033813,
        "z": -0.0032345596700906754
    },
    "landmark_32": {
        "x": 0.46524184942245483,
        "y": 0.8956063389778137,
        "z": 0.16313277184963226
    }
}