{
    "landmark_0": {
        "x": 0.46888303756713867,
        "y": 0.4428277611732483,
        "z": -0.18756093084812164
    },
    "landmark_1": {
        "x": 0.46850281953811646,
        "y": 0.4276992082595825,
        "z": -0.18403972685337067
    },
    "landmark_2": {
        "x": 0.469830185174942,
        "y": 0.4269234240055084,
        "z": -0.1840895414352417
    },
    "landmark_3": {
        "x": 0.47151294350624084,
        "y": 0.42664530873298645,
        "z": -0.18414078652858734
    },
    "landmark_4": {
        "x": 0.4655378460884094,
        "y": 0.42840903997421265,
        "z": -0.1776302009820938
    },
    "landmark_5": {
        "x": 0.4646557867527008,
        "y": 0.42792102694511414,
        "z": -0.17765077948570251
    },
    "landmark_6": {
        "x": 0.4637370705604553,
        "y": 0.4278542399406433,
        "z": -0.1776512861251831
    },
    "landmark_7": {
        "x": 0.4763607084751129,
        "y": 0.4256400763988495,
        "z": -0.11906590312719345
    },
    "landmark_8": {
        "x": 0.4632677435874939,
        "y": 0.4271691143512726,
        "z": -0.08980341255664825
    },
    "landmark_9": {
        "x": 0.47335606813430786,
        "y": 0.4484628140926361,
        "z": -0.1592560112476349
    },
    "landmark_10": {
        "x": 0.4686061441898346,
        "y": 0.45028653740882874,
        "z": -0.15121476352214813
    },
    "landmark_11": {
        "x": 0.5113050937652588,
        "y": 0.4704667925834656,
        "z": -0.09539394080638885
    },
    "landmark_12": {
        "x": 0.4455888271331787,
        "y": 0.4756280779838562,
        "z": -0.019585836678743362
    },
    "landmark_13": {
        "x": 0.5110124349594116,
        "y": 0.5439373254776001,
        "z": -0.181473508477211
    },
    "landmark_14": {
        "x": 0.4348214268684387,
        "y": 0.5229392647743225,
        "z": -0.11050768196582794
    },
    "landmark_15": {
        "x": 0.4620572626590729,
        "y": 0.5472182035446167,
        "z": -0.2727252244949341
    },
    "landmark_16": {
        "x": 0.41955918073654175,
        "y": 0.4580055773258209,
        "z": -0.2893403470516205
    },
    "landmark_17": {
        "x": 0.44880715012550354,
        "y": 0.5582267045974731,
        "z": -0.30156266689300537
    },
    "landmark_18": {
        "x": 0.41287630796432495,
        "y": 0.4407891035079956,
        "z": -0.32083266973495483
    },
    "landmark_19": {
        "x": 0.4454902708530426,
        "y": 0.5451158285140991,
        "z": -0.2949085533618927
    },
    "landmark_20": {
        "x": 0.41690880060195923,
        "y": 0.4369450807571411,
        "z": -0.3219268023967743
    },
    "landmark_21": {
        "x": 0.4505783021450043,
        "y": 0.5430362224578857,
        "z": -0.27019402384757996
    },
    "landmark_22": {
        "x": 0.4203549027442932,
        "y": 0.44636857509613037,
        "z": -0.29487860202789307
    },
    "landmark_23": {
        "x": 0.5074816942214966,
        "y": 0.6408887505531311,
        "z": -0.018701625987887383
    },
    "landmark_24": {
        "x": 0.4670109152793884,
        "y": 0.6511451005935669,
        "z": 0.0186732467263937
    },
    "landmark_25": {
        "x": 0.5434190630912781,
        "y": 0.7447665929794312,
        "z": -0.06492278724908829
    },
    "landmark_26": {
        "x": 0.45614272356033325,
        "y": 0.7657607793807983,
        "z": 0.0013945457758381963
    },
    "landmark_27": {
        "x": 0.588663637638092,
        "y": 0.8435618877410889,
        "z": 0.003991395700722933
    },
    "landmark_28": {
        "x": 0.4741312861442566,
        "y": 0.8615434169769287,
        "z": 0.13920511305332184
    },
    "landmark_29": {
        "x": 0.5880901217460632,
        "y": 0.8657934665679932,
        "z": 0.006771406624466181
    },
    "landmark_30": {
        "x": 0.48552727699279785,
        "y": 0.8817088007926941,
        "z": 0.1492924988269806
    },
    "landmark_31": {
        "x": 0.6207616925239563,
        "y": 0.8522785902023315,
        "z": -0.07487878203392029
    },
    "landmark_32": {
        "x": 0.4561997354030609,
        "y": 0.9039772152900696,
        "z": 0.08468461781740189
    }
}