{
    "landmark_0": {
        "x": 0.5067787766456604,
        "y": 0.457509309053421,
        "z": -0.29748615622520447
    },
    "landmark_1": {
        "x": 0.5093771815299988,
        "y": 0.4466225206851959,
        "z": -0.29056936502456665
    },
    "landmark_2": {
        "x": 0.5111730098724365,
        "y": 0.44576919078826904,
        "z": -0.2905651330947876
    },
    "landmark_3": {
        "x": 0.5131322145462036,
        "y": 0.44496452808380127,
        "z": -0.2906437814235687
    },
    "landmark_4": {
        "x": 0.5039265155792236,
        "y": 0.44540002942085266,
        "z": -0.2939647436141968
    },
    "landmark_5": {
        "x": 0.5018512010574341,
        "y": 0.443703293800354,
        "z": -0.29400789737701416
    },
    "landmark_6": {
        "x": 0.499498188495636,
        "y": 0.4422213137149811,
        "z": -0.2940424084663391
    },
    "landmark_7": {
        "x": 0.5133878588676453,
        "y": 0.4396814703941345,
        "z": -0.2065804898738861
    },
    "landmark_8": {
        "x": 0.49356335401535034,
        "y": 0.4383690655231476,
        "z": -0.2192637026309967
    },
    "landmark_9": {
        "x": 0.5086537003517151,
        "y": 0.4625036418437958,
        "z": -0.26101750135421753
    },
    "landmark_10": {
        "x": 0.5020433664321899,
        "y": 0.4626345634460449,
        "z": -0.26497066020965576
    },
    "landmark_11": {
        "x": 0.5321035981178284,
        "y": 0.4768708050251007,
        "z": -0.13395969569683075
    },
    "landmark_12": {
        "x": 0.4688761830329895,
        "y": 0.47980254888534546,
        "z": -0.18592751026153564
    },
    "landmark_13": {
        "x": 0.556571900844574,
        "y": 0.49758702516555786,
        "z": -0.2451501339673996
    },
    "landmark_14": {
        "x": 0.48604345321655273,
        "y": 0.5521517395973206,
        "z": -0.29597264528274536
    },
    "landmark_15": {
        "x": 0.5634626746177673,
        "y": 0.45159849524497986,
        "z": -0.3904266953468323
    },
    "landmark_16": {
        "x": 0.5309126973152161,
        "y": 0.5243096351623535,
        "z": -0.3991713225841522
    },
    "landmark_17": {
        "x": 0.5679262280464172,
        "y": 0.43797820806503296,
        "z": -0.4237915575504303
    },
    "landmark_18": {
        "x": 0.5424827933311462,
        "y": 0.5194739699363708,
        "z": -0.43249407410621643
    },
    "landmark_19": {
        "x": 0.565236508846283,
        "y": 0.43538427352905273,
        "z": -0.42580103874206543
    },
    "landmark_20": {
        "x": 0.5414935946464539,
        "y": 0.5110101699829102,
        "z": -0.42378464341163635
    },
    "landmark_21": {
        "x": 0.5591785311698914,
        "y": 0.44571366906166077,
        "z": -0.39646875858306885
    },
    "landmark_22": {
        "x": 0.5380175709724426,
        "y": 0.5137361884117126,
        "z": -0.39848801493644714
    },
    "landmark_23": {
        "x": 0.5137850642204285,
        "y": 0.6483270525932312,
        "z": 0.0007902107900008559
    },
    "landmark_24": {
        "x": 0.4704810082912445,
        "y": 0.6435803174972534,
        "z": -0.000725079036783427
    },
    "landmark_25": {
        "x": 0.5218176245689392,
        "y": 0.7667742967605591,
        "z": -0.07215780764818192
    },
    "landmark_26": {
        "x": 0.4186533987522125,
        "y": 0.7457836866378784,
        "z": -0.08559545874595642
    },
    "landmark_27": {
        "x": 0.5126588344573975,
        "y": 0.8609580397605896,
        "z": 0.09366475045681
    },
    "landmark_28": {
        "x": 0.387582004070282,
        "y": 0.8522100448608398,
        "z": 0.0070633129216730595
    },
    "landmark_29": {
        "x": 0.5038677453994751,
        "y": 0.8799930810928345,
        "z": 0.10537950694561005
    },
    "landmark_30": {
        "x": 0.3883582651615143,
        "y": 0.87879878282547,
        "z": 0.010894030332565308
    },
    "landmark_31": {
        "x": 0.5282268524169922,
        "y": 0.9073671698570251,
        "z": 0.02193145453929901
    },
    "landmark_32": {
        "x": 0.35980165004730225,
        "y": 0.8785907030105591,
        "z": -0.08182830363512039
    }
}