{
    "landmark_0": {
        "x": 0.4859338700771332,
        "y": 0.35553619265556335,
        "z": -0.18517565727233887
    },
    "landmark_1": {
        "x": 0.4906632900238037,
        "y": 0.34168216586112976,
        "z": -0.17472101747989655
    },
    "landmark_2": {
        "x": 0.4937581419944763,
        "y": 0.3415519893169403,
        "z": -0.17477001249790192
    },
    "landmark_3": {
        "x": 0.4968132972717285,
        "y": 0.3416893482208252,
        "z": -0.174793541431427
    },
    "landmark_4": {
        "x": 0.482445627450943,
        "y": 0.341655969619751,
        "z": -0.16826169192790985
    },
    "landmark_5": {
        "x": 0.47995153069496155,
        "y": 0.3416907787322998,
        "z": -0.16829480230808258
    },
    "landmark_6": {
        "x": 0.47750478982925415,
        "y": 0.34181421995162964,
        "z": -0.16830825805664062
    },
    "landmark_7": {
        "x": 0.5016258358955383,
        "y": 0.34766724705696106,
        "z": -0.0997997596859932
    },
    "landmark_8": {
        "x": 0.4736620783805847,
        "y": 0.34935447573661804,
        "z": -0.06952900439500809
    },
    "landmark_9": {
        "x": 0.49239593744277954,
        "y": 0.37007832527160645,
        "z": -0.1574256867170334
    },
    "landmark_10": {
        "x": 0.4806201457977295,
        "y": 0.3709164559841156,
        "z": -0.14910267293453217
    },
    "landmark_11": {
        "x": 0.5210316181182861,
        "y": 0.4196966886520386,
        "z": -0.08203700929880142
    },
    "landmark_12": {
        "x": 0.4562237858772278,
        "y": 0.4195502698421478,
        "z": -0.029580196365714073
    },
    "landmark_13": {
        "x": 0.5135874152183533,
        "y": 0.4995638430118561,
        "z": -0.19217821955680847
    },
    "landmark_14": {
        "x": 0.4262324273586273,
        "y": 0.41896215081214905,
        "z": -0.1367659717798233
    },
    "landmark_15": {
        "x": 0.49488773941993713,
        "y": 0.5359992384910583,
        "z": -0.329672247171402
    },
    "landmark_16": {
        "x": 0.4249618649482727,
        "y": 0.3520256578922272,
        "z": -0.2890273928642273
    },
    "landmark_17": {
        "x": 0.49247798323631287,
        "y": 0.5540291666984558,
        "z": -0.36084920167922974
    },
    "landmark_18": {
        "x": 0.42459672689437866,
        "y": 0.33190321922302246,
        "z": -0.3239852786064148
    },
    "landmark_19": {
        "x": 0.48849183320999146,
        "y": 0.545681893825531,
        "z": -0.36754706501960754
    },
    "landmark_20": {
        "x": 0.4285734295845032,
        "y": 0.3276378810405731,
        "z": -0.31658127903938293
    },
    "landmark_21": {
        "x": 0.4875345826148987,
        "y": 0.5398178696632385,
        "z": -0.33551308512687683
    },
    "landmark_22": {
        "x": 0.43046778440475464,
        "y": 0.3351816236972809,
        "z": -0.2919420599937439
    },
    "landmark_23": {
        "x": 0.5060003995895386,
        "y": 0.6139311790466309,
        "z": -0.002096030628308654
    },
    "landmark_24": {
        "x": 0.46358245611190796,
        "y": 0.6215017437934875,
        "z": 0.0020028548315167427
    },
    "landmark_25": {
        "x": 0.5426954030990601,
        "y": 0.7369328141212463,
        "z": -0.037446748465299606
    },
    "landmark_26": {
        "x": 0.4675862789154053,
        "y": 0.7567899227142334,
        "z": 0.052983593195676804
    },
    "landmark_27": {
        "x": 0.5659685730934143,
        "y": 0.8430134057998657,
        "z": 0.09336469322443008
    },
    "landmark_28": {
        "x": 0.47440141439437866,
        "y": 0.8335816860198975,
        "z": 0.25526270270347595
    },
    "landmark_29": {
        "x": 0.5641554594039917,
        "y": 0.8688695430755615,
        "z": 0.10208962112665176
    },
    "landmark_30": {
        "x": 0.4810795187950134,
        "y": 0.8460332155227661,
        "z": 0.2718439996242523
    },
    "landmark_31": {
        "x": 0.5969706177711487,
        "y": 0.8657842874526978,
        "z": 0.00554034486413002
    },
    "landmark_32": {
        "x": 0.46800193190574646,
        "y": 0.8818671107292175,
        "z": 0.18983834981918335
    }
}