{
    "landmark_0": {
        "x": 0.5113546252250671,
        "y": 0.36155763268470764,
        "z": -0.11008229106664658
    },
    "landmark_1": {
        "x": 0.5135681629180908,
        "y": 0.3517225682735443,
        "z": -0.09337569773197174
    },
    "landmark_2": {
        "x": 0.5152974724769592,
        "y": 0.35178619623184204,
        "z": -0.09337174147367477
    },
    "landmark_3": {
        "x": 0.5171740651130676,
        "y": 0.351946085691452,
        "z": -0.09338266402482986
    },
    "landmark_4": {
        "x": 0.5093551874160767,
        "y": 0.350551962852478,
        "z": -0.10034692287445068
    },
    "landmark_5": {
        "x": 0.5080849528312683,
        "y": 0.34994375705718994,
        "z": -0.10033775866031647
    },
    "landmark_6": {
        "x": 0.5065931081771851,
        "y": 0.34937039017677307,
        "z": -0.10035822540521622
    },
    "landmark_7": {
        "x": 0.5183122754096985,
        "y": 0.3550068438053131,
        "z": -0.004356267396360636
    },
    "landmark_8": {
        "x": 0.5037128329277039,
        "y": 0.3529943525791168,
        "z": -0.03342907875776291
    },
    "landmark_9": {
        "x": 0.5139830112457275,
        "y": 0.3699093759059906,
        "z": -0.07578317075967789
    },
    "landmark_10": {
        "x": 0.5079618096351624,
        "y": 0.3692004680633545,
        "z": -0.08458118140697479
    },
    "landmark_11": {
        "x": 0.5327788591384888,
        "y": 0.41644877195358276,
        "z": 0.017357412725687027
    },
    "landmark_12": {
        "x": 0.47749829292297363,
        "y": 0.4021051228046417,
        "z": -0.04489006847143173
    },
    "landmark_13": {
        "x": 0.5614310503005981,
        "y": 0.4034094214439392,
        "z": -0.1280127316713333
    },
    "landmark_14": {
        "x": 0.5072791576385498,
        "y": 0.42822548747062683,
        "z": -0.12987789511680603
    },
    "landmark_15": {
        "x": 0.5446671843528748,
        "y": 0.3160950243473053,
        "z": -0.2599570155143738
    },
    "landmark_16": {
        "x": 0.5478461980819702,
        "y": 0.4096522331237793,
        "z": -0.12814784049987793
    },
    "landmark_17": {
        "x": 0.5463383197784424,
        "y": 0.29160454869270325,
        "z": -0.28913313150405884
    },
    "landmark_18": {
        "x": 0.5582648515701294,
        "y": 0.4054867625236511,
        "z": -0.14828257262706757
    },
    "landmark_19": {
        "x": 0.5436159372329712,
        "y": 0.2938058376312256,
        "z": -0.27655816078186035
    },
    "landmark_20": {
        "x": 0.5517274141311646,
        "y": 0.4049754738807678,
        "z": -0.13701587915420532
    },
    "landmark_21": {
        "x": 0.5423119068145752,
        "y": 0.3046550452709198,
        "z": -0.2606232464313507
    },
    "landmark_22": {
        "x": 0.5489493012428284,
        "y": 0.4099453091621399,
        "z": -0.12426652759313583
    },
    "landmark_23": {
        "x": 0.5196048617362976,
        "y": 0.6108101606369019,
        "z": -0.0037029688246548176
    },
    "landmark_24": {
        "x": 0.47679153084754944,
        "y": 0.6034784317016602,
        "z": 0.0037793382070958614
    },
    "landmark_25": {
        "x": 0.5375937819480896,
        "y": 0.742871105670929,
        "z": -0.06288865953683853
    },
    "landmark_26": {
        "x": 0.4112497866153717,
        "y": 0.6823087930679321,
        "z": -0.1022409200668335
    },
    "landmark_27": {
        "x": 0.5247930288314819,
        "y": 0.8391636610031128,
        "z": 0.14313799142837524
    },
    "landmark_28": {
        "x": 0.417625367641449,
        "y": 0.8039353489875793,
        "z": 0.08415115624666214
    },
    "landmark_29": {
        "x": 0.5170047283172607,
        "y": 0.8516451716423035,
        "z": 0.1598224639892578
    },
    "landmark_30": {
        "x": 0.4249191880226135,
        "y": 0.8295539617538452,
        "z": 0.09875674545764923
    },
    "landmark_31": {
        "x": 0.5313131809234619,
        "y": 0.8931607007980347,
        "z": 0.07821499556303024
    },
    "landmark_32": {
        "x": 0.37900444865226746,
        "y": 0.8285404443740845,
        "z": 0.027505356818437576
    }
}