{
    "landmark_0": {
        "x": 0.48353561758995056,
        "y": 0.36457812786102295,
        "z": -0.20075055956840515
    },
    "landmark_1": {
        "x": 0.4868709146976471,
        "y": 0.3509744703769684,
        "z": -0.18978886306285858
    },
    "landmark_2": {
        "x": 0.4892521798610687,
        "y": 0.3505362868309021,
        "z": -0.18981707096099854
    },
    "landmark_3": {
        "x": 0.4917106032371521,
        "y": 0.350275456905365,
        "z": -0.1898343563079834
    },
    "landmark_4": {
        "x": 0.4801749587059021,
        "y": 0.35162365436553955,
        "z": -0.18745920062065125
    },
    "landmark_5": {
        "x": 0.4779316484928131,
        "y": 0.35166555643081665,
        "z": -0.18745236098766327
    },
    "landmark_6": {
        "x": 0.47564658522605896,
        "y": 0.35182780027389526,
        "z": -0.18742898106575012
    },
    "landmark_7": {
        "x": 0.49541908502578735,
        "y": 0.35401296615600586,
        "z": -0.10914723575115204
    },
    "landmark_8": {
        "x": 0.4715898931026459,
        "y": 0.3568252623081207,
        "z": -0.09718954563140869
    },
    "landmark_9": {
        "x": 0.488552987575531,
        "y": 0.3740648031234741,
        "z": -0.1692364662885666
    },
    "landmark_10": {
        "x": 0.47896426916122437,
        "y": 0.37649914622306824,
        "z": -0.1660274714231491
    },
    "landmark_11": {
        "x": 0.5179792046546936,
        "y": 0.4059482216835022,
        "z": -0.10092400014400482
    },
    "landmark_12": {
        "x": 0.4566431939601898,
        "y": 0.41839948296546936,
        "z": -0.06410975754261017
    },
    "landmark_13": {
        "x": 0.5226725339889526,
        "y": 0.4507500231266022,
        "z": -0.28349873423576355
    },
    "landmark_14": {
        "x": 0.4369293749332428,
        "y": 0.4475400745868683,
        "z": -0.2457745373249054
    },
    "landmark_15": {
        "x": 0.4811932146549225,
        "y": 0.4441467821598053,
        "z": -0.4489207863807678
    },
    "landmark_16": {
        "x": 0.42476290464401245,
        "y": 0.3857550621032715,
        "z": -0.46127447485923767
    },
    "landmark_17": {
        "x": 0.470064252614975,
        "y": 0.4543929100036621,
        "z": -0.49041715264320374
    },
    "landmark_18": {
        "x": 0.42283496260643005,
        "y": 0.37078750133514404,
        "z": -0.502619206905365
    },
    "landmark_19": {
        "x": 0.4656432569026947,
        "y": 0.4516904056072235,
        "z": -0.47733941674232483
    },
    "landmark_20": {
        "x": 0.425041139125824,
        "y": 0.36324283480644226,
        "z": -0.5008378624916077
    },
    "landmark_21": {
        "x": 0.46776947379112244,
        "y": 0.44972196221351624,
        "z": -0.44811517000198364
    },
    "landmark_22": {
        "x": 0.42685428261756897,
        "y": 0.369780570268631,
        "z": -0.4676343500614166
    },
    "landmark_23": {
        "x": 0.5223130583763123,
        "y": 0.6048476696014404,
        "z": -0.012809040024876595
    },
    "landmark_24": {
        "x": 0.479882150888443,
        "y": 0.6174903512001038,
        "z": 0.012655620463192463
    },
    "landmark_25": {
        "x": 0.5546399354934692,
        "y": 0.7112792730331421,
        "z": -0.02953878417611122
    },
    "landmark_26": {
        "x": 0.47672948241233826,
        "y": 0.7480801939964294,
        "z": 0.052269160747528076
    },
    "landmark_27": {
        "x": 0.5954591035842896,
        "y": 0.8324580788612366,
        "z": 0.031670063734054565
    },
    "landmark_28": {
        "x": 0.4889141619205475,
        "y": 0.8438262343406677,
        "z": 0.18573994934558868
    },
    "landmark_29": {
        "x": 0.5942080616950989,
        "y": 0.8559176921844482,
        "z": 0.031488217413425446
    },
    "landmark_30": {
        "x": 0.5000994205474854,
        "y": 0.8641414046287537,
        "z": 0.1940983086824417
    },
    "landmark_31": {
        "x": 0.6251317262649536,
        "y": 0.8522264957427979,
        "z": -0.06444739550352097
    },
    "landmark_32": {
        "x": 0.47073251008987427,
        "y": 0.885529637336731,
        "z": 0.11838839203119278
    }
}