{
    "landmark_0": {
        "x": 0.4796736240386963,
        "y": 0.3779042661190033,
        "z": -0.1882360279560089
    },
    "landmark_1": {
        "x": 0.48293977975845337,
        "y": 0.36205992102622986,
        "z": -0.1776917427778244
    },
    "landmark_2": {
        "x": 0.4851958155632019,
        "y": 0.36122068762779236,
        "z": -0.17774252593517303
    },
    "landmark_3": {
        "x": 0.4875982701778412,
        "y": 0.3606022000312805,
        "z": -0.1777818650007248
    },
    "landmark_4": {
        "x": 0.477074533700943,
        "y": 0.3631095588207245,
        "z": -0.17526975274085999
    },
    "landmark_5": {
        "x": 0.4751674234867096,
        "y": 0.3629385232925415,
        "z": -0.17528747022151947
    },
    "landmark_6": {
        "x": 0.4731828570365906,
        "y": 0.3629399538040161,
        "z": -0.1752888560295105
    },
    "landmark_7": {
        "x": 0.4919896721839905,
        "y": 0.3646116554737091,
        "z": -0.0989760160446167
    },
    "landmark_8": {
        "x": 0.4698525369167328,
        "y": 0.3670874834060669,
        "z": -0.08657955378293991
    },
    "landmark_9": {
        "x": 0.4843575954437256,
        "y": 0.388334184885025,
        "z": -0.15739993751049042
    },
    "landmark_10": {
        "x": 0.47624439001083374,
        "y": 0.3910456895828247,
        "z": -0.15400809049606323
    },
    "landmark_11": {
        "x": 0.5190413594245911,
        "y": 0.42205652594566345,
        "z": -0.07706290483474731
    },
    "landmark_12": {
        "x": 0.4504924714565277,
        "y": 0.424223929643631,
        "z": -0.03783055394887924
    },
    "landmark_13": {
        "x": 0.5172383785247803,
        "y": 0.47836190462112427,
        "z": -0.1939689815044403
    },
    "landmark_14": {
        "x": 0.42903465032577515,
        "y": 0.47739872336387634,
        "z": -0.15599003434181213
    },
    "landmark_15": {
        "x": 0.47001728415489197,
        "y": 0.4741719663143158,
        "z": -0.3395324647426605
    },
    "landmark_16": {
        "x": 0.4175495505332947,
        "y": 0.39261725544929504,
        "z": -0.3508082330226898
    },
    "landmark_17": {
        "x": 0.461308091878891,
        "y": 0.47911974787712097,
        "z": -0.37653666734695435
    },
    "landmark_18": {
        "x": 0.4140546917915344,
        "y": 0.3774701952934265,
        "z": -0.3923007547855377
    },
    "landmark_19": {
        "x": 0.45931100845336914,
        "y": 0.47187697887420654,
        "z": -0.37241286039352417
    },
    "landmark_20": {
        "x": 0.41675758361816406,
        "y": 0.37087470293045044,
        "z": -0.39049920439720154
    },
    "landmark_21": {
        "x": 0.46182870864868164,
        "y": 0.47096964716911316,
        "z": -0.3413316011428833
    },
    "landmark_22": {
        "x": 0.4198058247566223,
        "y": 0.37624603509902954,
        "z": -0.35624951124191284
    },
    "landmark_23": {
        "x": 0.5164987444877625,
        "y": 0.611515998840332,
        "z": -0.006338647101074457
    },
    "landmark_24": {
        "x": 0.47307366132736206,
        "y": 0.6197175979614258,
        "z": 0.0062413522973656654
    },
    "landmark_25": {
        "x": 0.5586148500442505,
        "y": 0.7148727178573608,
        "z": -0.0650596022605896
    },
    "landmark_26": {
        "x": 0.4562973082065582,
        "y": 0.7461512088775635,
        "z": -0.06700079888105392
    },
    "landmark_27": {
        "x": 0.5806388258934021,
        "y": 0.83697909116745,
        "z": 0.04346472769975662
    },
    "landmark_28": {
        "x": 0.47829192876815796,
        "y": 0.840025782585144,
        "z": 0.0855545848608017
    },
    "landmark_29": {
        "x": 0.5761345624923706,
        "y": 0.8672808408737183,
        "z": 0.04852316528558731
    },
    "landmark_30": {
        "x": 0.4889407753944397,
        "y": 0.856410562992096,
        "z": 0.09625358134508133
    },
    "landmark_31": {
        "x": 0.6070194244384766,
        "y": 0.8649684190750122,
        "z": -0.04528683423995972
    },
    "landmark_32": {
        "x": 0.46813130378723145,
        "y": 0.8946558833122253,
        "z": 0.019110379740595818
    }
}