{
    "landmark_0": {
        "x": 0.48631149530410767,
        "y": 0.45799997448921204,
        "z": -0.29973962903022766
    },
    "landmark_1": {
        "x": 0.488790899515152,
        "y": 0.4430089294910431,
        "z": -0.2931078374385834
    },
    "landmark_2": {
        "x": 0.49031561613082886,
        "y": 0.43592390418052673,
        "z": -0.2931482195854187
    },
    "landmark_3": {
        "x": 0.4928129315376282,
        "y": 0.4366814196109772,
        "z": -0.2932436168193817
    },
    "landmark_4": {
        "x": 0.4816094934940338,
        "y": 0.4460873007774353,
        "z": -0.28841403126716614
    },
    "landmark_5": {
        "x": 0.4790087640285492,
        "y": 0.4329068064689636,
        "z": -0.2884669601917267
    },
    "landmark_6": {
        "x": 0.4765225946903229,
        "y": 0.43322473764419556,
        "z": -0.28853827714920044
    },
    "landmark_7": {
        "x": 0.4951972961425781,
        "y": 0.4366421699523926,
        "z": -0.2175627201795578
    },
    "landmark_8": {
        "x": 0.4759330749511719,
        "y": 0.4365096092224121,
        "z": -0.1958259642124176
    },
    "landmark_9": {
        "x": 0.49198079109191895,
        "y": 0.4657015800476074,
        "z": -0.26773396134376526
    },
    "landmark_10": {
        "x": 0.48435789346694946,
        "y": 0.4614853262901306,
        "z": -0.26186680793762207
    },
    "landmark_11": {
        "x": 0.5186989903450012,
        "y": 0.47118139266967773,
        "z": -0.15651418268680573
    },
    "landmark_12": {
        "x": 0.46338850259780884,
        "y": 0.5008333325386047,
        "z": -0.10917017608880997
    },
    "landmark_13": {
        "x": 0.5143026113510132,
        "y": 0.5438475608825684,
        "z": -0.15867313742637634
    },
    "landmark_14": {
        "x": 0.4821304678916931,
        "y": 0.5827988386154175,
        "z": -0.06655050069093704
    },
    "landmark_15": {
        "x": 0.46501612663269043,
        "y": 0.5274271965026855,
        "z": -0.18570487201213837
    },
    "landmark_16": {
        "x": 0.5104995965957642,
        "y": 0.5851688981056213,
        "z": -0.07721620053052902
    },
    "landmark_17": {
        "x": 0.45066434144973755,
        "y": 0.5382975339889526,
        "z": -0.20204326510429382
    },
    "landmark_18": {
        "x": 0.5185549259185791,
        "y": 0.5947446823120117,
        "z": -0.08661918342113495
    },
    "landmark_19": {
        "x": 0.45165205001831055,
        "y": 0.5293889045715332,
        "z": -0.20133928954601288
    },
    "landmark_20": {
        "x": 0.5155680179595947,
        "y": 0.5848857164382935,
        "z": -0.09667465835809708
    },
    "landmark_21": {
        "x": 0.45514044165611267,
        "y": 0.525182843208313,
        "z": -0.18353065848350525
    },
    "landmark_22": {
        "x": 0.51365065574646,
        "y": 0.5780158042907715,
        "z": -0.08076967298984528
    },
    "landmark_23": {
        "x": 0.5155256390571594,
        "y": 0.6237875819206238,
        "z": -0.0036400228273123503
    },
    "landmark_24": {
        "x": 0.47162574529647827,
        "y": 0.6355297565460205,
        "z": 0.0036860574036836624
    },
    "landmark_25": {
        "x": 0.5711809396743774,
        "y": 0.6872925162315369,
        "z": -0.16051888465881348
    },
    "landmark_26": {
        "x": 0.44961053133010864,
        "y": 0.7559322714805603,
        "z": -0.14334404468536377
    },
    "landmark_27": {
        "x": 0.5746246576309204,
        "y": 0.8198282122612,
        "z": -0.0084323575720191
    },
    "landmark_28": {
        "x": 0.4707866311073303,
        "y": 0.8506917357444763,
        "z": -0.002162940800189972
    },
    "landmark_29": {
        "x": 0.5675894618034363,
        "y": 0.8459258079528809,
        "z": 0.003038969123736024
    },
    "landmark_30": {
        "x": 0.4808834195137024,
        "y": 0.8646474480628967,
        "z": 0.00833392608910799
    },
    "landmark_31": {
        "x": 0.6058909893035889,
        "y": 0.8466724753379822,
        "z": -0.0783352479338646
    },
    "landmark_32": {
        "x": 0.45791929960250854,
        "y": 0.9045073390007019,
        "z": -0.076554074883461
    }
}