{
    "landmark_0": {
        "x": 0.5157890915870667,
        "y": 0.351310670375824,
        "z": -0.09298700839281082
    },
    "landmark_1": {
        "x": 0.5176140666007996,
        "y": 0.3422858417034149,
        "z": -0.0754895955324173
    },
    "landmark_2": {
        "x": 0.518956184387207,
        "y": 0.34176164865493774,
        "z": -0.07545293867588043
    },
    "landmark_3": {
        "x": 0.5202925205230713,
        "y": 0.34101662039756775,
        "z": -0.0754442811012268
    },
    "landmark_4": {
        "x": 0.5129730701446533,
        "y": 0.34035181999206543,
        "z": -0.08807460963726044
    },
    "landmark_5": {
        "x": 0.5111691355705261,
        "y": 0.33862289786338806,
        "z": -0.08809615671634674
    },
    "landmark_6": {
        "x": 0.5094319581985474,
        "y": 0.33683308959007263,
        "z": -0.0881875604391098
    },
    "landmark_7": {
        "x": 0.5173668265342712,
        "y": 0.3392331898212433,
        "z": 0.01441251765936613
    },
    "landmark_8": {
        "x": 0.5028505325317383,
        "y": 0.33383363485336304,
        "z": -0.04073520377278328
    },
    "landmark_9": {
        "x": 0.5164072513580322,
        "y": 0.3586212694644928,
        "z": -0.057962704449892044
    },
    "landmark_10": {
        "x": 0.510527491569519,
        "y": 0.35706377029418945,
        "z": -0.07430505007505417
    },
    "landmark_11": {
        "x": 0.5284054279327393,
        "y": 0.39621636271476746,
        "z": 0.040076397359371185
    },
    "landmark_12": {
        "x": 0.47181159257888794,
        "y": 0.38401901721954346,
        "z": -0.055666081607341766
    },
    "landmark_13": {
        "x": 0.5490719676017761,
        "y": 0.35900405049324036,
        "z": -0.042065735906362534
    },
    "landmark_14": {
        "x": 0.5032081604003906,
        "y": 0.40889832377433777,
        "z": -0.07819392532110214
    },
    "landmark_15": {
        "x": 0.5414369702339172,
        "y": 0.27682024240493774,
        "z": -0.12531737983226776
    },
    "landmark_16": {
        "x": 0.5339193940162659,
        "y": 0.39554813504219055,
        "z": 0.017474524676799774
    },
    "landmark_17": {
        "x": 0.5392878651618958,
        "y": 0.2508827745914459,
        "z": -0.14684954285621643
    },
    "landmark_18": {
        "x": 0.541329026222229,
        "y": 0.3926563560962677,
        "z": 0.012559120543301105
    },
    "landmark_19": {
        "x": 0.5356420874595642,
        "y": 0.24910525977611542,
        "z": -0.13771362602710724
    },
    "landmark_20": {
        "x": 0.5394361019134521,
        "y": 0.39701634645462036,
        "z": 0.01300659216940403
    },
    "landmark_21": {
        "x": 0.5347936153411865,
        "y": 0.25903621315956116,
        "z": -0.12669289112091064
    },
    "landmark_22": {
        "x": 0.5379874110221863,
        "y": 0.40232053399086,
        "z": 0.020108109340071678
    },
    "landmark_23": {
        "x": 0.5194448828697205,
        "y": 0.600967288017273,
        "z": 0.000965943094342947
    },
    "landmark_24": {
        "x": 0.4761059284210205,
        "y": 0.5971779823303223,
        "z": -0.000882094434928149
    },
    "landmark_25": {
        "x": 0.5390114784240723,
        "y": 0.7239499688148499,
        "z": -0.14724063873291016
    },
    "landmark_26": {
        "x": 0.41907066106796265,
        "y": 0.6825089454650879,
        "z": -0.13769422471523285
    },
    "landmark_27": {
        "x": 0.5322730541229248,
        "y": 0.8311183452606201,
        "z": 0.02287609688937664
    },
    "landmark_28": {
        "x": 0.438892662525177,
        "y": 0.8066521286964417,
        "z": 0.05206871032714844
    },
    "landmark_29": {
        "x": 0.5246996283531189,
        "y": 0.8465965986251831,
        "z": 0.03583125025033951
    },
    "landmark_30": {
        "x": 0.45163974165916443,
        "y": 0.829711377620697,
        "z": 0.06782346963882446
    },
    "landmark_31": {
        "x": 0.5350918769836426,
        "y": 0.8921036720275879,
        "z": -0.04454238340258598
    },
    "landmark_32": {
        "x": 0.40534335374832153,
        "y": 0.8431881666183472,
        "z": 0.010670238174498081
    }
}