{
    "landmark_0": {
        "x": 0.5258684754371643,
        "y": 0.4607498049736023,
        "z": -0.01880488730967045
    },
    "landmark_1": {
        "x": 0.5284214019775391,
        "y": 0.44896435737609863,
        "z": -0.012907588854432106
    },
    "landmark_2": {
        "x": 0.5291969776153564,
        "y": 0.44827207922935486,
        "z": -0.012902957387268543
    },
    "landmark_3": {
        "x": 0.5300460457801819,
        "y": 0.44762328267097473,
        "z": -0.012961266562342644
    },
    "landmark_4": {
        "x": 0.526953399181366,
        "y": 0.4482263922691345,
        "z": -0.02583041787147522
    },
    "landmark_5": {
        "x": 0.5265994071960449,
        "y": 0.44688645005226135,
        "z": -0.025831852108240128
    },
    "landmark_6": {
        "x": 0.5261490345001221,
        "y": 0.44586995244026184,
        "z": -0.025895658880472183
    },
    "landmark_7": {
        "x": 0.5291132926940918,
        "y": 0.44564399123191833,
        "z": 0.027080323547124863
    },
    "landmark_8": {
        "x": 0.5239028930664062,
        "y": 0.44272559881210327,
        "z": -0.033672038465738297
    },
    "landmark_9": {
        "x": 0.5257012844085693,
        "y": 0.4673464596271515,
        "z": -0.0018599105533212423
    },
    "landmark_10": {
        "x": 0.5231599807739258,
        "y": 0.46662843227386475,
        "z": -0.02012995071709156
    },
    "landmark_11": {
        "x": 0.527600109577179,
        "y": 0.49682164192199707,
        "z": 0.06393308937549591
    },
    "landmark_12": {
        "x": 0.4953111708164215,
        "y": 0.4805324077606201,
        "z": -0.06661368161439896
    },
    "landmark_13": {
        "x": 0.5497639775276184,
        "y": 0.5054234862327576,
        "z": 0.14972132444381714
    },
    "landmark_14": {
        "x": 0.527706503868103,
        "y": 0.47848081588745117,
        "z": -0.16696235537528992
    },
    "landmark_15": {
        "x": 0.570173978805542,
        "y": 0.4671974182128906,
        "z": 0.23086734116077423
    },
    "landmark_16": {
        "x": 0.5496672987937927,
        "y": 0.44559043645858765,
        "z": -0.19378846883773804
    },
    "landmark_17": {
        "x": 0.5771846175193787,
        "y": 0.45545729994773865,
        "z": 0.25054264068603516
    },
    "landmark_18": {
        "x": 0.5552738904953003,
        "y": 0.41714128851890564,
        "z": -0.20991387963294983
    },
    "landmark_19": {
        "x": 0.5762738585472107,
        "y": 0.45118221640586853,
        "z": 0.24003930389881134
    },
    "landmark_20": {
        "x": 0.5537665486335754,
        "y": 0.4188087582588196,
        "z": -0.19880279898643494
    },
    "landmark_21": {
        "x": 0.5733284950256348,
        "y": 0.45431187748908997,
        "z": 0.22904913127422333
    },
    "landmark_22": {
        "x": 0.5525880455970764,
        "y": 0.4248408377170563,
        "z": -0.19080327451229095
    },
    "landmark_23": {
        "x": 0.508873701095581,
        "y": 0.6740643382072449,
        "z": 0.02297261357307434
    },
    "landmark_24": {
        "x": 0.4772530198097229,
        "y": 0.6666771173477173,
        "z": -0.023015229031443596
    },
    "landmark_25": {
        "x": 0.5374908447265625,
        "y": 0.7682023644447327,
        "z": -0.04867984354496002
    },
    "landmark_26": {
        "x": 0.42555132508277893,
        "y": 0.7676686644554138,
        "z": -0.0933326855301857
    },
    "landmark_27": {
        "x": 0.5174577832221985,
        "y": 0.8542004227638245,
        "z": 0.08422088623046875
    },
    "landmark_28": {
        "x": 0.3735301196575165,
        "y": 0.860755980014801,
        "z": -0.06918353587388992
    },
    "landmark_29": {
        "x": 0.5083919763565063,
        "y": 0.8696873188018799,
        "z": 0.09572699666023254
    },
    "landmark_30": {
        "x": 0.3657742142677307,
        "y": 0.8852783441543579,
        "z": -0.07011505216360092
    },
    "landmark_31": {
        "x": 0.5349482893943787,
        "y": 0.8982310891151428,
        "z": 0.043802421540021896
    },
    "landmark_32": {
        "x": 0.34607306122779846,
        "y": 0.8679183125495911,
        "z": -0.14955921471118927
    }
}