{
    "landmark_0": {
        "x": 0.5167508125305176,
        "y": 0.37650588154792786,
        "z": -0.15085908770561218
    },
    "landmark_1": {
        "x": 0.5218949317932129,
        "y": 0.36664342880249023,
        "z": -0.1310482621192932
    },
    "landmark_2": {
        "x": 0.5238513946533203,
        "y": 0.3678293824195862,
        "z": -0.13103222846984863
    },
    "landmark_3": {
        "x": 0.5257687568664551,
        "y": 0.3690773546695709,
        "z": -0.13106295466423035
    },
    "landmark_4": {
        "x": 0.5158370137214661,
        "y": 0.36229732632637024,
        "z": -0.1433226466178894
    },
    "landmark_5": {
        "x": 0.5137090086936951,
        "y": 0.36055898666381836,
        "z": -0.14332865178585052
    },
    "landmark_6": {
        "x": 0.5115829706192017,
        "y": 0.35880208015441895,
        "z": -0.1433633267879486
    },
    "landmark_7": {
        "x": 0.5254585146903992,
        "y": 0.37261664867401123,
        "z": -0.024307942017912865
    },
    "landmark_8": {
        "x": 0.5055902004241943,
        "y": 0.35876956582069397,
        "z": -0.08068420737981796
    },
    "landmark_9": {
        "x": 0.518058180809021,
        "y": 0.38804277777671814,
        "z": -0.10985921323299408
    },
    "landmark_10": {
        "x": 0.5101111531257629,
        "y": 0.3839716911315918,
        "z": -0.1263643056154251
    },
    "landmark_11": {
        "x": 0.5265201926231384,
        "y": 0.4314570426940918,
        "z": 0.041422974318265915
    },
    "landmark_12": {
        "x": 0.4758477807044983,
        "y": 0.4216254651546478,
        "z": -0.061187438666820526
    },
    "landmark_13": {
        "x": 0.5547436475753784,
        "y": 0.4742366373538971,
        "z": 0.026039764285087585
    },
    "landmark_14": {
        "x": 0.48363083600997925,
        "y": 0.5192822217941284,
        "z": -0.0683525949716568
    },
    "landmark_15": {
        "x": 0.561012864112854,
        "y": 0.3946731686592102,
        "z": -0.019181912764906883
    },
    "landmark_16": {
        "x": 0.5168582201004028,
        "y": 0.5526228547096252,
        "z": -0.03354388847947121
    },
    "landmark_17": {
        "x": 0.5668998956680298,
        "y": 0.378507524728775,
        "z": -0.03246685490012169
    },
    "landmark_18": {
        "x": 0.523965060710907,
        "y": 0.5672745704650879,
        "z": -0.04014112800359726
    },
    "landmark_19": {
        "x": 0.5619152188301086,
        "y": 0.3682975471019745,
        "z": -0.031176108866930008
    },
    "landmark_20": {
        "x": 0.5260441899299622,
        "y": 0.5628947615623474,
        "z": -0.048065152019262314
    },
    "landmark_21": {
        "x": 0.5591745376586914,
        "y": 0.3764851987361908,
        "z": -0.02216232754290104
    },
    "landmark_22": {
        "x": 0.523833155632019,
        "y": 0.5590119361877441,
        "z": -0.03411789610981941
    },
    "landmark_23": {
        "x": 0.5191002488136292,
        "y": 0.6306080222129822,
        "z": 0.002059684367850423
    },
    "landmark_24": {
        "x": 0.47999459505081177,
        "y": 0.6197394728660583,
        "z": -0.0018997984007000923
    },
    "landmark_25": {
        "x": 0.5327560901641846,
        "y": 0.7551645636558533,
        "z": -0.03175821155309677
    },
    "landmark_26": {
        "x": 0.4181600511074066,
        "y": 0.7111490964889526,
        "z": -0.11430181562900543
    },
    "landmark_27": {
        "x": 0.5208235383033752,
        "y": 0.8555716872215271,
        "z": 0.13055936992168427
    },
    "landmark_28": {
        "x": 0.3999936878681183,
        "y": 0.8222503066062927,
        "z": 0.023093275725841522
    },
    "landmark_29": {
        "x": 0.5099529027938843,
        "y": 0.8742621541023254,
        "z": 0.1423117071390152
    },
    "landmark_30": {
        "x": 0.40326443314552307,
        "y": 0.8536713719367981,
        "z": 0.0331113338470459
    },
    "landmark_31": {
        "x": 0.5329956412315369,
        "y": 0.9034230709075928,
        "z": 0.06817382574081421
    },
    "landmark_32": {
        "x": 0.3640334904193878,
        "y": 0.8395249247550964,
        "z": -0.04513028264045715
    }
}