{
    "landmark_0": {
        "x": 0.5086607933044434,
        "y": 0.40930116176605225,
        "z": -0.11393411457538605
    },
    "landmark_1": {
        "x": 0.513604998588562,
        "y": 0.3982822895050049,
        "z": -0.09727440774440765
    },
    "landmark_2": {
        "x": 0.5151228308677673,
        "y": 0.3987671732902527,
        "z": -0.09729161113500595
    },
    "landmark_3": {
        "x": 0.5163461565971375,
        "y": 0.3993130922317505,
        "z": -0.09731953591108322
    },
    "landmark_4": {
        "x": 0.5086054801940918,
        "y": 0.39643198251724243,
        "z": -0.09840963035821915
    },
    "landmark_5": {
        "x": 0.5067617297172546,
        "y": 0.3953821361064911,
        "z": -0.09841399639844894
    },
    "landmark_6": {
        "x": 0.5040063261985779,
        "y": 0.39466679096221924,
        "z": -0.09847642481327057
    },
    "landmark_7": {
        "x": 0.5165839791297913,
        "y": 0.4047328233718872,
        "z": -0.01072105672210455
    },
    "landmark_8": {
        "x": 0.4988845884799957,
        "y": 0.3998151421546936,
        "z": -0.014769112691283226
    },
    "landmark_9": {
        "x": 0.5109423995018005,
        "y": 0.4215683937072754,
        "z": -0.08154910057783127
    },
    "landmark_10": {
        "x": 0.5047473907470703,
        "y": 0.419435977935791,
        "z": -0.08301229029893875
    },
    "landmark_11": {
        "x": 0.5334061980247498,
        "y": 0.4706130921840668,
        "z": 0.009583345614373684
    },
    "landmark_12": {
        "x": 0.47610944509506226,
        "y": 0.4484081566333771,
        "z": -0.011421957053244114
    },
    "landmark_13": {
        "x": 0.5426093339920044,
        "y": 0.5448639988899231,
        "z": -0.06350664794445038
    },
    "landmark_14": {
        "x": 0.4682472348213196,
        "y": 0.45303693413734436,
        "z": -0.14154809713363647
    },
    "landmark_15": {
        "x": 0.5280467867851257,
        "y": 0.5448171496391296,
        "z": -0.14999209344387054
    },
    "landmark_16": {
        "x": 0.502151608467102,
        "y": 0.42555731534957886,
        "z": -0.24884457886219025
    },
    "landmark_17": {
        "x": 0.5262033343315125,
        "y": 0.5483953952789307,
        "z": -0.16852717101573944
    },
    "landmark_18": {
        "x": 0.5106556415557861,
        "y": 0.41753458976745605,
        "z": -0.2750895321369171
    },
    "landmark_19": {
        "x": 0.5256796479225159,
        "y": 0.5397758483886719,
        "z": -0.16816367208957672
    },
    "landmark_20": {
        "x": 0.5114589333534241,
        "y": 0.41816648840904236,
        "z": -0.26259884238243103
    },
    "landmark_21": {
        "x": 0.5245504975318909,
        "y": 0.5391200184822083,
        "z": -0.15151190757751465
    },
    "landmark_22": {
        "x": 0.5097711086273193,
        "y": 0.4242132008075714,
        "z": -0.24703821539878845
    },
    "landmark_23": {
        "x": 0.5218868255615234,
        "y": 0.6375049352645874,
        "z": 0.00020278591546230018
    },
    "landmark_24": {
        "x": 0.4806854724884033,
        "y": 0.6343176364898682,
        "z": -0.0001685017632553354
    },
    "landmark_25": {
        "x": 0.5655593872070312,
        "y": 0.7407295107841492,
        "z": -0.137153759598732
    },
    "landmark_26": {
        "x": 0.43428516387939453,
        "y": 0.7295016050338745,
        "z": -0.1482718139886856
    },
    "landmark_27": {
        "x": 0.5326133370399475,
        "y": 0.8322980403900146,
        "z": 0.06042846292257309
    },
    "landmark_28": {
        "x": 0.45062345266342163,
        "y": 0.819301962852478,
        "z": 0.06167885661125183
    },
    "landmark_29": {
        "x": 0.5217865109443665,
        "y": 0.8450071811676025,
        "z": 0.07706952095031738
    },
    "landmark_30": {
        "x": 0.46008196473121643,
        "y": 0.8313351273536682,
        "z": 0.07991976290941238
    },
    "landmark_31": {
        "x": 0.5485029220581055,
        "y": 0.8933792114257812,
        "z": 0.01044362224638462
    },
    "landmark_32": {
        "x": 0.43420591950416565,
        "y": 0.8783518671989441,
        "z": 0.021103642880916595
    }
}