{
    "landmark_0": {
        "x": 0.5097958445549011,
        "y": 0.3280267119407654,
        "z": -0.10266723483800888
    },
    "landmark_1": {
        "x": 0.5132202506065369,
        "y": 0.3193688988685608,
        "z": -0.08202410489320755
    },
    "landmark_2": {
        "x": 0.5149996876716614,
        "y": 0.3198184669017792,
        "z": -0.08199291676282883
    },
    "landmark_3": {
        "x": 0.5167793035507202,
        "y": 0.320125937461853,
        "z": -0.08202248066663742
    },
    "landmark_4": {
        "x": 0.5078877806663513,
        "y": 0.3167448937892914,
        "z": -0.08754005283117294
    },
    "landmark_5": {
        "x": 0.5058924555778503,
        "y": 0.3154532015323639,
        "z": -0.08753610402345657
    },
    "landmark_6": {
        "x": 0.5040517449378967,
        "y": 0.3140814006328583,
        "z": -0.08753060549497604
    },
    "landmark_7": {
        "x": 0.5166552066802979,
        "y": 0.3227929174900055,
        "z": 0.01889745332300663
    },
    "landmark_8": {
        "x": 0.49948662519454956,
        "y": 0.31290891766548157,
        "z": -0.005980966612696648
    },
    "landmark_9": {
        "x": 0.5119221210479736,
        "y": 0.3387164771556854,
        "z": -0.06508894264698029
    },
    "landmark_10": {
        "x": 0.5043038129806519,
        "y": 0.336047887802124,
        "z": -0.07266390323638916
    },
    "landmark_11": {
        "x": 0.5278403759002686,
        "y": 0.38793784379959106,
        "z": 0.050171662122011185
    },
    "landmark_12": {
        "x": 0.4693249762058258,
        "y": 0.3720676898956299,
        "z": -0.013851414434611797
    },
    "landmark_13": {
        "x": 0.5546064972877502,
        "y": 0.3624809980392456,
        "z": -0.040824044495821
    },
    "landmark_14": {
        "x": 0.46688777208328247,
        "y": 0.33697569370269775,
        "z": -0.10532458126544952
    },
    "landmark_15": {
        "x": 0.545163094997406,
        "y": 0.283323734998703,
        "z": -0.12390591204166412
    },
    "landmark_16": {
        "x": 0.4924585223197937,
        "y": 0.2902078628540039,
        "z": -0.11405561119318008
    },
    "landmark_17": {
        "x": 0.5479111075401306,
        "y": 0.26480832695961,
        "z": -0.15048304200172424
    },
    "landmark_18": {
        "x": 0.503607988357544,
        "y": 0.27818793058395386,
        "z": -0.13959850370883942
    },
    "landmark_19": {
        "x": 0.5445542335510254,
        "y": 0.26452168822288513,
        "z": -0.143219456076622
    },
    "landmark_20": {
        "x": 0.5063478350639343,
        "y": 0.2815271317958832,
        "z": -0.1304215043783188
    },
    "landmark_21": {
        "x": 0.5424832701683044,
        "y": 0.2724045217037201,
        "z": -0.12639015913009644
    },
    "landmark_22": {
        "x": 0.5047451257705688,
        "y": 0.28910335898399353,
        "z": -0.11350233852863312
    },
    "landmark_23": {
        "x": 0.5211623311042786,
        "y": 0.5866474509239197,
        "z": 0.004790755454450846
    },
    "landmark_24": {
        "x": 0.47761449217796326,
        "y": 0.5902854800224304,
        "z": -0.0047829668037593365
    },
    "landmark_25": {
        "x": 0.5518675446510315,
        "y": 0.7224425673484802,
        "z": -0.0557338185608387
    },
    "landmark_26": {
        "x": 0.44190508127212524,
        "y": 0.7190373539924622,
        "z": -0.1130409985780716
    },
    "landmark_27": {
        "x": 0.5446391701698303,
        "y": 0.826995313167572,
        "z": 0.16602769494056702
    },
    "landmark_28": {
        "x": 0.46925121545791626,
        "y": 0.816990077495575,
        "z": 0.1363670825958252
    },
    "landmark_29": {
        "x": 0.535881757736206,
        "y": 0.8452973365783691,
        "z": 0.18405094742774963
    },
    "landmark_30": {
        "x": 0.48113593459129333,
        "y": 0.8275321125984192,
        "z": 0.1576920747756958
    },
    "landmark_31": {
        "x": 0.5609356164932251,
        "y": 0.88117516040802,
        "z": 0.0987774059176445
    },
    "landmark_32": {
        "x": 0.45643049478530884,
        "y": 0.8766202330589294,
        "z": 0.0826243981719017
    }
}