{
    "landmark_0": {
        "x": 0.5002228021621704,
        "y": 0.3438843786716461,
        "z": -0.17491234838962555
    },
    "landmark_1": {
        "x": 0.505267858505249,
        "y": 0.33558306097984314,
        "z": -0.15950383245944977
    },
    "landmark_2": {
        "x": 0.5077027082443237,
        "y": 0.336966872215271,
        "z": -0.1594049483537674
    },
    "landmark_3": {
        "x": 0.5103009343147278,
        "y": 0.3384450674057007,
        "z": -0.15939943492412567
    },
    "landmark_4": {
        "x": 0.4993296265602112,
        "y": 0.33211031556129456,
        "z": -0.16687428951263428
    },
    "landmark_5": {
        "x": 0.49754828214645386,
        "y": 0.3312142789363861,
        "z": -0.16693517565727234
    },
    "landmark_6": {
        "x": 0.4956757426261902,
        "y": 0.33046624064445496,
        "z": -0.16701124608516693
    },
    "landmark_7": {
        "x": 0.5133075714111328,
        "y": 0.34594205021858215,
        "z": -0.06293904781341553
    },
    "landmark_8": {
        "x": 0.4908803105354309,
        "y": 0.33616530895233154,
        "z": -0.09892598539590836
    },
    "landmark_9": {
        "x": 0.5038114786148071,
        "y": 0.35903140902519226,
        "z": -0.13713465631008148
    },
    "landmark_10": {
        "x": 0.4943987727165222,
        "y": 0.3543257713317871,
        "z": -0.14812302589416504
    },
    "landmark_11": {
        "x": 0.5252867341041565,
        "y": 0.41366785764694214,
        "z": 0.007180009037256241
    },
    "landmark_12": {
        "x": 0.4649737775325775,
        "y": 0.39473092555999756,
        "z": -0.0887647420167923
    },
    "landmark_13": {
        "x": 0.5498710870742798,
        "y": 0.426528662443161,
        "z": 0.0988394170999527
    },
    "landmark_14": {
        "x": 0.4498217701911926,
        "y": 0.39116665720939636,
        "z": -0.2387748509645462
    },
    "landmark_15": {
        "x": 0.5459309816360474,
        "y": 0.36486515402793884,
        "z": 0.2259342223405838
    },
    "landmark_16": {
        "x": 0.4894988536834717,
        "y": 0.4049220085144043,
        "z": -0.3365928828716278
    },
    "landmark_17": {
        "x": 0.5514431595802307,
        "y": 0.3549467623233795,
        "z": 0.2499006986618042
    },
    "landmark_18": {
        "x": 0.5009012818336487,
        "y": 0.40715691447257996,
        "z": -0.35793399810791016
    },
    "landmark_19": {
        "x": 0.5477420687675476,
        "y": 0.3475790023803711,
        "z": 0.2494831383228302
    },
    "landmark_20": {
        "x": 0.5031370520591736,
        "y": 0.40521904826164246,
        "z": -0.34227973222732544
    },
    "landmark_21": {
        "x": 0.5447227954864502,
        "y": 0.3540953993797302,
        "z": 0.22945508360862732
    },
    "landmark_22": {
        "x": 0.5003443360328674,
        "y": 0.4052063822746277,
        "z": -0.3325042128562927
    },
    "landmark_23": {
        "x": 0.5135456919670105,
        "y": 0.6121014356613159,
        "z": 0.00048760109348222613
    },
    "landmark_24": {
        "x": 0.47086101770401,
        "y": 0.6066514253616333,
        "z": -0.0004137769865337759
    },
    "landmark_25": {
        "x": 0.5145401954650879,
        "y": 0.7510136961936951,
        "z": 0.07213753461837769
    },
    "landmark_26": {
        "x": 0.41537922620773315,
        "y": 0.7093939185142517,
        "z": -0.08895832300186157
    },
    "landmark_27": {
        "x": 0.5051448941230774,
        "y": 0.8392066359519958,
        "z": 0.2640431225299835
    },
    "landmark_28": {
        "x": 0.3903466761112213,
        "y": 0.829534649848938,
        "z": 0.0069996947422623634
    },
    "landmark_29": {
        "x": 0.5009699463844299,
        "y": 0.8498926162719727,
        "z": 0.27878308296203613
    },
    "landmark_30": {
        "x": 0.3919031023979187,
        "y": 0.8622102737426758,
        "z": 0.012200535275042057
    },
    "landmark_31": {
        "x": 0.5086020231246948,
        "y": 0.8937383890151978,
        "z": 0.20140185952186584
    },
    "landmark_32": {
        "x": 0.35253316164016724,
        "y": 0.83311527967453,
        "z": -0.08126018196344376
    }
}