{
    "landmark_0": {
        "x": 0.4910293221473694,
        "y": 0.41701093316078186,
        "z": -0.2870416045188904
    },
    "landmark_1": {
        "x": 0.4919927716255188,
        "y": 0.4024014472961426,
        "z": -0.2719947099685669
    },
    "landmark_2": {
        "x": 0.49379032850265503,
        "y": 0.40152692794799805,
        "z": -0.2720230519771576
    },
    "landmark_3": {
        "x": 0.49557629227638245,
        "y": 0.40060916543006897,
        "z": -0.27210959792137146
    },
    "landmark_4": {
        "x": 0.4866573214530945,
        "y": 0.40300580859184265,
        "z": -0.2711828052997589
    },
    "landmark_5": {
        "x": 0.4849006235599518,
        "y": 0.40284696221351624,
        "z": -0.2711915969848633
    },
    "landmark_6": {
        "x": 0.48258090019226074,
        "y": 0.4029156267642975,
        "z": -0.2712366282939911
    },
    "landmark_7": {
        "x": 0.4959107041358948,
        "y": 0.4015391767024994,
        "z": -0.17746494710445404
    },
    "landmark_8": {
        "x": 0.4808541238307953,
        "y": 0.4075479209423065,
        "z": -0.17193202674388885
    },
    "landmark_9": {
        "x": 0.4952431321144104,
        "y": 0.42617267370224,
        "z": -0.251002699136734
    },
    "landmark_10": {
        "x": 0.4882411062717438,
        "y": 0.4262746274471283,
        "z": -0.24964073300361633
    },
    "landmark_11": {
        "x": 0.5195745229721069,
        "y": 0.455817848443985,
        "z": -0.12540815770626068
    },
    "landmark_12": {
        "x": 0.45983439683914185,
        "y": 0.4681857228279114,
        "z": -0.10494183003902435
    },
    "landmark_13": {
        "x": 0.5439631342887878,
        "y": 0.46876534819602966,
        "z": -0.22751319408416748
    },
    "landmark_14": {
        "x": 0.4650123715400696,
        "y": 0.5495097637176514,
        "z": -0.10551728308200836
    },
    "landmark_15": {
        "x": 0.5108975172042847,
        "y": 0.4454323351383209,
        "z": -0.36366936564445496
    },
    "landmark_16": {
        "x": 0.4771619737148285,
        "y": 0.6063430905342102,
        "z": -0.16878099739551544
    },
    "landmark_17": {
        "x": 0.502485454082489,
        "y": 0.4391085207462311,
        "z": -0.4003602862358093
    },
    "landmark_18": {
        "x": 0.47807663679122925,
        "y": 0.6260983347892761,
        "z": -0.19043417274951935
    },
    "landmark_19": {
        "x": 0.4993762969970703,
        "y": 0.4398151934146881,
        "z": -0.3928329348564148
    },
    "landmark_20": {
        "x": 0.4797479212284088,
        "y": 0.6253352165222168,
        "z": -0.2056904137134552
    },
    "landmark_21": {
        "x": 0.5017784237861633,
        "y": 0.4426623582839966,
        "z": -0.3642693758010864
    },
    "landmark_22": {
        "x": 0.4810416102409363,
        "y": 0.6177272796630859,
        "z": -0.17654329538345337
    },
    "landmark_23": {
        "x": 0.5163407325744629,
        "y": 0.615467369556427,
        "z": -0.008042390458285809
    },
    "landmark_24": {
        "x": 0.4739185869693756,
        "y": 0.6159274578094482,
        "z": 0.008143753744661808
    },
    "landmark_25": {
        "x": 0.5455648899078369,
        "y": 0.7302406430244446,
        "z": -0.19734422862529755
    },
    "landmark_26": {
        "x": 0.42802372574806213,
        "y": 0.7045432329177856,
        "z": -0.18094393610954285
    },
    "landmark_27": {
        "x": 0.5230668187141418,
        "y": 0.8339663743972778,
        "z": -0.0037179559003561735
    },
    "landmark_28": {
        "x": 0.44274863600730896,
        "y": 0.807738721370697,
        "z": 0.01598634198307991
    },
    "landmark_29": {
        "x": 0.5140600204467773,
        "y": 0.8458679914474487,
        "z": 0.009629982523620129
    },
    "landmark_30": {
        "x": 0.45111745595932007,
        "y": 0.8249064087867737,
        "z": 0.029833365231752396
    },
    "landmark_31": {
        "x": 0.5282143950462341,
        "y": 0.8959223628044128,
        "z": -0.09243283420801163
    },
    "landmark_32": {
        "x": 0.42537862062454224,
        "y": 0.857875406742096,
        "z": -0.06116001680493355
    }
}