{
    "landmark_0": {
        "x": 0.4810587763786316,
        "y": 0.3755016624927521,
        "z": -0.20918504893779755
    },
    "landmark_1": {
        "x": 0.4832671582698822,
        "y": 0.3606944978237152,
        "z": -0.19620351493358612
    },
    "landmark_2": {
        "x": 0.4859704077243805,
        "y": 0.3592841625213623,
        "z": -0.19624245166778564
    },
    "landmark_3": {
        "x": 0.4888075888156891,
        "y": 0.35812270641326904,
        "z": -0.19627094268798828
    },
    "landmark_4": {
        "x": 0.47686806321144104,
        "y": 0.36384886503219604,
        "z": -0.1930454671382904
    },
    "landmark_5": {
        "x": 0.47508201003074646,
        "y": 0.3648245930671692,
        "z": -0.19304612278938293
    },
    "landmark_6": {
        "x": 0.47327861189842224,
        "y": 0.36605435609817505,
        "z": -0.1930180937051773
    },
    "landmark_7": {
        "x": 0.49319157004356384,
        "y": 0.36207085847854614,
        "z": -0.11149571090936661
    },
    "landmark_8": {
        "x": 0.4698113799095154,
        "y": 0.3734346926212311,
        "z": -0.09589680284261703
    },
    "landmark_9": {
        "x": 0.4874458312988281,
        "y": 0.3855431377887726,
        "z": -0.17690511047840118
    },
    "landmark_10": {
        "x": 0.47798195481300354,
        "y": 0.389839768409729,
        "z": -0.17261405289173126
    },
    "landmark_11": {
        "x": 0.5184469223022461,
        "y": 0.41962775588035583,
        "z": -0.10022462904453278
    },
    "landmark_12": {
        "x": 0.454484760761261,
        "y": 0.43400606513023376,
        "z": -0.057180095463991165
    },
    "landmark_13": {
        "x": 0.5247753262519836,
        "y": 0.46541622281074524,
        "z": -0.2718241512775421
    },
    "landmark_14": {
        "x": 0.4329434335231781,
        "y": 0.4635297954082489,
        "z": -0.21782967448234558
    },
    "landmark_15": {
        "x": 0.4752635359764099,
        "y": 0.46103668212890625,
        "z": -0.42482441663742065
    },
    "landmark_16": {
        "x": 0.4260026812553406,
        "y": 0.3920399844646454,
        "z": -0.4123222827911377
    },
    "landmark_17": {
        "x": 0.46403932571411133,
        "y": 0.46583253145217896,
        "z": -0.4650286138057709
    },
    "landmark_18": {
        "x": 0.4251801371574402,
        "y": 0.37565499544143677,
        "z": -0.45351067185401917
    },
    "landmark_19": {
        "x": 0.46010106801986694,
        "y": 0.4596996307373047,
        "z": -0.4496268332004547
    },
    "landmark_20": {
        "x": 0.4277494549751282,
        "y": 0.37084144353866577,
        "z": -0.4468502402305603
    },
    "landmark_21": {
        "x": 0.46382012963294983,
        "y": 0.45876753330230713,
        "z": -0.42236328125
    },
    "landmark_22": {
        "x": 0.43015360832214355,
        "y": 0.3773110806941986,
        "z": -0.41631564497947693
    },
    "landmark_23": {
        "x": 0.5205978751182556,
        "y": 0.6182346343994141,
        "z": -0.008753848262131214
    },
    "landmark_24": {
        "x": 0.4754559397697449,
        "y": 0.6308497190475464,
        "z": 0.008606033399701118
    },
    "landmark_25": {
        "x": 0.5561155676841736,
        "y": 0.7421149611473083,
        "z": -0.03114904835820198
    },
    "landmark_26": {
        "x": 0.47143107652664185,
        "y": 0.7658730149269104,
        "z": 0.030456656590104103
    },
    "landmark_27": {
        "x": 0.5965791344642639,
        "y": 0.849831223487854,
        "z": 0.0781819298863411
    },
    "landmark_28": {
        "x": 0.47850722074508667,
        "y": 0.848860502243042,
        "z": 0.18965411186218262
    },
    "landmark_29": {
        "x": 0.5946484804153442,
        "y": 0.8698692917823792,
        "z": 0.08397334814071655
    },
    "landmark_30": {
        "x": 0.4875706732273102,
        "y": 0.8622398972511292,
        "z": 0.20144569873809814
    },
    "landmark_31": {
        "x": 0.6165137887001038,
        "y": 0.8671444654464722,
        "z": -0.011981235817074776
    },
    "landmark_32": {
        "x": 0.46406617760658264,
        "y": 0.9043177962303162,
        "z": 0.12227042019367218
    }
}