{
    "landmark_0": {
        "x": 0.5099229216575623,
        "y": 0.40854257345199585,
        "z": -0.3740798830986023
    },
    "landmark_1": {
        "x": 0.5224428176879883,
        "y": 0.40003448724746704,
        "z": -0.3387271761894226
    },
    "landmark_2": {
        "x": 0.5291599035263062,
        "y": 0.40051907300949097,
        "z": -0.3388654887676239
    },
    "landmark_3": {
        "x": 0.534972071647644,
        "y": 0.4008498787879944,
        "z": -0.3388887047767639
    },
    "landmark_4": {
        "x": 0.5009059309959412,
        "y": 0.40007472038269043,
        "z": -0.33207032084465027
    },
    "landmark_5": {
        "x": 0.4937412142753601,
        "y": 0.4006321430206299,
        "z": -0.3320696949958801
    },
    "landmark_6": {
        "x": 0.4859132468700409,
        "y": 0.40117302536964417,
        "z": -0.3320721387863159
    },
    "landmark_7": {
        "x": 0.5467639565467834,
        "y": 0.40681248903274536,
        "z": -0.13570721447467804
    },
    "landmark_8": {
        "x": 0.4784882366657257,
        "y": 0.4079056680202484,
        "z": -0.10495677590370178
    },
    "landmark_9": {
        "x": 0.5249146819114685,
        "y": 0.42160138487815857,
        "z": -0.2992188036441803
    },
    "landmark_10": {
        "x": 0.5002745389938354,
        "y": 0.4217289984226227,
        "z": -0.2907111942768097
    },
    "landmark_11": {
        "x": 0.6073950529098511,
        "y": 0.46075716614723206,
        "z": -0.10451631247997284
    },
    "landmark_12": {
        "x": 0.44160735607147217,
        "y": 0.4729446768760681,
        "z": -0.005028323736041784
    },
    "landmark_13": {
        "x": 0.6606759428977966,
        "y": 0.5202782154083252,
        "z": -0.3289331793785095
    },
    "landmark_14": {
        "x": 0.3912554383277893,
        "y": 0.5167778730392456,
        "z": -0.28607794642448425
    },
    "landmark_15": {
        "x": 0.5058566331863403,
        "y": 0.5162829160690308,
        "z": -0.5504589080810547
    },
    "landmark_16": {
        "x": 0.4133729636669159,
        "y": 0.43226027488708496,
        "z": -0.630242645740509
    },
    "landmark_17": {
        "x": 0.4671284854412079,
        "y": 0.5176899433135986,
        "z": -0.6152104139328003
    },
    "landmark_18": {
        "x": 0.40918904542922974,
        "y": 0.4097580015659332,
        "z": -0.7120310664176941
    },
    "landmark_19": {
        "x": 0.4626632630825043,
        "y": 0.5120717287063599,
        "z": -0.5955406427383423
    },
    "landmark_20": {
        "x": 0.4146101176738739,
        "y": 0.406803697347641,
        "z": -0.6896629929542542
    },
    "landmark_21": {
        "x": 0.4707593619823456,
        "y": 0.5121713280677795,
        "z": -0.54325932264328
    },
    "landmark_22": {
        "x": 0.419889360666275,
        "y": 0.4131767153739929,
        "z": -0.6331656575202942
    },
    "landmark_23": {
        "x": 0.590605616569519,
        "y": 0.6349165439605713,
        "z": -0.020677698776125908
    },
    "landmark_24": {
        "x": 0.4807266592979431,
        "y": 0.6365637183189392,
        "z": 0.02061641775071621
    },
    "landmark_25": {
        "x": 0.6485925912857056,
        "y": 0.7516273856163025,
        "z": -0.1044074296951294
    },
    "landmark_26": {
        "x": 0.46515241265296936,
        "y": 0.7421656847000122,
        "z": 0.08555734902620316
    },
    "landmark_27": {
        "x": 0.6870499849319458,
        "y": 0.8719620704650879,
        "z": 0.014141996391117573
    },
    "landmark_28": {
        "x": 0.5226705074310303,
        "y": 0.8335338830947876,
        "z": 0.46279624104499817
    },
    "landmark_29": {
        "x": 0.6763530373573303,
        "y": 0.900185227394104,
        "z": 0.01148215401917696
    },
    "landmark_30": {
        "x": 0.5479271411895752,
        "y": 0.846473217010498,
        "z": 0.48799794912338257
    },
    "landmark_31": {
        "x": 0.7801021337509155,
        "y": 0.8768860101699829,
        "z": -0.22259467840194702
    },
    "landmark_32": {
        "x": 0.48141682147979736,
        "y": 0.8670974969863892,
        "z": 0.3144465684890747
    }
}