{
    "landmark_0": {
        "x": 0.5490269064903259,
        "y": 0.35746651887893677,
        "z": -0.3814241588115692
    },
    "landmark_1": {
        "x": 0.5629005432128906,
        "y": 0.34591254591941833,
        "z": -0.34478071331977844
    },
    "landmark_2": {
        "x": 0.5708631873130798,
        "y": 0.34590259194374084,
        "z": -0.34484389424324036
    },
    "landmark_3": {
        "x": 0.5782252550125122,
        "y": 0.34603914618492126,
        "z": -0.34486937522888184
    },
    "landmark_4": {
        "x": 0.5400636792182922,
        "y": 0.34704646468162537,
        "z": -0.3308986723423004
    },
    "landmark_5": {
        "x": 0.5331145524978638,
        "y": 0.3477119207382202,
        "z": -0.33092692494392395
    },
    "landmark_6": {
        "x": 0.52597975730896,
        "y": 0.3483996093273163,
        "z": -0.33098429441452026
    },
    "landmark_7": {
        "x": 0.5960891842842102,
        "y": 0.35253408551216125,
        "z": -0.16299736499786377
    },
    "landmark_8": {
        "x": 0.5253382325172424,
        "y": 0.35380277037620544,
        "z": -0.09706424921751022
    },
    "landmark_9": {
        "x": 0.5675092339515686,
        "y": 0.3693312108516693,
        "z": -0.3169860541820526
    },
    "landmark_10": {
        "x": 0.5385155081748962,
        "y": 0.3698168098926544,
        "z": -0.29803386330604553
    },
    "landmark_11": {
        "x": 0.664564311504364,
        "y": 0.4118870794773102,
        "z": -0.14987812936306
    },
    "landmark_12": {
        "x": 0.48323240876197815,
        "y": 0.4175197184085846,
        "z": -0.012157037854194641
    },
    "landmark_13": {
        "x": 0.7547101974487305,
        "y": 0.45603474974632263,
        "z": -0.4455868899822235
    },
    "landmark_14": {
        "x": 0.3739083707332611,
        "y": 0.4424634873867035,
        "z": -0.3284076452255249
    },
    "landmark_15": {
        "x": 0.6094467043876648,
        "y": 0.46017012000083923,
        "z": -0.6780303716659546
    },
    "landmark_16": {
        "x": 0.398825466632843,
        "y": 0.36152541637420654,
        "z": -0.7111671566963196
    },
    "landmark_17": {
        "x": 0.565832793712616,
        "y": 0.4630187153816223,
        "z": -0.7446249127388
    },
    "landmark_18": {
        "x": 0.40241292119026184,
        "y": 0.3385362923145294,
        "z": -0.8039376139640808
    },
    "landmark_19": {
        "x": 0.5538397431373596,
        "y": 0.45772629976272583,
        "z": -0.7066178321838379
    },
    "landmark_20": {
        "x": 0.4106777310371399,
        "y": 0.3368764817714691,
        "z": -0.7646631598472595
    },
    "landmark_21": {
        "x": 0.5662392377853394,
        "y": 0.4566400647163391,
        "z": -0.664578378200531
    },
    "landmark_22": {
        "x": 0.4143969714641571,
        "y": 0.34437286853790283,
        "z": -0.7095338702201843
    },
    "landmark_23": {
        "x": 0.6255414485931396,
        "y": 0.58833247423172,
        "z": -0.017753226682543755
    },
    "landmark_24": {
        "x": 0.5102695226669312,
        "y": 0.5844746232032776,
        "z": 0.017648514360189438
    },
    "landmark_25": {
        "x": 0.6360025405883789,
        "y": 0.7076155543327332,
        "z": -0.15255166590213776
    },
    "landmark_26": {
        "x": 0.4736643135547638,
        "y": 0.6993016600608826,
        "z": -0.31513258814811707
    },
    "landmark_27": {
        "x": 0.6082417964935303,
        "y": 0.8269582986831665,
        "z": 0.16443537175655365
    },
    "landmark_28": {
        "x": 0.49531495571136475,
        "y": 0.8229311108589172,
        "z": -0.01011812686920166
    },
    "landmark_29": {
        "x": 0.5844169855117798,
        "y": 0.8394010663032532,
        "z": 0.18157711625099182
    },
    "landmark_30": {
        "x": 0.5214587450027466,
        "y": 0.8374497294425964,
        "z": 0.007280326448380947
    },
    "landmark_31": {
        "x": 0.6396113634109497,
        "y": 0.8731500506401062,
        "z": -0.06010764092206955
    },
    "landmark_32": {
        "x": 0.45687752962112427,
        "y": 0.8643301129341125,
        "z": -0.23241154849529266
    }
}