{
    "landmark_0": {
        "x": 0.5056583285331726,
        "y": 0.39141973853111267,
        "z": -0.4218997657299042
    },
    "landmark_1": {
        "x": 0.5176087021827698,
        "y": 0.3811793625354767,
        "z": -0.3868487775325775
    },
    "landmark_2": {
        "x": 0.5249813795089722,
        "y": 0.3812069594860077,
        "z": -0.38699662685394287
    },
    "landmark_3": {
        "x": 0.5317065119743347,
        "y": 0.3812839984893799,
        "z": -0.38708072900772095
    },
    "landmark_4": {
        "x": 0.4971904456615448,
        "y": 0.3817838728427887,
        "z": -0.37487179040908813
    },
    "landmark_5": {
        "x": 0.49061140418052673,
        "y": 0.3822746276855469,
        "z": -0.3748280704021454
    },
    "landmark_6": {
        "x": 0.48404887318611145,
        "y": 0.38274094462394714,
        "z": -0.3747689425945282
    },
    "landmark_7": {
        "x": 0.546569287776947,
        "y": 0.3862336575984955,
        "z": -0.18628893792629242
    },
    "landmark_8": {
        "x": 0.4832463264465332,
        "y": 0.3871532678604126,
        "z": -0.13022135198116302
    },
    "landmark_9": {
        "x": 0.5223079323768616,
        "y": 0.4021349847316742,
        "z": -0.34821826219558716
    },
    "landmark_10": {
        "x": 0.49610841274261475,
        "y": 0.40243396162986755,
        "z": -0.33217471837997437
    },
    "landmark_11": {
        "x": 0.6123518943786621,
        "y": 0.43676266074180603,
        "z": -0.1793588250875473
    },
    "landmark_12": {
        "x": 0.4492127001285553,
        "y": 0.4481333792209625,
        "z": -0.03179135546088219
    },
    "landmark_13": {
        "x": 0.6780864596366882,
        "y": 0.48388034105300903,
        "z": -0.5200917720794678
    },
    "landmark_14": {
        "x": 0.3878333568572998,
        "y": 0.4743308424949646,
        "z": -0.38370656967163086
    },
    "landmark_15": {
        "x": 0.5392836332321167,
        "y": 0.5007884502410889,
        "z": -0.8164956569671631
    },
    "landmark_16": {
        "x": 0.3915286660194397,
        "y": 0.39862436056137085,
        "z": -0.8212128281593323
    },
    "landmark_17": {
        "x": 0.49725523591041565,
        "y": 0.5154924988746643,
        "z": -0.9055910706520081
    },
    "landmark_18": {
        "x": 0.384000688791275,
        "y": 0.3775870203971863,
        "z": -0.9141469597816467
    },
    "landmark_19": {
        "x": 0.48727720975875854,
        "y": 0.5100458860397339,
        "z": -0.8802441358566284
    },
    "landmark_20": {
        "x": 0.38868042826652527,
        "y": 0.3748225271701813,
        "z": -0.8978052735328674
    },
    "landmark_21": {
        "x": 0.49232354760169983,
        "y": 0.5060829520225525,
        "z": -0.8100787401199341
    },
    "landmark_22": {
        "x": 0.3964535892009735,
        "y": 0.3817720115184784,
        "z": -0.8293822407722473
    },
    "landmark_23": {
        "x": 0.5960179567337036,
        "y": 0.6108230948448181,
        "z": -0.03538009151816368
    },
    "landmark_24": {
        "x": 0.48625266551971436,
        "y": 0.6154974699020386,
        "z": 0.03539784997701645
    },
    "landmark_25": {
        "x": 0.6257076859474182,
        "y": 0.7291367650032043,
        "z": -0.1270785927772522
    },
    "landmark_26": {
        "x": 0.4826512634754181,
        "y": 0.7277369499206543,
        "z": 0.10977203398942947
    },
    "landmark_27": {
        "x": 0.6594536304473877,
        "y": 0.8487434387207031,
        "z": -0.013409222476184368
    },
    "landmark_28": {
        "x": 0.5211184620857239,
        "y": 0.8252129554748535,
        "z": 0.42870602011680603
    },
    "landmark_29": {
        "x": 0.6441158056259155,
        "y": 0.8777823448181152,
        "z": -0.01794532500207424
    },
    "landmark_30": {
        "x": 0.5423116087913513,
        "y": 0.8395434617996216,
        "z": 0.4458376169204712
    },
    "landmark_31": {
        "x": 0.7369328141212463,
        "y": 0.8584306836128235,
        "z": -0.2593061625957489
    },
    "landmark_32": {
        "x": 0.4823278784751892,
        "y": 0.8624883890151978,
        "z": 0.24978463351726532
    }
}