{
    "landmark_0": {
        "x": 0.4518563449382782,
        "y": 0.3732849061489105,
        "z": -0.6727878451347351
    },
    "landmark_1": {
        "x": 0.4713672697544098,
        "y": 0.3558039367198944,
        "z": -0.6564372181892395
    },
    "landmark_2": {
        "x": 0.48375603556632996,
        "y": 0.3550845682621002,
        "z": -0.656545877456665
    },
    "landmark_3": {
        "x": 0.49541255831718445,
        "y": 0.3549087643623352,
        "z": -0.6566774845123291
    },
    "landmark_4": {
        "x": 0.4489097595214844,
        "y": 0.357393354177475,
        "z": -0.636763870716095
    },
    "landmark_5": {
        "x": 0.4432621896266937,
        "y": 0.357608437538147,
        "z": -0.6367473602294922
    },
    "landmark_6": {
        "x": 0.4368307888507843,
        "y": 0.35780808329582214,
        "z": -0.63679438829422
    },
    "landmark_7": {
        "x": 0.5233235955238342,
        "y": 0.36175552010536194,
        "z": -0.4816834032535553
    },
    "landmark_8": {
        "x": 0.4471365511417389,
        "y": 0.3621278703212738,
        "z": -0.38371139764785767
    },
    "landmark_9": {
        "x": 0.47798988223075867,
        "y": 0.38944879174232483,
        "z": -0.6003867983818054
    },
    "landmark_10": {
        "x": 0.44734665751457214,
        "y": 0.3893314003944397,
        "z": -0.5726286172866821
    },
    "landmark_11": {
        "x": 0.6226353645324707,
        "y": 0.45716506242752075,
        "z": -0.36819690465927124
    },
    "landmark_12": {
        "x": 0.36793792247772217,
        "y": 0.44706934690475464,
        "z": -0.19731344282627106
    },
    "landmark_13": {
        "x": 0.6708961725234985,
        "y": 0.5619051456451416,
        "z": -0.28070929646492004
    },
    "landmark_14": {
        "x": 0.308667927980423,
        "y": 0.5491744875907898,
        "z": -0.08180894702672958
    },
    "landmark_15": {
        "x": 0.6919997930526733,
        "y": 0.6625500321388245,
        "z": -0.458162397146225
    },
    "landmark_16": {
        "x": 0.29085198044776917,
        "y": 0.6494702100753784,
        "z": -0.2728410065174103
    },
    "landmark_17": {
        "x": 0.7051709294319153,
        "y": 0.694531261920929,
        "z": -0.5267149806022644
    },
    "landmark_18": {
        "x": 0.273858904838562,
        "y": 0.6840292811393738,
        "z": -0.33106425404548645
    },
    "landmark_19": {
        "x": 0.6936562657356262,
        "y": 0.6934506297111511,
        "z": -0.5967664122581482
    },
    "landmark_20": {
        "x": 0.29211390018463135,
        "y": 0.6829540133476257,
        "z": -0.41669052839279175
    },
    "landmark_21": {
        "x": 0.6858843564987183,
        "y": 0.6849909424781799,
        "z": -0.4870908856391907
    },
    "landmark_22": {
        "x": 0.30435752868652344,
        "y": 0.6732871532440186,
        "z": -0.31326085329055786
    },
    "landmark_23": {
        "x": 0.5383644700050354,
        "y": 0.6662423610687256,
        "z": -0.07184400409460068
    },
    "landmark_24": {
        "x": 0.4066177010536194,
        "y": 0.6640177965164185,
        "z": 0.07143233716487885
    },
    "landmark_25": {
        "x": 0.5321357250213623,
        "y": 0.8198184967041016,
        "z": -0.07005646824836731
    },
    "landmark_26": {
        "x": 0.4366001486778259,
        "y": 0.8083200454711914,
        "z": 0.19993384182453156
    },
    "landmark_27": {
        "x": 0.5959939956665039,
        "y": 0.935649037361145,
        "z": 0.42647525668144226
    },
    "landmark_28": {
        "x": 0.4973803758621216,
        "y": 0.9173597097396851,
        "z": 0.7104083299636841
    },
    "landmark_29": {
        "x": 0.6176795959472656,
        "y": 0.9450124502182007,
        "z": 0.45775777101516724
    },
    "landmark_30": {
        "x": 0.5213747024536133,
        "y": 0.9270042181015015,
        "z": 0.7506970763206482
    },
    "landmark_31": {
        "x": 0.5699723958969116,
        "y": 0.9946348071098328,
        "z": 0.17388856410980225
    },
    "landmark_32": {
        "x": 0.46693238615989685,
        "y": 0.9718143343925476,
        "z": 0.5345516204833984
    }
}