{
    "landmark_0": {
        "x": 0.6060143709182739,
        "y": 0.37085863947868347,
        "z": -0.43841832876205444
    },
    "landmark_1": {
        "x": 0.6208950877189636,
        "y": 0.35968199372291565,
        "z": -0.3979378044605255
    },
    "landmark_2": {
        "x": 0.629250705242157,
        "y": 0.3600466549396515,
        "z": -0.39794641733169556
    },
    "landmark_3": {
        "x": 0.6351718306541443,
        "y": 0.3607194721698761,
        "z": -0.39795824885368347
    },
    "landmark_4": {
        "x": 0.5967832803726196,
        "y": 0.3591715097427368,
        "z": -0.38898801803588867
    },
    "landmark_5": {
        "x": 0.5892947912216187,
        "y": 0.3592526614665985,
        "z": -0.38895970582962036
    },
    "landmark_6": {
        "x": 0.5812596678733826,
        "y": 0.3597775399684906,
        "z": -0.389009952545166
    },
    "landmark_7": {
        "x": 0.6486046314239502,
        "y": 0.36814337968826294,
        "z": -0.18398433923721313
    },
    "landmark_8": {
        "x": 0.5733843445777893,
        "y": 0.36668041348457336,
        "z": -0.1391535997390747
    },
    "landmark_9": {
        "x": 0.6204864978790283,
        "y": 0.38459745049476624,
        "z": -0.36077138781547546
    },
    "landmark_10": {
        "x": 0.5913956761360168,
        "y": 0.38343197107315063,
        "z": -0.34846723079681396
    },
    "landmark_11": {
        "x": 0.7029200792312622,
        "y": 0.4374580383300781,
        "z": -0.10784265398979187
    },
    "landmark_12": {
        "x": 0.520480751991272,
        "y": 0.42862945795059204,
        "z": -0.058215584605932236
    },
    "landmark_13": {
        "x": 0.7873502373695374,
        "y": 0.4854761064052582,
        "z": -0.4553435742855072
    },
    "landmark_14": {
        "x": 0.4147116243839264,
        "y": 0.4690101742744446,
        "z": -0.3829348385334015
    },
    "landmark_15": {
        "x": 0.6817830204963684,
        "y": 0.44122451543807983,
        "z": -0.7824951410293579
    },
    "landmark_16": {
        "x": 0.4827318787574768,
        "y": 0.40460434556007385,
        "z": -0.7734352946281433
    },
    "landmark_17": {
        "x": 0.6521698832511902,
        "y": 0.4293327331542969,
        "z": -0.8545995354652405
    },
    "landmark_18": {
        "x": 0.49543261528015137,
        "y": 0.38819578289985657,
        "z": -0.8651217818260193
    },
    "landmark_19": {
        "x": 0.6443215012550354,
        "y": 0.4271708130836487,
        "z": -0.8030869364738464
    },
    "landmark_20": {
        "x": 0.504767894744873,
        "y": 0.38735225796699524,
        "z": -0.8289958238601685
    },
    "landmark_21": {
        "x": 0.6477493047714233,
        "y": 0.43157777190208435,
        "z": -0.768025279045105
    },
    "landmark_22": {
        "x": 0.5049976110458374,
        "y": 0.39306578040122986,
        "z": -0.7709655165672302
    },
    "landmark_23": {
        "x": 0.6380280256271362,
        "y": 0.6085279583930969,
        "z": -0.01869523897767067
    },
    "landmark_24": {
        "x": 0.5169875621795654,
        "y": 0.6012547612190247,
        "z": 0.018483661115169525
    },
    "landmark_25": {
        "x": 0.6474432945251465,
        "y": 0.7271355390548706,
        "z": -0.05716519430279732
    },
    "landmark_26": {
        "x": 0.46105557680130005,
        "y": 0.7144004702568054,
        "z": -0.14088664948940277
    },
    "landmark_27": {
        "x": 0.6453729867935181,
        "y": 0.8399850726127625,
        "z": 0.26941171288490295
    },
    "landmark_28": {
        "x": 0.4739570617675781,
        "y": 0.8296335339546204,
        "z": 0.18821975588798523
    },
    "landmark_29": {
        "x": 0.6179699301719666,
        "y": 0.8524730801582336,
        "z": 0.28637176752090454
    },
    "landmark_30": {
        "x": 0.503852367401123,
        "y": 0.845197319984436,
        "z": 0.20712295174598694
    },
    "landmark_31": {
        "x": 0.6795507073402405,
        "y": 0.8836897611618042,
        "z": 0.023325949907302856
    },
    "landmark_32": {
        "x": 0.41747286915779114,
        "y": 0.8731799125671387,
        "z": -0.03587270528078079
    }
}