{
    "landmark_0": {
        "x": 0.556819498538971,
        "y": 0.36868777871131897,
        "z": -0.38446012139320374
    },
    "landmark_1": {
        "x": 0.5689513087272644,
        "y": 0.35755833983421326,
        "z": -0.3458655774593353
    },
    "landmark_2": {
        "x": 0.5767357349395752,
        "y": 0.3578564524650574,
        "z": -0.3458465337753296
    },
    "landmark_3": {
        "x": 0.5832937955856323,
        "y": 0.3580513894557953,
        "z": -0.34587106108665466
    },
    "landmark_4": {
        "x": 0.5466834306716919,
        "y": 0.3578605651855469,
        "z": -0.33794766664505005
    },
    "landmark_5": {
        "x": 0.5392158627510071,
        "y": 0.3585400879383087,
        "z": -0.33788564801216125
    },
    "landmark_6": {
        "x": 0.5316962003707886,
        "y": 0.35917505621910095,
        "z": -0.3379209041595459
    },
    "landmark_7": {
        "x": 0.5955601334571838,
        "y": 0.36415955424308777,
        "z": -0.14441193640232086
    },
    "landmark_8": {
        "x": 0.5264250636100769,
        "y": 0.36523792147636414,
        "z": -0.10558787733316422
    },
    "landmark_9": {
        "x": 0.5728676915168762,
        "y": 0.38155293464660645,
        "z": -0.3117663860321045
    },
    "landmark_10": {
        "x": 0.5445231199264526,
        "y": 0.3807975947856903,
        "z": -0.3012378215789795
    },
    "landmark_11": {
        "x": 0.6553385257720947,
        "y": 0.4313245415687561,
        "z": -0.06405583024024963
    },
    "landmark_12": {
        "x": 0.48358994722366333,
        "y": 0.42813563346862793,
        "z": -0.025952106341719627
    },
    "landmark_13": {
        "x": 0.7476621270179749,
        "y": 0.4681411683559418,
        "z": -0.36703529953956604
    },
    "landmark_14": {
        "x": 0.386626273393631,
        "y": 0.47430458664894104,
        "z": -0.3173990547657013
    },
    "landmark_15": {
        "x": 0.651506781578064,
        "y": 0.4134138524532318,
        "z": -0.6081051826477051
    },
    "landmark_16": {
        "x": 0.4632280170917511,
        "y": 0.4104103446006775,
        "z": -0.6193692684173584
    },
    "landmark_17": {
        "x": 0.6235113739967346,
        "y": 0.3997131884098053,
        "z": -0.6652068495750427
    },
    "landmark_18": {
        "x": 0.47742122411727905,
        "y": 0.39687424898147583,
        "z": -0.695621907711029
    },
    "landmark_19": {
        "x": 0.6158791780471802,
        "y": 0.3989555835723877,
        "z": -0.6074969172477722
    },
    "landmark_20": {
        "x": 0.4863502085208893,
        "y": 0.39481329917907715,
        "z": -0.6496827006340027
    },
    "landmark_21": {
        "x": 0.6188244223594666,
        "y": 0.4044002592563629,
        "z": -0.5898643732070923
    },
    "landmark_22": {
        "x": 0.4859035611152649,
        "y": 0.40024620294570923,
        "z": -0.6112034916877747
    },
    "landmark_23": {
        "x": 0.6015008687973022,
        "y": 0.6012732982635498,
        "z": -0.021874496713280678
    },
    "landmark_24": {
        "x": 0.4895029366016388,
        "y": 0.5961325764656067,
        "z": 0.0216960646212101
    },
    "landmark_25": {
        "x": 0.591467559337616,
        "y": 0.7214550971984863,
        "z": -0.012362821027636528
    },
    "landmark_26": {
        "x": 0.4399603605270386,
        "y": 0.7144187092781067,
        "z": -0.01431573648005724
    },
    "landmark_27": {
        "x": 0.5774374604225159,
        "y": 0.8327024579048157,
        "z": 0.3223876357078552
    },
    "landmark_28": {
        "x": 0.443526953458786,
        "y": 0.8295221328735352,
        "z": 0.29041776061058044
    },
    "landmark_29": {
        "x": 0.5570768713951111,
        "y": 0.8423787355422974,
        "z": 0.3417195975780487
    },
    "landmark_30": {
        "x": 0.47159746289253235,
        "y": 0.842240035533905,
        "z": 0.3092474937438965
    },
    "landmark_31": {
        "x": 0.598909318447113,
        "y": 0.8745891451835632,
        "z": 0.10335370898246765
    },
    "landmark_32": {
        "x": 0.39940008521080017,
        "y": 0.8694097399711609,
        "z": 0.08589661866426468
    }
}