{
    "landmark_0": {
        "x": 0.5610021352767944,
        "y": 0.4019085764884949,
        "z": -0.5517880320549011
    },
    "landmark_1": {
        "x": 0.5787799954414368,
        "y": 0.3891652226448059,
        "z": -0.5159525871276855
    },
    "landmark_2": {
        "x": 0.5871776342391968,
        "y": 0.38976359367370605,
        "z": -0.5160625576972961
    },
    "landmark_3": {
        "x": 0.5941789746284485,
        "y": 0.39045941829681396,
        "z": -0.5160382390022278
    },
    "landmark_4": {
        "x": 0.55088871717453,
        "y": 0.38740670680999756,
        "z": -0.5177082419395447
    },
    "landmark_5": {
        "x": 0.5421304106712341,
        "y": 0.3869224190711975,
        "z": -0.5177175402641296
    },
    "landmark_6": {
        "x": 0.5332493782043457,
        "y": 0.38638147711753845,
        "z": -0.5178656578063965
    },
    "landmark_7": {
        "x": 0.6063684225082397,
        "y": 0.39587706327438354,
        "z": -0.28025564551353455
    },
    "landmark_8": {
        "x": 0.5233465433120728,
        "y": 0.38899296522140503,
        "z": -0.2944832742214203
    },
    "landmark_9": {
        "x": 0.575900137424469,
        "y": 0.41698771715164185,
        "z": -0.46165168285369873
    },
    "landmark_10": {
        "x": 0.5441293120384216,
        "y": 0.41554775834083557,
        "z": -0.4657869040966034
    },
    "landmark_11": {
        "x": 0.6543365120887756,
        "y": 0.47873276472091675,
        "z": -0.14914751052856445
    },
    "landmark_12": {
        "x": 0.44015222787857056,
        "y": 0.4611116349697113,
        "z": -0.13267545402050018
    },
    "landmark_13": {
        "x": 0.6751905083656311,
        "y": 0.5725297927856445,
        "z": -0.06604839861392975
    },
    "landmark_14": {
        "x": 0.3982296288013458,
        "y": 0.5459741950035095,
        "z": -0.056065160781145096
    },
    "landmark_15": {
        "x": 0.6286613345146179,
        "y": 0.6539637446403503,
        "z": -0.2910369634628296
    },
    "landmark_16": {
        "x": 0.39253804087638855,
        "y": 0.6226887106895447,
        "z": -0.2775841951370239
    },
    "landmark_17": {
        "x": 0.6222435235977173,
        "y": 0.6826083660125732,
        "z": -0.35946306586265564
    },
    "landmark_18": {
        "x": 0.3945167660713196,
        "y": 0.648737370967865,
        "z": -0.3426460921764374
    },
    "landmark_19": {
        "x": 0.6047750115394592,
        "y": 0.6792309284210205,
        "z": -0.4278283715248108
    },
    "landmark_20": {
        "x": 0.407697856426239,
        "y": 0.6469712853431702,
        "z": -0.4105544090270996
    },
    "landmark_21": {
        "x": 0.600008487701416,
        "y": 0.6728603839874268,
        "z": -0.3191031813621521
    },
    "landmark_22": {
        "x": 0.4100461006164551,
        "y": 0.6383249759674072,
        "z": -0.30839213728904724
    },
    "landmark_23": {
        "x": 0.588677704334259,
        "y": 0.657263994216919,
        "z": 0.005634752102196217
    },
    "landmark_24": {
        "x": 0.47430118918418884,
        "y": 0.6534319519996643,
        "z": -0.0053818500600755215
    },
    "landmark_25": {
        "x": 0.5679444074630737,
        "y": 0.7729984521865845,
        "z": 0.07226303219795227
    },
    "landmark_26": {
        "x": 0.48782819509506226,
        "y": 0.7817333936691284,
        "z": -0.08220168948173523
    },
    "landmark_27": {
        "x": 0.5505208373069763,
        "y": 0.8555662035942078,
        "z": 0.6084247827529907
    },
    "landmark_28": {
        "x": 0.5000237226486206,
        "y": 0.9105406999588013,
        "z": 0.16472721099853516
    },
    "landmark_29": {
        "x": 0.5429483652114868,
        "y": 0.8648620843887329,
        "z": 0.6512480974197388
    },
    "landmark_30": {
        "x": 0.5123140215873718,
        "y": 0.9231618642807007,
        "z": 0.17471708357334137
    },
    "landmark_31": {
        "x": 0.5489725470542908,
        "y": 0.9023706316947937,
        "z": 0.45507463812828064
    },
    "landmark_32": {
        "x": 0.4827719032764435,
        "y": 0.9595500230789185,
        "z": -0.10149499773979187
    }
}