{
    "landmark_0": {
        "x": 0.5414952039718628,
        "y": 0.39367735385894775,
        "z": -0.6396448016166687
    },
    "landmark_1": {
        "x": 0.5593745708465576,
        "y": 0.379882276058197,
        "z": -0.60541832447052
    },
    "landmark_2": {
        "x": 0.5684720873832703,
        "y": 0.3804399073123932,
        "z": -0.6055324673652649
    },
    "landmark_3": {
        "x": 0.5757562518119812,
        "y": 0.3808518648147583,
        "z": -0.6055170297622681
    },
    "landmark_4": {
        "x": 0.5300791263580322,
        "y": 0.37861740589141846,
        "z": -0.6050937175750732
    },
    "landmark_5": {
        "x": 0.5202713012695312,
        "y": 0.3779508173465729,
        "z": -0.6051104664802551
    },
    "landmark_6": {
        "x": 0.5110574960708618,
        "y": 0.37740275263786316,
        "z": -0.6052654385566711
    },
    "landmark_7": {
        "x": 0.5887638330459595,
        "y": 0.38483095169067383,
        "z": -0.3596403896808624
    },
    "landmark_8": {
        "x": 0.5024740099906921,
        "y": 0.3800226151943207,
        "z": -0.36450669169425964
    },
    "landmark_9": {
        "x": 0.5592610836029053,
        "y": 0.4083384573459625,
        "z": -0.5440964698791504
    },
    "landmark_10": {
        "x": 0.52470463514328,
        "y": 0.40774574875831604,
        "z": -0.5455408096313477
    },
    "landmark_11": {
        "x": 0.6488274335861206,
        "y": 0.46592622995376587,
        "z": -0.22153830528259277
    },
    "landmark_12": {
        "x": 0.41640642285346985,
        "y": 0.45386138558387756,
        "z": -0.16307809948921204
    },
    "landmark_13": {
        "x": 0.6652731895446777,
        "y": 0.5631181001663208,
        "z": -0.13907618820667267
    },
    "landmark_14": {
        "x": 0.3685648739337921,
        "y": 0.5424402356147766,
        "z": -0.06140386685729027
    },
    "landmark_15": {
        "x": 0.6128489375114441,
        "y": 0.6467390060424805,
        "z": -0.37225741147994995
    },
    "landmark_16": {
        "x": 0.35680899024009705,
        "y": 0.6236332058906555,
        "z": -0.2885937988758087
    },
    "landmark_17": {
        "x": 0.6042389273643494,
        "y": 0.677661120891571,
        "z": -0.44621729850769043
    },
    "landmark_18": {
        "x": 0.3522801697254181,
        "y": 0.6538698673248291,
        "z": -0.3522028625011444
    },
    "landmark_19": {
        "x": 0.5829927325248718,
        "y": 0.6719465851783752,
        "z": -0.5151613354682922
    },
    "landmark_20": {
        "x": 0.36587485671043396,
        "y": 0.6518628597259521,
        "z": -0.42493608593940735
    },
    "landmark_21": {
        "x": 0.5791373252868652,
        "y": 0.6639270782470703,
        "z": -0.3995424509048462
    },
    "landmark_22": {
        "x": 0.3719921112060547,
        "y": 0.642677366733551,
        "z": -0.32107627391815186
    },
    "landmark_23": {
        "x": 0.582676112651825,
        "y": 0.6499825716018677,
        "z": -0.00037711195182055235
    },
    "landmark_24": {
        "x": 0.4623588025569916,
        "y": 0.651802122592926,
        "z": 0.0007276179967448115
    },
    "landmark_25": {
        "x": 0.5757656693458557,
        "y": 0.7688130140304565,
        "z": 0.05609076842665672
    },
    "landmark_26": {
        "x": 0.47809523344039917,
        "y": 0.788737952709198,
        "z": -0.11189385503530502
    },
    "landmark_27": {
        "x": 0.553054928779602,
        "y": 0.8496233224868774,
        "z": 0.6628479957580566
    },
    "landmark_28": {
        "x": 0.4979763925075531,
        "y": 0.9070907831192017,
        "z": 0.1580263376235962
    },
    "landmark_29": {
        "x": 0.5476576685905457,
        "y": 0.8566293716430664,
        "z": 0.7119172215461731
    },
    "landmark_30": {
        "x": 0.5119702816009521,
        "y": 0.9201117753982544,
        "z": 0.16985657811164856
    },
    "landmark_31": {
        "x": 0.5477890968322754,
        "y": 0.899034857749939,
        "z": 0.5076369047164917
    },
    "landmark_32": {
        "x": 0.48299816250801086,
        "y": 0.9586743116378784,
        "z": -0.12200243026018143
    }
}