{
    "landmark_0": {
        "x": 0.48019999265670776,
        "y": 0.38205963373184204,
        "z": -0.5071896910667419
    },
    "landmark_1": {
        "x": 0.4909433126449585,
        "y": 0.36988380551338196,
        "z": -0.47449085116386414
    },
    "landmark_2": {
        "x": 0.49936291575431824,
        "y": 0.3697810173034668,
        "z": -0.47447749972343445
    },
    "landmark_3": {
        "x": 0.5053375363349915,
        "y": 0.37007221579551697,
        "z": -0.4744165539741516
    },
    "landmark_4": {
        "x": 0.46671855449676514,
        "y": 0.3724466562271118,
        "z": -0.46741053462028503
    },
    "landmark_5": {
        "x": 0.45883679389953613,
        "y": 0.37372899055480957,
        "z": -0.467488557100296
    },
    "landmark_6": {
        "x": 0.451971173286438,
        "y": 0.3750809133052826,
        "z": -0.46746718883514404
    },
    "landmark_7": {
        "x": 0.5173553228378296,
        "y": 0.3763972818851471,
        "z": -0.27145522832870483
    },
    "landmark_8": {
        "x": 0.4470983147621155,
        "y": 0.38249269127845764,
        "z": -0.24146662652492523
    },
    "landmark_9": {
        "x": 0.4993506669998169,
        "y": 0.393844336271286,
        "z": -0.4313911497592926
    },
    "landmark_10": {
        "x": 0.46762821078300476,
        "y": 0.3965907692909241,
        "z": -0.4231734275817871
    },
    "landmark_11": {
        "x": 0.5960460901260376,
        "y": 0.4501628875732422,
        "z": -0.16316843032836914
    },
    "landmark_12": {
        "x": 0.39730045199394226,
        "y": 0.4568256437778473,
        "z": -0.08419179171323776
    },
    "landmark_13": {
        "x": 0.6349195241928101,
        "y": 0.5196415185928345,
        "z": -0.07668352872133255
    },
    "landmark_14": {
        "x": 0.2913977801799774,
        "y": 0.49693435430526733,
        "z": -0.2937779724597931
    },
    "landmark_15": {
        "x": 0.6279152631759644,
        "y": 0.5829352736473083,
        "z": -0.170726478099823
    },
    "landmark_16": {
        "x": 0.27706846594810486,
        "y": 0.42336076498031616,
        "z": -0.7537701725959778
    },
    "landmark_17": {
        "x": 0.6355590224266052,
        "y": 0.6057018041610718,
        "z": -0.19699642062187195
    },
    "landmark_18": {
        "x": 0.2640247046947479,
        "y": 0.40179628133773804,
        "z": -0.8403167724609375
    },
    "landmark_19": {
        "x": 0.6233484745025635,
        "y": 0.6036331057548523,
        "z": -0.23722292482852936
    },
    "landmark_20": {
        "x": 0.2721903324127197,
        "y": 0.3962055742740631,
        "z": -0.8352992534637451
    },
    "landmark_21": {
        "x": 0.6158718466758728,
        "y": 0.5965975522994995,
        "z": -0.1842157393693924
    },
    "landmark_22": {
        "x": 0.2824373245239258,
        "y": 0.4033675789833069,
        "z": -0.7640910744667053
    },
    "landmark_23": {
        "x": 0.5664116740226746,
        "y": 0.6213883757591248,
        "z": -0.021812180057168007
    },
    "landmark_24": {
        "x": 0.4599429965019226,
        "y": 0.6212610602378845,
        "z": 0.021349361166357994
    },
    "landmark_25": {
        "x": 0.5526025295257568,
        "y": 0.7415136098861694,
        "z": -0.009979285299777985
    },
    "landmark_26": {
        "x": 0.45630013942718506,
        "y": 0.7389041185379028,
        "z": 0.055321358144283295
    },
    "landmark_27": {
        "x": 0.5531691312789917,
        "y": 0.8367037773132324,
        "z": 0.4771934151649475
    },
    "landmark_28": {
        "x": 0.44647446274757385,
        "y": 0.83262699842453,
        "z": 0.47612860798835754
    },
    "landmark_29": {
        "x": 0.5493713021278381,
        "y": 0.84691321849823,
        "z": 0.511933445930481
    },
    "landmark_30": {
        "x": 0.4547606110572815,
        "y": 0.8440214991569519,
        "z": 0.5081052780151367
    },
    "landmark_31": {
        "x": 0.5512197613716125,
        "y": 0.8737961649894714,
        "z": 0.28204721212387085
    },
    "landmark_32": {
        "x": 0.4385843873023987,
        "y": 0.8651768565177917,
        "z": 0.2809699475765228
    }
}