{
    "landmark_0": {
        "x": 0.4673994183540344,
        "y": 0.35573500394821167,
        "z": -0.44302308559417725
    },
    "landmark_1": {
        "x": 0.4796973466873169,
        "y": 0.3455680012702942,
        "z": -0.39802291989326477
    },
    "landmark_2": {
        "x": 0.48793765902519226,
        "y": 0.3457375168800354,
        "z": -0.39799150824546814
    },
    "landmark_3": {
        "x": 0.4939191937446594,
        "y": 0.3458799123764038,
        "z": -0.39802008867263794
    },
    "landmark_4": {
        "x": 0.45521241426467896,
        "y": 0.3460955321788788,
        "z": -0.3936026990413666
    },
    "landmark_5": {
        "x": 0.44835391640663147,
        "y": 0.3463286757469177,
        "z": -0.3935520052909851
    },
    "landmark_6": {
        "x": 0.44121885299682617,
        "y": 0.34704965353012085,
        "z": -0.3935733437538147
    },
    "landmark_7": {
        "x": 0.5090256333351135,
        "y": 0.352935791015625,
        "z": -0.17204372584819794
    },
    "landmark_8": {
        "x": 0.4359232485294342,
        "y": 0.35517698526382446,
        "z": -0.15198993682861328
    },
    "landmark_9": {
        "x": 0.48613083362579346,
        "y": 0.36937999725341797,
        "z": -0.3618420958518982
    },
    "landmark_10": {
        "x": 0.4579617381095886,
        "y": 0.37089088559150696,
        "z": -0.3563700020313263
    },
    "landmark_11": {
        "x": 0.5713945031166077,
        "y": 0.42114362120628357,
        "z": -0.10651901364326477
    },
    "landmark_12": {
        "x": 0.3920111358165741,
        "y": 0.4212641716003418,
        "z": -0.10262004286050797
    },
    "landmark_13": {
        "x": 0.6715037226676941,
        "y": 0.44972580671310425,
        "z": -0.499585896730423
    },
    "landmark_14": {
        "x": 0.2854636311531067,
        "y": 0.45118123292922974,
        "z": -0.48183849453926086
    },
    "landmark_15": {
        "x": 0.5655831098556519,
        "y": 0.3963453471660614,
        "z": -0.8280001878738403
    },
    "landmark_16": {
        "x": 0.383696585893631,
        "y": 0.41125398874282837,
        "z": -0.8256756067276001
    },
    "landmark_17": {
        "x": 0.5317143797874451,
        "y": 0.38691195845603943,
        "z": -0.9040750861167908
    },
    "landmark_18": {
        "x": 0.42222723364830017,
        "y": 0.4058700501918793,
        "z": -0.9104858636856079
    },
    "landmark_19": {
        "x": 0.5233424305915833,
        "y": 0.3862132728099823,
        "z": -0.8414565920829773
    },
    "landmark_20": {
        "x": 0.4297245442867279,
        "y": 0.40468651056289673,
        "z": -0.8610466122627258
    },
    "landmark_21": {
        "x": 0.5310365557670593,
        "y": 0.3908373713493347,
        "z": -0.8116900324821472
    },
    "landmark_22": {
        "x": 0.42096400260925293,
        "y": 0.4093431830406189,
        "z": -0.8165637254714966
    },
    "landmark_23": {
        "x": 0.5309366583824158,
        "y": 0.5863658785820007,
        "z": -0.004259707871824503
    },
    "landmark_24": {
        "x": 0.41748565435409546,
        "y": 0.5852124094963074,
        "z": 0.004056524019688368
    },
    "landmark_25": {
        "x": 0.5427361130714417,
        "y": 0.7051343321800232,
        "z": -0.1064630076289177
    },
    "landmark_26": {
        "x": 0.39496752619743347,
        "y": 0.7023206353187561,
        "z": -0.16034230589866638
    },
    "landmark_27": {
        "x": 0.5290244817733765,
        "y": 0.8205729722976685,
        "z": 0.23879526555538177
    },
    "landmark_28": {
        "x": 0.4366351366043091,
        "y": 0.8150231242179871,
        "z": 0.19885508716106415
    },
    "landmark_29": {
        "x": 0.5102667212486267,
        "y": 0.8345955014228821,
        "z": 0.258149653673172
    },
    "landmark_30": {
        "x": 0.4595167934894562,
        "y": 0.8280690908432007,
        "z": 0.22027024626731873
    },
    "landmark_31": {
        "x": 0.5758346319198608,
        "y": 0.8599126935005188,
        "z": -0.00022767335758544505
    },
    "landmark_32": {
        "x": 0.399582177400589,
        "y": 0.8610804677009583,
        "z": -0.02747531794011593
    }
}