{
    "landmark_0": {
        "x": 0.5519339442253113,
        "y": 0.3857344388961792,
        "z": -0.543601393699646
    },
    "landmark_1": {
        "x": 0.5602768063545227,
        "y": 0.3750334084033966,
        "z": -0.5051313042640686
    },
    "landmark_2": {
        "x": 0.5665622353553772,
        "y": 0.3753390312194824,
        "z": -0.5052663087844849
    },
    "landmark_3": {
        "x": 0.5727275609970093,
        "y": 0.37549063563346863,
        "z": -0.505375325679779
    },
    "landmark_4": {
        "x": 0.5393943786621094,
        "y": 0.37562325596809387,
        "z": -0.5000467300415039
    },
    "landmark_5": {
        "x": 0.5325875878334045,
        "y": 0.37605586647987366,
        "z": -0.4999827444553375
    },
    "landmark_6": {
        "x": 0.5249595642089844,
        "y": 0.3765834867954254,
        "z": -0.49991413950920105
    },
    "landmark_7": {
        "x": 0.5851208567619324,
        "y": 0.3811146020889282,
        "z": -0.28320205211639404
    },
    "landmark_8": {
        "x": 0.5152679085731506,
        "y": 0.3838936686515808,
        "z": -0.2581726908683777
    },
    "landmark_9": {
        "x": 0.5656864047050476,
        "y": 0.39749231934547424,
        "z": -0.4616314470767975
    },
    "landmark_10": {
        "x": 0.5400437116622925,
        "y": 0.3983848989009857,
        "z": -0.4542648196220398
    },
    "landmark_11": {
        "x": 0.6489865779876709,
        "y": 0.4355858266353607,
        "z": -0.24084222316741943
    },
    "landmark_12": {
        "x": 0.4791625440120697,
        "y": 0.44200411438941956,
        "z": -0.15910212695598602
    },
    "landmark_13": {
        "x": 0.737853467464447,
        "y": 0.4829845428466797,
        "z": -0.5385785698890686
    },
    "landmark_14": {
        "x": 0.41149282455444336,
        "y": 0.470655620098114,
        "z": -0.5245011448860168
    },
    "landmark_15": {
        "x": 0.6012672781944275,
        "y": 0.5097108483314514,
        "z": -0.8334866166114807
    },
    "landmark_16": {
        "x": 0.43200060725212097,
        "y": 0.3959100544452667,
        "z": -0.9645084142684937
    },
    "landmark_17": {
        "x": 0.5719982385635376,
        "y": 0.5271536707878113,
        "z": -0.9252080917358398
    },
    "landmark_18": {
        "x": 0.42288410663604736,
        "y": 0.37505850195884705,
        "z": -1.0687928199768066
    },
    "landmark_19": {
        "x": 0.5512222647666931,
        "y": 0.5225629806518555,
        "z": -0.9106572270393372
    },
    "landmark_20": {
        "x": 0.43040475249290466,
        "y": 0.37150296568870544,
        "z": -1.0548224449157715
    },
    "landmark_21": {
        "x": 0.5581923723220825,
        "y": 0.5169054269790649,
        "z": -0.83134925365448
    },
    "landmark_22": {
        "x": 0.43904250860214233,
        "y": 0.38000959157943726,
        "z": -0.9736474752426147
    },
    "landmark_23": {
        "x": 0.6152118444442749,
        "y": 0.6181873679161072,
        "z": -0.01589219458401203
    },
    "landmark_24": {
        "x": 0.5031967163085938,
        "y": 0.619774580001831,
        "z": 0.015991520136594772
    },
    "landmark_25": {
        "x": 0.6550735235214233,
        "y": 0.7256725430488586,
        "z": -0.07048718631267548
    },
    "landmark_26": {
        "x": 0.48849615454673767,
        "y": 0.7276261448860168,
        "z": 0.12652643024921417
    },
    "landmark_27": {
        "x": 0.6678974032402039,
        "y": 0.8453318476676941,
        "z": 0.08802951127290726
    },
    "landmark_28": {
        "x": 0.5273804068565369,
        "y": 0.8276492953300476,
        "z": 0.49674534797668457
    },
    "landmark_29": {
        "x": 0.6447486281394958,
        "y": 0.8722936511039734,
        "z": 0.08801662176847458
    },
    "landmark_30": {
        "x": 0.5521338582038879,
        "y": 0.8436204791069031,
        "z": 0.5196056962013245
    },
    "landmark_31": {
        "x": 0.7597212791442871,
        "y": 0.8686331510543823,
        "z": -0.1467542201280594
    },
    "landmark_32": {
        "x": 0.47580358386039734,
        "y": 0.8665005564689636,
        "z": 0.3305601179599762
    }
}