{
    "landmark_0": {
        "x": 0.5491197109222412,
        "y": 0.3723217248916626,
        "z": -0.2309405654668808
    },
    "landmark_1": {
        "x": 0.562285304069519,
        "y": 0.36260518431663513,
        "z": -0.18882790207862854
    },
    "landmark_2": {
        "x": 0.5707191824913025,
        "y": 0.36291223764419556,
        "z": -0.18884044885635376
    },
    "landmark_3": {
        "x": 0.5770443081855774,
        "y": 0.36317458748817444,
        "z": -0.18895968794822693
    },
    "landmark_4": {
        "x": 0.5384769439697266,
        "y": 0.36257559061050415,
        "z": -0.18620999157428741
    },
    "landmark_5": {
        "x": 0.5312116742134094,
        "y": 0.36288702487945557,
        "z": -0.18611140549182892
    },
    "landmark_6": {
        "x": 0.5242541432380676,
        "y": 0.3632306158542633,
        "z": -0.18607978522777557
    },
    "landmark_7": {
        "x": 0.5896317362785339,
        "y": 0.36931169033050537,
        "z": 0.008716787211596966
    },
    "landmark_8": {
        "x": 0.5207962989807129,
        "y": 0.3693717420101166,
        "z": 0.020807059481739998
    },
    "landmark_9": {
        "x": 0.5659704804420471,
        "y": 0.38701170682907104,
        "z": -0.16093109548091888
    },
    "landmark_10": {
        "x": 0.5395852327346802,
        "y": 0.3863753378391266,
        "z": -0.15801449120044708
    },
    "landmark_11": {
        "x": 0.6417675018310547,
        "y": 0.43680086731910706,
        "z": 0.0627109557390213
    },
    "landmark_12": {
        "x": 0.4699067771434784,
        "y": 0.43617066740989685,
        "z": 0.037911031395196915
    },
    "landmark_13": {
        "x": 0.7249619364738464,
        "y": 0.4865192472934723,
        "z": -0.1948387175798416
    },
    "landmark_14": {
        "x": 0.3883168399333954,
        "y": 0.4801287055015564,
        "z": -0.24579893052577972
    },
    "landmark_15": {
        "x": 0.6202000975608826,
        "y": 0.4239201545715332,
        "z": -0.37549272179603577
    },
    "landmark_16": {
        "x": 0.49928706884384155,
        "y": 0.4284648895263672,
        "z": -0.4258473217487335
    },
    "landmark_17": {
        "x": 0.5947010517120361,
        "y": 0.4110087454319,
        "z": -0.42766517400741577
    },
    "landmark_18": {
        "x": 0.5357919931411743,
        "y": 0.4167572855949402,
        "z": -0.4835748076438904
    },
    "landmark_19": {
        "x": 0.590675413608551,
        "y": 0.4101378321647644,
        "z": -0.37167465686798096
    },
    "landmark_20": {
        "x": 0.5402244329452515,
        "y": 0.41494235396385193,
        "z": -0.4318893551826477
    },
    "landmark_21": {
        "x": 0.5943587422370911,
        "y": 0.4157143533229828,
        "z": -0.3574965298175812
    },
    "landmark_22": {
        "x": 0.5335144400596619,
        "y": 0.4195399880409241,
        "z": -0.4118453860282898
    },
    "landmark_23": {
        "x": 0.6080107092857361,
        "y": 0.6023751497268677,
        "z": 0.00044500516378320754
    },
    "landmark_24": {
        "x": 0.4965389370918274,
        "y": 0.6052894592285156,
        "z": -0.00029669838841073215
    },
    "landmark_25": {
        "x": 0.6404808759689331,
        "y": 0.723538339138031,
        "z": -0.08535107970237732
    },
    "landmark_26": {
        "x": 0.49673932790756226,
        "y": 0.7267999053001404,
        "z": 0.06053072214126587
    },
    "landmark_27": {
        "x": 0.6539233326911926,
        "y": 0.8485347628593445,
        "z": 0.04682180657982826
    },
    "landmark_28": {
        "x": 0.5332661867141724,
        "y": 0.8322316408157349,
        "z": 0.35701581835746765
    },
    "landmark_29": {
        "x": 0.6346442103385925,
        "y": 0.868411660194397,
        "z": 0.04701391980051994
    },
    "landmark_30": {
        "x": 0.5594304203987122,
        "y": 0.8470212817192078,
        "z": 0.3748696744441986
    },
    "landmark_31": {
        "x": 0.7358331680297852,
        "y": 0.8748430013656616,
        "z": -0.17510353028774261
    },
    "landmark_32": {
        "x": 0.5012442469596863,
        "y": 0.8699310421943665,
        "z": 0.18654759228229523
    }
}