{
    "landmark_0": {
        "x": 0.5296031832695007,
        "y": 0.41695094108581543,
        "z": -0.402854323387146
    },
    "landmark_1": {
        "x": 0.5427997708320618,
        "y": 0.40945664048194885,
        "z": -0.358844131231308
    },
    "landmark_2": {
        "x": 0.5486246347427368,
        "y": 0.41036099195480347,
        "z": -0.35882967710494995
    },
    "landmark_3": {
        "x": 0.5535346269607544,
        "y": 0.41124096512794495,
        "z": -0.3587817847728729
    },
    "landmark_4": {
        "x": 0.5217049717903137,
        "y": 0.4075694680213928,
        "z": -0.36586543917655945
    },
    "landmark_5": {
        "x": 0.5141019225120544,
        "y": 0.4075230658054352,
        "z": -0.3658958971500397
    },
    "landmark_6": {
        "x": 0.5081168413162231,
        "y": 0.4077463150024414,
        "z": -0.3659572899341583
    },
    "landmark_7": {
        "x": 0.5616588592529297,
        "y": 0.4191059172153473,
        "z": -0.11889462172985077
    },
    "landmark_8": {
        "x": 0.4970378875732422,
        "y": 0.41550761461257935,
        "z": -0.15479297935962677
    },
    "landmark_9": {
        "x": 0.5393899083137512,
        "y": 0.4314941465854645,
        "z": -0.3146367371082306
    },
    "landmark_10": {
        "x": 0.5145164132118225,
        "y": 0.4292842745780945,
        "z": -0.3251197338104248
    },
    "landmark_11": {
        "x": 0.5985305309295654,
        "y": 0.48944219946861267,
        "z": 0.014336715452373028
    },
    "landmark_12": {
        "x": 0.4329436719417572,
        "y": 0.47688794136047363,
        "z": -0.0886286273598671
    },
    "landmark_13": {
        "x": 0.6614556312561035,
        "y": 0.5360252261161804,
        "z": -0.24305547773838043
    },
    "landmark_14": {
        "x": 0.3646535277366638,
        "y": 0.5385681390762329,
        "z": -0.2921466827392578
    },
    "landmark_15": {
        "x": 0.6574300527572632,
        "y": 0.46450525522232056,
        "z": -0.6221924424171448
    },
    "landmark_16": {
        "x": 0.4980664551258087,
        "y": 0.5527619123458862,
        "z": -0.5395349264144897
    },
    "landmark_17": {
        "x": 0.6558465957641602,
        "y": 0.44434332847595215,
        "z": -0.708319365978241
    },
    "landmark_18": {
        "x": 0.5334393382072449,
        "y": 0.5628354549407959,
        "z": -0.6041824221611023
    },
    "landmark_19": {
        "x": 0.6514708995819092,
        "y": 0.4395681321620941,
        "z": -0.6847811937332153
    },
    "landmark_20": {
        "x": 0.548678994178772,
        "y": 0.5571658611297607,
        "z": -0.5890973210334778
    },
    "landmark_21": {
        "x": 0.6477159261703491,
        "y": 0.4461720585823059,
        "z": -0.625324010848999
    },
    "landmark_22": {
        "x": 0.5382898449897766,
        "y": 0.5531599521636963,
        "z": -0.5343952178955078
    },
    "landmark_23": {
        "x": 0.5444881916046143,
        "y": 0.6481732130050659,
        "z": 0.010309917852282524
    },
    "landmark_24": {
        "x": 0.4386618435382843,
        "y": 0.6403135061264038,
        "z": -0.009998799301683903
    },
    "landmark_25": {
        "x": 0.5381327867507935,
        "y": 0.7447389960289001,
        "z": -0.06833949685096741
    },
    "landmark_26": {
        "x": 0.35690009593963623,
        "y": 0.742455005645752,
        "z": -0.27203917503356934
    },
    "landmark_27": {
        "x": 0.47091835737228394,
        "y": 0.8374980688095093,
        "z": 0.15803195536136627
    },
    "landmark_28": {
        "x": 0.25981631875038147,
        "y": 0.8566281199455261,
        "z": -0.17444011569023132
    },
    "landmark_29": {
        "x": 0.4436494708061218,
        "y": 0.8527995347976685,
        "z": 0.16628411412239075
    },
    "landmark_30": {
        "x": 0.25023943185806274,
        "y": 0.8870927095413208,
        "z": -0.1801275908946991
    },
    "landmark_31": {
        "x": 0.507802426815033,
        "y": 0.8658581972122192,
        "z": -0.06124759837985039
    },
    "landmark_32": {
        "x": 0.16691367328166962,
        "y": 0.8427952527999878,
        "z": -0.4521884024143219
    }
}