{
    "landmark_0": {
        "x": 0.5150111317634583,
        "y": 0.409231573343277,
        "z": -0.3646883964538574
    },
    "landmark_1": {
        "x": 0.5287118554115295,
        "y": 0.40012606978416443,
        "z": -0.3292585611343384
    },
    "landmark_2": {
        "x": 0.5359683036804199,
        "y": 0.40060940384864807,
        "z": -0.32936549186706543
    },
    "landmark_3": {
        "x": 0.5419496893882751,
        "y": 0.40147262811660767,
        "z": -0.32936355471611023
    },
    "landmark_4": {
        "x": 0.5063903331756592,
        "y": 0.40054264664649963,
        "z": -0.32060325145721436
    },
    "landmark_5": {
        "x": 0.4983672797679901,
        "y": 0.40128573775291443,
        "z": -0.3205907642841339
    },
    "landmark_6": {
        "x": 0.4906739592552185,
        "y": 0.4022114872932434,
        "z": -0.3205581307411194
    },
    "landmark_7": {
        "x": 0.5542539358139038,
        "y": 0.4076603949069977,
        "z": -0.14281482994556427
    },
    "landmark_8": {
        "x": 0.48442843556404114,
        "y": 0.4093465805053711,
        "z": -0.10405907034873962
    },
    "landmark_9": {
        "x": 0.5307554006576538,
        "y": 0.42227044701576233,
        "z": -0.2976137697696686
    },
    "landmark_10": {
        "x": 0.5016924142837524,
        "y": 0.42221102118492126,
        "z": -0.2865762412548065
    },
    "landmark_11": {
        "x": 0.6154438853263855,
        "y": 0.46458157896995544,
        "z": -0.14439454674720764
    },
    "landmark_12": {
        "x": 0.45010218024253845,
        "y": 0.47656241059303284,
        "z": -0.015499318018555641
    },
    "landmark_13": {
        "x": 0.66597980260849,
        "y": 0.5247812867164612,
        "z": -0.38616397976875305
    },
    "landmark_14": {
        "x": 0.3720150887966156,
        "y": 0.49548378586769104,
        "z": -0.31584233045578003
    },
    "landmark_15": {
        "x": 0.5156227350234985,
        "y": 0.5141996145248413,
        "z": -0.5839599370956421
    },
    "landmark_16": {
        "x": 0.40515726804733276,
        "y": 0.4134506583213806,
        "z": -0.6589198112487793
    },
    "landmark_17": {
        "x": 0.47343823313713074,
        "y": 0.5152602195739746,
        "z": -0.6506714224815369
    },
    "landmark_18": {
        "x": 0.40617871284484863,
        "y": 0.39206305146217346,
        "z": -0.7423149347305298
    },
    "landmark_19": {
        "x": 0.4661628305912018,
        "y": 0.5097548961639404,
        "z": -0.6233799457550049
    },
    "landmark_20": {
        "x": 0.4123147428035736,
        "y": 0.38901087641716003,
        "z": -0.7132426500320435
    },
    "landmark_21": {
        "x": 0.4744472801685333,
        "y": 0.5097019672393799,
        "z": -0.57393479347229
    },
    "landmark_22": {
        "x": 0.4180915951728821,
        "y": 0.39815619587898254,
        "z": -0.6606519818305969
    },
    "landmark_23": {
        "x": 0.6023773550987244,
        "y": 0.6420093178749084,
        "z": -0.023215750232338905
    },
    "landmark_24": {
        "x": 0.49185851216316223,
        "y": 0.6435748338699341,
        "z": 0.02313154749572277
    },
    "landmark_25": {
        "x": 0.6616748571395874,
        "y": 0.7549659013748169,
        "z": -0.07975897192955017
    },
    "landmark_26": {
        "x": 0.4764486849308014,
        "y": 0.7449709177017212,
        "z": 0.015016041696071625
    },
    "landmark_27": {
        "x": 0.7047058343887329,
        "y": 0.8754512071609497,
        "z": 0.0606706365942955
    },
    "landmark_28": {
        "x": 0.5323668122291565,
        "y": 0.83427494764328,
        "z": 0.36590418219566345
    },
    "landmark_29": {
        "x": 0.695684015750885,
        "y": 0.904588520526886,
        "z": 0.06020224839448929
    },
    "landmark_30": {
        "x": 0.5644928216934204,
        "y": 0.8490138053894043,
        "z": 0.38897407054901123
    },
    "landmark_31": {
        "x": 0.7940344214439392,
        "y": 0.8735101819038391,
        "z": -0.15473414957523346
    },
    "landmark_32": {
        "x": 0.487851619720459,
        "y": 0.8686392903327942,
        "z": 0.22816385328769684
    }
}