{
    "landmark_0": {
        "x": 0.56362384557724,
        "y": 0.36027947068214417,
        "z": -0.35491523146629333
    },
    "landmark_1": {
        "x": 0.5768469572067261,
        "y": 0.34964844584465027,
        "z": -0.3203105926513672
    },
    "landmark_2": {
        "x": 0.5832940340042114,
        "y": 0.3503919541835785,
        "z": -0.3202977180480957
    },
    "landmark_3": {
        "x": 0.5880612730979919,
        "y": 0.3512672781944275,
        "z": -0.3203987777233124
    },
    "landmark_4": {
        "x": 0.5536563396453857,
        "y": 0.3488939702510834,
        "z": -0.3217897415161133
    },
    "landmark_5": {
        "x": 0.5462032556533813,
        "y": 0.3489098846912384,
        "z": -0.3216903507709503
    },
    "landmark_6": {
        "x": 0.5388601422309875,
        "y": 0.3495558798313141,
        "z": -0.32173147797584534
    },
    "landmark_7": {
        "x": 0.5991819500923157,
        "y": 0.35879960656166077,
        "z": -0.09959148615598679
    },
    "landmark_8": {
        "x": 0.5295946598052979,
        "y": 0.3561353385448456,
        "z": -0.10899461805820465
    },
    "landmark_9": {
        "x": 0.5769317746162415,
        "y": 0.3753832280635834,
        "z": -0.2686265707015991
    },
    "landmark_10": {
        "x": 0.5482334494590759,
        "y": 0.3745003044605255,
        "z": -0.27217528223991394
    },
    "landmark_11": {
        "x": 0.6482349038124084,
        "y": 0.42507559061050415,
        "z": 0.03528151661157608
    },
    "landmark_12": {
        "x": 0.4716905355453491,
        "y": 0.4160689413547516,
        "z": -0.036012109369039536
    },
    "landmark_13": {
        "x": 0.7217256426811218,
        "y": 0.476252019405365,
        "z": -0.16513162851333618
    },
    "landmark_14": {
        "x": 0.4005111753940582,
        "y": 0.46350550651550293,
        "z": -0.28276705741882324
    },
    "landmark_15": {
        "x": 0.7156481146812439,
        "y": 0.4000318944454193,
        "z": -0.4536290764808655
    },
    "landmark_16": {
        "x": 0.5315153002738953,
        "y": 0.4782654643058777,
        "z": -0.5891432166099548
    },
    "landmark_17": {
        "x": 0.7143937945365906,
        "y": 0.3801736831665039,
        "z": -0.5151479244232178
    },
    "landmark_18": {
        "x": 0.578165590763092,
        "y": 0.4908108115196228,
        "z": -0.6556165218353271
    },
    "landmark_19": {
        "x": 0.7097830772399902,
        "y": 0.3753589689731598,
        "z": -0.49569594860076904
    },
    "landmark_20": {
        "x": 0.5899703502655029,
        "y": 0.48582467436790466,
        "z": -0.6326926350593567
    },
    "landmark_21": {
        "x": 0.7058672904968262,
        "y": 0.3821753263473511,
        "z": -0.4539511501789093
    },
    "landmark_22": {
        "x": 0.5810916423797607,
        "y": 0.4816107153892517,
        "z": -0.5845738649368286
    },
    "landmark_23": {
        "x": 0.598171591758728,
        "y": 0.5929176807403564,
        "z": -0.005737660452723503
    },
    "landmark_24": {
        "x": 0.4815818667411804,
        "y": 0.5900189280509949,
        "z": 0.0059109460562467575
    },
    "landmark_25": {
        "x": 0.6040450930595398,
        "y": 0.7149723768234253,
        "z": -0.002605668967589736
    },
    "landmark_26": {
        "x": 0.4575401842594147,
        "y": 0.7130625247955322,
        "z": 0.026823248714208603
    },
    "landmark_27": {
        "x": 0.579465389251709,
        "y": 0.8223632574081421,
        "z": 0.3085728883743286
    },
    "landmark_28": {
        "x": 0.4683467745780945,
        "y": 0.8201264142990112,
        "z": 0.3090977966785431
    },
    "landmark_29": {
        "x": 0.5588364601135254,
        "y": 0.8335224986076355,
        "z": 0.32449042797088623
    },
    "landmark_30": {
        "x": 0.48890066146850586,
        "y": 0.8366548418998718,
        "z": 0.3234432637691498
    },
    "landmark_31": {
        "x": 0.5997748374938965,
        "y": 0.8668719530105591,
        "z": 0.10355731099843979
    },
    "landmark_32": {
        "x": 0.40289634466171265,
        "y": 0.8555690050125122,
        "z": 0.1012149378657341
    }
}