{
    "landmark_0": {
        "x": 0.6610851287841797,
        "y": 0.4254332482814789,
        "z": -0.48844245076179504
    },
    "landmark_1": {
        "x": 0.6750761866569519,
        "y": 0.4160541594028473,
        "z": -0.4470587968826294
    },
    "landmark_2": {
        "x": 0.6825245022773743,
        "y": 0.41697269678115845,
        "z": -0.4470705986022949
    },
    "landmark_3": {
        "x": 0.6878526210784912,
        "y": 0.41782695055007935,
        "z": -0.4470955431461334
    },
    "landmark_4": {
        "x": 0.6512686014175415,
        "y": 0.4141194820404053,
        "z": -0.4495007395744324
    },
    "landmark_5": {
        "x": 0.6439232230186462,
        "y": 0.4140559136867523,
        "z": -0.4495216906070709
    },
    "landmark_6": {
        "x": 0.6360825300216675,
        "y": 0.4140487611293793,
        "z": -0.449601411819458
    },
    "landmark_7": {
        "x": 0.6970094442367554,
        "y": 0.4242510199546814,
        "z": -0.2013346403837204
    },
    "landmark_8": {
        "x": 0.6272191405296326,
        "y": 0.42013221979141235,
        "z": -0.21287015080451965
    },
    "landmark_9": {
        "x": 0.6733689904212952,
        "y": 0.4397653043270111,
        "z": -0.3952004611492157
    },
    "landmark_10": {
        "x": 0.645488977432251,
        "y": 0.4380510449409485,
        "z": -0.39892497658729553
    },
    "landmark_11": {
        "x": 0.729596734046936,
        "y": 0.49989908933639526,
        "z": -0.05218730866909027
    },
    "landmark_12": {
        "x": 0.5557048320770264,
        "y": 0.48148113489151,
        "z": -0.13068950176239014
    },
    "landmark_13": {
        "x": 0.75499027967453,
        "y": 0.5617055892944336,
        "z": -0.3228222727775574
    },
    "landmark_14": {
        "x": 0.4864709973335266,
        "y": 0.5480356216430664,
        "z": -0.37195152044296265
    },
    "landmark_15": {
        "x": 0.7838467955589294,
        "y": 0.4829016327857971,
        "z": -0.7375408411026001
    },
    "landmark_16": {
        "x": 0.6180915236473083,
        "y": 0.5532797574996948,
        "z": -0.6807383298873901
    },
    "landmark_17": {
        "x": 0.7918408513069153,
        "y": 0.46207529306411743,
        "z": -0.8266866207122803
    },
    "landmark_18": {
        "x": 0.6553856134414673,
        "y": 0.5621088147163391,
        "z": -0.7535122632980347
    },
    "landmark_19": {
        "x": 0.7895850539207458,
        "y": 0.4567009508609772,
        "z": -0.808513879776001
    },
    "landmark_20": {
        "x": 0.6689768433570862,
        "y": 0.5566232204437256,
        "z": -0.7292627692222595
    },
    "landmark_21": {
        "x": 0.783083438873291,
        "y": 0.4635854661464691,
        "z": -0.7425804734230042
    },
    "landmark_22": {
        "x": 0.6576273441314697,
        "y": 0.5543761849403381,
        "z": -0.673972487449646
    },
    "landmark_23": {
        "x": 0.6528980731964111,
        "y": 0.659575879573822,
        "z": 0.005748639348894358
    },
    "landmark_24": {
        "x": 0.5394142270088196,
        "y": 0.6522903442382812,
        "z": -0.005546321626752615
    },
    "landmark_25": {
        "x": 0.692882776260376,
        "y": 0.7540994882583618,
        "z": -0.2350476086139679
    },
    "landmark_26": {
        "x": 0.4579642415046692,
        "y": 0.7594002485275269,
        "z": -0.24591763317584991
    },
    "landmark_27": {
        "x": 0.6388106942176819,
        "y": 0.8494617342948914,
        "z": 0.14877846837043762
    },
    "landmark_28": {
        "x": 0.3792855143547058,
        "y": 0.8711603879928589,
        "z": 0.004191061481833458
    },
    "landmark_29": {
        "x": 0.6035836935043335,
        "y": 0.862336277961731,
        "z": 0.17357753217220306
    },
    "landmark_30": {
        "x": 0.38352957367897034,
        "y": 0.8999277949333191,
        "z": 0.013118634931743145
    },
    "landmark_31": {
        "x": 0.6837992072105408,
        "y": 0.8877241015434265,
        "z": -0.0500851646065712
    },
    "landmark_32": {
        "x": 0.27405208349227905,
        "y": 0.8718988299369812,
        "z": -0.25379034876823425
    }
}