{
    "landmark_0": {
        "x": 0.4866958558559418,
        "y": 0.4077761173248291,
        "z": -0.3180575668811798
    },
    "landmark_1": {
        "x": 0.498523086309433,
        "y": 0.39874306321144104,
        "z": -0.28322821855545044
    },
    "landmark_2": {
        "x": 0.5052420496940613,
        "y": 0.39917871356010437,
        "z": -0.2833874523639679
    },
    "landmark_3": {
        "x": 0.5110979676246643,
        "y": 0.39965927600860596,
        "z": -0.28345829248428345
    },
    "landmark_4": {
        "x": 0.4765458405017853,
        "y": 0.3990057706832886,
        "z": -0.27731895446777344
    },
    "landmark_5": {
        "x": 0.468609482049942,
        "y": 0.3996577560901642,
        "z": -0.2773255407810211
    },
    "landmark_6": {
        "x": 0.46106335520744324,
        "y": 0.40041428804397583,
        "z": -0.2773456573486328
    },
    "landmark_7": {
        "x": 0.5225362181663513,
        "y": 0.4049987196922302,
        "z": -0.08974028378725052
    },
    "landmark_8": {
        "x": 0.45434463024139404,
        "y": 0.40663519501686096,
        "z": -0.06345424056053162
    },
    "landmark_9": {
        "x": 0.5020872950553894,
        "y": 0.41949978470802307,
        "z": -0.24663519859313965
    },
    "landmark_10": {
        "x": 0.4742264151573181,
        "y": 0.42041486501693726,
        "z": -0.239564910531044
    },
    "landmark_11": {
        "x": 0.5797656178474426,
        "y": 0.45691022276878357,
        "z": -0.09721068292856216
    },
    "landmark_12": {
        "x": 0.42470598220825195,
        "y": 0.4690040946006775,
        "z": 0.033554282039403915
    },
    "landmark_13": {
        "x": 0.6196067333221436,
        "y": 0.5112354755401611,
        "z": -0.3478187620639801
    },
    "landmark_14": {
        "x": 0.3652341961860657,
        "y": 0.4877321124076843,
        "z": -0.2819058895111084
    },
    "landmark_15": {
        "x": 0.47482722997665405,
        "y": 0.504311740398407,
        "z": -0.5542658567428589
    },
    "landmark_16": {
        "x": 0.3832966387271881,
        "y": 0.41180142760276794,
        "z": -0.6316202878952026
    },
    "landmark_17": {
        "x": 0.4387069344520569,
        "y": 0.5063559412956238,
        "z": -0.6219058632850647
    },
    "landmark_18": {
        "x": 0.38362419605255127,
        "y": 0.3931243419647217,
        "z": -0.7110472321510315
    },
    "landmark_19": {
        "x": 0.4313203692436218,
        "y": 0.5026938319206238,
        "z": -0.6010922193527222
    },
    "landmark_20": {
        "x": 0.38800573348999023,
        "y": 0.3894457519054413,
        "z": -0.68727046251297
    },
    "landmark_21": {
        "x": 0.441653311252594,
        "y": 0.5028696656227112,
        "z": -0.5474920868873596
    },
    "landmark_22": {
        "x": 0.39376381039619446,
        "y": 0.3971319794654846,
        "z": -0.6348514556884766
    },
    "landmark_23": {
        "x": 0.573965311050415,
        "y": 0.6236406564712524,
        "z": -0.04585439711809158
    },
    "landmark_24": {
        "x": 0.47229257225990295,
        "y": 0.627587616443634,
        "z": 0.04581133648753166
    },
    "landmark_25": {
        "x": 0.6158576607704163,
        "y": 0.7371867895126343,
        "z": -0.13597677648067474
    },
    "landmark_26": {
        "x": 0.45914366841316223,
        "y": 0.7347511649131775,
        "z": 0.08455490320920944
    },
    "landmark_27": {
        "x": 0.6467397212982178,
        "y": 0.8549437522888184,
        "z": -0.03769397363066673
    },
    "landmark_28": {
        "x": 0.5254154205322266,
        "y": 0.8238354921340942,
        "z": 0.37995779514312744
    },
    "landmark_29": {
        "x": 0.6365666389465332,
        "y": 0.8881465196609497,
        "z": -0.04204364866018295
    },
    "landmark_30": {
        "x": 0.553043782711029,
        "y": 0.8420945405960083,
        "z": 0.39705488085746765
    },
    "landmark_31": {
        "x": 0.7248267531394958,
        "y": 0.8564217686653137,
        "z": -0.2516174614429474
    },
    "landmark_32": {
        "x": 0.4746546745300293,
        "y": 0.8538717031478882,
        "z": 0.23882077634334564
    }
}