{
    "landmark_0": {
        "x": 0.593468964099884,
        "y": 0.418757826089859,
        "z": -0.4624086916446686
    },
    "landmark_1": {
        "x": 0.6060879230499268,
        "y": 0.4100034236907959,
        "z": -0.42177775502204895
    },
    "landmark_2": {
        "x": 0.6120861172676086,
        "y": 0.4108773171901703,
        "z": -0.42180541157722473
    },
    "landmark_3": {
        "x": 0.6175469160079956,
        "y": 0.4118169844150543,
        "z": -0.42181679606437683
    },
    "landmark_4": {
        "x": 0.5835217237472534,
        "y": 0.40831294655799866,
        "z": -0.42656463384628296
    },
    "landmark_5": {
        "x": 0.5756781101226807,
        "y": 0.40839824080467224,
        "z": -0.426582008600235
    },
    "landmark_6": {
        "x": 0.568802535533905,
        "y": 0.40883153676986694,
        "z": -0.42665916681289673
    },
    "landmark_7": {
        "x": 0.6246196031570435,
        "y": 0.41892075538635254,
        "z": -0.18074817955493927
    },
    "landmark_8": {
        "x": 0.557916522026062,
        "y": 0.41708412766456604,
        "z": -0.2051400989294052
    },
    "landmark_9": {
        "x": 0.604703962802887,
        "y": 0.4331282675266266,
        "z": -0.3716065585613251
    },
    "landmark_10": {
        "x": 0.5781959295272827,
        "y": 0.4315260350704193,
        "z": -0.3788297772407532
    },
    "landmark_11": {
        "x": 0.667530357837677,
        "y": 0.4897564947605133,
        "z": -0.033101387321949005
    },
    "landmark_12": {
        "x": 0.4949103891849518,
        "y": 0.48014992475509644,
        "z": -0.11320728808641434
    },
    "landmark_13": {
        "x": 0.7148349285125732,
        "y": 0.5484142899513245,
        "z": -0.2705588936805725
    },
    "landmark_14": {
        "x": 0.44620370864868164,
        "y": 0.5539643168449402,
        "z": -0.31668516993522644
    },
    "landmark_15": {
        "x": 0.7265152931213379,
        "y": 0.4717971682548523,
        "z": -0.6425811052322388
    },
    "landmark_16": {
        "x": 0.5753210783004761,
        "y": 0.5519551634788513,
        "z": -0.6154102683067322
    },
    "landmark_17": {
        "x": 0.7306313514709473,
        "y": 0.4515766203403473,
        "z": -0.7277141809463501
    },
    "landmark_18": {
        "x": 0.6079931259155273,
        "y": 0.5547704696655273,
        "z": -0.6864691972732544
    },
    "landmark_19": {
        "x": 0.7265832424163818,
        "y": 0.44837889075279236,
        "z": -0.7084255218505859
    },
    "landmark_20": {
        "x": 0.6179885268211365,
        "y": 0.5478154420852661,
        "z": -0.6742368936538696
    },
    "landmark_21": {
        "x": 0.7210763692855835,
        "y": 0.4539937376976013,
        "z": -0.6463968753814697
    },
    "landmark_22": {
        "x": 0.6067836880683899,
        "y": 0.5466424226760864,
        "z": -0.6133630871772766
    },
    "landmark_23": {
        "x": 0.6106900572776794,
        "y": 0.647461473941803,
        "z": -0.00037639899528585374
    },
    "landmark_24": {
        "x": 0.4997498095035553,
        "y": 0.6420934796333313,
        "z": 0.0007358846487477422
    },
    "landmark_25": {
        "x": 0.6172013282775879,
        "y": 0.7440757751464844,
        "z": 0.0013042710488662124
    },
    "landmark_26": {
        "x": 0.42745497822761536,
        "y": 0.7476788759231567,
        "z": -0.2634715735912323
    },
    "landmark_27": {
        "x": 0.5540305376052856,
        "y": 0.8284492492675781,
        "z": 0.35654592514038086
    },
    "landmark_28": {
        "x": 0.35565438866615295,
        "y": 0.8608946800231934,
        "z": -0.0841689482331276
    },
    "landmark_29": {
        "x": 0.5291642546653748,
        "y": 0.8418489694595337,
        "z": 0.3783828020095825
    },
    "landmark_30": {
        "x": 0.35600629448890686,
        "y": 0.8927637338638306,
        "z": -0.08113468438386917
    },
    "landmark_31": {
        "x": 0.5934075117111206,
        "y": 0.8624845743179321,
        "z": 0.1656312495470047
    },
    "landmark_32": {
        "x": 0.26017096638679504,
        "y": 0.8539721369743347,
        "z": -0.3488215208053589
    }
}