{
    "landmark_0": {
        "x": 0.58183753490448,
        "y": 0.3684323728084564,
        "z": -0.34942707419395447
    },
    "landmark_1": {
        "x": 0.5964945554733276,
        "y": 0.3577842116355896,
        "z": -0.3096703290939331
    },
    "landmark_2": {
        "x": 0.6042444109916687,
        "y": 0.3587409555912018,
        "z": -0.30969083309173584
    },
    "landmark_3": {
        "x": 0.6089076995849609,
        "y": 0.35961034893989563,
        "z": -0.30973532795906067
    },
    "landmark_4": {
        "x": 0.5724678039550781,
        "y": 0.3566949963569641,
        "z": -0.3116627633571625
    },
    "landmark_5": {
        "x": 0.5652084350585938,
        "y": 0.35656702518463135,
        "z": -0.3116108179092407
    },
    "landmark_6": {
        "x": 0.5571176409721375,
        "y": 0.35675308108329773,
        "z": -0.3116678297519684
    },
    "landmark_7": {
        "x": 0.6207492351531982,
        "y": 0.3674158453941345,
        "z": -0.07484575361013412
    },
    "landmark_8": {
        "x": 0.5493007302284241,
        "y": 0.36326727271080017,
        "z": -0.09022296965122223
    },
    "landmark_9": {
        "x": 0.5952422022819519,
        "y": 0.3835426867008209,
        "z": -0.26021575927734375
    },
    "landmark_10": {
        "x": 0.5658644437789917,
        "y": 0.38181325793266296,
        "z": -0.26504212617874146
    },
    "landmark_11": {
        "x": 0.6662598848342896,
        "y": 0.4365515112876892,
        "z": 0.049361325800418854
    },
    "landmark_12": {
        "x": 0.4895959496498108,
        "y": 0.4232162833213806,
        "z": -0.014564950950443745
    },
    "landmark_13": {
        "x": 0.720677375793457,
        "y": 0.49611812829971313,
        "z": -0.1883658766746521
    },
    "landmark_14": {
        "x": 0.4182265102863312,
        "y": 0.47168630361557007,
        "z": -0.2686995565891266
    },
    "landmark_15": {
        "x": 0.7269598841667175,
        "y": 0.42078787088394165,
        "z": -0.5448459386825562
    },
    "landmark_16": {
        "x": 0.5462185144424438,
        "y": 0.477057546377182,
        "z": -0.5991148948669434
    },
    "landmark_17": {
        "x": 0.7280454635620117,
        "y": 0.3996364176273346,
        "z": -0.6245303750038147
    },
    "landmark_18": {
        "x": 0.5893952250480652,
        "y": 0.4872210621833801,
        "z": -0.6727826595306396
    },
    "landmark_19": {
        "x": 0.7268186211585999,
        "y": 0.3952411413192749,
        "z": -0.6086373329162598
    },
    "landmark_20": {
        "x": 0.6038886904716492,
        "y": 0.48379597067832947,
        "z": -0.652798056602478
    },
    "landmark_21": {
        "x": 0.7225392460823059,
        "y": 0.4006538987159729,
        "z": -0.5490676760673523
    },
    "landmark_22": {
        "x": 0.5961201190948486,
        "y": 0.4794159531593323,
        "z": -0.596380352973938
    },
    "landmark_23": {
        "x": 0.6105905771255493,
        "y": 0.6031610369682312,
        "z": -0.0035598285030573606
    },
    "landmark_24": {
        "x": 0.4952929615974426,
        "y": 0.5980995893478394,
        "z": 0.003814049530774355
    },
    "landmark_25": {
        "x": 0.6138654947280884,
        "y": 0.7145295143127441,
        "z": -0.1060820072889328
    },
    "landmark_26": {
        "x": 0.4505758583545685,
        "y": 0.7103114128112793,
        "z": -0.12091012299060822
    },
    "landmark_27": {
        "x": 0.5761975646018982,
        "y": 0.8286117315292358,
        "z": 0.11810626089572906
    },
    "landmark_28": {
        "x": 0.4429146945476532,
        "y": 0.8281370997428894,
        "z": 0.10996085405349731
    },
    "landmark_29": {
        "x": 0.551333487033844,
        "y": 0.8414673805236816,
        "z": 0.12469407916069031
    },
    "landmark_30": {
        "x": 0.46810850501060486,
        "y": 0.8475812673568726,
        "z": 0.11741100251674652
    },
    "landmark_31": {
        "x": 0.6088435649871826,
        "y": 0.8751963376998901,
        "z": -0.1097901314496994
    },
    "landmark_32": {
        "x": 0.3541720509529114,
        "y": 0.85423743724823,
        "z": -0.11513607949018478
    }
}