{
    "landmark_0": {
        "x": 0.46253764629364014,
        "y": 0.37249529361724854,
        "z": -0.5176359415054321
    },
    "landmark_1": {
        "x": 0.4751233458518982,
        "y": 0.36156243085861206,
        "z": -0.48583269119262695
    },
    "landmark_2": {
        "x": 0.48358291387557983,
        "y": 0.3615521192550659,
        "z": -0.4858180582523346
    },
    "landmark_3": {
        "x": 0.48938095569610596,
        "y": 0.36175838112831116,
        "z": -0.4857568144798279
    },
    "landmark_4": {
        "x": 0.4514288306236267,
        "y": 0.36281347274780273,
        "z": -0.4733619689941406
    },
    "landmark_5": {
        "x": 0.4440177083015442,
        "y": 0.3637849688529968,
        "z": -0.4734404683113098
    },
    "landmark_6": {
        "x": 0.43666571378707886,
        "y": 0.3651033043861389,
        "z": -0.4733821451663971
    },
    "landmark_7": {
        "x": 0.5028488636016846,
        "y": 0.36929547786712646,
        "z": -0.29208728671073914
    },
    "landmark_8": {
        "x": 0.4328424334526062,
        "y": 0.37349820137023926,
        "z": -0.236938938498497
    },
    "landmark_9": {
        "x": 0.479679137468338,
        "y": 0.3858124613761902,
        "z": -0.44692379236221313
    },
    "landmark_10": {
        "x": 0.45071834325790405,
        "y": 0.38778793811798096,
        "z": -0.4312554597854614
    },
    "landmark_11": {
        "x": 0.5845227241516113,
        "y": 0.4440288543701172,
        "z": -0.1944422423839569
    },
    "landmark_12": {
        "x": 0.3793494701385498,
        "y": 0.4465218186378479,
        "z": -0.06198970600962639
    },
    "landmark_13": {
        "x": 0.6555853486061096,
        "y": 0.5110177397727966,
        "z": -0.1839199662208557
    },
    "landmark_14": {
        "x": 0.28076210618019104,
        "y": 0.49434179067611694,
        "z": -0.2214258462190628
    },
    "landmark_15": {
        "x": 0.5947800278663635,
        "y": 0.5682850480079651,
        "z": -0.36048540472984314
    },
    "landmark_16": {
        "x": 0.27597346901893616,
        "y": 0.4358089864253998,
        "z": -0.6861334443092346
    },
    "landmark_17": {
        "x": 0.5772934556007385,
        "y": 0.5911133289337158,
        "z": -0.41590389609336853
    },
    "landmark_18": {
        "x": 0.2695678770542145,
        "y": 0.41859155893325806,
        "z": -0.7791493535041809
    },
    "landmark_19": {
        "x": 0.561949610710144,
        "y": 0.5834854245185852,
        "z": -0.44675302505493164
    },
    "landmark_20": {
        "x": 0.2786722183227539,
        "y": 0.41334447264671326,
        "z": -0.7755768895149231
    },
    "landmark_21": {
        "x": 0.563315212726593,
        "y": 0.577210009098053,
        "z": -0.37149980664253235
    },
    "landmark_22": {
        "x": 0.2848209738731384,
        "y": 0.4173069894313812,
        "z": -0.6974366903305054
    },
    "landmark_23": {
        "x": 0.5556976199150085,
        "y": 0.6071307063102722,
        "z": -0.021748404949903488
    },
    "landmark_24": {
        "x": 0.4412320852279663,
        "y": 0.6109290719032288,
        "z": 0.021437382325530052
    },
    "landmark_25": {
        "x": 0.5576659440994263,
        "y": 0.7302618622779846,
        "z": -0.030293582007288933
    },
    "landmark_26": {
        "x": 0.44389867782592773,
        "y": 0.7289820313453674,
        "z": 0.038387466222047806
    },
    "landmark_27": {
        "x": 0.5634937882423401,
        "y": 0.8411601781845093,
        "z": 0.3761610984802246
    },
    "landmark_28": {
        "x": 0.4487277865409851,
        "y": 0.8342984914779663,
        "z": 0.3981369137763977
    },
    "landmark_29": {
        "x": 0.5487879514694214,
        "y": 0.8523697853088379,
        "z": 0.40115779638290405
    },
    "landmark_30": {
        "x": 0.4622746407985687,
        "y": 0.845626711845398,
        "z": 0.42160624265670776
    },
    "landmark_31": {
        "x": 0.5718154311180115,
        "y": 0.876360297203064,
        "z": 0.15933482348918915
    },
    "landmark_32": {
        "x": 0.43584826588630676,
        "y": 0.8682079315185547,
        "z": 0.1902930587530136
    }
}