{
    "landmark_0": {
        "x": 0.45658665895462036,
        "y": 0.38610413670539856,
        "z": -0.4286990761756897
    },
    "landmark_1": {
        "x": 0.46839234232902527,
        "y": 0.37563228607177734,
        "z": -0.3920845091342926
    },
    "landmark_2": {
        "x": 0.4769599437713623,
        "y": 0.37586894631385803,
        "z": -0.39209067821502686
    },
    "landmark_3": {
        "x": 0.48384737968444824,
        "y": 0.37628576159477234,
        "z": -0.3920961916446686
    },
    "landmark_4": {
        "x": 0.4460560381412506,
        "y": 0.37593168020248413,
        "z": -0.3907085359096527
    },
    "landmark_5": {
        "x": 0.4384712278842926,
        "y": 0.3765350878238678,
        "z": -0.39069077372550964
    },
    "landmark_6": {
        "x": 0.4317612648010254,
        "y": 0.37730422616004944,
        "z": -0.39070743322372437
    },
    "landmark_7": {
        "x": 0.4948410987854004,
        "y": 0.3817104995250702,
        "z": -0.18651868402957916
    },
    "landmark_8": {
        "x": 0.4274652302265167,
        "y": 0.38346052169799805,
        "z": -0.18102887272834778
    },
    "landmark_9": {
        "x": 0.4729374051094055,
        "y": 0.39783623814582825,
        "z": -0.3511550724506378
    },
    "landmark_10": {
        "x": 0.44311168789863586,
        "y": 0.39748162031173706,
        "z": -0.3498016893863678
    },
    "landmark_11": {
        "x": 0.5556377172470093,
        "y": 0.4428167939186096,
        "z": -0.11479266732931137
    },
    "landmark_12": {
        "x": 0.3777206540107727,
        "y": 0.4445854127407074,
        "z": -0.14563244581222534
    },
    "landmark_13": {
        "x": 0.6286463141441345,
        "y": 0.4325782358646393,
        "z": -0.4626883268356323
    },
    "landmark_14": {
        "x": 0.30000200867652893,
        "y": 0.49550285935401917,
        "z": -0.49307388067245483
    },
    "landmark_15": {
        "x": 0.5682709813117981,
        "y": 0.3632453978061676,
        "z": -0.7768440246582031
    },
    "landmark_16": {
        "x": 0.4306257963180542,
        "y": 0.4789249002933502,
        "z": -0.82973313331604
    },
    "landmark_17": {
        "x": 0.5484387874603271,
        "y": 0.3431814908981323,
        "z": -0.8569403886795044
    },
    "landmark_18": {
        "x": 0.4743252098560333,
        "y": 0.4850870668888092,
        "z": -0.9069904088973999
    },
    "landmark_19": {
        "x": 0.5424123406410217,
        "y": 0.34450218081474304,
        "z": -0.8175264000892639
    },
    "landmark_20": {
        "x": 0.4861108958721161,
        "y": 0.48013511300086975,
        "z": -0.8682743310928345
    },
    "landmark_21": {
        "x": 0.5441659092903137,
        "y": 0.3519620895385742,
        "z": -0.772234320640564
    },
    "landmark_22": {
        "x": 0.47367608547210693,
        "y": 0.47697606682777405,
        "z": -0.8203142881393433
    },
    "landmark_23": {
        "x": 0.5252845883369446,
        "y": 0.611284077167511,
        "z": -0.003264373168349266
    },
    "landmark_24": {
        "x": 0.41484522819519043,
        "y": 0.6164663434028625,
        "z": 0.0032638332340866327
    },
    "landmark_25": {
        "x": 0.5626431703567505,
        "y": 0.7304348945617676,
        "z": -0.08361081033945084
    },
    "landmark_26": {
        "x": 0.4095861315727234,
        "y": 0.7303280830383301,
        "z": 0.07853255420923233
    },
    "landmark_27": {
        "x": 0.5960280895233154,
        "y": 0.8447152972221375,
        "z": 0.07245888561010361
    },
    "landmark_28": {
        "x": 0.4629642367362976,
        "y": 0.8295060396194458,
        "z": 0.3936012387275696
    },
    "landmark_29": {
        "x": 0.5824105739593506,
        "y": 0.8724957704544067,
        "z": 0.0721181184053421
    },
    "landmark_30": {
        "x": 0.4890468716621399,
        "y": 0.8470517992973328,
        "z": 0.4117977023124695
    },
    "landmark_31": {
        "x": 0.6792171001434326,
        "y": 0.8493150472640991,
        "z": -0.14215606451034546
    },
    "landmark_32": {
        "x": 0.41466981172561646,
        "y": 0.8650224804878235,
        "z": 0.2245020717382431
    }
}