{
    "landmark_0": {
        "x": 0.45422667264938354,
        "y": 0.37505730986595154,
        "z": -0.4240474998950958
    },
    "landmark_1": {
        "x": 0.4683704078197479,
        "y": 0.36489754915237427,
        "z": -0.38578757643699646
    },
    "landmark_2": {
        "x": 0.4769192934036255,
        "y": 0.36528435349464417,
        "z": -0.3857824504375458
    },
    "landmark_3": {
        "x": 0.4841197431087494,
        "y": 0.3659818768501282,
        "z": -0.38579848408699036
    },
    "landmark_4": {
        "x": 0.44528728723526,
        "y": 0.3649303615093231,
        "z": -0.3829681873321533
    },
    "landmark_5": {
        "x": 0.4382912814617157,
        "y": 0.36504310369491577,
        "z": -0.3829247057437897
    },
    "landmark_6": {
        "x": 0.43138712644577026,
        "y": 0.3655206859111786,
        "z": -0.3829626739025116
    },
    "landmark_7": {
        "x": 0.49840953946113586,
        "y": 0.3720696270465851,
        "z": -0.1749497652053833
    },
    "landmark_8": {
        "x": 0.42828014492988586,
        "y": 0.3719886839389801,
        "z": -0.16540376842021942
    },
    "landmark_9": {
        "x": 0.4715239107608795,
        "y": 0.388253390789032,
        "z": -0.3464109003543854
    },
    "landmark_10": {
        "x": 0.4426291286945343,
        "y": 0.38753846287727356,
        "z": -0.3439233899116516
    },
    "landmark_11": {
        "x": 0.5598813891410828,
        "y": 0.435283362865448,
        "z": -0.10427956283092499
    },
    "landmark_12": {
        "x": 0.38181015849113464,
        "y": 0.4332430958747864,
        "z": -0.14778965711593628
    },
    "landmark_13": {
        "x": 0.6468439102172852,
        "y": 0.4444107115268707,
        "z": -0.47852417826652527
    },
    "landmark_14": {
        "x": 0.295062392950058,
        "y": 0.4749334454536438,
        "z": -0.5153117179870605
    },
    "landmark_15": {
        "x": 0.5700629949569702,
        "y": 0.36762523651123047,
        "z": -0.7929033041000366
    },
    "landmark_16": {
        "x": 0.4153464734554291,
        "y": 0.45875293016433716,
        "z": -0.8288305401802063
    },
    "landmark_17": {
        "x": 0.5445753931999207,
        "y": 0.3504320979118347,
        "z": -0.8712069988250732
    },
    "landmark_18": {
        "x": 0.45742157101631165,
        "y": 0.4663366377353668,
        "z": -0.9040619134902954
    },
    "landmark_19": {
        "x": 0.5392189025878906,
        "y": 0.34998810291290283,
        "z": -0.8243182897567749
    },
    "landmark_20": {
        "x": 0.4734482765197754,
        "y": 0.46409934759140015,
        "z": -0.8646688461303711
    },
    "landmark_21": {
        "x": 0.543578565120697,
        "y": 0.3565327823162079,
        "z": -0.7840957045555115
    },
    "landmark_22": {
        "x": 0.4613323211669922,
        "y": 0.46104925870895386,
        "z": -0.8201892375946045
    },
    "landmark_23": {
        "x": 0.5245447158813477,
        "y": 0.6059901714324951,
        "z": 0.013134623877704144
    },
    "landmark_24": {
        "x": 0.4119209349155426,
        "y": 0.6093711256980896,
        "z": -0.013257374055683613
    },
    "landmark_25": {
        "x": 0.5550602674484253,
        "y": 0.7230001091957092,
        "z": 0.002608947455883026
    },
    "landmark_26": {
        "x": 0.4080827832221985,
        "y": 0.7225128412246704,
        "z": 0.03052508644759655
    },
    "landmark_27": {
        "x": 0.5705757141113281,
        "y": 0.840806782245636,
        "z": 0.20699848234653473
    },
    "landmark_28": {
        "x": 0.4543956220149994,
        "y": 0.8264613151550293,
        "z": 0.3267836272716522
    },
    "landmark_29": {
        "x": 0.5618355870246887,
        "y": 0.8665798902511597,
        "z": 0.21244274079799652
    },
    "landmark_30": {
        "x": 0.48044323921203613,
        "y": 0.8415621519088745,
        "z": 0.3430634140968323
    },
    "landmark_31": {
        "x": 0.6630678176879883,
        "y": 0.8522346615791321,
        "z": -0.003532818518579006
    },
    "landmark_32": {
        "x": 0.41701099276542664,
        "y": 0.8655988574028015,
        "z": 0.1357048600912094
    }
}