{
    "landmark_0": {
        "x": 0.5412746667861938,
        "y": 0.39479154348373413,
        "z": -0.551094651222229
    },
    "landmark_1": {
        "x": 0.555919349193573,
        "y": 0.3823404014110565,
        "z": -0.5179471373558044
    },
    "landmark_2": {
        "x": 0.5641117691993713,
        "y": 0.38246259093284607,
        "z": -0.5180590152740479
    },
    "landmark_3": {
        "x": 0.5695602893829346,
        "y": 0.3827541470527649,
        "z": -0.5180985927581787
    },
    "landmark_4": {
        "x": 0.5321608185768127,
        "y": 0.38256317377090454,
        "z": -0.5137648582458496
    },
    "landmark_5": {
        "x": 0.5246554613113403,
        "y": 0.38252800703048706,
        "z": -0.5137818455696106
    },
    "landmark_6": {
        "x": 0.5177671909332275,
        "y": 0.382656455039978,
        "z": -0.5137322545051575
    },
    "landmark_7": {
        "x": 0.5809260606765747,
        "y": 0.38745006918907166,
        "z": -0.29644593596458435
    },
    "landmark_8": {
        "x": 0.5111785531044006,
        "y": 0.38739079236984253,
        "z": -0.2795092761516571
    },
    "landmark_9": {
        "x": 0.5575096607208252,
        "y": 0.40679582953453064,
        "z": -0.46653860807418823
    },
    "landmark_10": {
        "x": 0.5278345346450806,
        "y": 0.40735745429992676,
        "z": -0.4620008170604706
    },
    "landmark_11": {
        "x": 0.6464053988456726,
        "y": 0.4585192799568176,
        "z": -0.169645294547081
    },
    "landmark_12": {
        "x": 0.44363245368003845,
        "y": 0.45705705881118774,
        "z": -0.0989590510725975
    },
    "landmark_13": {
        "x": 0.7038007378578186,
        "y": 0.5315152406692505,
        "z": -0.10372759401798248
    },
    "landmark_14": {
        "x": 0.3940102159976959,
        "y": 0.5328302979469299,
        "z": -0.20634499192237854
    },
    "landmark_15": {
        "x": 0.6849479079246521,
        "y": 0.5988996028900146,
        "z": -0.3107549250125885
    },
    "landmark_16": {
        "x": 0.3965590298175812,
        "y": 0.543985903263092,
        "z": -0.6864100694656372
    },
    "landmark_17": {
        "x": 0.6859745979309082,
        "y": 0.6242117881774902,
        "z": -0.37590646743774414
    },
    "landmark_18": {
        "x": 0.3954049348831177,
        "y": 0.5602805018424988,
        "z": -0.7825191020965576
    },
    "landmark_19": {
        "x": 0.6697823405265808,
        "y": 0.6211384534835815,
        "z": -0.4373930096626282
    },
    "landmark_20": {
        "x": 0.40424078702926636,
        "y": 0.5474082231521606,
        "z": -0.8244280219078064
    },
    "landmark_21": {
        "x": 0.6628493666648865,
        "y": 0.612731397151947,
        "z": -0.33488598465919495
    },
    "landmark_22": {
        "x": 0.4085494577884674,
        "y": 0.5394114851951599,
        "z": -0.7146498560905457
    },
    "landmark_23": {
        "x": 0.5935210585594177,
        "y": 0.6266365647315979,
        "z": -0.015027533285319805
    },
    "landmark_24": {
        "x": 0.4809320569038391,
        "y": 0.6239545941352844,
        "z": 0.01494244858622551
    },
    "landmark_25": {
        "x": 0.5766496658325195,
        "y": 0.7476905584335327,
        "z": -0.03709019720554352
    },
    "landmark_26": {
        "x": 0.4633055031299591,
        "y": 0.739988386631012,
        "z": 0.02758452668786049
    },
    "landmark_27": {
        "x": 0.5522498488426208,
        "y": 0.836658775806427,
        "z": 0.43622153997421265
    },
    "landmark_28": {
        "x": 0.4497629404067993,
        "y": 0.8331477046012878,
        "z": 0.4321994483470917
    },
    "landmark_29": {
        "x": 0.5423308610916138,
        "y": 0.8460476994514465,
        "z": 0.4666271507740021
    },
    "landmark_30": {
        "x": 0.46278420090675354,
        "y": 0.8440145254135132,
        "z": 0.4582405984401703
    },
    "landmark_31": {
        "x": 0.5537741780281067,
        "y": 0.8762258291244507,
        "z": 0.2181018888950348
    },
    "landmark_32": {
        "x": 0.4271447956562042,
        "y": 0.8682029843330383,
        "z": 0.2113463282585144
    }
}