{
    "landmark_0": {
        "x": 0.5512141585350037,
        "y": 0.36165884137153625,
        "z": -0.4473572075366974
    },
    "landmark_1": {
        "x": 0.5628077983856201,
        "y": 0.35176631808280945,
        "z": -0.405025452375412
    },
    "landmark_2": {
        "x": 0.5704410672187805,
        "y": 0.3519092798233032,
        "z": -0.4050099551677704
    },
    "landmark_3": {
        "x": 0.5761867165565491,
        "y": 0.35210126638412476,
        "z": -0.40503180027008057
    },
    "landmark_4": {
        "x": 0.5397362112998962,
        "y": 0.3518369793891907,
        "z": -0.400954008102417
    },
    "landmark_5": {
        "x": 0.5326593518257141,
        "y": 0.35205429792404175,
        "z": -0.40089720487594604
    },
    "landmark_6": {
        "x": 0.5256842970848083,
        "y": 0.35261550545692444,
        "z": -0.4009435474872589
    },
    "landmark_7": {
        "x": 0.5888674259185791,
        "y": 0.35923901200294495,
        "z": -0.1918954700231552
    },
    "landmark_8": {
        "x": 0.5181708931922913,
        "y": 0.360362708568573,
        "z": -0.17050375044345856
    },
    "landmark_9": {
        "x": 0.5673305988311768,
        "y": 0.3757264018058777,
        "z": -0.37110793590545654
    },
    "landmark_10": {
        "x": 0.5395992994308472,
        "y": 0.37650826573371887,
        "z": -0.3655468821525574
    },
    "landmark_11": {
        "x": 0.6459379196166992,
        "y": 0.42863959074020386,
        "z": -0.13656213879585266
    },
    "landmark_12": {
        "x": 0.47097304463386536,
        "y": 0.4286515712738037,
        "z": -0.10874346643686295
    },
    "landmark_13": {
        "x": 0.7320494651794434,
        "y": 0.4497827887535095,
        "z": -0.5075432658195496
    },
    "landmark_14": {
        "x": 0.36749374866485596,
        "y": 0.4576055407524109,
        "z": -0.47542139887809753
    },
    "landmark_15": {
        "x": 0.6407601237297058,
        "y": 0.3894777297973633,
        "z": -0.7823557257652283
    },
    "landmark_16": {
        "x": 0.45619961619377136,
        "y": 0.3996303677558899,
        "z": -0.7977180480957031
    },
    "landmark_17": {
        "x": 0.6108883619308472,
        "y": 0.37538012862205505,
        "z": -0.852108359336853
    },
    "landmark_18": {
        "x": 0.48117420077323914,
        "y": 0.3872028589248657,
        "z": -0.8814173936843872
    },
    "landmark_19": {
        "x": 0.6035431027412415,
        "y": 0.3736295998096466,
        "z": -0.7947127223014832
    },
    "landmark_20": {
        "x": 0.48781120777130127,
        "y": 0.38514429330825806,
        "z": -0.8336601257324219
    },
    "landmark_21": {
        "x": 0.6091468930244446,
        "y": 0.3800039291381836,
        "z": -0.7673214673995972
    },
    "landmark_22": {
        "x": 0.4834595024585724,
        "y": 0.3910488784313202,
        "z": -0.790554404258728
    },
    "landmark_23": {
        "x": 0.5961589813232422,
        "y": 0.6009482741355896,
        "z": -0.027664918452501297
    },
    "landmark_24": {
        "x": 0.4780372083187103,
        "y": 0.5959679484367371,
        "z": 0.027519123628735542
    },
    "landmark_25": {
        "x": 0.5918424725532532,
        "y": 0.7240507006645203,
        "z": 0.014178479090332985
    },
    "landmark_26": {
        "x": 0.4249497652053833,
        "y": 0.7150993347167969,
        "z": 0.07952243089675903
    },
    "landmark_27": {
        "x": 0.5804914832115173,
        "y": 0.8321755528450012,
        "z": 0.2680906057357788
    },
    "landmark_28": {
        "x": 0.4352315366268158,
        "y": 0.8160878419876099,
        "z": 0.40021026134490967
    },
    "landmark_29": {
        "x": 0.5620347261428833,
        "y": 0.8426154851913452,
        "z": 0.27680572867393494
    },
    "landmark_30": {
        "x": 0.45888569951057434,
        "y": 0.829939067363739,
        "z": 0.419264018535614
    },
    "landmark_31": {
        "x": 0.6000455617904663,
        "y": 0.8728805780410767,
        "z": 0.03181012347340584
    },
    "landmark_32": {
        "x": 0.3704949617385864,
        "y": 0.8484193086624146,
        "z": 0.21300452947616577
    }
}