{
    "landmark_0": {
        "x": 0.5037974119186401,
        "y": 0.39824172854423523,
        "z": -0.3779447376728058
    },
    "landmark_1": {
        "x": 0.5165891647338867,
        "y": 0.3886626660823822,
        "z": -0.3427903652191162
    },
    "landmark_2": {
        "x": 0.5237610936164856,
        "y": 0.3890516459941864,
        "z": -0.34294700622558594
    },
    "landmark_3": {
        "x": 0.5297756195068359,
        "y": 0.38946157693862915,
        "z": -0.34301066398620605
    },
    "landmark_4": {
        "x": 0.49458053708076477,
        "y": 0.38876035809516907,
        "z": -0.3321315348148346
    },
    "landmark_5": {
        "x": 0.48681700229644775,
        "y": 0.3891431391239166,
        "z": -0.3320910930633545
    },
    "landmark_6": {
        "x": 0.47970861196517944,
        "y": 0.3895648121833801,
        "z": -0.3320472538471222
    },
    "landmark_7": {
        "x": 0.5442237257957458,
        "y": 0.39526697993278503,
        "z": -0.14546270668506622
    },
    "landmark_8": {
        "x": 0.4763708710670471,
        "y": 0.3963591754436493,
        "z": -0.09604671597480774
    },
    "landmark_9": {
        "x": 0.520412027835846,
        "y": 0.41061121225357056,
        "z": -0.3056489825248718
    },
    "landmark_10": {
        "x": 0.4921790361404419,
        "y": 0.4103354513645172,
        "z": -0.2916431725025177
    },
    "landmark_11": {
        "x": 0.6062132716178894,
        "y": 0.4455749988555908,
        "z": -0.14399315416812897
    },
    "landmark_12": {
        "x": 0.4445483684539795,
        "y": 0.458631694316864,
        "z": -0.006491735111922026
    },
    "landmark_13": {
        "x": 0.6690440773963928,
        "y": 0.49893707036972046,
        "z": -0.46174710988998413
    },
    "landmark_14": {
        "x": 0.39194872975349426,
        "y": 0.4902735650539398,
        "z": -0.3494968116283417
    },
    "landmark_15": {
        "x": 0.5340240001678467,
        "y": 0.5132480263710022,
        "z": -0.7510961890220642
    },
    "landmark_16": {
        "x": 0.3965854346752167,
        "y": 0.41311198472976685,
        "z": -0.7734549641609192
    },
    "landmark_17": {
        "x": 0.49399709701538086,
        "y": 0.5262096524238586,
        "z": -0.8359760046005249
    },
    "landmark_18": {
        "x": 0.3868228793144226,
        "y": 0.39293327927589417,
        "z": -0.8633864521980286
    },
    "landmark_19": {
        "x": 0.4838189482688904,
        "y": 0.5201834440231323,
        "z": -0.8156505823135376
    },
    "landmark_20": {
        "x": 0.391710102558136,
        "y": 0.3896327018737793,
        "z": -0.847001314163208
    },
    "landmark_21": {
        "x": 0.4893268942832947,
        "y": 0.5162191390991211,
        "z": -0.7457984089851379
    },
    "landmark_22": {
        "x": 0.4005497395992279,
        "y": 0.396956205368042,
        "z": -0.7806841731071472
    },
    "landmark_23": {
        "x": 0.5943645238876343,
        "y": 0.6204333305358887,
        "z": -0.03449791669845581
    },
    "landmark_24": {
        "x": 0.48232412338256836,
        "y": 0.6252798438072205,
        "z": 0.034507036209106445
    },
    "landmark_25": {
        "x": 0.631253182888031,
        "y": 0.7394142746925354,
        "z": -0.13077279925346375
    },
    "landmark_26": {
        "x": 0.48051971197128296,
        "y": 0.7363794445991516,
        "z": 0.13298015296459198
    },
    "landmark_27": {
        "x": 0.6707876324653625,
        "y": 0.8555988073348999,
        "z": -0.03259208798408508
    },
    "landmark_28": {
        "x": 0.5210087299346924,
        "y": 0.8303882479667664,
        "z": 0.45246726274490356
    },
    "landmark_29": {
        "x": 0.6593438982963562,
        "y": 0.8897973895072937,
        "z": -0.03850959241390228
    },
    "landmark_30": {
        "x": 0.5430620312690735,
        "y": 0.846190333366394,
        "z": 0.47012919187545776
    },
    "landmark_31": {
        "x": 0.7526751756668091,
        "y": 0.8624321818351746,
        "z": -0.2724457085132599
    },
    "landmark_32": {
        "x": 0.4781248867511749,
        "y": 0.8646051287651062,
        "z": 0.2832852005958557
    }
}