{
    "landmark_0": {
        "x": 0.5665590763092041,
        "y": 0.39502039551734924,
        "z": -0.5612580180168152
    },
    "landmark_1": {
        "x": 0.5849268436431885,
        "y": 0.3835906982421875,
        "z": -0.5354433059692383
    },
    "landmark_2": {
        "x": 0.5941054821014404,
        "y": 0.38442930579185486,
        "z": -0.5354883074760437
    },
    "landmark_3": {
        "x": 0.601564884185791,
        "y": 0.38539978861808777,
        "z": -0.5355019569396973
    },
    "landmark_4": {
        "x": 0.5606431365013123,
        "y": 0.38124990463256836,
        "z": -0.5322991013526917
    },
    "landmark_5": {
        "x": 0.5534298419952393,
        "y": 0.3807399868965149,
        "z": -0.5323001742362976
    },
    "landmark_6": {
        "x": 0.5468328595161438,
        "y": 0.38019558787345886,
        "z": -0.5323591828346252
    },
    "landmark_7": {
        "x": 0.6153272390365601,
        "y": 0.390610009431839,
        "z": -0.33467283844947815
    },
    "landmark_8": {
        "x": 0.5439768433570862,
        "y": 0.38404524326324463,
        "z": -0.32561466097831726
    },
    "landmark_9": {
        "x": 0.5802227854728699,
        "y": 0.40933308005332947,
        "z": -0.48262035846710205
    },
    "landmark_10": {
        "x": 0.5517838001251221,
        "y": 0.40652233362197876,
        "z": -0.4800751507282257
    },
    "landmark_11": {
        "x": 0.6647499203681946,
        "y": 0.4692475199699402,
        "z": -0.19099125266075134
    },
    "landmark_12": {
        "x": 0.46852174401283264,
        "y": 0.44847145676612854,
        "z": -0.16255277395248413
    },
    "landmark_13": {
        "x": 0.7031562924385071,
        "y": 0.5520904660224915,
        "z": -0.07905259728431702
    },
    "landmark_14": {
        "x": 0.42585045099258423,
        "y": 0.5248154997825623,
        "z": -0.07281401008367538
    },
    "landmark_15": {
        "x": 0.7109806537628174,
        "y": 0.6296949982643127,
        "z": -0.26455172896385193
    },
    "landmark_16": {
        "x": 0.41031327843666077,
        "y": 0.5933252573013306,
        "z": -0.26701685786247253
    },
    "landmark_17": {
        "x": 0.7165402770042419,
        "y": 0.6565244197845459,
        "z": -0.32105553150177
    },
    "landmark_18": {
        "x": 0.408096045255661,
        "y": 0.6132185459136963,
        "z": -0.32400843501091003
    },
    "landmark_19": {
        "x": 0.7034892439842224,
        "y": 0.6553369760513306,
        "z": -0.3934118151664734
    },
    "landmark_20": {
        "x": 0.42121967673301697,
        "y": 0.6132931709289551,
        "z": -0.3925262987613678
    },
    "landmark_21": {
        "x": 0.6962621808052063,
        "y": 0.6482692956924438,
        "z": -0.29489952325820923
    },
    "landmark_22": {
        "x": 0.4244491159915924,
        "y": 0.6074703931808472,
        "z": -0.29929476976394653
    },
    "landmark_23": {
        "x": 0.5929551720619202,
        "y": 0.6295166015625,
        "z": -0.00048756590695120394
    },
    "landmark_24": {
        "x": 0.48436272144317627,
        "y": 0.6221824884414673,
        "z": 0.00045674480497837067
    },
    "landmark_25": {
        "x": 0.5659160017967224,
        "y": 0.75142502784729,
        "z": 0.018696775659918785
    },
    "landmark_26": {
        "x": 0.48117658495903015,
        "y": 0.7487824559211731,
        "z": 0.011411936953663826
    },
    "landmark_27": {
        "x": 0.550521969795227,
        "y": 0.8430360555648804,
        "z": 0.40726253390312195
    },
    "landmark_28": {
        "x": 0.4628952145576477,
        "y": 0.8620966076850891,
        "z": 0.3283820152282715
    },
    "landmark_29": {
        "x": 0.5457425713539124,
        "y": 0.8516980409622192,
        "z": 0.43222033977508545
    },
    "landmark_30": {
        "x": 0.4714498221874237,
        "y": 0.8704236745834351,
        "z": 0.34674203395843506
    },
    "landmark_31": {
        "x": 0.5434253215789795,
        "y": 0.8830493092536926,
        "z": 0.20501025021076202
    },
    "landmark_32": {
        "x": 0.45699429512023926,
        "y": 0.9074897766113281,
        "z": 0.09641288965940475
    }
}