{
    "landmark_0": {
        "x": 0.5439073443412781,
        "y": 0.3840387761592865,
        "z": -0.3858166038990021
    },
    "landmark_1": {
        "x": 0.5565248727798462,
        "y": 0.37354469299316406,
        "z": -0.3487641513347626
    },
    "landmark_2": {
        "x": 0.5633702874183655,
        "y": 0.37405645847320557,
        "z": -0.3487597107887268
    },
    "landmark_3": {
        "x": 0.5683861970901489,
        "y": 0.3747343122959137,
        "z": -0.348806232213974
    },
    "landmark_4": {
        "x": 0.5338254570960999,
        "y": 0.3727610111236572,
        "z": -0.34151485562324524
    },
    "landmark_5": {
        "x": 0.5257695913314819,
        "y": 0.3728269338607788,
        "z": -0.34147030115127563
    },
    "landmark_6": {
        "x": 0.5179250240325928,
        "y": 0.3731709122657776,
        "z": -0.34146401286125183
    },
    "landmark_7": {
        "x": 0.5805360674858093,
        "y": 0.3825172781944275,
        "z": -0.14979276061058044
    },
    "landmark_8": {
        "x": 0.5105299949645996,
        "y": 0.38162362575531006,
        "z": -0.11695005744695663
    },
    "landmark_9": {
        "x": 0.557736873626709,
        "y": 0.39878982305526733,
        "z": -0.31454676389694214
    },
    "landmark_10": {
        "x": 0.5314730405807495,
        "y": 0.3967422544956207,
        "z": -0.3059821128845215
    },
    "landmark_11": {
        "x": 0.637624204158783,
        "y": 0.4504312574863434,
        "z": -0.08850683271884918
    },
    "landmark_12": {
        "x": 0.4636087119579315,
        "y": 0.44672656059265137,
        "z": -0.034434724599123
    },
    "landmark_13": {
        "x": 0.7077293992042542,
        "y": 0.49852651357650757,
        "z": -0.32710522413253784
    },
    "landmark_14": {
        "x": 0.36672669649124146,
        "y": 0.46708551049232483,
        "z": -0.3082728385925293
    },
    "landmark_15": {
        "x": 0.5960249900817871,
        "y": 0.45773786306381226,
        "z": -0.5349850654602051
    },
    "landmark_16": {
        "x": 0.43993085622787476,
        "y": 0.39623549580574036,
        "z": -0.5804823040962219
    },
    "landmark_17": {
        "x": 0.560642659664154,
        "y": 0.4523490071296692,
        "z": -0.5950608849525452
    },
    "landmark_18": {
        "x": 0.4631536602973938,
        "y": 0.3801474869251251,
        "z": -0.6528326869010925
    },
    "landmark_19": {
        "x": 0.5515450835227966,
        "y": 0.44273465871810913,
        "z": -0.554953396320343
    },
    "landmark_20": {
        "x": 0.47241419553756714,
        "y": 0.3803381621837616,
        "z": -0.6095001101493835
    },
    "landmark_21": {
        "x": 0.5669997334480286,
        "y": 0.4451146721839905,
        "z": -0.5219524502754211
    },
    "landmark_22": {
        "x": 0.4686439633369446,
        "y": 0.38674047589302063,
        "z": -0.5742518901824951
    },
    "landmark_23": {
        "x": 0.6060172915458679,
        "y": 0.615799605846405,
        "z": -0.012933819554746151
    },
    "landmark_24": {
        "x": 0.4953954517841339,
        "y": 0.6199243664741516,
        "z": 0.012847451493144035
    },
    "landmark_25": {
        "x": 0.6540868878364563,
        "y": 0.7346702218055725,
        "z": -0.046426255255937576
    },
    "landmark_26": {
        "x": 0.4989161193370819,
        "y": 0.735500156879425,
        "z": 0.21141308546066284
    },
    "landmark_27": {
        "x": 0.6641622185707092,
        "y": 0.8525325655937195,
        "z": 0.10030229389667511
    },
    "landmark_28": {
        "x": 0.5346885919570923,
        "y": 0.832804799079895,
        "z": 0.5816028714179993
    },
    "landmark_29": {
        "x": 0.6451473832130432,
        "y": 0.8708627820014954,
        "z": 0.100784532725811
    },
    "landmark_30": {
        "x": 0.5562010407447815,
        "y": 0.8470280766487122,
        "z": 0.6069138050079346
    },
    "landmark_31": {
        "x": 0.7425536513328552,
        "y": 0.8794659376144409,
        "z": -0.13713081181049347
    },
    "landmark_32": {
        "x": 0.5080385208129883,
        "y": 0.8668965101242065,
        "z": 0.41995352506637573
    }
}