{
    "landmark_0": {
        "x": 0.5238208174705505,
        "y": 0.4165739417076111,
        "z": -0.43713709712028503
    },
    "landmark_1": {
        "x": 0.5384939908981323,
        "y": 0.4090310037136078,
        "z": -0.3952835202217102
    },
    "landmark_2": {
        "x": 0.5462517738342285,
        "y": 0.4099961817264557,
        "z": -0.3952842354774475
    },
    "landmark_3": {
        "x": 0.5517484545707703,
        "y": 0.41076236963272095,
        "z": -0.3952762186527252
    },
    "landmark_4": {
        "x": 0.5151943564414978,
        "y": 0.40737685561180115,
        "z": -0.3989662230014801
    },
    "landmark_5": {
        "x": 0.508207380771637,
        "y": 0.40714114904403687,
        "z": -0.3989804983139038
    },
    "landmark_6": {
        "x": 0.5007486939430237,
        "y": 0.4071264863014221,
        "z": -0.3990374803543091
    },
    "landmark_7": {
        "x": 0.5615492463111877,
        "y": 0.41811251640319824,
        "z": -0.15951266884803772
    },
    "landmark_8": {
        "x": 0.49373698234558105,
        "y": 0.41461777687072754,
        "z": -0.17859378457069397
    },
    "landmark_9": {
        "x": 0.5369632244110107,
        "y": 0.43136849999427795,
        "z": -0.3494410514831543
    },
    "landmark_10": {
        "x": 0.5098727941513062,
        "y": 0.4296678900718689,
        "z": -0.35522326827049255
    },
    "landmark_11": {
        "x": 0.5987837314605713,
        "y": 0.49074119329452515,
        "z": -0.016618546098470688
    },
    "landmark_12": {
        "x": 0.4299567639827728,
        "y": 0.47511059045791626,
        "z": -0.10869278013706207
    },
    "landmark_13": {
        "x": 0.6661354899406433,
        "y": 0.5380663871765137,
        "z": -0.2837282419204712
    },
    "landmark_14": {
        "x": 0.3488166034221649,
        "y": 0.5372486114501953,
        "z": -0.32683026790618896
    },
    "landmark_15": {
        "x": 0.65546053647995,
        "y": 0.4633832573890686,
        "z": -0.6782692074775696
    },
    "landmark_16": {
        "x": 0.48168817162513733,
        "y": 0.5483825206756592,
        "z": -0.5974447727203369
    },
    "landmark_17": {
        "x": 0.653018593788147,
        "y": 0.4432578980922699,
        "z": -0.7633950710296631
    },
    "landmark_18": {
        "x": 0.520262598991394,
        "y": 0.5593754649162292,
        "z": -0.6624414920806885
    },
    "landmark_19": {
        "x": 0.6467097401618958,
        "y": 0.4387438893318176,
        "z": -0.7350044846534729
    },
    "landmark_20": {
        "x": 0.5350200533866882,
        "y": 0.5518772006034851,
        "z": -0.6402021050453186
    },
    "landmark_21": {
        "x": 0.6425836086273193,
        "y": 0.4466375410556793,
        "z": -0.6787272095680237
    },
    "landmark_22": {
        "x": 0.5259693264961243,
        "y": 0.5479912757873535,
        "z": -0.5894841551780701
    },
    "landmark_23": {
        "x": 0.5357159972190857,
        "y": 0.6495795249938965,
        "z": 0.014157140627503395
    },
    "landmark_24": {
        "x": 0.42868444323539734,
        "y": 0.6428787708282471,
        "z": -0.013994293287396431
    },
    "landmark_25": {
        "x": 0.5450430512428284,
        "y": 0.7463364005088806,
        "z": -0.12899135053157806
    },
    "landmark_26": {
        "x": 0.35277125239372253,
        "y": 0.7483677268028259,
        "z": -0.24251943826675415
    },
    "landmark_27": {
        "x": 0.4670017659664154,
        "y": 0.8360603451728821,
        "z": 0.129426971077919
    },
    "landmark_28": {
        "x": 0.2666109502315521,
        "y": 0.8622993230819702,
        "z": -0.12610016763210297
    },
    "landmark_29": {
        "x": 0.4411144256591797,
        "y": 0.8519466519355774,
        "z": 0.14207519590854645
    },
    "landmark_30": {
        "x": 0.26507049798965454,
        "y": 0.8923061490058899,
        "z": -0.1295377016067505
    },
    "landmark_31": {
        "x": 0.5112974643707275,
        "y": 0.8670228719711304,
        "z": -0.07574275881052017
    },
    "landmark_32": {
        "x": 0.1731814295053482,
        "y": 0.8505872488021851,
        "z": -0.39314156770706177
    }
}