{
    "landmark_0": {
        "x": 0.5577179789543152,
        "y": 0.37047070264816284,
        "z": -0.3958660662174225
    },
    "landmark_1": {
        "x": 0.5708919763565063,
        "y": 0.36120033264160156,
        "z": -0.350938618183136
    },
    "landmark_2": {
        "x": 0.5782921314239502,
        "y": 0.3615230917930603,
        "z": -0.35091593861579895
    },
    "landmark_3": {
        "x": 0.5839864611625671,
        "y": 0.36183425784111023,
        "z": -0.3509470224380493
    },
    "landmark_4": {
        "x": 0.5467658042907715,
        "y": 0.36118608713150024,
        "z": -0.34885361790657043
    },
    "landmark_5": {
        "x": 0.5389103889465332,
        "y": 0.36149466037750244,
        "z": -0.34884119033813477
    },
    "landmark_6": {
        "x": 0.5324215888977051,
        "y": 0.36187416315078735,
        "z": -0.3488508462905884
    },
    "landmark_7": {
        "x": 0.5986796617507935,
        "y": 0.36936312913894653,
        "z": -0.12347275763750076
    },
    "landmark_8": {
        "x": 0.5271632671356201,
        "y": 0.36958497762680054,
        "z": -0.11688162386417389
    },
    "landmark_9": {
        "x": 0.5730105042457581,
        "y": 0.3842865526676178,
        "z": -0.31474485993385315
    },
    "landmark_10": {
        "x": 0.545891523361206,
        "y": 0.38498228788375854,
        "z": -0.31335508823394775
    },
    "landmark_11": {
        "x": 0.6534324288368225,
        "y": 0.4399632513523102,
        "z": -0.04381165653467178
    },
    "landmark_12": {
        "x": 0.475127637386322,
        "y": 0.43858543038368225,
        "z": -0.040537990629673004
    },
    "landmark_13": {
        "x": 0.7370268106460571,
        "y": 0.4656371474266052,
        "z": -0.33999931812286377
    },
    "landmark_14": {
        "x": 0.3707481324672699,
        "y": 0.4700864851474762,
        "z": -0.34409141540527344
    },
    "landmark_15": {
        "x": 0.6639969944953918,
        "y": 0.3905474841594696,
        "z": -0.5905980467796326
    },
    "landmark_16": {
        "x": 0.47165098786354065,
        "y": 0.4344302713871002,
        "z": -0.6316150426864624
    },
    "landmark_17": {
        "x": 0.6410819292068481,
        "y": 0.373922735452652,
        "z": -0.655077338218689
    },
    "landmark_18": {
        "x": 0.507830023765564,
        "y": 0.42757463455200195,
        "z": -0.7037627100944519
    },
    "landmark_19": {
        "x": 0.6357219815254211,
        "y": 0.37323054671287537,
        "z": -0.6116752624511719
    },
    "landmark_20": {
        "x": 0.5167269706726074,
        "y": 0.4265212416648865,
        "z": -0.6596775054931641
    },
    "landmark_21": {
        "x": 0.6399763226509094,
        "y": 0.3803858757019043,
        "z": -0.5803909301757812
    },
    "landmark_22": {
        "x": 0.5091035962104797,
        "y": 0.4304143786430359,
        "z": -0.6226745247840881
    },
    "landmark_23": {
        "x": 0.6001995801925659,
        "y": 0.6092655658721924,
        "z": -0.017264124006032944
    },
    "landmark_24": {
        "x": 0.4841567575931549,
        "y": 0.6027573943138123,
        "z": 0.017330927774310112
    },
    "landmark_25": {
        "x": 0.5984745621681213,
        "y": 0.7255591750144958,
        "z": 0.02418334037065506
    },
    "landmark_26": {
        "x": 0.4258827567100525,
        "y": 0.7175940275192261,
        "z": 0.04480675980448723
    },
    "landmark_27": {
        "x": 0.5812565684318542,
        "y": 0.8313589096069336,
        "z": 0.2833605110645294
    },
    "landmark_28": {
        "x": 0.4105995297431946,
        "y": 0.8265670537948608,
        "z": 0.3072998523712158
    },
    "landmark_29": {
        "x": 0.5653104186058044,
        "y": 0.8450565338134766,
        "z": 0.2931348979473114
    },
    "landmark_30": {
        "x": 0.43082672357559204,
        "y": 0.8460198640823364,
        "z": 0.3190425932407379
    },
    "landmark_31": {
        "x": 0.6048494577407837,
        "y": 0.8736057281494141,
        "z": 0.0668848305940628
    },
    "landmark_32": {
        "x": 0.32896625995635986,
        "y": 0.8460957407951355,
        "z": 0.10029725730419159
    }
}