{
    "landmark_0": {
        "x": 0.5000950694084167,
        "y": 0.38340240716934204,
        "z": -0.39738374948501587
    },
    "landmark_1": {
        "x": 0.5094422101974487,
        "y": 0.37301620841026306,
        "z": -0.3603023886680603
    },
    "landmark_2": {
        "x": 0.5150619149208069,
        "y": 0.3732818365097046,
        "z": -0.3603646457195282
    },
    "landmark_3": {
        "x": 0.5224268436431885,
        "y": 0.3736499547958374,
        "z": -0.36045804619789124
    },
    "landmark_4": {
        "x": 0.488652765750885,
        "y": 0.3732144236564636,
        "z": -0.35518836975097656
    },
    "landmark_5": {
        "x": 0.4799249470233917,
        "y": 0.3737444579601288,
        "z": -0.3551222085952759
    },
    "landmark_6": {
        "x": 0.47200682759284973,
        "y": 0.37441182136535645,
        "z": -0.3551466763019562
    },
    "landmark_7": {
        "x": 0.5342486500740051,
        "y": 0.38105064630508423,
        "z": -0.16053573787212372
    },
    "landmark_8": {
        "x": 0.46292996406555176,
        "y": 0.3822382092475891,
        "z": -0.13490402698516846
    },
    "landmark_9": {
        "x": 0.5125118494033813,
        "y": 0.3964633643627167,
        "z": -0.3252815902233124
    },
    "landmark_10": {
        "x": 0.4884469211101532,
        "y": 0.39614662528038025,
        "z": -0.31860053539276123
    },
    "landmark_11": {
        "x": 0.589511513710022,
        "y": 0.44512349367141724,
        "z": -0.0996788740158081
    },
    "landmark_12": {
        "x": 0.42520222067832947,
        "y": 0.44551849365234375,
        "z": -0.05762798339128494
    },
    "landmark_13": {
        "x": 0.6701918244361877,
        "y": 0.4823724627494812,
        "z": -0.3858221173286438
    },
    "landmark_14": {
        "x": 0.3457438051700592,
        "y": 0.4744936525821686,
        "z": -0.34837794303894043
    },
    "landmark_15": {
        "x": 0.5689939260482788,
        "y": 0.44674426317214966,
        "z": -0.6386488080024719
    },
    "landmark_16": {
        "x": 0.3929300010204315,
        "y": 0.3942926824092865,
        "z": -0.63725745677948
    },
    "landmark_17": {
        "x": 0.5226300358772278,
        "y": 0.441927433013916,
        "z": -0.7022404074668884
    },
    "landmark_18": {
        "x": 0.4055425822734833,
        "y": 0.374895840883255,
        "z": -0.7131590843200684
    },
    "landmark_19": {
        "x": 0.5128706097602844,
        "y": 0.43500834703445435,
        "z": -0.6584398746490479
    },
    "landmark_20": {
        "x": 0.41107177734375,
        "y": 0.37322545051574707,
        "z": -0.6764901876449585
    },
    "landmark_21": {
        "x": 0.5192968845367432,
        "y": 0.4401637613773346,
        "z": -0.6268413066864014
    },
    "landmark_22": {
        "x": 0.41196388006210327,
        "y": 0.378963828086853,
        "z": -0.6337885856628418
    },
    "landmark_23": {
        "x": 0.5641115307807922,
        "y": 0.6060613393783569,
        "z": -0.021815411746501923
    },
    "landmark_24": {
        "x": 0.4572897255420685,
        "y": 0.611193835735321,
        "z": 0.021789615973830223
    },
    "landmark_25": {
        "x": 0.604882001876831,
        "y": 0.717592716217041,
        "z": -0.07355425506830215
    },
    "landmark_26": {
        "x": 0.4623987376689911,
        "y": 0.7227762341499329,
        "z": 0.202674999833107
    },
    "landmark_27": {
        "x": 0.6268752813339233,
        "y": 0.8384559750556946,
        "z": 0.05371522903442383
    },
    "landmark_28": {
        "x": 0.5140465497970581,
        "y": 0.8183003664016724,
        "z": 0.5665003657341003
    },
    "landmark_29": {
        "x": 0.6080959439277649,
        "y": 0.8595935106277466,
        "z": 0.05218745395541191
    },
    "landmark_30": {
        "x": 0.5353305339813232,
        "y": 0.8318307995796204,
        "z": 0.591364860534668
    },
    "landmark_31": {
        "x": 0.6827888488769531,
        "y": 0.8680702447891235,
        "z": -0.1833774298429489
    },
    "landmark_32": {
        "x": 0.48359763622283936,
        "y": 0.8538393974304199,
        "z": 0.4105088412761688
    }
}