{
    "landmark_0": {
        "x": 0.5708320736885071,
        "y": 0.35516780614852905,
        "z": -0.2953110337257385
    },
    "landmark_1": {
        "x": 0.5844221711158752,
        "y": 0.3459441363811493,
        "z": -0.25915616750717163
    },
    "landmark_2": {
        "x": 0.5923978686332703,
        "y": 0.34681591391563416,
        "z": -0.2591429352760315
    },
    "landmark_3": {
        "x": 0.5978043675422668,
        "y": 0.3475474417209625,
        "z": -0.25924140214920044
    },
    "landmark_4": {
        "x": 0.5630301833152771,
        "y": 0.3446723520755768,
        "z": -0.2589518427848816
    },
    "landmark_5": {
        "x": 0.5558924674987793,
        "y": 0.3450688421726227,
        "z": -0.25884196162223816
    },
    "landmark_6": {
        "x": 0.5486342906951904,
        "y": 0.34559398889541626,
        "z": -0.2588334083557129
    },
    "landmark_7": {
        "x": 0.6054874658584595,
        "y": 0.3539181351661682,
        "z": -0.04704359546303749
    },
    "landmark_8": {
        "x": 0.5392301082611084,
        "y": 0.3518228530883789,
        "z": -0.04951997473835945
    },
    "landmark_9": {
        "x": 0.5844939351081848,
        "y": 0.36880525946617126,
        "z": -0.21476949751377106
    },
    "landmark_10": {
        "x": 0.5559968948364258,
        "y": 0.36665400862693787,
        "z": -0.21637137234210968
    },
    "landmark_11": {
        "x": 0.653308093547821,
        "y": 0.42130738496780396,
        "z": 0.05768097937107086
    },
    "landmark_12": {
        "x": 0.4788760840892792,
        "y": 0.40798982977867126,
        "z": 0.00639308150857687
    },
    "landmark_13": {
        "x": 0.7278643846511841,
        "y": 0.466327965259552,
        "z": -0.17655743658542633
    },
    "landmark_14": {
        "x": 0.3912844657897949,
        "y": 0.44588035345077515,
        "z": -0.2805749773979187
    },
    "landmark_15": {
        "x": 0.7181550860404968,
        "y": 0.3920135200023651,
        "z": -0.4521729648113251
    },
    "landmark_16": {
        "x": 0.5124183297157288,
        "y": 0.4466601014137268,
        "z": -0.6090794801712036
    },
    "landmark_17": {
        "x": 0.7186377048492432,
        "y": 0.3707156479358673,
        "z": -0.515648365020752
    },
    "landmark_18": {
        "x": 0.5450673699378967,
        "y": 0.454773485660553,
        "z": -0.6804029941558838
    },
    "landmark_19": {
        "x": 0.7151942849159241,
        "y": 0.36641088128089905,
        "z": -0.4915205240249634
    },
    "landmark_20": {
        "x": 0.5662805438041687,
        "y": 0.4556037485599518,
        "z": -0.6526026725769043
    },
    "landmark_21": {
        "x": 0.7100246548652649,
        "y": 0.3736642599105835,
        "z": -0.45016923546791077
    },
    "landmark_22": {
        "x": 0.5558067560195923,
        "y": 0.4517405927181244,
        "z": -0.6047365069389343
    },
    "landmark_23": {
        "x": 0.6026120185852051,
        "y": 0.5866536498069763,
        "z": -0.002135643269866705
    },
    "landmark_24": {
        "x": 0.4867148995399475,
        "y": 0.5850484371185303,
        "z": 0.0022681511472910643
    },
    "landmark_25": {
        "x": 0.6245182752609253,
        "y": 0.7151262760162354,
        "z": -0.04782569780945778
    },
    "landmark_26": {
        "x": 0.47348862886428833,
        "y": 0.7112427353858948,
        "z": 0.045135024935007095
    },
    "landmark_27": {
        "x": 0.6051233410835266,
        "y": 0.8282453417778015,
        "z": 0.17944301664829254
    },
    "landmark_28": {
        "x": 0.48871248960494995,
        "y": 0.825252890586853,
        "z": 0.3078106641769409
    },
    "landmark_29": {
        "x": 0.5844997763633728,
        "y": 0.8423903584480286,
        "z": 0.18699178099632263
    },
    "landmark_30": {
        "x": 0.5140975713729858,
        "y": 0.8420513868331909,
        "z": 0.32073143124580383
    },
    "landmark_31": {
        "x": 0.6379803419113159,
        "y": 0.8704884648323059,
        "z": -0.04858391731977463
    },
    "landmark_32": {
        "x": 0.43039485812187195,
        "y": 0.8642951250076294,
        "z": 0.10811164975166321
    }
}