{
    "landmark_0": {
        "x": 0.6386423110961914,
        "y": 0.39392027258872986,
        "z": -0.44357654452323914
    },
    "landmark_1": {
        "x": 0.6536745429039001,
        "y": 0.38417014479637146,
        "z": -0.3999544680118561
    },
    "landmark_2": {
        "x": 0.6620563864707947,
        "y": 0.3850311040878296,
        "z": -0.39995503425598145
    },
    "landmark_3": {
        "x": 0.6671133041381836,
        "y": 0.38607949018478394,
        "z": -0.4000146687030792
    },
    "landmark_4": {
        "x": 0.6304423809051514,
        "y": 0.3828710913658142,
        "z": -0.40167805552482605
    },
    "landmark_5": {
        "x": 0.6228439807891846,
        "y": 0.3830192983150482,
        "z": -0.40164458751678467
    },
    "landmark_6": {
        "x": 0.6147350668907166,
        "y": 0.38309502601623535,
        "z": -0.4016496539115906
    },
    "landmark_7": {
        "x": 0.6791223883628845,
        "y": 0.39344096183776855,
        "z": -0.15066511929035187
    },
    "landmark_8": {
        "x": 0.60725337266922,
        "y": 0.3884986937046051,
        "z": -0.1624271273612976
    },
    "landmark_9": {
        "x": 0.6522038578987122,
        "y": 0.4096466600894928,
        "z": -0.3509887456893921
    },
    "landmark_10": {
        "x": 0.6231972575187683,
        "y": 0.40812644362449646,
        "z": -0.3548649549484253
    },
    "landmark_11": {
        "x": 0.7226734757423401,
        "y": 0.46973133087158203,
        "z": -0.013653622940182686
    },
    "landmark_12": {
        "x": 0.5329589247703552,
        "y": 0.4510266184806824,
        "z": -0.07156465947628021
    },
    "landmark_13": {
        "x": 0.7797654271125793,
        "y": 0.5266650319099426,
        "z": -0.31726157665252686
    },
    "landmark_14": {
        "x": 0.4350852072238922,
        "y": 0.5051493644714355,
        "z": -0.36074069142341614
    },
    "landmark_15": {
        "x": 0.7487296462059021,
        "y": 0.4382052421569824,
        "z": -0.7344899773597717
    },
    "landmark_16": {
        "x": 0.5526105761528015,
        "y": 0.4915492534637451,
        "z": -0.7406303286552429
    },
    "landmark_17": {
        "x": 0.7386004328727722,
        "y": 0.41738682985305786,
        "z": -0.8235571384429932
    },
    "landmark_18": {
        "x": 0.5857338905334473,
        "y": 0.49339184165000916,
        "z": -0.8209310173988342
    },
    "landmark_19": {
        "x": 0.7361620664596558,
        "y": 0.4130914807319641,
        "z": -0.7896881103515625
    },
    "landmark_20": {
        "x": 0.604112982749939,
        "y": 0.48932963609695435,
        "z": -0.7915685772895813
    },
    "landmark_21": {
        "x": 0.7335485816001892,
        "y": 0.4211057722568512,
        "z": -0.7314590215682983
    },
    "landmark_22": {
        "x": 0.595782995223999,
        "y": 0.48827648162841797,
        "z": -0.7352583408355713
    },
    "landmark_23": {
        "x": 0.6458066701889038,
        "y": 0.6352062821388245,
        "z": 0.00881333276629448
    },
    "landmark_24": {
        "x": 0.5255367159843445,
        "y": 0.6267241835594177,
        "z": -0.00864093191921711
    },
    "landmark_25": {
        "x": 0.6720294952392578,
        "y": 0.7407582998275757,
        "z": -0.15542910993099213
    },
    "landmark_26": {
        "x": 0.44789859652519226,
        "y": 0.7436826229095459,
        "z": -0.09156802296638489
    },
    "landmark_27": {
        "x": 0.6366997957229614,
        "y": 0.8467401266098022,
        "z": 0.13433872163295746
    },
    "landmark_28": {
        "x": 0.388717919588089,
        "y": 0.8551303148269653,
        "z": 0.15814398229122162
    },
    "landmark_29": {
        "x": 0.6074199080467224,
        "y": 0.860582172870636,
        "z": 0.14841578900814056
    },
    "landmark_30": {
        "x": 0.4005511701107025,
        "y": 0.8755265474319458,
        "z": 0.16618302464485168
    },
    "landmark_31": {
        "x": 0.6811584830284119,
        "y": 0.8880161046981812,
        "z": -0.09278852492570877
    },
    "landmark_32": {
        "x": 0.3034627437591553,
        "y": 0.8793508410453796,
        "z": -0.08568576723337173
    }
}