{
    "landmark_0": {
        "x": 0.5581014752388,
        "y": 0.41518959403038025,
        "z": -0.4560980796813965
    },
    "landmark_1": {
        "x": 0.5691917538642883,
        "y": 0.40493306517601013,
        "z": -0.4153580963611603
    },
    "landmark_2": {
        "x": 0.5750404596328735,
        "y": 0.40507999062538147,
        "z": -0.415450781583786
    },
    "landmark_3": {
        "x": 0.5809025168418884,
        "y": 0.4054960608482361,
        "z": -0.4155047833919525
    },
    "landmark_4": {
        "x": 0.5479220747947693,
        "y": 0.4051284193992615,
        "z": -0.4143155813217163
    },
    "landmark_5": {
        "x": 0.5406805276870728,
        "y": 0.4054412245750427,
        "z": -0.41428425908088684
    },
    "landmark_6": {
        "x": 0.5331568717956543,
        "y": 0.40612339973449707,
        "z": -0.41425153613090515
    },
    "landmark_7": {
        "x": 0.590018093585968,
        "y": 0.41143888235092163,
        "z": -0.19471822679042816
    },
    "landmark_8": {
        "x": 0.5220471024513245,
        "y": 0.41172242164611816,
        "z": -0.18619774281978607
    },
    "landmark_9": {
        "x": 0.56943279504776,
        "y": 0.4264383912086487,
        "z": -0.37496092915534973
    },
    "landmark_10": {
        "x": 0.5440532565116882,
        "y": 0.42690521478652954,
        "z": -0.37276265025138855
    },
    "landmark_11": {
        "x": 0.6466017365455627,
        "y": 0.4682992100715637,
        "z": -0.13813534379005432
    },
    "landmark_12": {
        "x": 0.47504207491874695,
        "y": 0.4727693200111389,
        "z": -0.12101155519485474
    },
    "landmark_13": {
        "x": 0.7226675152778625,
        "y": 0.5218028426170349,
        "z": -0.43625667691230774
    },
    "landmark_14": {
        "x": 0.419302374124527,
        "y": 0.5067607760429382,
        "z": -0.4398476779460907
    },
    "landmark_15": {
        "x": 0.5963122248649597,
        "y": 0.507982611656189,
        "z": -0.728755533695221
    },
    "landmark_16": {
        "x": 0.47412246465682983,
        "y": 0.4257662892341614,
        "z": -0.7748140692710876
    },
    "landmark_17": {
        "x": 0.5609338879585266,
        "y": 0.507846474647522,
        "z": -0.8037290573120117
    },
    "landmark_18": {
        "x": 0.4818568229675293,
        "y": 0.4039463400840759,
        "z": -0.8619569540023804
    },
    "landmark_19": {
        "x": 0.5461013317108154,
        "y": 0.5026363730430603,
        "z": -0.7747471928596497
    },
    "landmark_20": {
        "x": 0.4853695034980774,
        "y": 0.4005938470363617,
        "z": -0.8396551609039307
    },
    "landmark_21": {
        "x": 0.5566000938415527,
        "y": 0.5025936365127563,
        "z": -0.7218836545944214
    },
    "landmark_22": {
        "x": 0.4880518317222595,
        "y": 0.409006267786026,
        "z": -0.7769851088523865
    },
    "landmark_23": {
        "x": 0.617721438407898,
        "y": 0.646853506565094,
        "z": -0.004068533889949322
    },
    "landmark_24": {
        "x": 0.49900126457214355,
        "y": 0.6465499997138977,
        "z": 0.004072590731084347
    },
    "landmark_25": {
        "x": 0.6786369681358337,
        "y": 0.7578863501548767,
        "z": -0.09795515984296799
    },
    "landmark_26": {
        "x": 0.473416805267334,
        "y": 0.7453329563140869,
        "z": -0.036183200776576996
    },
    "landmark_27": {
        "x": 0.7224781513214111,
        "y": 0.8723904490470886,
        "z": 0.04805704578757286
    },
    "landmark_28": {
        "x": 0.5208872556686401,
        "y": 0.8364893794059753,
        "z": 0.3688327670097351
    },
    "landmark_29": {
        "x": 0.7053249478340149,
        "y": 0.9022520184516907,
        "z": 0.0477142371237278
    },
    "landmark_30": {
        "x": 0.5535746812820435,
        "y": 0.8532434701919556,
        "z": 0.3975655138492584
    },
    "landmark_31": {
        "x": 0.8156798481941223,
        "y": 0.8819600939750671,
        "z": -0.18974635004997253
    },
    "landmark_32": {
        "x": 0.4736641049385071,
        "y": 0.8699653744697571,
        "z": 0.22420085966587067
    }
}