{
    "landmark_0": {
        "x": 0.5971353650093079,
        "y": 0.3892567753791809,
        "z": -0.45612388849258423
    },
    "landmark_1": {
        "x": 0.6111999154090881,
        "y": 0.3804953694343567,
        "z": -0.41554829478263855
    },
    "landmark_2": {
        "x": 0.6199804544448853,
        "y": 0.3812597692012787,
        "z": -0.4155382812023163
    },
    "landmark_3": {
        "x": 0.6259298920631409,
        "y": 0.3818407654762268,
        "z": -0.4155595898628235
    },
    "landmark_4": {
        "x": 0.5868838429450989,
        "y": 0.37953871488571167,
        "z": -0.41337698698043823
    },
    "landmark_5": {
        "x": 0.5796579718589783,
        "y": 0.37970322370529175,
        "z": -0.41336217522621155
    },
    "landmark_6": {
        "x": 0.5723291635513306,
        "y": 0.37983742356300354,
        "z": -0.4133995771408081
    },
    "landmark_7": {
        "x": 0.6384263038635254,
        "y": 0.3888235092163086,
        "z": -0.18810376524925232
    },
    "landmark_8": {
        "x": 0.5674057006835938,
        "y": 0.3862871825695038,
        "z": -0.18372702598571777
    },
    "landmark_9": {
        "x": 0.612619161605835,
        "y": 0.40385788679122925,
        "z": -0.3737609088420868
    },
    "landmark_10": {
        "x": 0.5836186408996582,
        "y": 0.40338248014450073,
        "z": -0.37292835116386414
    },
    "landmark_11": {
        "x": 0.6884331703186035,
        "y": 0.46119195222854614,
        "z": -0.0760750100016594
    },
    "landmark_12": {
        "x": 0.5088770389556885,
        "y": 0.45498600602149963,
        "z": -0.0988597646355629
    },
    "landmark_13": {
        "x": 0.7595279216766357,
        "y": 0.5121066570281982,
        "z": -0.35567203164100647
    },
    "landmark_14": {
        "x": 0.4048159420490265,
        "y": 0.49808812141418457,
        "z": -0.4033510088920593
    },
    "landmark_15": {
        "x": 0.6999156475067139,
        "y": 0.4331456124782562,
        "z": -0.6616076231002808
    },
    "landmark_16": {
        "x": 0.5110633373260498,
        "y": 0.4650334417819977,
        "z": -0.7379953265190125
    },
    "landmark_17": {
        "x": 0.6834335923194885,
        "y": 0.4137423038482666,
        "z": -0.729483962059021
    },
    "landmark_18": {
        "x": 0.5462554693222046,
        "y": 0.46233320236206055,
        "z": -0.8091721534729004
    },
    "landmark_19": {
        "x": 0.6791236400604248,
        "y": 0.41030415892601013,
        "z": -0.6951775550842285
    },
    "landmark_20": {
        "x": 0.5579729080200195,
        "y": 0.46020668745040894,
        "z": -0.7716732621192932
    },
    "landmark_21": {
        "x": 0.6795089244842529,
        "y": 0.41847023367881775,
        "z": -0.6546339988708496
    },
    "landmark_22": {
        "x": 0.5527468919754028,
        "y": 0.46306857466697693,
        "z": -0.730219841003418
    },
    "landmark_23": {
        "x": 0.6288909912109375,
        "y": 0.6294336915016174,
        "z": 0.0034404767211526632
    },
    "landmark_24": {
        "x": 0.5135865211486816,
        "y": 0.6187959909439087,
        "z": -0.003329136408865452
    },
    "landmark_25": {
        "x": 0.6329270005226135,
        "y": 0.744132399559021,
        "z": 0.14379064738750458
    },
    "landmark_26": {
        "x": 0.44393426179885864,
        "y": 0.7333600521087646,
        "z": -0.010751144960522652
    },
    "landmark_27": {
        "x": 0.5823507308959961,
        "y": 0.8418298959732056,
        "z": 0.46633508801460266
    },
    "landmark_28": {
        "x": 0.3864935040473938,
        "y": 0.8407396078109741,
        "z": 0.17339177429676056
    },
    "landmark_29": {
        "x": 0.5615358352661133,
        "y": 0.8538491129875183,
        "z": 0.4832281768321991
    },
    "landmark_30": {
        "x": 0.39436471462249756,
        "y": 0.8651229739189148,
        "z": 0.17591418325901031
    },
    "landmark_31": {
        "x": 0.6271551251411438,
        "y": 0.8799896240234375,
        "z": 0.26916781067848206
    },
    "landmark_32": {
        "x": 0.2914119064807892,
        "y": 0.8559758067131042,
        "z": -0.064748115837574
    }
}