{
    "landmark_0": {
        "x": 0.5476847887039185,
        "y": 0.3557577431201935,
        "z": -0.3644128441810608
    },
    "landmark_1": {
        "x": 0.5613164901733398,
        "y": 0.34405988454818726,
        "z": -0.3254314363002777
    },
    "landmark_2": {
        "x": 0.569121778011322,
        "y": 0.34405696392059326,
        "z": -0.32549241185188293
    },
    "landmark_3": {
        "x": 0.5768738389015198,
        "y": 0.3443397581577301,
        "z": -0.32551708817481995
    },
    "landmark_4": {
        "x": 0.5367554426193237,
        "y": 0.3450145423412323,
        "z": -0.31648340821266174
    },
    "landmark_5": {
        "x": 0.5287606120109558,
        "y": 0.34555763006210327,
        "z": -0.3165109157562256
    },
    "landmark_6": {
        "x": 0.5210160613059998,
        "y": 0.34640640020370483,
        "z": -0.31652718782424927
    },
    "landmark_7": {
        "x": 0.5913753509521484,
        "y": 0.35160940885543823,
        "z": -0.1349169909954071
    },
    "landmark_8": {
        "x": 0.5163554549217224,
        "y": 0.35360562801361084,
        "z": -0.09231717139482498
    },
    "landmark_9": {
        "x": 0.5643412470817566,
        "y": 0.36834853887557983,
        "z": -0.29635700583457947
    },
    "landmark_10": {
        "x": 0.5345767736434937,
        "y": 0.36932456493377686,
        "z": -0.28424254059791565
    },
    "landmark_11": {
        "x": 0.6576274037361145,
        "y": 0.4122397303581238,
        "z": -0.122226782143116
    },
    "landmark_12": {
        "x": 0.47365641593933105,
        "y": 0.4207349717617035,
        "z": -0.005444125272333622
    },
    "landmark_13": {
        "x": 0.7392861843109131,
        "y": 0.4595288336277008,
        "z": -0.3641316592693329
    },
    "landmark_14": {
        "x": 0.3720643222332001,
        "y": 0.442549467086792,
        "z": -0.29889172315597534
    },
    "landmark_15": {
        "x": 0.5873761773109436,
        "y": 0.4659774899482727,
        "z": -0.5634089112281799
    },
    "landmark_16": {
        "x": 0.38756319880485535,
        "y": 0.3595227897167206,
        "z": -0.6626231670379639
    },
    "landmark_17": {
        "x": 0.5441553592681885,
        "y": 0.47396770119667053,
        "z": -0.6262302398681641
    },
    "landmark_18": {
        "x": 0.38364502787590027,
        "y": 0.33715033531188965,
        "z": -0.7524454593658447
    },
    "landmark_19": {
        "x": 0.5317405462265015,
        "y": 0.46979230642318726,
        "z": -0.5895382761955261
    },
    "landmark_20": {
        "x": 0.39185604453086853,
        "y": 0.3340812027454376,
        "z": -0.7178332805633545
    },
    "landmark_21": {
        "x": 0.5422002077102661,
        "y": 0.4665195941925049,
        "z": -0.5492882132530212
    },
    "landmark_22": {
        "x": 0.3985486328601837,
        "y": 0.3420819640159607,
        "z": -0.6625317931175232
    },
    "landmark_23": {
        "x": 0.6253347396850586,
        "y": 0.5890874862670898,
        "z": -0.014616753906011581
    },
    "landmark_24": {
        "x": 0.5090457797050476,
        "y": 0.5873361229896545,
        "z": 0.014382904395461082
    },
    "landmark_25": {
        "x": 0.6461191773414612,
        "y": 0.707531750202179,
        "z": -0.17454630136489868
    },
    "landmark_26": {
        "x": 0.4826500713825226,
        "y": 0.7026737332344055,
        "z": -0.2705695629119873
    },
    "landmark_27": {
        "x": 0.6199647188186646,
        "y": 0.8221479654312134,
        "z": 0.19824235141277313
    },
    "landmark_28": {
        "x": 0.5074163675308228,
        "y": 0.8185153007507324,
        "z": 0.09806864708662033
    },
    "landmark_29": {
        "x": 0.5971230864524841,
        "y": 0.8342316746711731,
        "z": 0.22230544686317444
    },
    "landmark_30": {
        "x": 0.5294492840766907,
        "y": 0.8305755853652954,
        "z": 0.12290086597204208
    },
    "landmark_31": {
        "x": 0.6586635112762451,
        "y": 0.8706477880477905,
        "z": -0.008697140961885452
    },
    "landmark_32": {
        "x": 0.47907349467277527,
        "y": 0.86549311876297,
        "z": -0.10250841826200485
    }
}