{
    "landmark_0": {
        "x": 0.6412052512168884,
        "y": 0.3948408365249634,
        "z": -0.3266652226448059
    },
    "landmark_1": {
        "x": 0.6539843678474426,
        "y": 0.3840089738368988,
        "z": -0.28255495429039
    },
    "landmark_2": {
        "x": 0.6614388823509216,
        "y": 0.3848019540309906,
        "z": -0.28255823254585266
    },
    "landmark_3": {
        "x": 0.6662675738334656,
        "y": 0.3855800926685333,
        "z": -0.28254568576812744
    },
    "landmark_4": {
        "x": 0.6316181421279907,
        "y": 0.3828180134296417,
        "z": -0.29142916202545166
    },
    "landmark_5": {
        "x": 0.6235655546188354,
        "y": 0.38300105929374695,
        "z": -0.29146426916122437
    },
    "landmark_6": {
        "x": 0.6163062453269958,
        "y": 0.3830109238624573,
        "z": -0.2915436029434204
    },
    "landmark_7": {
        "x": 0.6757413148880005,
        "y": 0.392360121011734,
        "z": -0.03327219560742378
    },
    "landmark_8": {
        "x": 0.6057271361351013,
        "y": 0.3894447982311249,
        "z": -0.07958779484033585
    },
    "landmark_9": {
        "x": 0.6526246070861816,
        "y": 0.4095710813999176,
        "z": -0.233302503824234
    },
    "landmark_10": {
        "x": 0.6259266138076782,
        "y": 0.4081035554409027,
        "z": -0.2470245212316513
    },
    "landmark_11": {
        "x": 0.7115603685379028,
        "y": 0.46204620599746704,
        "z": 0.11932536214590073
    },
    "landmark_12": {
        "x": 0.541820764541626,
        "y": 0.44884195923805237,
        "z": -0.031404074281454086
    },
    "landmark_13": {
        "x": 0.7650778293609619,
        "y": 0.5162936449050903,
        "z": -0.10970437526702881
    },
    "landmark_14": {
        "x": 0.48166146874427795,
        "y": 0.5070304870605469,
        "z": -0.2464636117219925
    },
    "landmark_15": {
        "x": 0.7885180711746216,
        "y": 0.4441908895969391,
        "z": -0.471544086933136
    },
    "landmark_16": {
        "x": 0.6124358773231506,
        "y": 0.5244784951210022,
        "z": -0.4962403178215027
    },
    "landmark_17": {
        "x": 0.7925189733505249,
        "y": 0.424839586019516,
        "z": -0.5459699630737305
    },
    "landmark_18": {
        "x": 0.6478513479232788,
        "y": 0.5359519720077515,
        "z": -0.562842607498169
    },
    "landmark_19": {
        "x": 0.7889121174812317,
        "y": 0.42014947533607483,
        "z": -0.5397469401359558
    },
    "landmark_20": {
        "x": 0.6619642972946167,
        "y": 0.5282167196273804,
        "z": -0.5461649298667908
    },
    "landmark_21": {
        "x": 0.7837139368057251,
        "y": 0.4259647727012634,
        "z": -0.48059752583503723
    },
    "landmark_22": {
        "x": 0.6524595618247986,
        "y": 0.5241661071777344,
        "z": -0.49105456471443176
    },
    "landmark_23": {
        "x": 0.6510652899742126,
        "y": 0.6321333646774292,
        "z": 0.03489334508776665
    },
    "landmark_24": {
        "x": 0.5400941371917725,
        "y": 0.624275267124176,
        "z": -0.034518878906965256
    },
    "landmark_25": {
        "x": 0.6635825634002686,
        "y": 0.7349038124084473,
        "z": -0.004060997162014246
    },
    "landmark_26": {
        "x": 0.473251610994339,
        "y": 0.7310992479324341,
        "z": -0.39673101902008057
    },
    "landmark_27": {
        "x": 0.6328518986701965,
        "y": 0.8421083688735962,
        "z": 0.22007255256175995
    },
    "landmark_28": {
        "x": 0.40252798795700073,
        "y": 0.8595941662788391,
        "z": -0.3416096270084381
    },
    "landmark_29": {
        "x": 0.5994117259979248,
        "y": 0.8611570596694946,
        "z": 0.2262878268957138
    },
    "landmark_30": {
        "x": 0.40436792373657227,
        "y": 0.8921859860420227,
        "z": -0.35101044178009033
    },
    "landmark_31": {
        "x": 0.6852343082427979,
        "y": 0.8841968774795532,
        "z": 0.008778047747910023
    },
    "landmark_32": {
        "x": 0.30798661708831787,
        "y": 0.8563156127929688,
        "z": -0.6271607875823975
    }
}