{
    "landmark_0": {
        "x": 0.5102462768554688,
        "y": 0.3827739953994751,
        "z": -0.7260475754737854
    },
    "landmark_1": {
        "x": 0.5285246968269348,
        "y": 0.36736610531806946,
        "z": -0.6921703815460205
    },
    "landmark_2": {
        "x": 0.5401827692985535,
        "y": 0.36778879165649414,
        "z": -0.6922305822372437
    },
    "landmark_3": {
        "x": 0.5491151213645935,
        "y": 0.36820176243782043,
        "z": -0.6921893954277039
    },
    "landmark_4": {
        "x": 0.49695688486099243,
        "y": 0.367648184299469,
        "z": -0.6847054958343506
    },
    "landmark_5": {
        "x": 0.4876222014427185,
        "y": 0.36792489886283875,
        "z": -0.6847687363624573
    },
    "landmark_6": {
        "x": 0.4807831346988678,
        "y": 0.3681650161743164,
        "z": -0.6849168539047241
    },
    "landmark_7": {
        "x": 0.563372015953064,
        "y": 0.3749680817127228,
        "z": -0.446050763130188
    },
    "landmark_8": {
        "x": 0.47611528635025024,
        "y": 0.3732466697692871,
        "z": -0.4170683026313782
    },
    "landmark_9": {
        "x": 0.5325137376785278,
        "y": 0.39832040667533875,
        "z": -0.6315867900848389
    },
    "landmark_10": {
        "x": 0.49387621879577637,
        "y": 0.3988855183124542,
        "z": -0.6231496930122375
    },
    "landmark_11": {
        "x": 0.6401540637016296,
        "y": 0.4650057852268219,
        "z": -0.2996722459793091
    },
    "landmark_12": {
        "x": 0.3931621015071869,
        "y": 0.45337072014808655,
        "z": -0.20954635739326477
    },
    "landmark_13": {
        "x": 0.6703512072563171,
        "y": 0.5651400089263916,
        "z": -0.21606622636318207
    },
    "landmark_14": {
        "x": 0.3266783058643341,
        "y": 0.5452519059181213,
        "z": -0.08561944961547852
    },
    "landmark_15": {
        "x": 0.6339410543441772,
        "y": 0.6507928371429443,
        "z": -0.455407977104187
    },
    "landmark_16": {
        "x": 0.3158370852470398,
        "y": 0.6315811276435852,
        "z": -0.3053973913192749
    },
    "landmark_17": {
        "x": 0.6278231739997864,
        "y": 0.6820778250694275,
        "z": -0.5293460488319397
    },
    "landmark_18": {
        "x": 0.3071495592594147,
        "y": 0.6598895192146301,
        "z": -0.3708621859550476
    },
    "landmark_19": {
        "x": 0.6107087135314941,
        "y": 0.6780281066894531,
        "z": -0.6011831164360046
    },
    "landmark_20": {
        "x": 0.32578760385513306,
        "y": 0.6582792401313782,
        "z": -0.4438476860523224
    },
    "landmark_21": {
        "x": 0.6069598197937012,
        "y": 0.6709140539169312,
        "z": -0.4847180247306824
    },
    "landmark_22": {
        "x": 0.33499640226364136,
        "y": 0.6495682001113892,
        "z": -0.3392277657985687
    },
    "landmark_23": {
        "x": 0.5718449950218201,
        "y": 0.6584535837173462,
        "z": -0.009835861623287201
    },
    "landmark_24": {
        "x": 0.4416213035583496,
        "y": 0.6622442007064819,
        "z": 0.009963213466107845
    },
    "landmark_25": {
        "x": 0.5826417207717896,
        "y": 0.7790984511375427,
        "z": 0.13745567202568054
    },
    "landmark_26": {
        "x": 0.46259570121765137,
        "y": 0.7958124279975891,
        "z": 0.005622145254164934
    },
    "landmark_27": {
        "x": 0.5631861686706543,
        "y": 0.852372944355011,
        "z": 0.8316338658332825
    },
    "landmark_28": {
        "x": 0.49536803364753723,
        "y": 0.9143093824386597,
        "z": 0.39423397183418274
    },
    "landmark_29": {
        "x": 0.5496423244476318,
        "y": 0.8620232343673706,
        "z": 0.8892834782600403
    },
    "landmark_30": {
        "x": 0.5084149241447449,
        "y": 0.9251669049263,
        "z": 0.41806599497795105
    },
    "landmark_31": {
        "x": 0.5674129724502563,
        "y": 0.9071453809738159,
        "z": 0.6744207143783569
    },
    "landmark_32": {
        "x": 0.48053276538848877,
        "y": 0.9654016494750977,
        "z": 0.13073262572288513
    }
}