{
    "landmark_0": {
        "x": 0.45860734581947327,
        "y": 0.3839268088340759,
        "z": -0.49149274826049805
    },
    "landmark_1": {
        "x": 0.47282055020332336,
        "y": 0.37388044595718384,
        "z": -0.4567103087902069
    },
    "landmark_2": {
        "x": 0.4802842140197754,
        "y": 0.37401053309440613,
        "z": -0.45677995681762695
    },
    "landmark_3": {
        "x": 0.48600509762763977,
        "y": 0.3746154010295868,
        "z": -0.45683225989341736
    },
    "landmark_4": {
        "x": 0.4490453004837036,
        "y": 0.3744264543056488,
        "z": -0.45566731691360474
    },
    "landmark_5": {
        "x": 0.4420841932296753,
        "y": 0.3751533329486847,
        "z": -0.45568305253982544
    },
    "landmark_6": {
        "x": 0.4346475303173065,
        "y": 0.3762754797935486,
        "z": -0.45561978220939636
    },
    "landmark_7": {
        "x": 0.49938273429870605,
        "y": 0.381727933883667,
        "z": -0.24033166468143463
    },
    "landmark_8": {
        "x": 0.429031103849411,
        "y": 0.3837757110595703,
        "z": -0.2371446043252945
    },
    "landmark_9": {
        "x": 0.4753698706626892,
        "y": 0.39725908637046814,
        "z": -0.4098028838634491
    },
    "landmark_10": {
        "x": 0.4465705156326294,
        "y": 0.39803001284599304,
        "z": -0.4090624153614044
    },
    "landmark_11": {
        "x": 0.55902099609375,
        "y": 0.44644755125045776,
        "z": -0.12301141768693924
    },
    "landmark_12": {
        "x": 0.37108519673347473,
        "y": 0.45616617798805237,
        "z": -0.11220569908618927
    },
    "landmark_13": {
        "x": 0.6518651843070984,
        "y": 0.49488216638565063,
        "z": -0.31592151522636414
    },
    "landmark_14": {
        "x": 0.29644349217414856,
        "y": 0.5197150111198425,
        "z": -0.3266165554523468
    },
    "landmark_15": {
        "x": 0.5342868566513062,
        "y": 0.5048204064369202,
        "z": -0.6787181496620178
    },
    "landmark_16": {
        "x": 0.3418724238872528,
        "y": 0.5009850263595581,
        "z": -0.747911810874939
    },
    "landmark_17": {
        "x": 0.5008254647254944,
        "y": 0.5164433717727661,
        "z": -0.7620008587837219
    },
    "landmark_18": {
        "x": 0.3694695830345154,
        "y": 0.5022545456886292,
        "z": -0.8357086181640625
    },
    "landmark_19": {
        "x": 0.4862210154533386,
        "y": 0.5102982521057129,
        "z": -0.7514495253562927
    },
    "landmark_20": {
        "x": 0.3776762783527374,
        "y": 0.49365943670272827,
        "z": -0.8285881280899048
    },
    "landmark_21": {
        "x": 0.4925803244113922,
        "y": 0.5064011812210083,
        "z": -0.6791281700134277
    },
    "landmark_22": {
        "x": 0.37363049387931824,
        "y": 0.49290746450424194,
        "z": -0.752372682094574
    },
    "landmark_23": {
        "x": 0.5334575772285461,
        "y": 0.6091321706771851,
        "z": 0.009312155656516552
    },
    "landmark_24": {
        "x": 0.4229191541671753,
        "y": 0.613811194896698,
        "z": -0.009388315491378307
    },
    "landmark_25": {
        "x": 0.5656891465187073,
        "y": 0.7347904443740845,
        "z": -0.035130180418491364
    },
    "landmark_26": {
        "x": 0.42318785190582275,
        "y": 0.7368463277816772,
        "z": 0.02405107207596302
    },
    "landmark_27": {
        "x": 0.5907528400421143,
        "y": 0.8479617834091187,
        "z": 0.21414358913898468
    },
    "landmark_28": {
        "x": 0.4472856819629669,
        "y": 0.8312795758247375,
        "z": 0.32297730445861816
    },
    "landmark_29": {
        "x": 0.5762630105018616,
        "y": 0.8744075894355774,
        "z": 0.22369033098220825
    },
    "landmark_30": {
        "x": 0.4700748324394226,
        "y": 0.8453947901725769,
        "z": 0.3378346562385559
    },
    "landmark_31": {
        "x": 0.6725906133651733,
        "y": 0.8689272999763489,
        "z": -0.003399537643417716
    },
    "landmark_32": {
        "x": 0.42598119378089905,
        "y": 0.8667408227920532,
        "z": 0.1114768534898758
    }
}