{
    "landmark_0": {
        "x": 0.45663008093833923,
        "y": 0.3728830814361572,
        "z": -0.5049324035644531
    },
    "landmark_1": {
        "x": 0.47079625725746155,
        "y": 0.3627553880214691,
        "z": -0.46833336353302
    },
    "landmark_2": {
        "x": 0.4787263572216034,
        "y": 0.36294490098953247,
        "z": -0.4683464765548706
    },
    "landmark_3": {
        "x": 0.48560965061187744,
        "y": 0.36358028650283813,
        "z": -0.4683428108692169
    },
    "landmark_4": {
        "x": 0.4462220072746277,
        "y": 0.36397525668144226,
        "z": -0.4640154242515564
    },
    "landmark_5": {
        "x": 0.43904799222946167,
        "y": 0.365275502204895,
        "z": -0.46405649185180664
    },
    "landmark_6": {
        "x": 0.4316949248313904,
        "y": 0.36666417121887207,
        "z": -0.4640018939971924
    },
    "landmark_7": {
        "x": 0.5008051991462708,
        "y": 0.37071290612220764,
        "z": -0.2540885806083679
    },
    "landmark_8": {
        "x": 0.42801183462142944,
        "y": 0.3739135265350342,
        "z": -0.2393142431974411
    },
    "landmark_9": {
        "x": 0.47454118728637695,
        "y": 0.3861607313156128,
        "z": -0.42656466364860535
    },
    "landmark_10": {
        "x": 0.4448249340057373,
        "y": 0.38777896761894226,
        "z": -0.42250433564186096
    },
    "landmark_11": {
        "x": 0.5721840858459473,
        "y": 0.4421258568763733,
        "z": -0.14628958702087402
    },
    "landmark_12": {
        "x": 0.3753812909126282,
        "y": 0.44799524545669556,
        "z": -0.07851730287075043
    },
    "landmark_13": {
        "x": 0.6550449132919312,
        "y": 0.5028975009918213,
        "z": -0.1678009331226349
    },
    "landmark_14": {
        "x": 0.278935045003891,
        "y": 0.5037253499031067,
        "z": -0.2578630745410919
    },
    "landmark_15": {
        "x": 0.5636332035064697,
        "y": 0.5499833226203918,
        "z": -0.3475092947483063
    },
    "landmark_16": {
        "x": 0.31908082962036133,
        "y": 0.46795016527175903,
        "z": -0.6839259266853333
    },
    "landmark_17": {
        "x": 0.5479409694671631,
        "y": 0.5728337168693542,
        "z": -0.40346214175224304
    },
    "landmark_18": {
        "x": 0.33030471205711365,
        "y": 0.4598071575164795,
        "z": -0.7694109678268433
    },
    "landmark_19": {
        "x": 0.530503511428833,
        "y": 0.566705048084259,
        "z": -0.41899487376213074
    },
    "landmark_20": {
        "x": 0.3410051465034485,
        "y": 0.4559924602508545,
        "z": -0.7609724998474121
    },
    "landmark_21": {
        "x": 0.530454158782959,
        "y": 0.5600639581680298,
        "z": -0.352043092250824
    },
    "landmark_22": {
        "x": 0.3426232933998108,
        "y": 0.4596686363220215,
        "z": -0.6906070113182068
    },
    "landmark_23": {
        "x": 0.5441740155220032,
        "y": 0.6089882254600525,
        "z": 0.0006244570249691606
    },
    "landmark_24": {
        "x": 0.43430933356285095,
        "y": 0.6138812899589539,
        "z": -0.0008203521138057113
    },
    "landmark_25": {
        "x": 0.5578469634056091,
        "y": 0.7307553291320801,
        "z": 0.014487805776298046
    },
    "landmark_26": {
        "x": 0.4387182593345642,
        "y": 0.7325749397277832,
        "z": 0.04345729947090149
    },
    "landmark_27": {
        "x": 0.5725108981132507,
        "y": 0.8420401811599731,
        "z": 0.34634092450141907
    },
    "landmark_28": {
        "x": 0.4499163329601288,
        "y": 0.8337041139602661,
        "z": 0.37119701504707336
    },
    "landmark_29": {
        "x": 0.5548097491264343,
        "y": 0.8604129552841187,
        "z": 0.3637567162513733
    },
    "landmark_30": {
        "x": 0.47056442499160767,
        "y": 0.8460275530815125,
        "z": 0.389989972114563
    },
    "landmark_31": {
        "x": 0.6155341267585754,
        "y": 0.8758751153945923,
        "z": 0.12921269237995148
    },
    "landmark_32": {
        "x": 0.4343043565750122,
        "y": 0.867939829826355,
        "z": 0.16064660251140594
    }
}