{
    "landmark_0": {
        "x": 0.503611147403717,
        "y": 0.37234780192375183,
        "z": -0.31554436683654785
    },
    "landmark_1": {
        "x": 0.5146798491477966,
        "y": 0.3624071776866913,
        "z": -0.2765166759490967
    },
    "landmark_2": {
        "x": 0.5204222202301025,
        "y": 0.3625393509864807,
        "z": -0.27654582262039185
    },
    "landmark_3": {
        "x": 0.526626706123352,
        "y": 0.36276891827583313,
        "z": -0.27664828300476074
    },
    "landmark_4": {
        "x": 0.4931829571723938,
        "y": 0.36253291368484497,
        "z": -0.2736194431781769
    },
    "landmark_5": {
        "x": 0.48554328083992004,
        "y": 0.3628011643886566,
        "z": -0.2735600769519806
    },
    "landmark_6": {
        "x": 0.4788022041320801,
        "y": 0.36310067772865295,
        "z": -0.27356669306755066
    },
    "landmark_7": {
        "x": 0.5375855565071106,
        "y": 0.36977311968803406,
        "z": -0.07719150185585022
    },
    "landmark_8": {
        "x": 0.47086164355278015,
        "y": 0.37009018659591675,
        "z": -0.060154028236866
    },
    "landmark_9": {
        "x": 0.5172014236450195,
        "y": 0.38594022393226624,
        "z": -0.24453721940517426
    },
    "landmark_10": {
        "x": 0.49399957060813904,
        "y": 0.384594589471817,
        "z": -0.24056695401668549
    },
    "landmark_11": {
        "x": 0.5922800302505493,
        "y": 0.43663325905799866,
        "z": 0.003764364868402481
    },
    "landmark_12": {
        "x": 0.4277211129665375,
        "y": 0.43500909209251404,
        "z": 0.011677809990942478
    },
    "landmark_13": {
        "x": 0.6788365244865417,
        "y": 0.471262127161026,
        "z": -0.23457305133342743
    },
    "landmark_14": {
        "x": 0.3512435257434845,
        "y": 0.46908149123191833,
        "z": -0.23270542919635773
    },
    "landmark_15": {
        "x": 0.605836033821106,
        "y": 0.42967262864112854,
        "z": -0.4416213631629944
    },
    "landmark_16": {
        "x": 0.4097866415977478,
        "y": 0.3944863975048065,
        "z": -0.4779118299484253
    },
    "landmark_17": {
        "x": 0.5803631544113159,
        "y": 0.4207502007484436,
        "z": -0.49552014470100403
    },
    "landmark_18": {
        "x": 0.4271755516529083,
        "y": 0.3764955401420593,
        "z": -0.5496893525123596
    },
    "landmark_19": {
        "x": 0.5734531283378601,
        "y": 0.41843193769454956,
        "z": -0.4528345763683319
    },
    "landmark_20": {
        "x": 0.4322092831134796,
        "y": 0.37491101026535034,
        "z": -0.5121678709983826
    },
    "landmark_21": {
        "x": 0.579433262348175,
        "y": 0.42240649461746216,
        "z": -0.4297286570072174
    },
    "landmark_22": {
        "x": 0.4320354461669922,
        "y": 0.381359338760376,
        "z": -0.4738548696041107
    },
    "landmark_23": {
        "x": 0.5580299496650696,
        "y": 0.5945456624031067,
        "z": -0.013979463838040829
    },
    "landmark_24": {
        "x": 0.4527105987071991,
        "y": 0.5960900187492371,
        "z": 0.013959764502942562
    },
    "landmark_25": {
        "x": 0.5959473848342896,
        "y": 0.7087112069129944,
        "z": -0.10261242836713791
    },
    "landmark_26": {
        "x": 0.46741217374801636,
        "y": 0.7089086174964905,
        "z": 0.12546569108963013
    },
    "landmark_27": {
        "x": 0.6147493720054626,
        "y": 0.8335272669792175,
        "z": -0.015871746465563774
    },
    "landmark_28": {
        "x": 0.506256103515625,
        "y": 0.8153225183486938,
        "z": 0.43071287870407104
    },
    "landmark_29": {
        "x": 0.5986407995223999,
        "y": 0.8507572412490845,
        "z": -0.021293267607688904
    },
    "landmark_30": {
        "x": 0.5205129384994507,
        "y": 0.8277789950370789,
        "z": 0.45053184032440186
    },
    "landmark_31": {
        "x": 0.6466625332832336,
        "y": 0.8668274879455566,
        "z": -0.26628533005714417
    },
    "landmark_32": {
        "x": 0.4872129559516907,
        "y": 0.8518853187561035,
        "z": 0.2651516795158386
    }
}