{
    "landmark_0": {
        "x": 0.422486275434494,
        "y": 0.3633613586425781,
        "z": -0.3998106122016907
    },
    "landmark_1": {
        "x": 0.4451759457588196,
        "y": 0.34660354256629944,
        "z": -0.39324814081192017
    },
    "landmark_2": {
        "x": 0.45732414722442627,
        "y": 0.3463967442512512,
        "z": -0.3933347463607788
    },
    "landmark_3": {
        "x": 0.4699978828430176,
        "y": 0.3465697169303894,
        "z": -0.3934938609600067
    },
    "landmark_4": {
        "x": 0.4208633303642273,
        "y": 0.34694668650627136,
        "z": -0.36625051498413086
    },
    "landmark_5": {
        "x": 0.4149610698223114,
        "y": 0.3468916118144989,
        "z": -0.3661481738090515
    },
    "landmark_6": {
        "x": 0.4104086458683014,
        "y": 0.34685757756233215,
        "z": -0.36635279655456543
    },
    "landmark_7": {
        "x": 0.5005931854248047,
        "y": 0.35500001907348633,
        "z": -0.27526533603668213
    },
    "landmark_8": {
        "x": 0.42469915747642517,
        "y": 0.3528654873371124,
        "z": -0.1555105596780777
    },
    "landmark_9": {
        "x": 0.44833052158355713,
        "y": 0.3813256025314331,
        "z": -0.34999921917915344
    },
    "landmark_10": {
        "x": 0.41773587465286255,
        "y": 0.38016125559806824,
        "z": -0.31500816345214844
    },
    "landmark_11": {
        "x": 0.6039320230484009,
        "y": 0.4546493589878082,
        "z": -0.1662888526916504
    },
    "landmark_12": {
        "x": 0.3437615633010864,
        "y": 0.441976398229599,
        "z": -0.05267205834388733
    },
    "landmark_13": {
        "x": 0.6731164455413818,
        "y": 0.5599203109741211,
        "z": -0.023720746859908104
    },
    "landmark_14": {
        "x": 0.28393667936325073,
        "y": 0.5442519783973694,
        "z": 0.0964115783572197
    },
    "landmark_15": {
        "x": 0.7026346921920776,
        "y": 0.665341854095459,
        "z": -0.11626899242401123
    },
    "landmark_16": {
        "x": 0.30521532893180847,
        "y": 0.6474684476852417,
        "z": 0.00236350460909307
    },
    "landmark_17": {
        "x": 0.717153787612915,
        "y": 0.6974675059318542,
        "z": -0.1508921980857849
    },
    "landmark_18": {
        "x": 0.30876511335372925,
        "y": 0.6836009621620178,
        "z": -0.02774626761674881
    },
    "landmark_19": {
        "x": 0.7033019065856934,
        "y": 0.6957616209983826,
        "z": -0.21138134598731995
    },
    "landmark_20": {
        "x": 0.3293735384941101,
        "y": 0.6790403723716736,
        "z": -0.08811405301094055
    },
    "landmark_21": {
        "x": 0.6939238905906677,
        "y": 0.6880291700363159,
        "z": -0.13655297458171844
    },
    "landmark_22": {
        "x": 0.3341965079307556,
        "y": 0.667073667049408,
        "z": -0.0235598087310791
    },
    "landmark_23": {
        "x": 0.5299686789512634,
        "y": 0.6762039065361023,
        "z": -0.00867452472448349
    },
    "landmark_24": {
        "x": 0.391051709651947,
        "y": 0.6712883710861206,
        "z": 0.008594527840614319
    },
    "landmark_25": {
        "x": 0.5080741047859192,
        "y": 0.8292680978775024,
        "z": -0.03684583306312561
    },
    "landmark_26": {
        "x": 0.43369707465171814,
        "y": 0.8223575353622437,
        "z": 0.03565976396203041
    },
    "landmark_27": {
        "x": 0.5114254355430603,
        "y": 0.9641251564025879,
        "z": 0.37160855531692505
    },
    "landmark_28": {
        "x": 0.45048683881759644,
        "y": 0.9563272595405579,
        "z": 0.4403066039085388
    },
    "landmark_29": {
        "x": 0.5069141983985901,
        "y": 0.977464497089386,
        "z": 0.40210118889808655
    },
    "landmark_30": {
        "x": 0.4581772983074188,
        "y": 0.9680303335189819,
        "z": 0.47536852955818176
    },
    "landmark_31": {
        "x": 0.5042892694473267,
        "y": 1.0242146253585815,
        "z": 0.188967764377594
    },
    "landmark_32": {
        "x": 0.453705370426178,
        "y": 1.0164703130722046,
        "z": 0.2571864128112793
    }
}