{
    "landmark_0": {
        "x": 0.40096771717071533,
        "y": 0.36069455742836,
        "z": -0.39435911178588867
    },
    "landmark_1": {
        "x": 0.426249235868454,
        "y": 0.34507447481155396,
        "z": -0.3861690163612366
    },
    "landmark_2": {
        "x": 0.438965767621994,
        "y": 0.3454749584197998,
        "z": -0.38611501455307007
    },
    "landmark_3": {
        "x": 0.45196014642715454,
        "y": 0.3462727963924408,
        "z": -0.3861595690250397
    },
    "landmark_4": {
        "x": 0.4031130075454712,
        "y": 0.34382951259613037,
        "z": -0.36197760701179504
    },
    "landmark_5": {
        "x": 0.3973601162433624,
        "y": 0.3432331681251526,
        "z": -0.36193057894706726
    },
    "landmark_6": {
        "x": 0.3921780586242676,
        "y": 0.34286102652549744,
        "z": -0.3621285855770111
    },
    "landmark_7": {
        "x": 0.484239786863327,
        "y": 0.3556789457798004,
        "z": -0.27063068747520447
    },
    "landmark_8": {
        "x": 0.41025957465171814,
        "y": 0.3500582277774811,
        "z": -0.16840645670890808
    },
    "landmark_9": {
        "x": 0.4256802499294281,
        "y": 0.38040831685066223,
        "z": -0.34746232628822327
    },
    "landmark_10": {
        "x": 0.3956272006034851,
        "y": 0.37791216373443604,
        "z": -0.3172847628593445
    },
    "landmark_11": {
        "x": 0.5875763297080994,
        "y": 0.457298219203949,
        "z": -0.1848096400499344
    },
    "landmark_12": {
        "x": 0.3202047646045685,
        "y": 0.44525665044784546,
        "z": -0.0955430269241333
    },
    "landmark_13": {
        "x": 0.6658698320388794,
        "y": 0.5639603734016418,
        "z": -0.08471792936325073
    },
    "landmark_14": {
        "x": 0.26811423897743225,
        "y": 0.5528122782707214,
        "z": -5.378661444410682e-05
    },
    "landmark_15": {
        "x": 0.6957293152809143,
        "y": 0.6630650162696838,
        "z": -0.20446500182151794
    },
    "landmark_16": {
        "x": 0.3129119277000427,
        "y": 0.6510401964187622,
        "z": -0.12750591337680817
    },
    "landmark_17": {
        "x": 0.7020062804222107,
        "y": 0.6975019574165344,
        "z": -0.25539180636405945
    },
    "landmark_18": {
        "x": 0.3282197415828705,
        "y": 0.6873844265937805,
        "z": -0.17207218706607819
    },
    "landmark_19": {
        "x": 0.6844044327735901,
        "y": 0.6950258612632751,
        "z": -0.30858224630355835
    },
    "landmark_20": {
        "x": 0.34966346621513367,
        "y": 0.6795222759246826,
        "z": -0.21451933681964874
    },
    "landmark_21": {
        "x": 0.6769466996192932,
        "y": 0.6874296069145203,
        "z": -0.22386065125465393
    },
    "landmark_22": {
        "x": 0.3521137833595276,
        "y": 0.6675389409065247,
        "z": -0.14534515142440796
    },
    "landmark_23": {
        "x": 0.5093353986740112,
        "y": 0.6796919107437134,
        "z": -0.018146509304642677
    },
    "landmark_24": {
        "x": 0.3804769217967987,
        "y": 0.6759905219078064,
        "z": 0.018024204298853874
    },
    "landmark_25": {
        "x": 0.46361106634140015,
        "y": 0.8405963778495789,
        "z": -0.0672895610332489
    },
    "landmark_26": {
        "x": 0.4271206855773926,
        "y": 0.8298579454421997,
        "z": 0.015211271122097969
    },
    "landmark_27": {
        "x": 0.4748634696006775,
        "y": 0.9403781890869141,
        "z": 0.35935625433921814
    },
    "landmark_28": {
        "x": 0.4666060507297516,
        "y": 0.9414480328559875,
        "z": 0.34398195147514343
    },
    "landmark_29": {
        "x": 0.4661986827850342,
        "y": 0.9630087614059448,
        "z": 0.39383798837661743
    },
    "landmark_30": {
        "x": 0.47856131196022034,
        "y": 0.9426828622817993,
        "z": 0.3707476258277893
    },
    "landmark_31": {
        "x": 0.46269145607948303,
        "y": 1.0149896144866943,
        "z": 0.23131230473518372
    },
    "landmark_32": {
        "x": 0.4353944659233093,
        "y": 0.9910057783126831,
        "z": 0.16913333535194397
    }
}