{
    "landmark_0": {
        "x": 0.45672163367271423,
        "y": 0.37587279081344604,
        "z": -0.5004838705062866
    },
    "landmark_1": {
        "x": 0.47004207968711853,
        "y": 0.3659001290798187,
        "z": -0.4679642915725708
    },
    "landmark_2": {
        "x": 0.4779510200023651,
        "y": 0.36602821946144104,
        "z": -0.4679878354072571
    },
    "landmark_3": {
        "x": 0.4842432141304016,
        "y": 0.3666194975376129,
        "z": -0.46799126267433167
    },
    "landmark_4": {
        "x": 0.4469049572944641,
        "y": 0.36690405011177063,
        "z": -0.4635453522205353
    },
    "landmark_5": {
        "x": 0.4398745596408844,
        "y": 0.3680170476436615,
        "z": -0.46360108256340027
    },
    "landmark_6": {
        "x": 0.4325834810733795,
        "y": 0.36934664845466614,
        "z": -0.46354082226753235
    },
    "landmark_7": {
        "x": 0.498370498418808,
        "y": 0.3741815984249115,
        "z": -0.2603852152824402
    },
    "landmark_8": {
        "x": 0.428335964679718,
        "y": 0.37730851769447327,
        "z": -0.24340569972991943
    },
    "landmark_9": {
        "x": 0.474181205034256,
        "y": 0.38896992802619934,
        "z": -0.42250242829322815
    },
    "landmark_10": {
        "x": 0.4454534351825714,
        "y": 0.39010006189346313,
        "z": -0.4176781177520752
    },
    "landmark_11": {
        "x": 0.5652253031730652,
        "y": 0.44217079877853394,
        "z": -0.13652174174785614
    },
    "landmark_12": {
        "x": 0.37531042098999023,
        "y": 0.4500775933265686,
        "z": -0.10094623267650604
    },
    "landmark_13": {
        "x": 0.6532946228981018,
        "y": 0.49642929434776306,
        "z": -0.209512859582901
    },
    "landmark_14": {
        "x": 0.2850115895271301,
        "y": 0.5110234022140503,
        "z": -0.27424079179763794
    },
    "landmark_15": {
        "x": 0.5526778101921082,
        "y": 0.5307356119155884,
        "z": -0.47060275077819824
    },
    "landmark_16": {
        "x": 0.32214727997779846,
        "y": 0.48948535323143005,
        "z": -0.689349889755249
    },
    "landmark_17": {
        "x": 0.5274627804756165,
        "y": 0.5528815984725952,
        "z": -0.5372931957244873
    },
    "landmark_18": {
        "x": 0.34120890498161316,
        "y": 0.4865240454673767,
        "z": -0.7740306258201599
    },
    "landmark_19": {
        "x": 0.5122203826904297,
        "y": 0.5466510653495789,
        "z": -0.5490501523017883
    },
    "landmark_20": {
        "x": 0.354618102312088,
        "y": 0.4785808026790619,
        "z": -0.7705714106559753
    },
    "landmark_21": {
        "x": 0.5154511332511902,
        "y": 0.5405589938163757,
        "z": -0.4761102497577667
    },
    "landmark_22": {
        "x": 0.3544684052467346,
        "y": 0.4792408347129822,
        "z": -0.6953709721565247
    },
    "landmark_23": {
        "x": 0.5380887985229492,
        "y": 0.6058156490325928,
        "z": 0.00486011104658246
    },
    "landmark_24": {
        "x": 0.4305984079837799,
        "y": 0.6109219789505005,
        "z": -0.005041465628892183
    },
    "landmark_25": {
        "x": 0.5652458667755127,
        "y": 0.7283835411071777,
        "z": -0.012238187715411186
    },
    "landmark_26": {
        "x": 0.4321531653404236,
        "y": 0.7327595353126526,
        "z": 0.02490181475877762
    },
    "landmark_27": {
        "x": 0.5802752375602722,
        "y": 0.8393921852111816,
        "z": 0.2921034097671509
    },
    "landmark_28": {
        "x": 0.44726210832595825,
        "y": 0.8320938944816589,
        "z": 0.328311562538147
    },
    "landmark_29": {
        "x": 0.5628503561019897,
        "y": 0.8620201945304871,
        "z": 0.30743998289108276
    },
    "landmark_30": {
        "x": 0.4692974388599396,
        "y": 0.8472217321395874,
        "z": 0.34461528062820435
    },
    "landmark_31": {
        "x": 0.6551987528800964,
        "y": 0.8710519075393677,
        "z": 0.08560650795698166
    },
    "landmark_32": {
        "x": 0.4291659891605377,
        "y": 0.8660249710083008,
        "z": 0.12089423835277557
    }
}