{
    "landmark_0": {
        "x": 0.6126371026039124,
        "y": 0.37139880657196045,
        "z": -0.2945844829082489
    },
    "landmark_1": {
        "x": 0.6256789565086365,
        "y": 0.3605553209781647,
        "z": -0.2554593086242676
    },
    "landmark_2": {
        "x": 0.6334584355354309,
        "y": 0.3613077402114868,
        "z": -0.2554311156272888
    },
    "landmark_3": {
        "x": 0.6384949088096619,
        "y": 0.36194363236427307,
        "z": -0.255487859249115
    },
    "landmark_4": {
        "x": 0.6035895347595215,
        "y": 0.35976317524909973,
        "z": -0.2593933343887329
    },
    "landmark_5": {
        "x": 0.5954064726829529,
        "y": 0.35996314883232117,
        "z": -0.25929754972457886
    },
    "landmark_6": {
        "x": 0.5879682302474976,
        "y": 0.36008358001708984,
        "z": -0.2592988908290863
    },
    "landmark_7": {
        "x": 0.6474241018295288,
        "y": 0.36839333176612854,
        "z": -0.021974772214889526
    },
    "landmark_8": {
        "x": 0.5787622332572937,
        "y": 0.3667546212673187,
        "z": -0.04348625987768173
    },
    "landmark_9": {
        "x": 0.6252050399780273,
        "y": 0.3855228126049042,
        "z": -0.20508460700511932
    },
    "landmark_10": {
        "x": 0.5969541668891907,
        "y": 0.38446006178855896,
        "z": -0.21197032928466797
    },
    "landmark_11": {
        "x": 0.691033661365509,
        "y": 0.43618541955947876,
        "z": 0.10111347585916519
    },
    "landmark_12": {
        "x": 0.5161684155464172,
        "y": 0.42141395807266235,
        "z": 0.014261613599956036
    },
    "landmark_13": {
        "x": 0.7504249811172485,
        "y": 0.4943842887878418,
        "z": -0.13939984142780304
    },
    "landmark_14": {
        "x": 0.44627392292022705,
        "y": 0.4643838405609131,
        "z": -0.2389644980430603
    },
    "landmark_15": {
        "x": 0.7572886943817139,
        "y": 0.413318008184433,
        "z": -0.47191667556762695
    },
    "landmark_16": {
        "x": 0.5792996883392334,
        "y": 0.4785643517971039,
        "z": -0.5351375341415405
    },
    "landmark_17": {
        "x": 0.7559976577758789,
        "y": 0.3939090073108673,
        "z": -0.5462201833724976
    },
    "landmark_18": {
        "x": 0.6181761622428894,
        "y": 0.4923079013824463,
        "z": -0.6052644848823547
    },
    "landmark_19": {
        "x": 0.7543291449546814,
        "y": 0.38814136385917664,
        "z": -0.5280119180679321
    },
    "landmark_20": {
        "x": 0.631328821182251,
        "y": 0.49060767889022827,
        "z": -0.5861035585403442
    },
    "landmark_21": {
        "x": 0.7502210736274719,
        "y": 0.3949833810329437,
        "z": -0.47547391057014465
    },
    "landmark_22": {
        "x": 0.6243479251861572,
        "y": 0.4863554835319519,
        "z": -0.5325389504432678
    },
    "landmark_23": {
        "x": 0.6355066299438477,
        "y": 0.6025059223175049,
        "z": 0.0010545238619670272
    },
    "landmark_24": {
        "x": 0.518728494644165,
        "y": 0.5977373123168945,
        "z": -0.0008007896249182522
    },
    "landmark_25": {
        "x": 0.6661946773529053,
        "y": 0.7199140787124634,
        "z": -0.0865425392985344
    },
    "landmark_26": {
        "x": 0.4723156690597534,
        "y": 0.7119151949882507,
        "z": -0.13113689422607422
    },
    "landmark_27": {
        "x": 0.6365359425544739,
        "y": 0.8367406725883484,
        "z": 0.08705072849988937
    },
    "landmark_28": {
        "x": 0.47534915804862976,
        "y": 0.8273059129714966,
        "z": 0.07522959262132645
    },
    "landmark_29": {
        "x": 0.604022204875946,
        "y": 0.8489283323287964,
        "z": 0.08777490258216858
    },
    "landmark_30": {
        "x": 0.49969133734703064,
        "y": 0.8446979522705078,
        "z": 0.08031127601861954
    },
    "landmark_31": {
        "x": 0.6852466464042664,
        "y": 0.8860667943954468,
        "z": -0.15539394319057465
    },
    "landmark_32": {
        "x": 0.4063951373100281,
        "y": 0.8673802614212036,
        "z": -0.14375029504299164
    }
}