{
    "landmark_0": {
        "x": 0.6098511815071106,
        "y": 0.4085462987422943,
        "z": -0.37432968616485596
    },
    "landmark_1": {
        "x": 0.6233294606208801,
        "y": 0.3978523313999176,
        "z": -0.331461638212204
    },
    "landmark_2": {
        "x": 0.6315712332725525,
        "y": 0.39886486530303955,
        "z": -0.33144140243530273
    },
    "landmark_3": {
        "x": 0.637214183807373,
        "y": 0.39983153343200684,
        "z": -0.331402063369751
    },
    "landmark_4": {
        "x": 0.6010099649429321,
        "y": 0.3964664041996002,
        "z": -0.3347850739955902
    },
    "landmark_5": {
        "x": 0.5937089323997498,
        "y": 0.39674684405326843,
        "z": -0.3347976803779602
    },
    "landmark_6": {
        "x": 0.5859478712081909,
        "y": 0.3968781530857086,
        "z": -0.3348361849784851
    },
    "landmark_7": {
        "x": 0.6454567313194275,
        "y": 0.4074147343635559,
        "z": -0.08882305771112442
    },
    "landmark_8": {
        "x": 0.577599048614502,
        "y": 0.4046567976474762,
        "z": -0.1080583706498146
    },
    "landmark_9": {
        "x": 0.6218022108078003,
        "y": 0.4231080114841461,
        "z": -0.28382933139801025
    },
    "landmark_10": {
        "x": 0.5957778096199036,
        "y": 0.4220462441444397,
        "z": -0.28954216837882996
    },
    "landmark_11": {
        "x": 0.687355637550354,
        "y": 0.4767686724662781,
        "z": 0.05567174032330513
    },
    "landmark_12": {
        "x": 0.5142951011657715,
        "y": 0.4679161608219147,
        "z": -0.03724568337202072
    },
    "landmark_13": {
        "x": 0.7307441830635071,
        "y": 0.5335262417793274,
        "z": -0.16946764290332794
    },
    "landmark_14": {
        "x": 0.4484477937221527,
        "y": 0.5335342288017273,
        "z": -0.23925606906414032
    },
    "landmark_15": {
        "x": 0.743304431438446,
        "y": 0.45810776948928833,
        "z": -0.5070226788520813
    },
    "landmark_16": {
        "x": 0.5875396132469177,
        "y": 0.5412729978561401,
        "z": -0.498662531375885
    },
    "landmark_17": {
        "x": 0.7468920946121216,
        "y": 0.4372551441192627,
        "z": -0.5848433971405029
    },
    "landmark_18": {
        "x": 0.6251097321510315,
        "y": 0.5499991178512573,
        "z": -0.5667784810066223
    },
    "landmark_19": {
        "x": 0.7447076439857483,
        "y": 0.4314958155155182,
        "z": -0.5725025534629822
    },
    "landmark_20": {
        "x": 0.6381022334098816,
        "y": 0.5430817604064941,
        "z": -0.5496106147766113
    },
    "landmark_21": {
        "x": 0.7394214868545532,
        "y": 0.43812161684036255,
        "z": -0.5127284526824951
    },
    "landmark_22": {
        "x": 0.6272000074386597,
        "y": 0.5400532484054565,
        "z": -0.4936022162437439
    },
    "landmark_23": {
        "x": 0.6284596920013428,
        "y": 0.6398285627365112,
        "z": 0.01632661372423172
    },
    "landmark_24": {
        "x": 0.5174259543418884,
        "y": 0.6351669430732727,
        "z": -0.015949416905641556
    },
    "landmark_25": {
        "x": 0.6248616576194763,
        "y": 0.7449665665626526,
        "z": 0.11312977224588394
    },
    "landmark_26": {
        "x": 0.4502488374710083,
        "y": 0.7409412264823914,
        "z": -0.24836516380310059
    },
    "landmark_27": {
        "x": 0.5856525301933289,
        "y": 0.842962384223938,
        "z": 0.443181574344635
    },
    "landmark_28": {
        "x": 0.3797558546066284,
        "y": 0.8569927215576172,
        "z": -0.11674874275922775
    },
    "landmark_29": {
        "x": 0.558178722858429,
        "y": 0.8597925305366516,
        "z": 0.46048906445503235
    },
    "landmark_30": {
        "x": 0.3819600045681,
        "y": 0.8878768682479858,
        "z": -0.11950638145208359
    },
    "landmark_31": {
        "x": 0.6319966316223145,
        "y": 0.8789159059524536,
        "z": 0.2503831088542938
    },
    "landmark_32": {
        "x": 0.2778739333152771,
        "y": 0.8509751558303833,
        "z": -0.38610777258872986
    }
}