{
    "landmark_0": {
        "x": 0.571992814540863,
        "y": 0.35918304324150085,
        "z": -0.37830403447151184
    },
    "landmark_1": {
        "x": 0.5855494737625122,
        "y": 0.34826532006263733,
        "z": -0.33553123474121094
    },
    "landmark_2": {
        "x": 0.5941945314407349,
        "y": 0.3488309979438782,
        "z": -0.33550912141799927
    },
    "landmark_3": {
        "x": 0.5999176502227783,
        "y": 0.3495979905128479,
        "z": -0.33560970425605774
    },
    "landmark_4": {
        "x": 0.5622425079345703,
        "y": 0.34763631224632263,
        "z": -0.3358134627342224
    },
    "landmark_5": {
        "x": 0.5548781156539917,
        "y": 0.347724974155426,
        "z": -0.3356725573539734
    },
    "landmark_6": {
        "x": 0.5470040440559387,
        "y": 0.34821245074272156,
        "z": -0.3356952965259552
    },
    "landmark_7": {
        "x": 0.6086893081665039,
        "y": 0.35743170976638794,
        "z": -0.09864430874586105
    },
    "landmark_8": {
        "x": 0.5406535267829895,
        "y": 0.35571372509002686,
        "z": -0.10353828221559525
    },
    "landmark_9": {
        "x": 0.5860859751701355,
        "y": 0.374266654253006,
        "z": -0.2900967597961426
    },
    "landmark_10": {
        "x": 0.5576471090316772,
        "y": 0.3737294673919678,
        "z": -0.29229894280433655
    },
    "landmark_11": {
        "x": 0.6604012250900269,
        "y": 0.42494791746139526,
        "z": 0.00977309513837099
    },
    "landmark_12": {
        "x": 0.48398396372795105,
        "y": 0.413991779088974,
        "z": -0.049394503235816956
    },
    "landmark_13": {
        "x": 0.741330623626709,
        "y": 0.4808647632598877,
        "z": -0.2865998148918152
    },
    "landmark_14": {
        "x": 0.3931633532047272,
        "y": 0.4488515853881836,
        "z": -0.37867382168769836
    },
    "landmark_15": {
        "x": 0.7112754583358765,
        "y": 0.4113841652870178,
        "z": -0.6389760375022888
    },
    "landmark_16": {
        "x": 0.5245456695556641,
        "y": 0.4409971833229065,
        "z": -0.7277565002441406
    },
    "landmark_17": {
        "x": 0.701427698135376,
        "y": 0.3894365131855011,
        "z": -0.7130621075630188
    },
    "landmark_18": {
        "x": 0.568110466003418,
        "y": 0.4444328248500824,
        "z": -0.8092894554138184
    },
    "landmark_19": {
        "x": 0.6980113387107849,
        "y": 0.38454827666282654,
        "z": -0.678020715713501
    },
    "landmark_20": {
        "x": 0.582190215587616,
        "y": 0.4438987672328949,
        "z": -0.7700466513633728
    },
    "landmark_21": {
        "x": 0.6951408982276917,
        "y": 0.39155662059783936,
        "z": -0.6338062286376953
    },
    "landmark_22": {
        "x": 0.5737180113792419,
        "y": 0.4427470564842224,
        "z": -0.7204384803771973
    },
    "landmark_23": {
        "x": 0.6039944291114807,
        "y": 0.5927267670631409,
        "z": -0.003937715198844671
    },
    "landmark_24": {
        "x": 0.4909529685974121,
        "y": 0.5868685841560364,
        "z": 0.004034808371216059
    },
    "landmark_25": {
        "x": 0.6174997687339783,
        "y": 0.7090499997138977,
        "z": -0.08411037921905518
    },
    "landmark_26": {
        "x": 0.46739688515663147,
        "y": 0.7067557573318481,
        "z": -0.06802700459957123
    },
    "landmark_27": {
        "x": 0.5932318568229675,
        "y": 0.8266916275024414,
        "z": 0.27074259519577026
    },
    "landmark_28": {
        "x": 0.5002535581588745,
        "y": 0.8095107078552246,
        "z": 0.34119561314582825
    },
    "landmark_29": {
        "x": 0.5764408707618713,
        "y": 0.8359491229057312,
        "z": 0.2908506989479065
    },
    "landmark_30": {
        "x": 0.5191269516944885,
        "y": 0.8216227293014526,
        "z": 0.36939409375190735
    },
    "landmark_31": {
        "x": 0.6137052178382874,
        "y": 0.8725758790969849,
        "z": 0.038987692445516586
    },
    "landmark_32": {
        "x": 0.44169294834136963,
        "y": 0.858002781867981,
        "z": 0.15627938508987427
    }
}