{
    "landmark_0": {
        "x": 0.5577186346054077,
        "y": 0.4018731713294983,
        "z": -0.543013870716095
    },
    "landmark_1": {
        "x": 0.5754092335700989,
        "y": 0.3888334631919861,
        "z": -0.5092906951904297
    },
    "landmark_2": {
        "x": 0.5841995477676392,
        "y": 0.38945314288139343,
        "z": -0.5093919634819031
    },
    "landmark_3": {
        "x": 0.5910154581069946,
        "y": 0.38995271921157837,
        "z": -0.5093715786933899
    },
    "landmark_4": {
        "x": 0.5468756556510925,
        "y": 0.3872373104095459,
        "z": -0.5117480158805847
    },
    "landmark_5": {
        "x": 0.5375445485115051,
        "y": 0.3866674602031708,
        "z": -0.5117521286010742
    },
    "landmark_6": {
        "x": 0.528180718421936,
        "y": 0.3860844671726227,
        "z": -0.5118836760520935
    },
    "landmark_7": {
        "x": 0.6027884483337402,
        "y": 0.3946554958820343,
        "z": -0.285094290971756
    },
    "landmark_8": {
        "x": 0.5187830924987793,
        "y": 0.3884730041027069,
        "z": -0.30253592133522034
    },
    "landmark_9": {
        "x": 0.5730835795402527,
        "y": 0.41729098558425903,
        "z": -0.4563317894935608
    },
    "landmark_10": {
        "x": 0.5402462482452393,
        "y": 0.4162565767765045,
        "z": -0.461304247379303
    },
    "landmark_11": {
        "x": 0.652895987033844,
        "y": 0.47633296251296997,
        "z": -0.16765238344669342
    },
    "landmark_12": {
        "x": 0.43373265862464905,
        "y": 0.4614695906639099,
        "z": -0.14234794676303864
    },
    "landmark_13": {
        "x": 0.6717233657836914,
        "y": 0.5708020925521851,
        "z": -0.09237352758646011
    },
    "landmark_14": {
        "x": 0.39021360874176025,
        "y": 0.5469738245010376,
        "z": -0.06831808388233185
    },
    "landmark_15": {
        "x": 0.6237545609474182,
        "y": 0.6541659832000732,
        "z": -0.3033481538295746
    },
    "landmark_16": {
        "x": 0.3854222297668457,
        "y": 0.6269182562828064,
        "z": -0.2793627977371216
    },
    "landmark_17": {
        "x": 0.6150411367416382,
        "y": 0.6832770705223083,
        "z": -0.37045586109161377
    },
    "landmark_18": {
        "x": 0.3856339454650879,
        "y": 0.6548246741294861,
        "z": -0.34355542063713074
    },
    "landmark_19": {
        "x": 0.5956814289093018,
        "y": 0.6786507368087769,
        "z": -0.43482843041419983
    },
    "landmark_20": {
        "x": 0.4011434018611908,
        "y": 0.6522804498672485,
        "z": -0.40778622031211853
    },
    "landmark_21": {
        "x": 0.5917990207672119,
        "y": 0.6716127395629883,
        "z": -0.3294970989227295
    },
    "landmark_22": {
        "x": 0.40503066778182983,
        "y": 0.6434321403503418,
        "z": -0.30844560265541077
    },
    "landmark_23": {
        "x": 0.5892748236656189,
        "y": 0.65597003698349,
        "z": -0.007241984363645315
    },
    "landmark_24": {
        "x": 0.4730708599090576,
        "y": 0.6533930897712708,
        "z": 0.007466355338692665
    },
    "landmark_25": {
        "x": 0.5685780048370361,
        "y": 0.7789680361747742,
        "z": 0.03811138495802879
    },
    "landmark_26": {
        "x": 0.487241268157959,
        "y": 0.7817217111587524,
        "z": -0.04932115972042084
    },
    "landmark_27": {
        "x": 0.5472737550735474,
        "y": 0.8689125180244446,
        "z": 0.4609397351741791
    },
    "landmark_28": {
        "x": 0.5028126835823059,
        "y": 0.9063752293586731,
        "z": 0.1865203082561493
    },
    "landmark_29": {
        "x": 0.5408028364181519,
        "y": 0.8784998655319214,
        "z": 0.4906904995441437
    },
    "landmark_30": {
        "x": 0.5162254571914673,
        "y": 0.9201858639717102,
        "z": 0.19567909836769104
    },
    "landmark_31": {
        "x": 0.5382021069526672,
        "y": 0.9186075329780579,
        "z": 0.2882125973701477
    },
    "landmark_32": {
        "x": 0.4793519675731659,
        "y": 0.9515644907951355,
        "z": -0.05945396050810814
    }
}