{
    "landmark_0": {
        "x": 0.44941359758377075,
        "y": 0.41900020837783813,
        "z": -0.40040916204452515
    },
    "landmark_1": {
        "x": 0.462860643863678,
        "y": 0.4067259430885315,
        "z": -0.3659253716468811
    },
    "landmark_2": {
        "x": 0.469145804643631,
        "y": 0.4069073796272278,
        "z": -0.36599594354629517
    },
    "landmark_3": {
        "x": 0.4749366044998169,
        "y": 0.407144159078598,
        "z": -0.3659924268722534
    },
    "landmark_4": {
        "x": 0.4447643756866455,
        "y": 0.4060845375061035,
        "z": -0.36523911356925964
    },
    "landmark_5": {
        "x": 0.439654678106308,
        "y": 0.40593329071998596,
        "z": -0.3652673363685608
    },
    "landmark_6": {
        "x": 0.4351537823677063,
        "y": 0.40583211183547974,
        "z": -0.36535072326660156
    },
    "landmark_7": {
        "x": 0.4833269417285919,
        "y": 0.41174763441085815,
        "z": -0.15745781362056732
    },
    "landmark_8": {
        "x": 0.433340847492218,
        "y": 0.4103822112083435,
        "z": -0.1533024162054062
    },
    "landmark_9": {
        "x": 0.461600124835968,
        "y": 0.4279721677303314,
        "z": -0.32058990001678467
    },
    "landmark_10": {
        "x": 0.44198471307754517,
        "y": 0.4266829490661621,
        "z": -0.3196793496608734
    },
    "landmark_11": {
        "x": 0.5374914407730103,
        "y": 0.4649532735347748,
        "z": -0.08909958600997925
    },
    "landmark_12": {
        "x": 0.37006431818008423,
        "y": 0.4767467975616455,
        "z": -0.09735032916069031
    },
    "landmark_13": {
        "x": 0.5974288582801819,
        "y": 0.48300591111183167,
        "z": -0.45144814252853394
    },
    "landmark_14": {
        "x": 0.32973846793174744,
        "y": 0.5498344302177429,
        "z": -0.3912747800350189
    },
    "landmark_15": {
        "x": 0.4960744082927704,
        "y": 0.4320860803127289,
        "z": -0.8213896155357361
    },
    "landmark_16": {
        "x": 0.41276031732559204,
        "y": 0.5316885709762573,
        "z": -0.7213646769523621
    },
    "landmark_17": {
        "x": 0.4665974974632263,
        "y": 0.4189485013484955,
        "z": -0.9109247922897339
    },
    "landmark_18": {
        "x": 0.44609689712524414,
        "y": 0.5347542762756348,
        "z": -0.7961220741271973
    },
    "landmark_19": {
        "x": 0.46371227502822876,
        "y": 0.41482049226760864,
        "z": -0.8722283244132996
    },
    "landmark_20": {
        "x": 0.45350182056427,
        "y": 0.5229672789573669,
        "z": -0.7761633396148682
    },
    "landmark_21": {
        "x": 0.47096043825149536,
        "y": 0.421468585729599,
        "z": -0.8167620897293091
    },
    "landmark_22": {
        "x": 0.44310688972473145,
        "y": 0.5219374299049377,
        "z": -0.7183014154434204
    },
    "landmark_23": {
        "x": 0.517191469669342,
        "y": 0.6286868453025818,
        "z": -0.016305088996887207
    },
    "landmark_24": {
        "x": 0.4079222083091736,
        "y": 0.6319630146026611,
        "z": 0.016270315274596214
    },
    "landmark_25": {
        "x": 0.5642358064651489,
        "y": 0.7483094930648804,
        "z": -0.1939220279455185
    },
    "landmark_26": {
        "x": 0.3970268964767456,
        "y": 0.7441559433937073,
        "z": 0.056460730731487274
    },
    "landmark_27": {
        "x": 0.6252133250236511,
        "y": 0.8647276163101196,
        "z": -0.13147567212581635
    },
    "landmark_28": {
        "x": 0.4478311240673065,
        "y": 0.8341760635375977,
        "z": 0.3810451626777649
    },
    "landmark_29": {
        "x": 0.6215575933456421,
        "y": 0.8964072465896606,
        "z": -0.140071839094162
    },
    "landmark_30": {
        "x": 0.47808223962783813,
        "y": 0.8510907292366028,
        "z": 0.4016653299331665
    },
    "landmark_31": {
        "x": 0.7160037755966187,
        "y": 0.8649608492851257,
        "z": -0.37040603160858154
    },
    "landmark_32": {
        "x": 0.41407257318496704,
        "y": 0.8659566640853882,
        "z": 0.2179412692785263
    }
}