{
    "landmark_0": {
        "x": 0.47199609875679016,
        "y": 0.37945690751075745,
        "z": -0.7119629979133606
    },
    "landmark_1": {
        "x": 0.4906769096851349,
        "y": 0.36151930689811707,
        "z": -0.6926809549331665
    },
    "landmark_2": {
        "x": 0.5023788213729858,
        "y": 0.36129167675971985,
        "z": -0.6927741169929504
    },
    "landmark_3": {
        "x": 0.513834536075592,
        "y": 0.36130577325820923,
        "z": -0.692877471446991
    },
    "landmark_4": {
        "x": 0.46672189235687256,
        "y": 0.3622547388076782,
        "z": -0.6759626269340515
    },
    "landmark_5": {
        "x": 0.46099188923835754,
        "y": 0.3623020648956299,
        "z": -0.6760114431381226
    },
    "landmark_6": {
        "x": 0.4539850056171417,
        "y": 0.36248520016670227,
        "z": -0.6761592626571655
    },
    "landmark_7": {
        "x": 0.5380727648735046,
        "y": 0.3678832948207855,
        "z": -0.49834924936294556
    },
    "landmark_8": {
        "x": 0.460418164730072,
        "y": 0.36801210045814514,
        "z": -0.42113402485847473
    },
    "landmark_9": {
        "x": 0.49775606393814087,
        "y": 0.3948008418083191,
        "z": -0.6327962279319763
    },
    "landmark_10": {
        "x": 0.46506309509277344,
        "y": 0.393839567899704,
        "z": -0.6107582449913025
    },
    "landmark_11": {
        "x": 0.6341552734375,
        "y": 0.4614528715610504,
        "z": -0.36853736639022827
    },
    "landmark_12": {
        "x": 0.3801977336406708,
        "y": 0.45120662450790405,
        "z": -0.21515940129756927
    },
    "landmark_13": {
        "x": 0.6720171570777893,
        "y": 0.562608540058136,
        "z": -0.27557894587516785
    },
    "landmark_14": {
        "x": 0.3180457353591919,
        "y": 0.5429914593696594,
        "z": -0.07113636285066605
    },
    "landmark_15": {
        "x": 0.6665864586830139,
        "y": 0.6536634564399719,
        "z": -0.4618005156517029
    },
    "landmark_16": {
        "x": 0.2951153516769409,
        "y": 0.6380998492240906,
        "z": -0.24462279677391052
    },
    "landmark_17": {
        "x": 0.6749812960624695,
        "y": 0.6859124898910522,
        "z": -0.5267321467399597
    },
    "landmark_18": {
        "x": 0.28668516874313354,
        "y": 0.6705130338668823,
        "z": -0.2950168251991272
    },
    "landmark_19": {
        "x": 0.6594095230102539,
        "y": 0.6836521029472351,
        "z": -0.5943752527236938
    },
    "landmark_20": {
        "x": 0.30156034231185913,
        "y": 0.6694955825805664,
        "z": -0.3696945905685425
    },
    "landmark_21": {
        "x": 0.650255560874939,
        "y": 0.6750150322914124,
        "z": -0.488049179315567
    },
    "landmark_22": {
        "x": 0.30903229117393494,
        "y": 0.6589099764823914,
        "z": -0.2792786657810211
    },
    "landmark_23": {
        "x": 0.5562674403190613,
        "y": 0.6558468341827393,
        "z": -0.040648169815540314
    },
    "landmark_24": {
        "x": 0.42296621203422546,
        "y": 0.6565561294555664,
        "z": 0.04056072607636452
    },
    "landmark_25": {
        "x": 0.5536949038505554,
        "y": 0.794658362865448,
        "z": -0.001144092413596809
    },
    "landmark_26": {
        "x": 0.4553641974925995,
        "y": 0.7977393269538879,
        "z": 0.10781343281269073
    },
    "landmark_27": {
        "x": 0.5917475819587708,
        "y": 0.8736058473587036,
        "z": 0.6352179050445557
    },
    "landmark_28": {
        "x": 0.495309054851532,
        "y": 0.914225697517395,
        "z": 0.5647676587104797
    },
    "landmark_29": {
        "x": 0.5992380380630493,
        "y": 0.8810802698135376,
        "z": 0.6868077516555786
    },
    "landmark_30": {
        "x": 0.5162237882614136,
        "y": 0.9251939654350281,
        "z": 0.6000114679336548
    },
    "landmark_31": {
        "x": 0.5858825445175171,
        "y": 0.9247223734855652,
        "z": 0.4733191728591919
    },
    "landmark_32": {
        "x": 0.47852107882499695,
        "y": 0.962903618812561,
        "z": 0.3567761778831482
    }
}