{
    "landmark_0": {
        "x": 0.5254108905792236,
        "y": 0.3929915428161621,
        "z": -0.43137267231941223
    },
    "landmark_1": {
        "x": 0.5379356145858765,
        "y": 0.38182467222213745,
        "z": -0.3947356045246124
    },
    "landmark_2": {
        "x": 0.5458663702011108,
        "y": 0.3817247450351715,
        "z": -0.39482831954956055
    },
    "landmark_3": {
        "x": 0.5522854328155518,
        "y": 0.3818433880805969,
        "z": -0.39488092064857483
    },
    "landmark_4": {
        "x": 0.5126811861991882,
        "y": 0.38306185603141785,
        "z": -0.3871927857398987
    },
    "landmark_5": {
        "x": 0.5036022067070007,
        "y": 0.38406407833099365,
        "z": -0.3872082531452179
    },
    "landmark_6": {
        "x": 0.49576279520988464,
        "y": 0.38510793447494507,
        "z": -0.38715171813964844
    },
    "landmark_7": {
        "x": 0.565214991569519,
        "y": 0.38860994577407837,
        "z": -0.19460633397102356
    },
    "landmark_8": {
        "x": 0.49060913920402527,
        "y": 0.39304667711257935,
        "z": -0.1596042662858963
    },
    "landmark_9": {
        "x": 0.542473316192627,
        "y": 0.40547746419906616,
        "z": -0.35869887471199036
    },
    "landmark_10": {
        "x": 0.512313723564148,
        "y": 0.4066086709499359,
        "z": -0.3488210439682007
    },
    "landmark_11": {
        "x": 0.6291652321815491,
        "y": 0.45143264532089233,
        "z": -0.1622772514820099
    },
    "landmark_12": {
        "x": 0.45635947585105896,
        "y": 0.4580253064632416,
        "z": -0.04273942485451698
    },
    "landmark_13": {
        "x": 0.6728641390800476,
        "y": 0.5139243006706238,
        "z": -0.3821103274822235
    },
    "landmark_14": {
        "x": 0.3574161231517792,
        "y": 0.4757320284843445,
        "z": -0.29895541071891785
    },
    "landmark_15": {
        "x": 0.5271161198616028,
        "y": 0.5185256600379944,
        "z": -0.6219469308853149
    },
    "landmark_16": {
        "x": 0.37727800011634827,
        "y": 0.39558684825897217,
        "z": -0.6598799228668213
    },
    "landmark_17": {
        "x": 0.484820693731308,
        "y": 0.5266126394271851,
        "z": -0.6968597769737244
    },
    "landmark_18": {
        "x": 0.3722187876701355,
        "y": 0.37189486622810364,
        "z": -0.7394714951515198
    },
    "landmark_19": {
        "x": 0.475888192653656,
        "y": 0.5204296708106995,
        "z": -0.6746954917907715
    },
    "landmark_20": {
        "x": 0.37973955273628235,
        "y": 0.3677220344543457,
        "z": -0.7245403528213501
    },
    "landmark_21": {
        "x": 0.4850577116012573,
        "y": 0.5170519351959229,
        "z": -0.6145740747451782
    },
    "landmark_22": {
        "x": 0.3876049816608429,
        "y": 0.376831591129303,
        "z": -0.6666660308837891
    },
    "landmark_23": {
        "x": 0.6118342876434326,
        "y": 0.6261978149414062,
        "z": -0.020513596013188362
    },
    "landmark_24": {
        "x": 0.5015904903411865,
        "y": 0.626221239566803,
        "z": 0.020522965118288994
    },
    "landmark_25": {
        "x": 0.6584890484809875,
        "y": 0.7361891865730286,
        "z": -0.14508400857448578
    },
    "landmark_26": {
        "x": 0.507451593875885,
        "y": 0.7345506548881531,
        "z": 0.12008041888475418
    },
    "landmark_27": {
        "x": 0.6775874495506287,
        "y": 0.8621652722358704,
        "z": -0.06490561366081238
    },
    "landmark_28": {
        "x": 0.5388685464859009,
        "y": 0.8275510668754578,
        "z": 0.41061508655548096
    },
    "landmark_29": {
        "x": 0.6674209833145142,
        "y": 0.889931321144104,
        "z": -0.07245749235153198
    },
    "landmark_30": {
        "x": 0.5619252324104309,
        "y": 0.8431436419487,
        "z": 0.42521408200263977
    },
    "landmark_31": {
        "x": 0.7757351994514465,
        "y": 0.8629134893417358,
        "z": -0.30291905999183655
    },
    "landmark_32": {
        "x": 0.5061773061752319,
        "y": 0.8620356321334839,
        "z": 0.2440245896577835
    }
}