{
    "landmark_0": {
        "x": 0.5603971481323242,
        "y": 0.36156511306762695,
        "z": -0.33321982622146606
    },
    "landmark_1": {
        "x": 0.5736837983131409,
        "y": 0.35249271988868713,
        "z": -0.290980726480484
    },
    "landmark_2": {
        "x": 0.5819629430770874,
        "y": 0.35288944840431213,
        "z": -0.2909679412841797
    },
    "landmark_3": {
        "x": 0.5873660445213318,
        "y": 0.35311171412467957,
        "z": -0.29107776284217834
    },
    "landmark_4": {
        "x": 0.5505115389823914,
        "y": 0.3524123430252075,
        "z": -0.2892504930496216
    },
    "landmark_5": {
        "x": 0.5433385372161865,
        "y": 0.3527091145515442,
        "z": -0.2891428768634796
    },
    "landmark_6": {
        "x": 0.5364465117454529,
        "y": 0.353124737739563,
        "z": -0.28916892409324646
    },
    "landmark_7": {
        "x": 0.6008003354072571,
        "y": 0.35912781953811646,
        "z": -0.08430293947458267
    },
    "landmark_8": {
        "x": 0.5293794870376587,
        "y": 0.3588918149471283,
        "z": -0.07684674859046936
    },
    "landmark_9": {
        "x": 0.5774089097976685,
        "y": 0.37616994976997375,
        "z": -0.2593808174133301
    },
    "landmark_10": {
        "x": 0.5496320724487305,
        "y": 0.3764342963695526,
        "z": -0.25790637731552124
    },
    "landmark_11": {
        "x": 0.6553062796592712,
        "y": 0.43174847960472107,
        "z": -0.018389027565717697
    },
    "landmark_12": {
        "x": 0.48321041464805603,
        "y": 0.42453208565711975,
        "z": -0.059579815715551376
    },
    "landmark_13": {
        "x": 0.7462686896324158,
        "y": 0.47852927446365356,
        "z": -0.3341558277606964
    },
    "landmark_14": {
        "x": 0.3833475708961487,
        "y": 0.4517316222190857,
        "z": -0.4015912413597107
    },
    "landmark_15": {
        "x": 0.6646061539649963,
        "y": 0.42262640595436096,
        "z": -0.56915682554245
    },
    "landmark_16": {
        "x": 0.5008887052536011,
        "y": 0.4104204773902893,
        "z": -0.6303009986877441
    },
    "landmark_17": {
        "x": 0.635938286781311,
        "y": 0.4042573571205139,
        "z": -0.6212069988250732
    },
    "landmark_18": {
        "x": 0.5369048118591309,
        "y": 0.4009667932987213,
        "z": -0.6933697462081909
    },
    "landmark_19": {
        "x": 0.6297010183334351,
        "y": 0.403799831867218,
        "z": -0.5548385977745056
    },
    "landmark_20": {
        "x": 0.5431675314903259,
        "y": 0.3993297517299652,
        "z": -0.6362292170524597
    },
    "landmark_21": {
        "x": 0.6339707374572754,
        "y": 0.4110803008079529,
        "z": -0.5474206805229187
    },
    "landmark_22": {
        "x": 0.5341196656227112,
        "y": 0.40391772985458374,
        "z": -0.6156150102615356
    },
    "landmark_23": {
        "x": 0.600735604763031,
        "y": 0.5986063480377197,
        "z": 0.005319079849869013
    },
    "landmark_24": {
        "x": 0.49087798595428467,
        "y": 0.5951729416847229,
        "z": -0.005506487097591162
    },
    "landmark_25": {
        "x": 0.6229704022407532,
        "y": 0.7139789462089539,
        "z": -0.0975785180926323
    },
    "landmark_26": {
        "x": 0.4945051074028015,
        "y": 0.7180065512657166,
        "z": 0.023136692121624947
    },
    "landmark_27": {
        "x": 0.6092017292976379,
        "y": 0.8355476260185242,
        "z": 0.1879585236310959
    },
    "landmark_28": {
        "x": 0.5232746005058289,
        "y": 0.8137688636779785,
        "z": 0.4345758259296417
    },
    "landmark_29": {
        "x": 0.5877794027328491,
        "y": 0.8438941836357117,
        "z": 0.20513924956321716
    },
    "landmark_30": {
        "x": 0.5350265502929688,
        "y": 0.8213976621627808,
        "z": 0.4666527211666107
    },
    "landmark_31": {
        "x": 0.6423007845878601,
        "y": 0.8803626298904419,
        "z": -0.019404934719204903
    },
    "landmark_32": {
        "x": 0.5038611888885498,
        "y": 0.863857090473175,
        "z": 0.28556931018829346
    }
}