{
    "landmark_0": {
        "x": 0.5670332312583923,
        "y": 0.3978728950023651,
        "z": -0.5989128947257996
    },
    "landmark_1": {
        "x": 0.5860629677772522,
        "y": 0.3854239284992218,
        "z": -0.5694905519485474
    },
    "landmark_2": {
        "x": 0.5946367383003235,
        "y": 0.38601961731910706,
        "z": -0.5694935321807861
    },
    "landmark_3": {
        "x": 0.6014736890792847,
        "y": 0.3868843615055084,
        "z": -0.5694179534912109
    },
    "landmark_4": {
        "x": 0.5589677691459656,
        "y": 0.3837115466594696,
        "z": -0.5713428854942322
    },
    "landmark_5": {
        "x": 0.5507947206497192,
        "y": 0.38320621848106384,
        "z": -0.5713680386543274
    },
    "landmark_6": {
        "x": 0.5424594879150391,
        "y": 0.38290083408355713,
        "z": -0.5714858174324036
    },
    "landmark_7": {
        "x": 0.614033043384552,
        "y": 0.39414316415786743,
        "z": -0.34556034207344055
    },
    "landmark_8": {
        "x": 0.5340681076049805,
        "y": 0.38649359345436096,
        "z": -0.36212608218193054
    },
    "landmark_9": {
        "x": 0.581951379776001,
        "y": 0.4135693609714508,
        "z": -0.5110921263694763
    },
    "landmark_10": {
        "x": 0.5499158501625061,
        "y": 0.41128578782081604,
        "z": -0.5158249735832214
    },
    "landmark_11": {
        "x": 0.6625800132751465,
        "y": 0.4768308103084564,
        "z": -0.1856732964515686
    },
    "landmark_12": {
        "x": 0.4554803669452667,
        "y": 0.455990731716156,
        "z": -0.20075488090515137
    },
    "landmark_13": {
        "x": 0.6899358034133911,
        "y": 0.5686513781547546,
        "z": -0.06836605072021484
    },
    "landmark_14": {
        "x": 0.41483113169670105,
        "y": 0.5390086770057678,
        "z": -0.12455244362354279
    },
    "landmark_15": {
        "x": 0.6621590852737427,
        "y": 0.652393102645874,
        "z": -0.23985767364501953
    },
    "landmark_16": {
        "x": 0.4120427072048187,
        "y": 0.6117753386497498,
        "z": -0.3170873522758484
    },
    "landmark_17": {
        "x": 0.6588463187217712,
        "y": 0.6807213425636292,
        "z": -0.28942349553108215
    },
    "landmark_18": {
        "x": 0.40910041332244873,
        "y": 0.6370329856872559,
        "z": -0.37243208289146423
    },
    "landmark_19": {
        "x": 0.6441681981086731,
        "y": 0.6777059435844421,
        "z": -0.3578442335128784
    },
    "landmark_20": {
        "x": 0.4229656755924225,
        "y": 0.6356159448623657,
        "z": -0.4334627687931061
    },
    "landmark_21": {
        "x": 0.6403085589408875,
        "y": 0.671226441860199,
        "z": -0.26693782210350037
    },
    "landmark_22": {
        "x": 0.4282890260219574,
        "y": 0.6270310282707214,
        "z": -0.3442317545413971
    },
    "landmark_23": {
        "x": 0.592278003692627,
        "y": 0.6441944241523743,
        "z": 0.004126859363168478
    },
    "landmark_24": {
        "x": 0.47652843594551086,
        "y": 0.6388758420944214,
        "z": -0.004065296147018671
    },
    "landmark_25": {
        "x": 0.5674508810043335,
        "y": 0.7573211193084717,
        "z": 0.14998619258403778
    },
    "landmark_26": {
        "x": 0.49225133657455444,
        "y": 0.7675890922546387,
        "z": -0.12760847806930542
    },
    "landmark_27": {
        "x": 0.5591253042221069,
        "y": 0.8391474485397339,
        "z": 0.6085270643234253
    },
    "landmark_28": {
        "x": 0.49834921956062317,
        "y": 0.9015008807182312,
        "z": 0.010158920660614967
    },
    "landmark_29": {
        "x": 0.5542511940002441,
        "y": 0.8443354368209839,
        "z": 0.6431822180747986
    },
    "landmark_30": {
        "x": 0.5115600228309631,
        "y": 0.9212400317192078,
        "z": 0.007302279584109783
    },
    "landmark_31": {
        "x": 0.5537990927696228,
        "y": 0.8824597597122192,
        "z": 0.4528282880783081
    },
    "landmark_32": {
        "x": 0.47415435314178467,
        "y": 0.9397031664848328,
        "z": -0.2817985713481903
    }
}