{
    "landmark_0": {
        "x": 0.5366106629371643,
        "y": 0.36363306641578674,
        "z": -0.3764282166957855
    },
    "landmark_1": {
        "x": 0.5498560070991516,
        "y": 0.3524751365184784,
        "z": -0.33915191888809204
    },
    "landmark_2": {
        "x": 0.5583385229110718,
        "y": 0.35242974758148193,
        "z": -0.33921098709106445
    },
    "landmark_3": {
        "x": 0.5654320120811462,
        "y": 0.35260993242263794,
        "z": -0.33923283219337463
    },
    "landmark_4": {
        "x": 0.5275805592536926,
        "y": 0.35311028361320496,
        "z": -0.32619982957839966
    },
    "landmark_5": {
        "x": 0.5204446911811829,
        "y": 0.35353511571884155,
        "z": -0.3262276351451874
    },
    "landmark_6": {
        "x": 0.5133830308914185,
        "y": 0.3542795479297638,
        "z": -0.3262706398963928
    },
    "landmark_7": {
        "x": 0.5804848074913025,
        "y": 0.35825496912002563,
        "z": -0.1549120992422104
    },
    "landmark_8": {
        "x": 0.5107433199882507,
        "y": 0.3597690761089325,
        "z": -0.09224022924900055
    },
    "landmark_9": {
        "x": 0.5520138740539551,
        "y": 0.3766821622848511,
        "z": -0.31045272946357727
    },
    "landmark_10": {
        "x": 0.5256812572479248,
        "y": 0.37654897570610046,
        "z": -0.29247671365737915
    },
    "landmark_11": {
        "x": 0.6442804932594299,
        "y": 0.4185064435005188,
        "z": -0.1362909972667694
    },
    "landmark_12": {
        "x": 0.47315868735313416,
        "y": 0.4227268695831299,
        "z": -0.0204370878636837
    },
    "landmark_13": {
        "x": 0.7380805015563965,
        "y": 0.4506303369998932,
        "z": -0.48103541135787964
    },
    "landmark_14": {
        "x": 0.38462069630622864,
        "y": 0.46065545082092285,
        "z": -0.34499624371528625
    },
    "landmark_15": {
        "x": 0.6042061448097229,
        "y": 0.43118900060653687,
        "z": -0.72511887550354
    },
    "landmark_16": {
        "x": 0.40583428740501404,
        "y": 0.38415640592575073,
        "z": -0.7291685938835144
    },
    "landmark_17": {
        "x": 0.5620247721672058,
        "y": 0.43105754256248474,
        "z": -0.7909497022628784
    },
    "landmark_18": {
        "x": 0.4072531759738922,
        "y": 0.3618029057979584,
        "z": -0.8223416805267334
    },
    "landmark_19": {
        "x": 0.5527353286743164,
        "y": 0.4295988976955414,
        "z": -0.7352077960968018
    },
    "landmark_20": {
        "x": 0.41311919689178467,
        "y": 0.35905423760414124,
        "z": -0.7837206721305847
    },
    "landmark_21": {
        "x": 0.5648793578147888,
        "y": 0.42946571111679077,
        "z": -0.7057941555976868
    },
    "landmark_22": {
        "x": 0.4182649254798889,
        "y": 0.3671388030052185,
        "z": -0.726775050163269
    },
    "landmark_23": {
        "x": 0.6043586730957031,
        "y": 0.5912730693817139,
        "z": -0.02435421384871006
    },
    "landmark_24": {
        "x": 0.4958896338939667,
        "y": 0.5879999995231628,
        "z": 0.024092964828014374
    },
    "landmark_25": {
        "x": 0.609356701374054,
        "y": 0.708611786365509,
        "z": -0.1429261416196823
    },
    "landmark_26": {
        "x": 0.4545435309410095,
        "y": 0.6956517696380615,
        "z": -0.3073178827762604
    },
    "landmark_27": {
        "x": 0.5891726016998291,
        "y": 0.8223327398300171,
        "z": 0.19875407218933105
    },
    "landmark_28": {
        "x": 0.4866436719894409,
        "y": 0.8187387585639954,
        "z": 0.0324726328253746
    },
    "landmark_29": {
        "x": 0.5682601928710938,
        "y": 0.8306885957717896,
        "z": 0.21976640820503235
    },
    "landmark_30": {
        "x": 0.5073841214179993,
        "y": 0.8302610516548157,
        "z": 0.05499638617038727
    },
    "landmark_31": {
        "x": 0.6232725977897644,
        "y": 0.869901180267334,
        "z": -0.016250699758529663
    },
    "landmark_32": {
        "x": 0.4568726718425751,
        "y": 0.8657981157302856,
        "z": -0.17567655444145203
    }
}