{
    "landmark_0": {
        "x": 0.5818705558776855,
        "y": 0.39141446352005005,
        "z": -0.3182975649833679
    },
    "landmark_1": {
        "x": 0.5953161120414734,
        "y": 0.38118764758110046,
        "z": -0.2775505781173706
    },
    "landmark_2": {
        "x": 0.6034184098243713,
        "y": 0.3820537328720093,
        "z": -0.2774882912635803
    },
    "landmark_3": {
        "x": 0.6096273064613342,
        "y": 0.38303831219673157,
        "z": -0.2774253785610199
    },
    "landmark_4": {
        "x": 0.5730649828910828,
        "y": 0.38010168075561523,
        "z": -0.28164926171302795
    },
    "landmark_5": {
        "x": 0.565438449382782,
        "y": 0.3800528347492218,
        "z": -0.2816481590270996
    },
    "landmark_6": {
        "x": 0.5582010746002197,
        "y": 0.3800849914550781,
        "z": -0.2817189693450928
    },
    "landmark_7": {
        "x": 0.6164684891700745,
        "y": 0.3897005617618561,
        "z": -0.03654411807656288
    },
    "landmark_8": {
        "x": 0.5501111745834351,
        "y": 0.38677266240119934,
        "z": -0.0628177672624588
    },
    "landmark_9": {
        "x": 0.5944687128067017,
        "y": 0.4060429036617279,
        "z": -0.2273419052362442
    },
    "landmark_10": {
        "x": 0.5665910840034485,
        "y": 0.40493065118789673,
        "z": -0.2351122945547104
    },
    "landmark_11": {
        "x": 0.6580771803855896,
        "y": 0.4575258791446686,
        "z": 0.11233281344175339
    },
    "landmark_12": {
        "x": 0.48655471205711365,
        "y": 0.44619497656822205,
        "z": -0.012386307120323181
    },
    "landmark_13": {
        "x": 0.7177705764770508,
        "y": 0.5060564875602722,
        "z": -0.11261952668428421
    },
    "landmark_14": {
        "x": 0.4219415783882141,
        "y": 0.5047258734703064,
        "z": -0.2688312232494354
    },
    "landmark_15": {
        "x": 0.7339780926704407,
        "y": 0.43354135751724243,
        "z": -0.44368675351142883
    },
    "landmark_16": {
        "x": 0.5547853708267212,
        "y": 0.5179459452629089,
        "z": -0.5550072193145752
    },
    "landmark_17": {
        "x": 0.7387747168540955,
        "y": 0.41390782594680786,
        "z": -0.5127363204956055
    },
    "landmark_18": {
        "x": 0.5950889587402344,
        "y": 0.5260781645774841,
        "z": -0.6183602809906006
    },
    "landmark_19": {
        "x": 0.7349079847335815,
        "y": 0.4092816710472107,
        "z": -0.49824514985084534
    },
    "landmark_20": {
        "x": 0.6069305539131165,
        "y": 0.5185915231704712,
        "z": -0.5975488424301147
    },
    "landmark_21": {
        "x": 0.728702962398529,
        "y": 0.41626065969467163,
        "z": -0.44794535636901855
    },
    "landmark_22": {
        "x": 0.5962488651275635,
        "y": 0.5159600973129272,
        "z": -0.5484811067581177
    },
    "landmark_23": {
        "x": 0.6020843386650085,
        "y": 0.6234294176101685,
        "z": 0.02464369311928749
    },
    "landmark_24": {
        "x": 0.49175068736076355,
        "y": 0.6193172931671143,
        "z": -0.02433107979595661
    },
    "landmark_25": {
        "x": 0.5869941115379333,
        "y": 0.728224515914917,
        "z": 0.14680305123329163
    },
    "landmark_26": {
        "x": 0.45061010122299194,
        "y": 0.7254623174667358,
        "z": -0.182791069149971
    },
    "landmark_27": {
        "x": 0.5523586869239807,
        "y": 0.8293923139572144,
        "z": 0.4502995014190674
    },
    "landmark_28": {
        "x": 0.39465123414993286,
        "y": 0.8442134857177734,
        "z": -0.06497733294963837
    },
    "landmark_29": {
        "x": 0.5307720899581909,
        "y": 0.8470231294631958,
        "z": 0.4649612307548523
    },
    "landmark_30": {
        "x": 0.399564266204834,
        "y": 0.8764007687568665,
        "z": -0.06948358565568924
    },
    "landmark_31": {
        "x": 0.5934209227561951,
        "y": 0.8648411631584167,
        "z": 0.25413525104522705
    },
    "landmark_32": {
        "x": 0.3038366138935089,
        "y": 0.8467751741409302,
        "z": -0.3384547233581543
    }
}