{
    "landmark_0": {
        "x": 0.5914009809494019,
        "y": 0.41211646795272827,
        "z": -0.4560527503490448
    },
    "landmark_1": {
        "x": 0.6045436263084412,
        "y": 0.40394553542137146,
        "z": -0.4156653583049774
    },
    "landmark_2": {
        "x": 0.6111677885055542,
        "y": 0.404827743768692,
        "z": -0.41565942764282227
    },
    "landmark_3": {
        "x": 0.615527868270874,
        "y": 0.4055088460445404,
        "z": -0.4156118631362915
    },
    "landmark_4": {
        "x": 0.5825377106666565,
        "y": 0.40203627943992615,
        "z": -0.42265400290489197
    },
    "landmark_5": {
        "x": 0.5750967264175415,
        "y": 0.40190863609313965,
        "z": -0.42265212535858154
    },
    "landmark_6": {
        "x": 0.5686144828796387,
        "y": 0.4018329977989197,
        "z": -0.42272916436195374
    },
    "landmark_7": {
        "x": 0.6228968501091003,
        "y": 0.4121849536895752,
        "z": -0.17061635851860046
    },
    "landmark_8": {
        "x": 0.5580851435661316,
        "y": 0.40884295105934143,
        "z": -0.2074260711669922
    },
    "landmark_9": {
        "x": 0.6021318435668945,
        "y": 0.426053524017334,
        "z": -0.36371684074401855
    },
    "landmark_10": {
        "x": 0.5755309462547302,
        "y": 0.42385998368263245,
        "z": -0.37437257170677185
    },
    "landmark_11": {
        "x": 0.66170734167099,
        "y": 0.4805293679237366,
        "z": -0.015001293271780014
    },
    "landmark_12": {
        "x": 0.4940280616283417,
        "y": 0.47149744629859924,
        "z": -0.13555650413036346
    },
    "landmark_13": {
        "x": 0.7098053097724915,
        "y": 0.5335036516189575,
        "z": -0.2480502724647522
    },
    "landmark_14": {
        "x": 0.4483743906021118,
        "y": 0.5426987409591675,
        "z": -0.3609357178211212
    },
    "landmark_15": {
        "x": 0.7246960401535034,
        "y": 0.46157822012901306,
        "z": -0.6228781342506409
    },
    "landmark_16": {
        "x": 0.5859676599502563,
        "y": 0.5444723963737488,
        "z": -0.6481121182441711
    },
    "landmark_17": {
        "x": 0.7309935688972473,
        "y": 0.4417077898979187,
        "z": -0.7058284282684326
    },
    "landmark_18": {
        "x": 0.6214239597320557,
        "y": 0.5489093661308289,
        "z": -0.7155924439430237
    },
    "landmark_19": {
        "x": 0.7280526161193848,
        "y": 0.4383707046508789,
        "z": -0.6928163170814514
    },
    "landmark_20": {
        "x": 0.6328715085983276,
        "y": 0.542145311832428,
        "z": -0.7067359685897827
    },
    "landmark_21": {
        "x": 0.7213119268417358,
        "y": 0.44417279958724976,
        "z": -0.6293867826461792
    },
    "landmark_22": {
        "x": 0.6199403405189514,
        "y": 0.5400320291519165,
        "z": -0.6462220549583435
    },
    "landmark_23": {
        "x": 0.6092705726623535,
        "y": 0.6430929899215698,
        "z": 0.013482257723808289
    },
    "landmark_24": {
        "x": 0.5002562999725342,
        "y": 0.6367078423500061,
        "z": -0.013180606998503208
    },
    "landmark_25": {
        "x": 0.6073578000068665,
        "y": 0.7402101159095764,
        "z": 0.17724274098873138
    },
    "landmark_26": {
        "x": 0.43666696548461914,
        "y": 0.7402594685554504,
        "z": -0.18948465585708618
    },
    "landmark_27": {
        "x": 0.5514349341392517,
        "y": 0.8303115963935852,
        "z": 0.5155486464500427
    },
    "landmark_28": {
        "x": 0.365191787481308,
        "y": 0.8548954725265503,
        "z": -0.052938636392354965
    },
    "landmark_29": {
        "x": 0.526626706123352,
        "y": 0.8440405130386353,
        "z": 0.5347257852554321
    },
    "landmark_30": {
        "x": 0.3650096356868744,
        "y": 0.8842624425888062,
        "z": -0.053846925497055054
    },
    "landmark_31": {
        "x": 0.5938571691513062,
        "y": 0.8651038408279419,
        "z": 0.333668977022171
    },
    "landmark_32": {
        "x": 0.2679787576198578,
        "y": 0.8487737774848938,
        "z": -0.31331777572631836
    }
}