{
    "landmark_0": {
        "x": 0.5235939025878906,
        "y": 0.4075131416320801,
        "z": -0.3485974073410034
    },
    "landmark_1": {
        "x": 0.535524308681488,
        "y": 0.39825621247291565,
        "z": -0.31221523880958557
    },
    "landmark_2": {
        "x": 0.5415816903114319,
        "y": 0.39873260259628296,
        "z": -0.3123195469379425
    },
    "landmark_3": {
        "x": 0.547928512096405,
        "y": 0.39946556091308594,
        "z": -0.31234556436538696
    },
    "landmark_4": {
        "x": 0.5143603086471558,
        "y": 0.3982691168785095,
        "z": -0.3057325780391693
    },
    "landmark_5": {
        "x": 0.5067376494407654,
        "y": 0.39879754185676575,
        "z": -0.3057219684123993
    },
    "landmark_6": {
        "x": 0.4988267719745636,
        "y": 0.39970093965530396,
        "z": -0.30572834610939026
    },
    "landmark_7": {
        "x": 0.5589314103126526,
        "y": 0.40616923570632935,
        "z": -0.12516739964485168
    },
    "landmark_8": {
        "x": 0.48993590474128723,
        "y": 0.40706247091293335,
        "z": -0.09533090889453888
    },
    "landmark_9": {
        "x": 0.53685063123703,
        "y": 0.4206087589263916,
        "z": -0.2811790406703949
    },
    "landmark_10": {
        "x": 0.5114194750785828,
        "y": 0.42029714584350586,
        "z": -0.2728668749332428
    },
    "landmark_11": {
        "x": 0.6166602373123169,
        "y": 0.4624057412147522,
        "z": -0.124522365629673
    },
    "landmark_12": {
        "x": 0.450635701417923,
        "y": 0.4761067032814026,
        "z": -0.01409529335796833
    },
    "landmark_13": {
        "x": 0.6735621690750122,
        "y": 0.5197116136550903,
        "z": -0.3642103970050812
    },
    "landmark_14": {
        "x": 0.3721793293952942,
        "y": 0.5003896355628967,
        "z": -0.29841235280036926
    },
    "landmark_15": {
        "x": 0.5214304327964783,
        "y": 0.5018028616905212,
        "z": -0.5577363967895508
    },
    "landmark_16": {
        "x": 0.4135477840900421,
        "y": 0.41774457693099976,
        "z": -0.5934910178184509
    },
    "landmark_17": {
        "x": 0.4750059247016907,
        "y": 0.5037205815315247,
        "z": -0.6195343732833862
    },
    "landmark_18": {
        "x": 0.4192662537097931,
        "y": 0.39732009172439575,
        "z": -0.6701289415359497
    },
    "landmark_19": {
        "x": 0.4690921902656555,
        "y": 0.4979069232940674,
        "z": -0.5900419354438782
    },
    "landmark_20": {
        "x": 0.4245147705078125,
        "y": 0.39329925179481506,
        "z": -0.63623046875
    },
    "landmark_21": {
        "x": 0.47826528549194336,
        "y": 0.497405469417572,
        "z": -0.5473151803016663
    },
    "landmark_22": {
        "x": 0.4277137815952301,
        "y": 0.40154534578323364,
        "z": -0.5920149087905884
    },
    "landmark_23": {
        "x": 0.6058690547943115,
        "y": 0.6391969919204712,
        "z": -0.021395277231931686
    },
    "landmark_24": {
        "x": 0.49595770239830017,
        "y": 0.6425399780273438,
        "z": 0.021259810775518417
    },
    "landmark_25": {
        "x": 0.6623287200927734,
        "y": 0.7539503574371338,
        "z": -0.070143923163414
    },
    "landmark_26": {
        "x": 0.477695494890213,
        "y": 0.7454136610031128,
        "z": 0.029337238520383835
    },
    "landmark_27": {
        "x": 0.7009133696556091,
        "y": 0.8749289512634277,
        "z": 0.09556400775909424
    },
    "landmark_28": {
        "x": 0.5321230292320251,
        "y": 0.8342315554618835,
        "z": 0.38704267144203186
    },
    "landmark_29": {
        "x": 0.6909072995185852,
        "y": 0.899931788444519,
        "z": 0.09850896894931793
    },
    "landmark_30": {
        "x": 0.5653683543205261,
        "y": 0.8494699597358704,
        "z": 0.41124868392944336
    },
    "landmark_31": {
        "x": 0.7890102863311768,
        "y": 0.8765240907669067,
        "z": -0.11415970325469971
    },
    "landmark_32": {
        "x": 0.4877971112728119,
        "y": 0.8679670095443726,
        "z": 0.24972030520439148
    }
}