{
    "landmark_0": {
        "x": 0.5494930148124695,
        "y": 0.38040149211883545,
        "z": -0.4602225124835968
    },
    "landmark_1": {
        "x": 0.5616204738616943,
        "y": 0.36976566910743713,
        "z": -0.4207473397254944
    },
    "landmark_2": {
        "x": 0.5692011713981628,
        "y": 0.36978715658187866,
        "z": -0.4207921624183655
    },
    "landmark_3": {
        "x": 0.5745210647583008,
        "y": 0.3699890077114105,
        "z": -0.42089420557022095
    },
    "landmark_4": {
        "x": 0.540515124797821,
        "y": 0.36985844373703003,
        "z": -0.41695114970207214
    },
    "landmark_5": {
        "x": 0.5336039066314697,
        "y": 0.370063453912735,
        "z": -0.4168979525566101
    },
    "landmark_6": {
        "x": 0.5261960625648499,
        "y": 0.37059131264686584,
        "z": -0.4169173836708069
    },
    "landmark_7": {
        "x": 0.5841892957687378,
        "y": 0.3762403130531311,
        "z": -0.2029854953289032
    },
    "landmark_8": {
        "x": 0.5206734538078308,
        "y": 0.3764733374118805,
        "z": -0.18328620493412018
    },
    "landmark_9": {
        "x": 0.563368558883667,
        "y": 0.3945566713809967,
        "z": -0.38032904267311096
    },
    "landmark_10": {
        "x": 0.5393180251121521,
        "y": 0.3939817249774933,
        "z": -0.37547001242637634
    },
    "landmark_11": {
        "x": 0.6482916474342346,
        "y": 0.4415949881076813,
        "z": -0.11643581092357635
    },
    "landmark_12": {
        "x": 0.4723876416683197,
        "y": 0.4416232705116272,
        "z": -0.10373105108737946
    },
    "landmark_13": {
        "x": 0.7399844527244568,
        "y": 0.48867106437683105,
        "z": -0.3980211615562439
    },
    "landmark_14": {
        "x": 0.38143929839134216,
        "y": 0.46791738271713257,
        "z": -0.41647690534591675
    },
    "landmark_15": {
        "x": 0.6215212941169739,
        "y": 0.4710376262664795,
        "z": -0.6604400873184204
    },
    "landmark_16": {
        "x": 0.47048094868659973,
        "y": 0.4023609161376953,
        "z": -0.7237860560417175
    },
    "landmark_17": {
        "x": 0.5851749181747437,
        "y": 0.46820268034935,
        "z": -0.7281668186187744
    },
    "landmark_18": {
        "x": 0.49841582775115967,
        "y": 0.3843284547328949,
        "z": -0.8044688105583191
    },
    "landmark_19": {
        "x": 0.5744706392288208,
        "y": 0.46142810583114624,
        "z": -0.6833904385566711
    },
    "landmark_20": {
        "x": 0.5045028328895569,
        "y": 0.3836260437965393,
        "z": -0.7652522325515747
    },
    "landmark_21": {
        "x": 0.583475649356842,
        "y": 0.46233803033828735,
        "z": -0.646699070930481
    },
    "landmark_22": {
        "x": 0.49998053908348083,
        "y": 0.3905758261680603,
        "z": -0.7187103033065796
    },
    "landmark_23": {
        "x": 0.6091459393501282,
        "y": 0.6133242845535278,
        "z": -0.007413864601403475
    },
    "landmark_24": {
        "x": 0.4968978762626648,
        "y": 0.6138430237770081,
        "z": 0.007506042718887329
    },
    "landmark_25": {
        "x": 0.6412032246589661,
        "y": 0.7264854311943054,
        "z": -0.028607500717043877
    },
    "landmark_26": {
        "x": 0.495924174785614,
        "y": 0.7342104315757751,
        "z": 0.17722764611244202
    },
    "landmark_27": {
        "x": 0.6301831007003784,
        "y": 0.8505690693855286,
        "z": 0.1715000420808792
    },
    "landmark_28": {
        "x": 0.53000408411026,
        "y": 0.8297897577285767,
        "z": 0.5551939606666565
    },
    "landmark_29": {
        "x": 0.6076554656028748,
        "y": 0.8663007616996765,
        "z": 0.17739713191986084
    },
    "landmark_30": {
        "x": 0.5459046363830566,
        "y": 0.8423301577568054,
        "z": 0.5805096626281738
    },
    "landmark_31": {
        "x": 0.6829063296318054,
        "y": 0.8877562284469604,
        "z": -0.06514721363782883
    },
    "landmark_32": {
        "x": 0.5001583099365234,
        "y": 0.8671330213546753,
        "z": 0.3818475604057312
    }
}