{
    "landmark_0": {
        "x": 0.4909742474555969,
        "y": 0.38345006108283997,
        "z": -0.5176201462745667
    },
    "landmark_1": {
        "x": 0.5025110840797424,
        "y": 0.3718003034591675,
        "z": -0.48729532957077026
    },
    "landmark_2": {
        "x": 0.5111753940582275,
        "y": 0.37144386768341064,
        "z": -0.48725542426109314
    },
    "landmark_3": {
        "x": 0.5183120965957642,
        "y": 0.3714345097541809,
        "z": -0.4871586561203003
    },
    "landmark_4": {
        "x": 0.4782872796058655,
        "y": 0.373258501291275,
        "z": -0.47877776622772217
    },
    "landmark_5": {
        "x": 0.4704345762729645,
        "y": 0.3740957975387573,
        "z": -0.4788497984409332
    },
    "landmark_6": {
        "x": 0.464705228805542,
        "y": 0.37501102685928345,
        "z": -0.4788358509540558
    },
    "landmark_7": {
        "x": 0.5292961001396179,
        "y": 0.377109557390213,
        "z": -0.29264819622039795
    },
    "landmark_8": {
        "x": 0.46073904633522034,
        "y": 0.38241758942604065,
        "z": -0.25743111968040466
    },
    "landmark_9": {
        "x": 0.5097951292991638,
        "y": 0.39582303166389465,
        "z": -0.444924920797348
    },
    "landmark_10": {
        "x": 0.47961488366127014,
        "y": 0.3976137638092041,
        "z": -0.4350805878639221
    },
    "landmark_11": {
        "x": 0.6050577163696289,
        "y": 0.45045405626296997,
        "z": -0.1860460489988327
    },
    "landmark_12": {
        "x": 0.40772879123687744,
        "y": 0.4573579430580139,
        "z": -0.10297303646802902
    },
    "landmark_13": {
        "x": 0.6441782712936401,
        "y": 0.5215155482292175,
        "z": -0.0931621566414833
    },
    "landmark_14": {
        "x": 0.3181396722793579,
        "y": 0.505307137966156,
        "z": -0.3108590543270111
    },
    "landmark_15": {
        "x": 0.6395068764686584,
        "y": 0.5919307470321655,
        "z": -0.17549234628677368
    },
    "landmark_16": {
        "x": 0.29753872752189636,
        "y": 0.433566153049469,
        "z": -0.7711007595062256
    },
    "landmark_17": {
        "x": 0.6493021249771118,
        "y": 0.6127293109893799,
        "z": -0.19665230810642242
    },
    "landmark_18": {
        "x": 0.2882872521877289,
        "y": 0.4119144380092621,
        "z": -0.8551948666572571
    },
    "landmark_19": {
        "x": 0.6376025676727295,
        "y": 0.6114890575408936,
        "z": -0.2395717054605484
    },
    "landmark_20": {
        "x": 0.2952941954135895,
        "y": 0.40466731786727905,
        "z": -0.8535940647125244
    },
    "landmark_21": {
        "x": 0.6291522979736328,
        "y": 0.6046192049980164,
        "z": -0.1888607293367386
    },
    "landmark_22": {
        "x": 0.30303579568862915,
        "y": 0.41230353713035583,
        "z": -0.7820382118225098
    },
    "landmark_23": {
        "x": 0.5691530704498291,
        "y": 0.6212648153305054,
        "z": -0.022311311215162277
    },
    "landmark_24": {
        "x": 0.4636020362377167,
        "y": 0.6193732023239136,
        "z": 0.021796246990561485
    },
    "landmark_25": {
        "x": 0.5611633062362671,
        "y": 0.738394021987915,
        "z": -0.010377696715295315
    },
    "landmark_26": {
        "x": 0.4560237526893616,
        "y": 0.7355497479438782,
        "z": 0.05806469917297363
    },
    "landmark_27": {
        "x": 0.5502768754959106,
        "y": 0.8359319567680359,
        "z": 0.4544368386268616
    },
    "landmark_28": {
        "x": 0.4478142559528351,
        "y": 0.8328503370285034,
        "z": 0.4705083966255188
    },
    "landmark_29": {
        "x": 0.5429178476333618,
        "y": 0.8466646075248718,
        "z": 0.4872758686542511
    },
    "landmark_30": {
        "x": 0.45826461911201477,
        "y": 0.8444582223892212,
        "z": 0.5022297501564026
    },
    "landmark_31": {
        "x": 0.5526008009910583,
        "y": 0.8742194175720215,
        "z": 0.26411718130111694
    },
    "landmark_32": {
        "x": 0.4342757761478424,
        "y": 0.8649700284004211,
        "z": 0.2830524444580078
    }
}