{
    "landmark_0": {
        "x": 0.6145442724227905,
        "y": 0.4188989996910095,
        "z": -0.41612598299980164
    },
    "landmark_1": {
        "x": 0.6272357702255249,
        "y": 0.41039150953292847,
        "z": -0.3713828921318054
    },
    "landmark_2": {
        "x": 0.6349062919616699,
        "y": 0.41127699613571167,
        "z": -0.3713684380054474
    },
    "landmark_3": {
        "x": 0.6409627795219421,
        "y": 0.41215968132019043,
        "z": -0.3713240325450897
    },
    "landmark_4": {
        "x": 0.606505274772644,
        "y": 0.40876683592796326,
        "z": -0.3774656057357788
    },
    "landmark_5": {
        "x": 0.5996865034103394,
        "y": 0.4086835980415344,
        "z": -0.3774873912334442
    },
    "landmark_6": {
        "x": 0.5918453931808472,
        "y": 0.4089430272579193,
        "z": -0.37752264738082886
    },
    "landmark_7": {
        "x": 0.6478395462036133,
        "y": 0.41919785737991333,
        "z": -0.12352123111486435
    },
    "landmark_8": {
        "x": 0.5841562151908875,
        "y": 0.4162437915802002,
        "z": -0.15500231087207794
    },
    "landmark_9": {
        "x": 0.6265289187431335,
        "y": 0.4329818785190582,
        "z": -0.32431209087371826
    },
    "landmark_10": {
        "x": 0.5999615788459778,
        "y": 0.4303685128688812,
        "z": -0.33352360129356384
    },
    "landmark_11": {
        "x": 0.6883583664894104,
        "y": 0.489793598651886,
        "z": 0.02385818213224411
    },
    "landmark_12": {
        "x": 0.5178630352020264,
        "y": 0.47823992371559143,
        "z": -0.08917836844921112
    },
    "landmark_13": {
        "x": 0.7282044887542725,
        "y": 0.5425220727920532,
        "z": -0.2143125683069229
    },
    "landmark_14": {
        "x": 0.4508635103702545,
        "y": 0.5458366274833679,
        "z": -0.2894544303417206
    },
    "landmark_15": {
        "x": 0.7389697432518005,
        "y": 0.4694381356239319,
        "z": -0.5812228322029114
    },
    "landmark_16": {
        "x": 0.5976589322090149,
        "y": 0.5543151497840881,
        "z": -0.5389634966850281
    },
    "landmark_17": {
        "x": 0.7435984015464783,
        "y": 0.44737109541893005,
        "z": -0.666527271270752
    },
    "landmark_18": {
        "x": 0.6332545280456543,
        "y": 0.5613231062889099,
        "z": -0.6071726679801941
    },
    "landmark_19": {
        "x": 0.7413414120674133,
        "y": 0.4426359534263611,
        "z": -0.6490983963012695
    },
    "landmark_20": {
        "x": 0.6464075446128845,
        "y": 0.553743302822113,
        "z": -0.5902836322784424
    },
    "landmark_21": {
        "x": 0.7360291481018066,
        "y": 0.4486435353755951,
        "z": -0.5860748887062073
    },
    "landmark_22": {
        "x": 0.6353121995925903,
        "y": 0.5504528880119324,
        "z": -0.5328302979469299
    },
    "landmark_23": {
        "x": 0.6297845840454102,
        "y": 0.6491985321044922,
        "z": 0.020366540178656578
    },
    "landmark_24": {
        "x": 0.5247252583503723,
        "y": 0.6440751552581787,
        "z": -0.020039232447743416
    },
    "landmark_25": {
        "x": 0.6349159479141235,
        "y": 0.7512054443359375,
        "z": 0.0947405993938446
    },
    "landmark_26": {
        "x": 0.44943806529045105,
        "y": 0.7514887452125549,
        "z": -0.268124520778656
    },
    "landmark_27": {
        "x": 0.5909006595611572,
        "y": 0.8435426950454712,
        "z": 0.39864611625671387
    },
    "landmark_28": {
        "x": 0.36177927255630493,
        "y": 0.8660938143730164,
        "z": -0.13010407984256744
    },
    "landmark_29": {
        "x": 0.5659257173538208,
        "y": 0.8574783205986023,
        "z": 0.4139726758003235
    },
    "landmark_30": {
        "x": 0.35824155807495117,
        "y": 0.8959554433822632,
        "z": -0.13065800070762634
    },
    "landmark_31": {
        "x": 0.6336163282394409,
        "y": 0.8808124661445618,
        "z": 0.20613625645637512
    },
    "landmark_32": {
        "x": 0.2694913148880005,
        "y": 0.8541463017463684,
        "z": -0.3979548513889313
    }
}