{
    "landmark_0": {
        "x": 0.4491705894470215,
        "y": 0.40774863958358765,
        "z": -0.40554043650627136
    },
    "landmark_1": {
        "x": 0.46145376563072205,
        "y": 0.3970801830291748,
        "z": -0.3701672852039337
    },
    "landmark_2": {
        "x": 0.4697515666484833,
        "y": 0.3972930908203125,
        "z": -0.37017861008644104
    },
    "landmark_3": {
        "x": 0.47616827487945557,
        "y": 0.39766043424606323,
        "z": -0.370070219039917
    },
    "landmark_4": {
        "x": 0.439780056476593,
        "y": 0.39758023619651794,
        "z": -0.3701012432575226
    },
    "landmark_5": {
        "x": 0.4329907298088074,
        "y": 0.3980182707309723,
        "z": -0.37005236744880676
    },
    "landmark_6": {
        "x": 0.42686188220977783,
        "y": 0.39861974120140076,
        "z": -0.37000608444213867
    },
    "landmark_7": {
        "x": 0.4897123873233795,
        "y": 0.4031725525856018,
        "z": -0.16795381903648376
    },
    "landmark_8": {
        "x": 0.4234675168991089,
        "y": 0.40541037917137146,
        "z": -0.16820335388183594
    },
    "landmark_9": {
        "x": 0.46604207158088684,
        "y": 0.42003053426742554,
        "z": -0.329077810049057
    },
    "landmark_10": {
        "x": 0.43764960765838623,
        "y": 0.4199870526790619,
        "z": -0.3289182186126709
    },
    "landmark_11": {
        "x": 0.5433791875839233,
        "y": 0.4595581889152527,
        "z": -0.10326969623565674
    },
    "landmark_12": {
        "x": 0.3777216970920563,
        "y": 0.4738861918449402,
        "z": -0.14468136429786682
    },
    "landmark_13": {
        "x": 0.5840043425559998,
        "y": 0.43668556213378906,
        "z": -0.46852174401283264
    },
    "landmark_14": {
        "x": 0.3348037302494049,
        "y": 0.5411652326583862,
        "z": -0.503598153591156
    },
    "landmark_15": {
        "x": 0.546478807926178,
        "y": 0.3730756342411041,
        "z": -0.8405903577804565
    },
    "landmark_16": {
        "x": 0.4437141418457031,
        "y": 0.5091540217399597,
        "z": -0.866428554058075
    },
    "landmark_17": {
        "x": 0.5383373498916626,
        "y": 0.3572009205818176,
        "z": -0.928758978843689
    },
    "landmark_18": {
        "x": 0.48750513792037964,
        "y": 0.5057425498962402,
        "z": -0.9523593187332153
    },
    "landmark_19": {
        "x": 0.533515453338623,
        "y": 0.3588434159755707,
        "z": -0.9059348106384277
    },
    "landmark_20": {
        "x": 0.4954931437969208,
        "y": 0.4966510832309723,
        "z": -0.9133323431015015
    },
    "landmark_21": {
        "x": 0.5332369804382324,
        "y": 0.3650156855583191,
        "z": -0.8460233211517334
    },
    "landmark_22": {
        "x": 0.4837902784347534,
        "y": 0.4963461756706238,
        "z": -0.8567448258399963
    },
    "landmark_23": {
        "x": 0.5157859325408936,
        "y": 0.630083441734314,
        "z": -0.011457550339400768
    },
    "landmark_24": {
        "x": 0.40668606758117676,
        "y": 0.6347395181655884,
        "z": 0.011564590968191624
    },
    "landmark_25": {
        "x": 0.5673746466636658,
        "y": 0.7432677745819092,
        "z": -0.13574837148189545
    },
    "landmark_26": {
        "x": 0.4012601673603058,
        "y": 0.7427579760551453,
        "z": 0.13548684120178223
    },
    "landmark_27": {
        "x": 0.6238237619400024,
        "y": 0.8597712516784668,
        "z": -0.07760493457317352
    },
    "landmark_28": {
        "x": 0.4548993706703186,
        "y": 0.8328016996383667,
        "z": 0.4838069975376129
    },
    "landmark_29": {
        "x": 0.6225883364677429,
        "y": 0.8901306390762329,
        "z": -0.08920817077159882
    },
    "landmark_30": {
        "x": 0.48206189274787903,
        "y": 0.8460150957107544,
        "z": 0.5058781504631042
    },
    "landmark_31": {
        "x": 0.699077844619751,
        "y": 0.8557859659194946,
        "z": -0.307779997587204
    },
    "landmark_32": {
        "x": 0.41971516609191895,
        "y": 0.865485668182373,
        "z": 0.33612769842147827
    }
}