{
    "landmark_0": {
        "x": 0.5782065987586975,
        "y": 0.362160325050354,
        "z": -0.3791767656803131
    },
    "landmark_1": {
        "x": 0.591882586479187,
        "y": 0.3516825735569,
        "z": -0.34046629071235657
    },
    "landmark_2": {
        "x": 0.600505530834198,
        "y": 0.35232657194137573,
        "z": -0.34049344062805176
    },
    "landmark_3": {
        "x": 0.6062577962875366,
        "y": 0.3529917597770691,
        "z": -0.34060508012771606
    },
    "landmark_4": {
        "x": 0.5686561465263367,
        "y": 0.35084134340286255,
        "z": -0.34105977416038513
    },
    "landmark_5": {
        "x": 0.5613037347793579,
        "y": 0.3507760763168335,
        "z": -0.3409634828567505
    },
    "landmark_6": {
        "x": 0.5534771680831909,
        "y": 0.35106319189071655,
        "z": -0.34101518988609314
    },
    "landmark_7": {
        "x": 0.6145874857902527,
        "y": 0.359998881816864,
        "z": -0.10519050806760788
    },
    "landmark_8": {
        "x": 0.5472967028617859,
        "y": 0.35713690519332886,
        "z": -0.11083805561065674
    },
    "landmark_9": {
        "x": 0.5925268530845642,
        "y": 0.376760870218277,
        "z": -0.2889209985733032
    },
    "landmark_10": {
        "x": 0.5633992552757263,
        "y": 0.37609919905662537,
        "z": -0.29127955436706543
    },
    "landmark_11": {
        "x": 0.6653650403022766,
        "y": 0.4279746115207672,
        "z": 0.0189095176756382
    },
    "landmark_12": {
        "x": 0.48733532428741455,
        "y": 0.41559654474258423,
        "z": -0.035276517271995544
    },
    "landmark_13": {
        "x": 0.7308675050735474,
        "y": 0.48726144433021545,
        "z": -0.24407777190208435
    },
    "landmark_14": {
        "x": 0.4033960700035095,
        "y": 0.45727163553237915,
        "z": -0.31941917538642883
    },
    "landmark_15": {
        "x": 0.7215807437896729,
        "y": 0.41226205229759216,
        "z": -0.6047891974449158
    },
    "landmark_16": {
        "x": 0.5446613430976868,
        "y": 0.45779553055763245,
        "z": -0.6651389002799988
    },
    "landmark_17": {
        "x": 0.718212366104126,
        "y": 0.3911781907081604,
        "z": -0.6833682656288147
    },
    "landmark_18": {
        "x": 0.591046929359436,
        "y": 0.4651258587837219,
        "z": -0.7433305382728577
    },
    "landmark_19": {
        "x": 0.7170909643173218,
        "y": 0.3858669698238373,
        "z": -0.6596839427947998
    },
    "landmark_20": {
        "x": 0.601714015007019,
        "y": 0.46356624364852905,
        "z": -0.7169036269187927
    },
    "landmark_21": {
        "x": 0.7135319113731384,
        "y": 0.39244282245635986,
        "z": -0.6052325963973999
    },
    "landmark_22": {
        "x": 0.5923203229904175,
        "y": 0.4605080187320709,
        "z": -0.6617085337638855
    },
    "landmark_23": {
        "x": 0.6069235801696777,
        "y": 0.5939311981201172,
        "z": -0.010758507065474987
    },
    "landmark_24": {
        "x": 0.49384164810180664,
        "y": 0.5881291627883911,
        "z": 0.010951998643577099
    },
    "landmark_25": {
        "x": 0.6152749061584473,
        "y": 0.7077815532684326,
        "z": -0.10790114104747772
    },
    "landmark_26": {
        "x": 0.4566027820110321,
        "y": 0.7028335332870483,
        "z": -0.10740072280168533
    },
    "landmark_27": {
        "x": 0.5848294496536255,
        "y": 0.8242882490158081,
        "z": 0.2076002061367035
    },
    "landmark_28": {
        "x": 0.4708992540836334,
        "y": 0.815608024597168,
        "z": 0.21802566945552826
    },
    "landmark_29": {
        "x": 0.5637773275375366,
        "y": 0.8344847559928894,
        "z": 0.22326987981796265
    },
    "landmark_30": {
        "x": 0.49503880739212036,
        "y": 0.8316727876663208,
        "z": 0.23636558651924133
    },
    "landmark_31": {
        "x": 0.6050079464912415,
        "y": 0.8726056218147278,
        "z": -0.023749858140945435
    },
    "landmark_32": {
        "x": 0.39752230048179626,
        "y": 0.8575636148452759,
        "z": 0.010887153446674347
    }
}