{
    "landmark_0": {
        "x": 0.5368536710739136,
        "y": 0.40412887930870056,
        "z": -0.4150351583957672
    },
    "landmark_1": {
        "x": 0.5498504042625427,
        "y": 0.3936047852039337,
        "z": -0.3757893145084381
    },
    "landmark_2": {
        "x": 0.5563560724258423,
        "y": 0.39369720220565796,
        "z": -0.375850647687912
    },
    "landmark_3": {
        "x": 0.5632100105285645,
        "y": 0.3939475417137146,
        "z": -0.37589865922927856
    },
    "landmark_4": {
        "x": 0.5254848003387451,
        "y": 0.3941212296485901,
        "z": -0.3723251223564148
    },
    "landmark_5": {
        "x": 0.5168061852455139,
        "y": 0.3946305811405182,
        "z": -0.3723645806312561
    },
    "landmark_6": {
        "x": 0.5083107352256775,
        "y": 0.3953346312046051,
        "z": -0.37237548828125
    },
    "landmark_7": {
        "x": 0.5740231871604919,
        "y": 0.4006730914115906,
        "z": -0.17004311084747314
    },
    "landmark_8": {
        "x": 0.49871256947517395,
        "y": 0.4028832018375397,
        "z": -0.15435576438903809
    },
    "landmark_9": {
        "x": 0.5507412552833557,
        "y": 0.4172206521034241,
        "z": -0.3411581516265869
    },
    "landmark_10": {
        "x": 0.5226544141769409,
        "y": 0.4172877371311188,
        "z": -0.33701300621032715
    },
    "landmark_11": {
        "x": 0.6289992928504944,
        "y": 0.4657211899757385,
        "z": -0.13029931485652924
    },
    "landmark_12": {
        "x": 0.45524293184280396,
        "y": 0.46942147612571716,
        "z": -0.057929787784814835
    },
    "landmark_13": {
        "x": 0.6756067872047424,
        "y": 0.5262449979782104,
        "z": -0.3689424693584442
    },
    "landmark_14": {
        "x": 0.3584006726741791,
        "y": 0.4866788983345032,
        "z": -0.3367599546909332
    },
    "landmark_15": {
        "x": 0.5385475754737854,
        "y": 0.5073379278182983,
        "z": -0.6297762989997864
    },
    "landmark_16": {
        "x": 0.39616477489471436,
        "y": 0.4070938229560852,
        "z": -0.6522618532180786
    },
    "landmark_17": {
        "x": 0.49795976281166077,
        "y": 0.5065834522247314,
        "z": -0.7030476331710815
    },
    "landmark_18": {
        "x": 0.4041687846183777,
        "y": 0.38653668761253357,
        "z": -0.733930230140686
    },
    "landmark_19": {
        "x": 0.49129974842071533,
        "y": 0.500789999961853,
        "z": -0.6775118112564087
    },
    "landmark_20": {
        "x": 0.4110921621322632,
        "y": 0.38304635882377625,
        "z": -0.7007598280906677
    },
    "landmark_21": {
        "x": 0.5003584027290344,
        "y": 0.5006386637687683,
        "z": -0.6222612261772156
    },
    "landmark_22": {
        "x": 0.4142954647541046,
        "y": 0.39042872190475464,
        "z": -0.6516717076301575
    },
    "landmark_23": {
        "x": 0.6098198294639587,
        "y": 0.6367263793945312,
        "z": -0.010732457973062992
    },
    "landmark_24": {
        "x": 0.49537184834480286,
        "y": 0.6403014659881592,
        "z": 0.010754675604403019
    },
    "landmark_25": {
        "x": 0.6529687643051147,
        "y": 0.7488033771514893,
        "z": -0.1512281745672226
    },
    "landmark_26": {
        "x": 0.48955628275871277,
        "y": 0.7517133951187134,
        "z": 0.20461788773536682
    },
    "landmark_27": {
        "x": 0.6842133402824402,
        "y": 0.8749622106552124,
        "z": -0.09209214150905609
    },
    "landmark_28": {
        "x": 0.5414129495620728,
        "y": 0.8337721824645996,
        "z": 0.6187471151351929
    },
    "landmark_29": {
        "x": 0.6767458915710449,
        "y": 0.9061089754104614,
        "z": -0.10054407268762589
    },
    "landmark_30": {
        "x": 0.5687999725341797,
        "y": 0.8481945991516113,
        "z": 0.6473627686500549
    },
    "landmark_31": {
        "x": 0.7778576612472534,
        "y": 0.8805530667304993,
        "z": -0.34284818172454834
    },
    "landmark_32": {
        "x": 0.5011386871337891,
        "y": 0.8701913952827454,
        "z": 0.4845973253250122
    }
}