{
    "landmark_0": {
        "x": 0.5282436609268188,
        "y": 0.38522985577583313,
        "z": -0.6426233053207397
    },
    "landmark_1": {
        "x": 0.5469149351119995,
        "y": 0.3707122802734375,
        "z": -0.6073746085166931
    },
    "landmark_2": {
        "x": 0.5571867823600769,
        "y": 0.37104928493499756,
        "z": -0.6074739694595337
    },
    "landmark_3": {
        "x": 0.5643756985664368,
        "y": 0.371445894241333,
        "z": -0.6074677109718323
    },
    "landmark_4": {
        "x": 0.5162336826324463,
        "y": 0.3702645003795624,
        "z": -0.6039395928382874
    },
    "landmark_5": {
        "x": 0.5061318874359131,
        "y": 0.37003862857818604,
        "z": -0.6039603352546692
    },
    "landmark_6": {
        "x": 0.49685555696487427,
        "y": 0.37018898129463196,
        "z": -0.604125440120697
    },
    "landmark_7": {
        "x": 0.5784136056900024,
        "y": 0.37697091698646545,
        "z": -0.363871693611145
    },
    "landmark_8": {
        "x": 0.4902062714099884,
        "y": 0.3737897574901581,
        "z": -0.3522190451622009
    },
    "landmark_9": {
        "x": 0.5477085709571838,
        "y": 0.40116891264915466,
        "z": -0.5490227341651917
    },
    "landmark_10": {
        "x": 0.5109949707984924,
        "y": 0.4011916518211365,
        "z": -0.5456364750862122
    },
    "landmark_11": {
        "x": 0.6455793380737305,
        "y": 0.46538758277893066,
        "z": -0.23154789209365845
    },
    "landmark_12": {
        "x": 0.4040929675102234,
        "y": 0.45355039834976196,
        "z": -0.1664114147424698
    },
    "landmark_13": {
        "x": 0.6667982935905457,
        "y": 0.5621342062950134,
        "z": -0.1600213646888733
    },
    "landmark_14": {
        "x": 0.3461390733718872,
        "y": 0.5439614653587341,
        "z": -0.06334879994392395
    },
    "landmark_15": {
        "x": 0.6190373301506042,
        "y": 0.6493815183639526,
        "z": -0.40086445212364197
    },
    "landmark_16": {
        "x": 0.3359502851963043,
        "y": 0.629813551902771,
        "z": -0.28222474455833435
    },
    "landmark_17": {
        "x": 0.6098576188087463,
        "y": 0.6816936135292053,
        "z": -0.47579461336135864
    },
    "landmark_18": {
        "x": 0.3267884850502014,
        "y": 0.6578357815742493,
        "z": -0.3472888767719269
    },
    "landmark_19": {
        "x": 0.5899596810340881,
        "y": 0.6761930584907532,
        "z": -0.5420255661010742
    },
    "landmark_20": {
        "x": 0.3473969101905823,
        "y": 0.6556341648101807,
        "z": -0.41793277859687805
    },
    "landmark_21": {
        "x": 0.5864192247390747,
        "y": 0.6685680747032166,
        "z": -0.4282856285572052
    },
    "landmark_22": {
        "x": 0.3551309108734131,
        "y": 0.647304892539978,
        "z": -0.31453484296798706
    },
    "landmark_23": {
        "x": 0.579194962978363,
        "y": 0.6564486026763916,
        "z": -0.004424483049660921
    },
    "landmark_24": {
        "x": 0.45342233777046204,
        "y": 0.660215437412262,
        "z": 0.004738309886306524
    },
    "landmark_25": {
        "x": 0.5843392610549927,
        "y": 0.7739204168319702,
        "z": 0.06110556796193123
    },
    "landmark_26": {
        "x": 0.4675394296646118,
        "y": 0.7934803366661072,
        "z": -0.052263375371694565
    },
    "landmark_27": {
        "x": 0.5467862486839294,
        "y": 0.8521745800971985,
        "z": 0.7197247743606567
    },
    "landmark_28": {
        "x": 0.49848273396492004,
        "y": 0.9109160304069519,
        "z": 0.30741235613822937
    },
    "landmark_29": {
        "x": 0.533146321773529,
        "y": 0.8593332171440125,
        "z": 0.7743891477584839
    },
    "landmark_30": {
        "x": 0.511078417301178,
        "y": 0.9222670793533325,
        "z": 0.32914867997169495
    },
    "landmark_31": {
        "x": 0.5476347804069519,
        "y": 0.9020475149154663,
        "z": 0.5733827948570251
    },
    "landmark_32": {
        "x": 0.48324742913246155,
        "y": 0.9620553851127625,
        "z": 0.05199693515896797
    }
}