{
    "landmark_0": {
        "x": 0.5589873790740967,
        "y": 0.35608139634132385,
        "z": -0.3695319592952728
    },
    "landmark_1": {
        "x": 0.5714696049690247,
        "y": 0.34719982743263245,
        "z": -0.32423001527786255
    },
    "landmark_2": {
        "x": 0.5802317261695862,
        "y": 0.3478068709373474,
        "z": -0.32421332597732544
    },
    "landmark_3": {
        "x": 0.58644038438797,
        "y": 0.3482770323753357,
        "z": -0.32430750131607056
    },
    "landmark_4": {
        "x": 0.5486099720001221,
        "y": 0.34685271978378296,
        "z": -0.3242013454437256
    },
    "landmark_5": {
        "x": 0.5421399474143982,
        "y": 0.3471762537956238,
        "z": -0.3240910470485687
    },
    "landmark_6": {
        "x": 0.5344143509864807,
        "y": 0.34764593839645386,
        "z": -0.3240484595298767
    },
    "landmark_7": {
        "x": 0.5996309518814087,
        "y": 0.35487836599349976,
        "z": -0.08786067366600037
    },
    "landmark_8": {
        "x": 0.5281605124473572,
        "y": 0.3537803590297699,
        "z": -0.08929070085287094
    },
    "landmark_9": {
        "x": 0.5753288269042969,
        "y": 0.3710927963256836,
        "z": -0.28346797823905945
    },
    "landmark_10": {
        "x": 0.5466281771659851,
        "y": 0.370798259973526,
        "z": -0.2850973606109619
    },
    "landmark_11": {
        "x": 0.644011378288269,
        "y": 0.42641645669937134,
        "z": 0.006885475013405085
    },
    "landmark_12": {
        "x": 0.47343337535858154,
        "y": 0.4167361855506897,
        "z": -0.04178662970662117
    },
    "landmark_13": {
        "x": 0.7359641194343567,
        "y": 0.46712571382522583,
        "z": -0.3177083730697632
    },
    "landmark_14": {
        "x": 0.3787398338317871,
        "y": 0.4442980885505676,
        "z": -0.3830215036869049
    },
    "landmark_15": {
        "x": 0.6738831996917725,
        "y": 0.39492863416671753,
        "z": -0.6234224438667297
    },
    "landmark_16": {
        "x": 0.5040675401687622,
        "y": 0.4179614186286926,
        "z": -0.6849092841148376
    },
    "landmark_17": {
        "x": 0.6586764454841614,
        "y": 0.37393519282341003,
        "z": -0.6933290362358093
    },
    "landmark_18": {
        "x": 0.53920978307724,
        "y": 0.41832464933395386,
        "z": -0.763583779335022
    },
    "landmark_19": {
        "x": 0.6539492607116699,
        "y": 0.37172484397888184,
        "z": -0.6483470797538757
    },
    "landmark_20": {
        "x": 0.5540610551834106,
        "y": 0.4176197648048401,
        "z": -0.7153311967849731
    },
    "landmark_21": {
        "x": 0.6521396040916443,
        "y": 0.38043904304504395,
        "z": -0.6134207844734192
    },
    "landmark_22": {
        "x": 0.5465416312217712,
        "y": 0.4182453751564026,
        "z": -0.6753414273262024
    },
    "landmark_23": {
        "x": 0.5987682938575745,
        "y": 0.5902817249298096,
        "z": 0.004642588552087545
    },
    "landmark_24": {
        "x": 0.483373761177063,
        "y": 0.5905502438545227,
        "z": -0.004720211494714022
    },
    "landmark_25": {
        "x": 0.6348520517349243,
        "y": 0.717982292175293,
        "z": -0.007883305661380291
    },
    "landmark_26": {
        "x": 0.4900689721107483,
        "y": 0.7161909341812134,
        "z": 0.07707540690898895
    },
    "landmark_27": {
        "x": 0.6335492730140686,
        "y": 0.8305391073226929,
        "z": 0.3087390065193176
    },
    "landmark_28": {
        "x": 0.5193136930465698,
        "y": 0.8275943994522095,
        "z": 0.4231700599193573
    },
    "landmark_29": {
        "x": 0.6176860332489014,
        "y": 0.8444210290908813,
        "z": 0.3251730501651764
    },
    "landmark_30": {
        "x": 0.5426972508430481,
        "y": 0.8387876749038696,
        "z": 0.44378459453582764
    },
    "landmark_31": {
        "x": 0.6690655946731567,
        "y": 0.8678895831108093,
        "z": 0.06415771692991257
    },
    "landmark_32": {
        "x": 0.48776814341545105,
        "y": 0.8690487742424011,
        "z": 0.2038160115480423
    }
}