{
    "landmark_0": {
        "x": 0.5571887493133545,
        "y": 0.36271581053733826,
        "z": -0.33691465854644775
    },
    "landmark_1": {
        "x": 0.5694179534912109,
        "y": 0.3535674512386322,
        "z": -0.2921137511730194
    },
    "landmark_2": {
        "x": 0.5757222771644592,
        "y": 0.353707492351532,
        "z": -0.2921317517757416
    },
    "landmark_3": {
        "x": 0.5825022459030151,
        "y": 0.35398057103157043,
        "z": -0.29221752285957336
    },
    "landmark_4": {
        "x": 0.5464320778846741,
        "y": 0.3535853326320648,
        "z": -0.2907722294330597
    },
    "landmark_5": {
        "x": 0.538138747215271,
        "y": 0.3539620339870453,
        "z": -0.29069992899894714
    },
    "landmark_6": {
        "x": 0.5319139957427979,
        "y": 0.3543017506599426,
        "z": -0.2906918227672577
    },
    "landmark_7": {
        "x": 0.5964462161064148,
        "y": 0.36105966567993164,
        "z": -0.06843674182891846
    },
    "landmark_8": {
        "x": 0.5245311856269836,
        "y": 0.3611027002334595,
        "z": -0.06335343420505524
    },
    "landmark_9": {
        "x": 0.5732260346412659,
        "y": 0.3769567012786865,
        "z": -0.2568024694919586
    },
    "landmark_10": {
        "x": 0.5455038547515869,
        "y": 0.377715528011322,
        "z": -0.2563130557537079
    },
    "landmark_11": {
        "x": 0.6460182070732117,
        "y": 0.4327464699745178,
        "z": 0.008281935006380081
    },
    "landmark_12": {
        "x": 0.4785793721675873,
        "y": 0.42564278841018677,
        "z": -0.019241031259298325
    },
    "landmark_13": {
        "x": 0.7302591800689697,
        "y": 0.4752078950405121,
        "z": -0.2926868200302124
    },
    "landmark_14": {
        "x": 0.3742351830005646,
        "y": 0.45033541321754456,
        "z": -0.3389153778553009
    },
    "landmark_15": {
        "x": 0.6451220512390137,
        "y": 0.4055413603782654,
        "z": -0.5133676528930664
    },
    "landmark_16": {
        "x": 0.4779225289821625,
        "y": 0.408081591129303,
        "z": -0.5784336924552917
    },
    "landmark_17": {
        "x": 0.6231074333190918,
        "y": 0.3916991949081421,
        "z": -0.5732331275939941
    },
    "landmark_18": {
        "x": 0.5146332383155823,
        "y": 0.39998120069503784,
        "z": -0.6474517583847046
    },
    "landmark_19": {
        "x": 0.6185624599456787,
        "y": 0.39047276973724365,
        "z": -0.5204518437385559
    },
    "landmark_20": {
        "x": 0.5208693146705627,
        "y": 0.39811402559280396,
        "z": -0.6015879511833191
    },
    "landmark_21": {
        "x": 0.6211689114570618,
        "y": 0.39576587080955505,
        "z": -0.49830085039138794
    },
    "landmark_22": {
        "x": 0.5135640501976013,
        "y": 0.40227407217025757,
        "z": -0.5700849294662476
    },
    "landmark_23": {
        "x": 0.6021317839622498,
        "y": 0.5960541367530823,
        "z": 0.009250768460333347
    },
    "landmark_24": {
        "x": 0.486770898103714,
        "y": 0.5965654253959656,
        "z": -0.009270135313272476
    },
    "landmark_25": {
        "x": 0.6414110064506531,
        "y": 0.7177519798278809,
        "z": 0.01517477072775364
    },
    "landmark_26": {
        "x": 0.5033345818519592,
        "y": 0.7197978496551514,
        "z": 0.07779661566019058
    },
    "landmark_27": {
        "x": 0.6455389261245728,
        "y": 0.8344590067863464,
        "z": 0.23498518764972687
    },
    "landmark_28": {
        "x": 0.5308260917663574,
        "y": 0.8299012184143066,
        "z": 0.35501110553741455
    },
    "landmark_29": {
        "x": 0.6260730028152466,
        "y": 0.85077965259552,
        "z": 0.24227510392665863
    },
    "landmark_30": {
        "x": 0.5505110621452332,
        "y": 0.842814564704895,
        "z": 0.36869412660598755
    },
    "landmark_31": {
        "x": 0.6994560956954956,
        "y": 0.8670092821121216,
        "z": -0.009435299783945084
    },
    "landmark_32": {
        "x": 0.5021837949752808,
        "y": 0.8664562106132507,
        "z": 0.1353607177734375
    }
}