{
    "landmark_0": {
        "x": 0.6135755777359009,
        "y": 0.4137307107448578,
        "z": -0.3885725140571594
    },
    "landmark_1": {
        "x": 0.6269590854644775,
        "y": 0.4045802652835846,
        "z": -0.3424711525440216
    },
    "landmark_2": {
        "x": 0.6347941756248474,
        "y": 0.4056223928928375,
        "z": -0.3424777090549469
    },
    "landmark_3": {
        "x": 0.6410848498344421,
        "y": 0.40674906969070435,
        "z": -0.3424845337867737
    },
    "landmark_4": {
        "x": 0.6054733991622925,
        "y": 0.40275782346725464,
        "z": -0.34474635124206543
    },
    "landmark_5": {
        "x": 0.5982404947280884,
        "y": 0.40250879526138306,
        "z": -0.34473854303359985
    },
    "landmark_6": {
        "x": 0.5908231735229492,
        "y": 0.4026300311088562,
        "z": -0.3447659909725189
    },
    "landmark_7": {
        "x": 0.6484034061431885,
        "y": 0.4148438572883606,
        "z": -0.10046413540840149
    },
    "landmark_8": {
        "x": 0.5837699174880981,
        "y": 0.4102654457092285,
        "z": -0.11409514397382736
    },
    "landmark_9": {
        "x": 0.6261734962463379,
        "y": 0.4287668764591217,
        "z": -0.2999347150325775
    },
    "landmark_10": {
        "x": 0.5981337428092957,
        "y": 0.42609673738479614,
        "z": -0.30418795347213745
    },
    "landmark_11": {
        "x": 0.685705304145813,
        "y": 0.4868946969509125,
        "z": 0.01484707836061716
    },
    "landmark_12": {
        "x": 0.5122156739234924,
        "y": 0.47224515676498413,
        "z": -0.0425349697470665
    },
    "landmark_13": {
        "x": 0.7360197305679321,
        "y": 0.5388212203979492,
        "z": -0.2601034939289093
    },
    "landmark_14": {
        "x": 0.430970162153244,
        "y": 0.5320752859115601,
        "z": -0.2912420630455017
    },
    "landmark_15": {
        "x": 0.7299766540527344,
        "y": 0.45659151673316956,
        "z": -0.6312755346298218
    },
    "landmark_16": {
        "x": 0.5575318932533264,
        "y": 0.5285800695419312,
        "z": -0.5946332216262817
    },
    "landmark_17": {
        "x": 0.7242130637168884,
        "y": 0.4345944821834564,
        "z": -0.7161716222763062
    },
    "landmark_18": {
        "x": 0.5998082756996155,
        "y": 0.5330817103385925,
        "z": -0.6675877571105957
    },
    "landmark_19": {
        "x": 0.7225093245506287,
        "y": 0.42938175797462463,
        "z": -0.6848680973052979
    },
    "landmark_20": {
        "x": 0.6144734621047974,
        "y": 0.5274646282196045,
        "z": -0.6383219957351685
    },
    "landmark_21": {
        "x": 0.7190738916397095,
        "y": 0.4375848174095154,
        "z": -0.6295216083526611
    },
    "landmark_22": {
        "x": 0.6067714691162109,
        "y": 0.5256977081298828,
        "z": -0.5863898992538452
    },
    "landmark_23": {
        "x": 0.6283015012741089,
        "y": 0.648539125919342,
        "z": 0.003228772897273302
    },
    "landmark_24": {
        "x": 0.5197328329086304,
        "y": 0.641017735004425,
        "z": -0.0029950214084237814
    },
    "landmark_25": {
        "x": 0.6511222720146179,
        "y": 0.752794623374939,
        "z": -0.1689513474702835
    },
    "landmark_26": {
        "x": 0.43671637773513794,
        "y": 0.7504193186759949,
        "z": -0.2089443802833557
    },
    "landmark_27": {
        "x": 0.5875236988067627,
        "y": 0.8417311906814575,
        "z": 0.16141706705093384
    },
    "landmark_28": {
        "x": 0.3560599982738495,
        "y": 0.8608080744743347,
        "z": 0.018570398911833763
    },
    "landmark_29": {
        "x": 0.5594596266746521,
        "y": 0.8537351489067078,
        "z": 0.18162129819393158
    },
    "landmark_30": {
        "x": 0.3634047508239746,
        "y": 0.891247570514679,
        "z": 0.026744790375232697
    },
    "landmark_31": {
        "x": 0.6284471154212952,
        "y": 0.8811683654785156,
        "z": -0.0343560129404068
    },
    "landmark_32": {
        "x": 0.256700724363327,
        "y": 0.854640007019043,
        "z": -0.2223687320947647
    }
}