{
    "landmark_0": {
        "x": 0.5130329132080078,
        "y": 0.3548855781555176,
        "z": -0.3553978502750397
    },
    "landmark_1": {
        "x": 0.5264484882354736,
        "y": 0.3458094298839569,
        "z": -0.31947723031044006
    },
    "landmark_2": {
        "x": 0.5347501039505005,
        "y": 0.34658554196357727,
        "z": -0.31947556138038635
    },
    "landmark_3": {
        "x": 0.5404757857322693,
        "y": 0.34718695282936096,
        "z": -0.31957846879959106
    },
    "landmark_4": {
        "x": 0.5045907497406006,
        "y": 0.344846248626709,
        "z": -0.3152436912059784
    },
    "landmark_5": {
        "x": 0.49783673882484436,
        "y": 0.3447019159793854,
        "z": -0.3151152431964874
    },
    "landmark_6": {
        "x": 0.4903355538845062,
        "y": 0.34488800168037415,
        "z": -0.3150986135005951
    },
    "landmark_7": {
        "x": 0.5499370098114014,
        "y": 0.35327959060668945,
        "z": -0.1043291762471199
    },
    "landmark_8": {
        "x": 0.48339003324508667,
        "y": 0.34959542751312256,
        "z": -0.0845622792840004
    },
    "landmark_9": {
        "x": 0.5271784067153931,
        "y": 0.37020421028137207,
        "z": -0.2728479504585266
    },
    "landmark_10": {
        "x": 0.5005607604980469,
        "y": 0.36904609203338623,
        "z": -0.2680674195289612
    },
    "landmark_11": {
        "x": 0.597442090511322,
        "y": 0.4192834496498108,
        "z": -0.011583402752876282
    },
    "landmark_12": {
        "x": 0.424268901348114,
        "y": 0.40787726640701294,
        "z": 0.0052862768061459064
    },
    "landmark_13": {
        "x": 0.6770381331443787,
        "y": 0.45608052611351013,
        "z": -0.2949196696281433
    },
    "landmark_14": {
        "x": 0.3420015573501587,
        "y": 0.4593849778175354,
        "z": -0.28079739212989807
    },
    "landmark_15": {
        "x": 0.6552969217300415,
        "y": 0.384321391582489,
        "z": -0.6344866156578064
    },
    "landmark_16": {
        "x": 0.4564718008041382,
        "y": 0.4454473853111267,
        "z": -0.6606891751289368
    },
    "landmark_17": {
        "x": 0.6521795392036438,
        "y": 0.3648523688316345,
        "z": -0.7133926153182983
    },
    "landmark_18": {
        "x": 0.4903818666934967,
        "y": 0.44681110978126526,
        "z": -0.7457963824272156
    },
    "landmark_19": {
        "x": 0.646125853061676,
        "y": 0.3625113368034363,
        "z": -0.6810961365699768
    },
    "landmark_20": {
        "x": 0.5058130025863647,
        "y": 0.4455629289150238,
        "z": -0.7154222130775452
    },
    "landmark_21": {
        "x": 0.6424378752708435,
        "y": 0.36935368180274963,
        "z": -0.630435585975647
    },
    "landmark_22": {
        "x": 0.49370190501213074,
        "y": 0.4445289969444275,
        "z": -0.6575493216514587
    },
    "landmark_23": {
        "x": 0.545799970626831,
        "y": 0.5790727734565735,
        "z": -0.03979257121682167
    },
    "landmark_24": {
        "x": 0.43195581436157227,
        "y": 0.5776589512825012,
        "z": 0.03982769697904587
    },
    "landmark_25": {
        "x": 0.5658743977546692,
        "y": 0.699743926525116,
        "z": -0.15383358299732208
    },
    "landmark_26": {
        "x": 0.41228291392326355,
        "y": 0.7002492547035217,
        "z": -0.031687960028648376
    },
    "landmark_27": {
        "x": 0.5397264361381531,
        "y": 0.8165580630302429,
        "z": 0.20339247584342957
    },
    "landmark_28": {
        "x": 0.44437700510025024,
        "y": 0.8054462671279907,
        "z": 0.3278369903564453
    },
    "landmark_29": {
        "x": 0.5263621807098389,
        "y": 0.8290788531303406,
        "z": 0.2240348756313324
    },
    "landmark_30": {
        "x": 0.4699719250202179,
        "y": 0.8195789456367493,
        "z": 0.3521336317062378
    },
    "landmark_31": {
        "x": 0.5422322154045105,
        "y": 0.8628255128860474,
        "z": -0.029367947950959206
    },
    "landmark_32": {
        "x": 0.39270690083503723,
        "y": 0.851404070854187,
        "z": 0.14441317319869995
    }
}