{
    "landmark_0": {
        "x": 0.5386896729469299,
        "y": 0.3958938419818878,
        "z": -0.37806668877601624
    },
    "landmark_1": {
        "x": 0.5520387887954712,
        "y": 0.38593465089797974,
        "z": -0.3407939672470093
    },
    "landmark_2": {
        "x": 0.5590177178382874,
        "y": 0.3860834240913391,
        "z": -0.34085553884506226
    },
    "landmark_3": {
        "x": 0.5648240447044373,
        "y": 0.38622012734413147,
        "z": -0.3409062325954437
    },
    "landmark_4": {
        "x": 0.528437614440918,
        "y": 0.3862244188785553,
        "z": -0.3341217041015625
    },
    "landmark_5": {
        "x": 0.520057201385498,
        "y": 0.3866046965122223,
        "z": -0.33409157395362854
    },
    "landmark_6": {
        "x": 0.5115261673927307,
        "y": 0.3870956599712372,
        "z": -0.3341037929058075
    },
    "landmark_7": {
        "x": 0.5755732655525208,
        "y": 0.39246565103530884,
        "z": -0.14583812654018402
    },
    "landmark_8": {
        "x": 0.5040015578269958,
        "y": 0.3938307762145996,
        "z": -0.11471906304359436
    },
    "landmark_9": {
        "x": 0.5529680848121643,
        "y": 0.40980833768844604,
        "z": -0.3079303801059723
    },
    "landmark_10": {
        "x": 0.5260545015335083,
        "y": 0.4092457890510559,
        "z": -0.2995515763759613
    },
    "landmark_11": {
        "x": 0.6333107352256775,
        "y": 0.45804363489151,
        "z": -0.11149100959300995
    },
    "landmark_12": {
        "x": 0.4589499235153198,
        "y": 0.46034950017929077,
        "z": -0.03907172381877899
    },
    "landmark_13": {
        "x": 0.6945493817329407,
        "y": 0.5135612487792969,
        "z": -0.35303813219070435
    },
    "landmark_14": {
        "x": 0.36212867498397827,
        "y": 0.47933492064476013,
        "z": -0.3280651867389679
    },
    "landmark_15": {
        "x": 0.5717719197273254,
        "y": 0.4837583601474762,
        "z": -0.5720338821411133
    },
    "landmark_16": {
        "x": 0.4127587676048279,
        "y": 0.4028664529323578,
        "z": -0.6300479173660278
    },
    "landmark_17": {
        "x": 0.5263116359710693,
        "y": 0.47976869344711304,
        "z": -0.637277364730835
    },
    "landmark_18": {
        "x": 0.42699283361434937,
        "y": 0.38236358761787415,
        "z": -0.7079200148582458
    },
    "landmark_19": {
        "x": 0.5196147561073303,
        "y": 0.47551432251930237,
        "z": -0.6074463129043579
    },
    "landmark_20": {
        "x": 0.4338151216506958,
        "y": 0.38001951575279236,
        "z": -0.6735026836395264
    },
    "landmark_21": {
        "x": 0.5318729877471924,
        "y": 0.4762226641178131,
        "z": -0.5627040863037109
    },
    "landmark_22": {
        "x": 0.43514683842658997,
        "y": 0.3866732120513916,
        "z": -0.6284647583961487
    },
    "landmark_23": {
        "x": 0.6086341142654419,
        "y": 0.6274974346160889,
        "z": -0.013741429895162582
    },
    "landmark_24": {
        "x": 0.49500954151153564,
        "y": 0.6319719552993774,
        "z": 0.013781608082354069
    },
    "landmark_25": {
        "x": 0.6543301343917847,
        "y": 0.7407640814781189,
        "z": -0.08993518352508545
    },
    "landmark_26": {
        "x": 0.49371740221977234,
        "y": 0.7446494102478027,
        "z": 0.18443666398525238
    },
    "landmark_27": {
        "x": 0.6778361201286316,
        "y": 0.8646203875541687,
        "z": 0.03233497217297554
    },
    "landmark_28": {
        "x": 0.5385792255401611,
        "y": 0.8342940211296082,
        "z": 0.5528051853179932
    },
    "landmark_29": {
        "x": 0.6631104350090027,
        "y": 0.8887432813644409,
        "z": 0.03009200282394886
    },
    "landmark_30": {
        "x": 0.5649634003639221,
        "y": 0.848834216594696,
        "z": 0.5764601826667786
    },
    "landmark_31": {
        "x": 0.7681556940078735,
        "y": 0.8797275424003601,
        "z": -0.19852273166179657
    },
    "landmark_32": {
        "x": 0.5053636431694031,
        "y": 0.8675445318222046,
        "z": 0.40142136812210083
    }
}