{
    "landmark_0": {
        "x": 0.5841810703277588,
        "y": 0.4021844267845154,
        "z": -0.4474943280220032
    },
    "landmark_1": {
        "x": 0.598798394203186,
        "y": 0.393312007188797,
        "z": -0.40784984827041626
    },
    "landmark_2": {
        "x": 0.6071369051933289,
        "y": 0.3940172493457794,
        "z": -0.40785932540893555
    },
    "landmark_3": {
        "x": 0.615059494972229,
        "y": 0.39488300681114197,
        "z": -0.4078280031681061
    },
    "landmark_4": {
        "x": 0.5762475728988647,
        "y": 0.3927364945411682,
        "z": -0.4077701270580292
    },
    "landmark_5": {
        "x": 0.5688828229904175,
        "y": 0.3929537236690521,
        "z": -0.4077606499195099
    },
    "landmark_6": {
        "x": 0.5618563890457153,
        "y": 0.3933335244655609,
        "z": -0.40785330533981323
    },
    "landmark_7": {
        "x": 0.6243983507156372,
        "y": 0.4016351103782654,
        "z": -0.16986419260501862
    },
    "landmark_8": {
        "x": 0.5558952689170837,
        "y": 0.3999292552471161,
        "z": -0.17419026792049408
    },
    "landmark_9": {
        "x": 0.599040687084198,
        "y": 0.4178118109703064,
        "z": -0.35830026865005493
    },
    "landmark_10": {
        "x": 0.5707265138626099,
        "y": 0.4165743887424469,
        "z": -0.35976898670196533
    },
    "landmark_11": {
        "x": 0.6719104051589966,
        "y": 0.477471262216568,
        "z": -0.03987852856516838
    },
    "landmark_12": {
        "x": 0.49367812275886536,
        "y": 0.4619457721710205,
        "z": -0.09552160650491714
    },
    "landmark_13": {
        "x": 0.717715859413147,
        "y": 0.5334396362304688,
        "z": -0.34010329842567444
    },
    "landmark_14": {
        "x": 0.4186145067214966,
        "y": 0.5238950848579407,
        "z": -0.362155020236969
    },
    "landmark_15": {
        "x": 0.7236286401748657,
        "y": 0.4545045793056488,
        "z": -0.7427003383636475
    },
    "landmark_16": {
        "x": 0.5486241579055786,
        "y": 0.5248741507530212,
        "z": -0.6997056007385254
    },
    "landmark_17": {
        "x": 0.7220808863639832,
        "y": 0.43484029173851013,
        "z": -0.8294956684112549
    },
    "landmark_18": {
        "x": 0.5942514538764954,
        "y": 0.5335804224014282,
        "z": -0.7749738693237305
    },
    "landmark_19": {
        "x": 0.7198073267936707,
        "y": 0.4285573363304138,
        "z": -0.8080971837043762
    },
    "landmark_20": {
        "x": 0.6081956028938293,
        "y": 0.5296844840049744,
        "z": -0.7557827234268188
    },
    "landmark_21": {
        "x": 0.7160266637802124,
        "y": 0.4361771047115326,
        "z": -0.7452312707901001
    },
    "landmark_22": {
        "x": 0.6011539697647095,
        "y": 0.5271145701408386,
        "z": -0.6964768767356873
    },
    "landmark_23": {
        "x": 0.6116160750389099,
        "y": 0.6429490447044373,
        "z": -0.00012104228517273441
    },
    "landmark_24": {
        "x": 0.49564117193222046,
        "y": 0.6361008882522583,
        "z": 0.000367436878150329
    },
    "landmark_25": {
        "x": 0.6230844855308533,
        "y": 0.7439208626747131,
        "z": 0.04519351199269295
    },
    "landmark_26": {
        "x": 0.4157085120677948,
        "y": 0.7389056086540222,
        "z": -0.20198780298233032
    },
    "landmark_27": {
        "x": 0.5661881566047668,
        "y": 0.8407167196273804,
        "z": 0.36683642864227295
    },
    "landmark_28": {
        "x": 0.3562294542789459,
        "y": 0.8533695936203003,
        "z": -0.006397321354597807
    },
    "landmark_29": {
        "x": 0.5394046306610107,
        "y": 0.8554403185844421,
        "z": 0.38271364569664
    },
    "landmark_30": {
        "x": 0.36469531059265137,
        "y": 0.881457507610321,
        "z": -0.0028650048188865185
    },
    "landmark_31": {
        "x": 0.6146996021270752,
        "y": 0.8761692047119141,
        "z": 0.1634853035211563
    },
    "landmark_32": {
        "x": 0.25422781705856323,
        "y": 0.8592091798782349,
        "z": -0.25624990463256836
    }
}