{
    "landmark_0": {
        "x": 0.6608275175094604,
        "y": 0.41656559705734253,
        "z": -0.42454993724823
    },
    "landmark_1": {
        "x": 0.674194872379303,
        "y": 0.40709152817726135,
        "z": -0.3774518668651581
    },
    "landmark_2": {
        "x": 0.6794300079345703,
        "y": 0.4080027937889099,
        "z": -0.3774523138999939
    },
    "landmark_3": {
        "x": 0.685188889503479,
        "y": 0.40903034806251526,
        "z": -0.37746337056159973
    },
    "landmark_4": {
        "x": 0.6515114307403564,
        "y": 0.404671847820282,
        "z": -0.3854781985282898
    },
    "landmark_5": {
        "x": 0.6431280970573425,
        "y": 0.4044124484062195,
        "z": -0.38548797369003296
    },
    "landmark_6": {
        "x": 0.636106550693512,
        "y": 0.4046420156955719,
        "z": -0.3855228126049042
    },
    "landmark_7": {
        "x": 0.6919180154800415,
        "y": 0.4164329469203949,
        "z": -0.12338598817586899
    },
    "landmark_8": {
        "x": 0.6229121685028076,
        "y": 0.4125669002532959,
        "z": -0.16221864521503448
    },
    "landmark_9": {
        "x": 0.6699055433273315,
        "y": 0.4317839741706848,
        "z": -0.3307117223739624
    },
    "landmark_10": {
        "x": 0.6432343125343323,
        "y": 0.4296324849128723,
        "z": -0.3420770764350891
    },
    "landmark_11": {
        "x": 0.7241062521934509,
        "y": 0.4917098879814148,
        "z": 0.022611107677221298
    },
    "landmark_12": {
        "x": 0.5535163879394531,
        "y": 0.47584256529808044,
        "z": -0.10723515599966049
    },
    "landmark_13": {
        "x": 0.763733446598053,
        "y": 0.5433264374732971,
        "z": -0.221572607755661
    },
    "landmark_14": {
        "x": 0.49338477849960327,
        "y": 0.5405791401863098,
        "z": -0.3289106786251068
    },
    "landmark_15": {
        "x": 0.7828760743141174,
        "y": 0.4732131063938141,
        "z": -0.6228296160697937
    },
    "landmark_16": {
        "x": 0.6352542638778687,
        "y": 0.5553683638572693,
        "z": -0.5771333575248718
    },
    "landmark_17": {
        "x": 0.7914778590202332,
        "y": 0.451895534992218,
        "z": -0.7121352553367615
    },
    "landmark_18": {
        "x": 0.6697555780410767,
        "y": 0.5642598271369934,
        "z": -0.6468052864074707
    },
    "landmark_19": {
        "x": 0.7885822057723999,
        "y": 0.44836610555648804,
        "z": -0.7000556588172913
    },
    "landmark_20": {
        "x": 0.6825539469718933,
        "y": 0.5571100115776062,
        "z": -0.623976469039917
    },
    "landmark_21": {
        "x": 0.7816720008850098,
        "y": 0.4540223181247711,
        "z": -0.6315208673477173
    },
    "landmark_22": {
        "x": 0.6701738238334656,
        "y": 0.553017795085907,
        "z": -0.5690339803695679
    },
    "landmark_23": {
        "x": 0.6584853529930115,
        "y": 0.6511123776435852,
        "z": 0.027917860075831413
    },
    "landmark_24": {
        "x": 0.5435555577278137,
        "y": 0.6441460251808167,
        "z": -0.027613775804638863
    },
    "landmark_25": {
        "x": 0.6945117712020874,
        "y": 0.7466519474983215,
        "z": -0.23232337832450867
    },
    "landmark_26": {
        "x": 0.4673363268375397,
        "y": 0.7540022134780884,
        "z": -0.3148100674152374
    },
    "landmark_27": {
        "x": 0.6317430734634399,
        "y": 0.845392107963562,
        "z": 0.07098894566297531
    },
    "landmark_28": {
        "x": 0.37387168407440186,
        "y": 0.8705152273178101,
        "z": -0.133145272731781
    },
    "landmark_29": {
        "x": 0.5964627861976624,
        "y": 0.8623391389846802,
        "z": 0.08723566681146622
    },
    "landmark_30": {
        "x": 0.3711528480052948,
        "y": 0.8985832333564758,
        "z": -0.13053911924362183
    },
    "landmark_31": {
        "x": 0.689439594745636,
        "y": 0.8857967257499695,
        "z": -0.1396331638097763
    },
    "landmark_32": {
        "x": 0.2813989818096161,
        "y": 0.8610652685165405,
        "z": -0.40358713269233704
    }
}