{
    "landmark_0": {
        "x": 0.5766793489456177,
        "y": 0.3748435080051422,
        "z": -0.3110763132572174
    },
    "landmark_1": {
        "x": 0.5921012759208679,
        "y": 0.3657930791378021,
        "z": -0.2674418091773987
    },
    "landmark_2": {
        "x": 0.6000420451164246,
        "y": 0.36668485403060913,
        "z": -0.26742270588874817
    },
    "landmark_3": {
        "x": 0.6056787371635437,
        "y": 0.3675740957260132,
        "z": -0.26742976903915405
    },
    "landmark_4": {
        "x": 0.5688594579696655,
        "y": 0.3645997643470764,
        "z": -0.2720334529876709
    },
    "landmark_5": {
        "x": 0.5615978837013245,
        "y": 0.36456114053726196,
        "z": -0.27199962735176086
    },
    "landmark_6": {
        "x": 0.5539636015892029,
        "y": 0.36451083421707153,
        "z": -0.27203211188316345
    },
    "landmark_7": {
        "x": 0.6165223121643066,
        "y": 0.3745313882827759,
        "z": -0.02459009550511837
    },
    "landmark_8": {
        "x": 0.546665370464325,
        "y": 0.3710375130176544,
        "z": -0.051889754831790924
    },
    "landmark_9": {
        "x": 0.591594398021698,
        "y": 0.3891233503818512,
        "z": -0.220191091299057
    },
    "landmark_10": {
        "x": 0.5622520446777344,
        "y": 0.3871634900569916,
        "z": -0.2283916473388672
    },
    "landmark_11": {
        "x": 0.6588612198829651,
        "y": 0.44090646505355835,
        "z": 0.10657373070716858
    },
    "landmark_12": {
        "x": 0.4870226979255676,
        "y": 0.4302540719509125,
        "z": 0.009045872837305069
    },
    "landmark_13": {
        "x": 0.7205140590667725,
        "y": 0.48913097381591797,
        "z": -0.10889120399951935
    },
    "landmark_14": {
        "x": 0.4152871072292328,
        "y": 0.47969913482666016,
        "z": -0.22571946680545807
    },
    "landmark_15": {
        "x": 0.7334328293800354,
        "y": 0.41474395990371704,
        "z": -0.4172423779964447
    },
    "landmark_16": {
        "x": 0.5497370958328247,
        "y": 0.4950740337371826,
        "z": -0.5041673183441162
    },
    "landmark_17": {
        "x": 0.7384582757949829,
        "y": 0.3946447968482971,
        "z": -0.49033740162849426
    },
    "landmark_18": {
        "x": 0.593407928943634,
        "y": 0.5084880590438843,
        "z": -0.5680571794509888
    },
    "landmark_19": {
        "x": 0.7332982420921326,
        "y": 0.3902491629123688,
        "z": -0.47582659125328064
    },
    "landmark_20": {
        "x": 0.6060818433761597,
        "y": 0.5018591284751892,
        "z": -0.5529248118400574
    },
    "landmark_21": {
        "x": 0.7278033494949341,
        "y": 0.39651215076446533,
        "z": -0.42265138030052185
    },
    "landmark_22": {
        "x": 0.5976431965827942,
        "y": 0.49785280227661133,
        "z": -0.50041264295578
    },
    "landmark_23": {
        "x": 0.6022284030914307,
        "y": 0.6085118055343628,
        "z": 0.0032385343220084906
    },
    "landmark_24": {
        "x": 0.4875469207763672,
        "y": 0.6030824780464172,
        "z": -0.002827804535627365
    },
    "landmark_25": {
        "x": 0.6107142567634583,
        "y": 0.7220921516418457,
        "z": -0.038483984768390656
    },
    "landmark_26": {
        "x": 0.4478336274623871,
        "y": 0.7136862277984619,
        "z": -0.0804871991276741
    },
    "landmark_27": {
        "x": 0.5797402858734131,
        "y": 0.8324694633483887,
        "z": 0.17066839337348938
    },
    "landmark_28": {
        "x": 0.40239742398262024,
        "y": 0.8350297808647156,
        "z": 0.09739132225513458
    },
    "landmark_29": {
        "x": 0.5586114525794983,
        "y": 0.846838653087616,
        "z": 0.17527034878730774
    },
    "landmark_30": {
        "x": 0.40590113401412964,
        "y": 0.8631335496902466,
        "z": 0.09956064075231552
    },
    "landmark_31": {
        "x": 0.6173303723335266,
        "y": 0.8735822439193726,
        "z": -0.04015180468559265
    },
    "landmark_32": {
        "x": 0.2957976758480072,
        "y": 0.8379694819450378,
        "z": -0.1301695555448532
    }
}