{
    "landmark_0": {
        "x": 0.5895417928695679,
        "y": 0.3784647583961487,
        "z": -0.40307918190956116
    },
    "landmark_1": {
        "x": 0.6035373210906982,
        "y": 0.3676517903804779,
        "z": -0.3627573549747467
    },
    "landmark_2": {
        "x": 0.6112556457519531,
        "y": 0.3685200810432434,
        "z": -0.36277660727500916
    },
    "landmark_3": {
        "x": 0.6157010793685913,
        "y": 0.3693973124027252,
        "z": -0.3627896308898926
    },
    "landmark_4": {
        "x": 0.5801248550415039,
        "y": 0.36629337072372437,
        "z": -0.36660417914390564
    },
    "landmark_5": {
        "x": 0.5727574229240417,
        "y": 0.36623498797416687,
        "z": -0.3665481507778168
    },
    "landmark_6": {
        "x": 0.5646535754203796,
        "y": 0.3665182590484619,
        "z": -0.36658918857574463
    },
    "landmark_7": {
        "x": 0.6252659559249878,
        "y": 0.3766498863697052,
        "z": -0.11621268838644028
    },
    "landmark_8": {
        "x": 0.5560470223426819,
        "y": 0.3727623522281647,
        "z": -0.1416430026292801
    },
    "landmark_9": {
        "x": 0.6018184423446655,
        "y": 0.39273348450660706,
        "z": -0.30985867977142334
    },
    "landmark_10": {
        "x": 0.5733014345169067,
        "y": 0.3914584517478943,
        "z": -0.3173903524875641
    },
    "landmark_11": {
        "x": 0.6666976809501648,
        "y": 0.4455590844154358,
        "z": 0.02346567064523697
    },
    "landmark_12": {
        "x": 0.49025213718414307,
        "y": 0.4336259961128235,
        "z": -0.04438803344964981
    },
    "landmark_13": {
        "x": 0.7142117619514465,
        "y": 0.5060123205184937,
        "z": -0.2144649773836136
    },
    "landmark_14": {
        "x": 0.4172930121421814,
        "y": 0.4825461506843567,
        "z": -0.28506261110305786
    },
    "landmark_15": {
        "x": 0.7320035099983215,
        "y": 0.4348035752773285,
        "z": -0.609258770942688
    },
    "landmark_16": {
        "x": 0.5352346301078796,
        "y": 0.4965153634548187,
        "z": -0.6414448618888855
    },
    "landmark_17": {
        "x": 0.7379847764968872,
        "y": 0.41433030366897583,
        "z": -0.6976738572120667
    },
    "landmark_18": {
        "x": 0.5691748261451721,
        "y": 0.5087762475013733,
        "z": -0.7173970341682434
    },
    "landmark_19": {
        "x": 0.7356294989585876,
        "y": 0.41089123487472534,
        "z": -0.6891498565673828
    },
    "landmark_20": {
        "x": 0.5851460099220276,
        "y": 0.5046088695526123,
        "z": -0.7078467607498169
    },
    "landmark_21": {
        "x": 0.7287350296974182,
        "y": 0.41646093130111694,
        "z": -0.6176329255104065
    },
    "landmark_22": {
        "x": 0.5760847330093384,
        "y": 0.49956661462783813,
        "z": -0.6424990296363831
    },
    "landmark_23": {
        "x": 0.6092278957366943,
        "y": 0.6105236411094666,
        "z": -0.0019579557701945305
    },
    "landmark_24": {
        "x": 0.4966691732406616,
        "y": 0.6053329706192017,
        "z": 0.0023150464985519648
    },
    "landmark_25": {
        "x": 0.6135603785514832,
        "y": 0.7217735052108765,
        "z": 0.01906527392566204
    },
    "landmark_26": {
        "x": 0.44457191228866577,
        "y": 0.717653751373291,
        "z": -0.09791562706232071
    },
    "landmark_27": {
        "x": 0.5722406506538391,
        "y": 0.8313032984733582,
        "z": 0.2677014172077179
    },
    "landmark_28": {
        "x": 0.41818827390670776,
        "y": 0.8369752764701843,
        "z": 0.11159735918045044
    },
    "landmark_29": {
        "x": 0.5496683120727539,
        "y": 0.8465201258659363,
        "z": 0.2757069766521454
    },
    "landmark_30": {
        "x": 0.4339239299297333,
        "y": 0.8607175946235657,
        "z": 0.11594916135072708
    },
    "landmark_31": {
        "x": 0.6158542633056641,
        "y": 0.8734458684921265,
        "z": 0.05226699635386467
    },
    "landmark_32": {
        "x": 0.32623279094696045,
        "y": 0.8526538610458374,
        "z": -0.12852229177951813
    }
}