{
    "landmark_0": {
        "x": 0.5932712554931641,
        "y": 0.4134604334831238,
        "z": -0.36711856722831726
    },
    "landmark_1": {
        "x": 0.6072565317153931,
        "y": 0.40576204657554626,
        "z": -0.3208601474761963
    },
    "landmark_2": {
        "x": 0.6133829951286316,
        "y": 0.4067791998386383,
        "z": -0.32086512446403503
    },
    "landmark_3": {
        "x": 0.6183285117149353,
        "y": 0.40764230489730835,
        "z": -0.32081928849220276
    },
    "landmark_4": {
        "x": 0.5848665833473206,
        "y": 0.40314993262290955,
        "z": -0.3289453983306885
    },
    "landmark_5": {
        "x": 0.5770154595375061,
        "y": 0.4028398096561432,
        "z": -0.32896798849105835
    },
    "landmark_6": {
        "x": 0.5703442692756653,
        "y": 0.4028201103210449,
        "z": -0.3289986550807953
    },
    "landmark_7": {
        "x": 0.6262322664260864,
        "y": 0.4148600995540619,
        "z": -0.07556268572807312
    },
    "landmark_8": {
        "x": 0.559475302696228,
        "y": 0.4101068377494812,
        "z": -0.11575138568878174
    },
    "landmark_9": {
        "x": 0.6035682559013367,
        "y": 0.42789363861083984,
        "z": -0.27672696113586426
    },
    "landmark_10": {
        "x": 0.5768387913703918,
        "y": 0.4252933859825134,
        "z": -0.28851118683815
    },
    "landmark_11": {
        "x": 0.6637111306190491,
        "y": 0.483455091714859,
        "z": 0.05307066813111305
    },
    "landmark_12": {
        "x": 0.49314096570014954,
        "y": 0.4735233783721924,
        "z": -0.06257742643356323
    },
    "landmark_13": {
        "x": 0.7160281538963318,
        "y": 0.5232213139533997,
        "z": -0.19738788902759552
    },
    "landmark_14": {
        "x": 0.4424798786640167,
        "y": 0.5396368503570557,
        "z": -0.2744015157222748
    },
    "landmark_15": {
        "x": 0.7230048179626465,
        "y": 0.448535293340683,
        "z": -0.5545352101325989
    },
    "landmark_16": {
        "x": 0.5840694308280945,
        "y": 0.5443745255470276,
        "z": -0.512915849685669
    },
    "landmark_17": {
        "x": 0.7240235805511475,
        "y": 0.42920857667922974,
        "z": -0.6383188962936401
    },
    "landmark_18": {
        "x": 0.6197330355644226,
        "y": 0.5498474836349487,
        "z": -0.5806432366371155
    },
    "landmark_19": {
        "x": 0.7196164727210999,
        "y": 0.42450088262557983,
        "z": -0.6196345090866089
    },
    "landmark_20": {
        "x": 0.6323018074035645,
        "y": 0.5439627170562744,
        "z": -0.5613133311271667
    },
    "landmark_21": {
        "x": 0.7147195339202881,
        "y": 0.43232306838035583,
        "z": -0.5593382120132446
    },
    "landmark_22": {
        "x": 0.6182188391685486,
        "y": 0.541500985622406,
        "z": -0.5057486891746521
    },
    "landmark_23": {
        "x": 0.6159186363220215,
        "y": 0.6436741352081299,
        "z": 0.019172895699739456
    },
    "landmark_24": {
        "x": 0.5048189759254456,
        "y": 0.6383996605873108,
        "z": -0.01879693567752838
    },
    "landmark_25": {
        "x": 0.6192789077758789,
        "y": 0.7433737516403198,
        "z": -0.009692300111055374
    },
    "landmark_26": {
        "x": 0.4322282075881958,
        "y": 0.7461665868759155,
        "z": -0.28787627816200256
    },
    "landmark_27": {
        "x": 0.5738092064857483,
        "y": 0.8379176259040833,
        "z": 0.2815743386745453
    },
    "landmark_28": {
        "x": 0.3281032145023346,
        "y": 0.8617630004882812,
        "z": -0.1918492168188095
    },
    "landmark_29": {
        "x": 0.5476763844490051,
        "y": 0.8535741567611694,
        "z": 0.2961946725845337
    },
    "landmark_30": {
        "x": 0.3227093517780304,
        "y": 0.8909887075424194,
        "z": -0.1970956176519394
    },
    "landmark_31": {
        "x": 0.6184098720550537,
        "y": 0.8711420297622681,
        "z": 0.08671442419290543
    },
    "landmark_32": {
        "x": 0.24606183171272278,
        "y": 0.8494235873222351,
        "z": -0.469144344329834
    }
}