{
    "landmark_0": {
        "x": 0.5850433111190796,
        "y": 0.4106493890285492,
        "z": -0.3651207387447357
    },
    "landmark_1": {
        "x": 0.5971936583518982,
        "y": 0.4014665484428406,
        "z": -0.32163602113723755
    },
    "landmark_2": {
        "x": 0.6047794222831726,
        "y": 0.402546226978302,
        "z": -0.32160860300064087
    },
    "landmark_3": {
        "x": 0.6092711687088013,
        "y": 0.40354833006858826,
        "z": -0.3216012418270111
    },
    "landmark_4": {
        "x": 0.5761989951133728,
        "y": 0.40006083250045776,
        "z": -0.3237994611263275
    },
    "landmark_5": {
        "x": 0.5692166686058044,
        "y": 0.40040475130081177,
        "z": -0.3238006830215454
    },
    "landmark_6": {
        "x": 0.5623833537101746,
        "y": 0.4007168412208557,
        "z": -0.323847234249115
    },
    "landmark_7": {
        "x": 0.61784428358078,
        "y": 0.410474956035614,
        "z": -0.08857342600822449
    },
    "landmark_8": {
        "x": 0.5514816045761108,
        "y": 0.40739578008651733,
        "z": -0.10111359506845474
    },
    "landmark_9": {
        "x": 0.5967293977737427,
        "y": 0.4247620105743408,
        "z": -0.27949342131614685
    },
    "landmark_10": {
        "x": 0.5688775777816772,
        "y": 0.4230843186378479,
        "z": -0.28341296315193176
    },
    "landmark_11": {
        "x": 0.6600238084793091,
        "y": 0.47719740867614746,
        "z": 0.01499031949788332
    },
    "landmark_12": {
        "x": 0.4896708130836487,
        "y": 0.46711617708206177,
        "z": -0.05729410797357559
    },
    "landmark_13": {
        "x": 0.7335006594657898,
        "y": 0.5132641792297363,
        "z": -0.2778812050819397
    },
    "landmark_14": {
        "x": 0.42042654752731323,
        "y": 0.5257198214530945,
        "z": -0.3373495042324066
    },
    "landmark_15": {
        "x": 0.7150339484214783,
        "y": 0.4324967861175537,
        "z": -0.6285701394081116
    },
    "landmark_16": {
        "x": 0.5599986910820007,
        "y": 0.5231346487998962,
        "z": -0.6204858422279358
    },
    "landmark_17": {
        "x": 0.7062718272209167,
        "y": 0.41082897782325745,
        "z": -0.7095146775245667
    },
    "landmark_18": {
        "x": 0.6005520820617676,
        "y": 0.527266800403595,
        "z": -0.6879727840423584
    },
    "landmark_19": {
        "x": 0.7015979886054993,
        "y": 0.4084247648715973,
        "z": -0.6818650960922241
    },
    "landmark_20": {
        "x": 0.6112203598022461,
        "y": 0.5237507820129395,
        "z": -0.6579912304878235
    },
    "landmark_21": {
        "x": 0.6994161605834961,
        "y": 0.41611042618751526,
        "z": -0.6287252306938171
    },
    "landmark_22": {
        "x": 0.6038909554481506,
        "y": 0.5229683518409729,
        "z": -0.6118175387382507
    },
    "landmark_23": {
        "x": 0.6050851941108704,
        "y": 0.6445895433425903,
        "z": 0.009454465471208096
    },
    "landmark_24": {
        "x": 0.4943065345287323,
        "y": 0.6401931047439575,
        "z": -0.009235336445271969
    },
    "landmark_25": {
        "x": 0.6316695809364319,
        "y": 0.742816686630249,
        "z": -0.19931325316429138
    },
    "landmark_26": {
        "x": 0.4162936210632324,
        "y": 0.7458226084709167,
        "z": -0.12975655496120453
    },
    "landmark_27": {
        "x": 0.5760664343833923,
        "y": 0.837014377117157,
        "z": 0.11251787841320038
    },
    "landmark_28": {
        "x": 0.3438158333301544,
        "y": 0.8513479232788086,
        "z": 0.09251192957162857
    },
    "landmark_29": {
        "x": 0.547231912612915,
        "y": 0.8515698313713074,
        "z": 0.13029901683330536
    },
    "landmark_30": {
        "x": 0.3472564220428467,
        "y": 0.877170205116272,
        "z": 0.099305160343647
    },
    "landmark_31": {
        "x": 0.616313099861145,
        "y": 0.8721970319747925,
        "z": -0.078910693526268
    },
    "landmark_32": {
        "x": 0.24954234063625336,
        "y": 0.8529123067855835,
        "z": -0.1289825737476349
    }
}