{
    "landmark_0": {
        "x": 0.5395603775978088,
        "y": 0.39052337408065796,
        "z": -0.3625452220439911
    },
    "landmark_1": {
        "x": 0.5520556569099426,
        "y": 0.38136351108551025,
        "z": -0.3216392993927002
    },
    "landmark_2": {
        "x": 0.5586381554603577,
        "y": 0.38161501288414,
        "z": -0.32168418169021606
    },
    "landmark_3": {
        "x": 0.5647639036178589,
        "y": 0.3819267153739929,
        "z": -0.32174548506736755
    },
    "landmark_4": {
        "x": 0.5290985107421875,
        "y": 0.38112571835517883,
        "z": -0.31728917360305786
    },
    "landmark_5": {
        "x": 0.5212173461914062,
        "y": 0.38141733407974243,
        "z": -0.31724923849105835
    },
    "landmark_6": {
        "x": 0.5140005350112915,
        "y": 0.3817408084869385,
        "z": -0.3172474205493927
    },
    "landmark_7": {
        "x": 0.5746728181838989,
        "y": 0.38909581303596497,
        "z": -0.11659009009599686
    },
    "landmark_8": {
        "x": 0.5037971138954163,
        "y": 0.3891908526420593,
        "z": -0.09579455107450485
    },
    "landmark_9": {
        "x": 0.5526126623153687,
        "y": 0.4056825041770935,
        "z": -0.2899724245071411
    },
    "landmark_10": {
        "x": 0.5280395746231079,
        "y": 0.40444880723953247,
        "z": -0.28450071811676025
    },
    "landmark_11": {
        "x": 0.6297600865364075,
        "y": 0.4522527754306793,
        "z": -0.055388547480106354
    },
    "landmark_12": {
        "x": 0.4629761278629303,
        "y": 0.45697587728500366,
        "z": -0.046181850135326385
    },
    "landmark_13": {
        "x": 0.7028462290763855,
        "y": 0.4990813732147217,
        "z": -0.31365105509757996
    },
    "landmark_14": {
        "x": 0.37853559851646423,
        "y": 0.49174076318740845,
        "z": -0.33343663811683655
    },
    "landmark_15": {
        "x": 0.5755165219306946,
        "y": 0.46743497252464294,
        "z": -0.5301145315170288
    },
    "landmark_16": {
        "x": 0.4411311149597168,
        "y": 0.4167737066745758,
        "z": -0.5958890318870544
    },
    "landmark_17": {
        "x": 0.5379760265350342,
        "y": 0.45937442779541016,
        "z": -0.5887950658798218
    },
    "landmark_18": {
        "x": 0.4606280028820038,
        "y": 0.3975525200366974,
        "z": -0.6700549125671387
    },
    "landmark_19": {
        "x": 0.5336511731147766,
        "y": 0.454627126455307,
        "z": -0.549788236618042
    },
    "landmark_20": {
        "x": 0.4691522717475891,
        "y": 0.3965302109718323,
        "z": -0.6299566626548767
    },
    "landmark_21": {
        "x": 0.5439527034759521,
        "y": 0.45757120847702026,
        "z": -0.5180341601371765
    },
    "landmark_22": {
        "x": 0.46736636757850647,
        "y": 0.4033258855342865,
        "z": -0.5900363922119141
    },
    "landmark_23": {
        "x": 0.6047828197479248,
        "y": 0.6258887648582458,
        "z": 0.0073545766063034534
    },
    "landmark_24": {
        "x": 0.49529168009757996,
        "y": 0.6293746829032898,
        "z": -0.007403364405035973
    },
    "landmark_25": {
        "x": 0.6602587103843689,
        "y": 0.7421943545341492,
        "z": -0.05188172683119774
    },
    "landmark_26": {
        "x": 0.4835507273674011,
        "y": 0.742015540599823,
        "z": 0.08248593658208847
    },
    "landmark_27": {
        "x": 0.6822183728218079,
        "y": 0.8635641932487488,
        "z": 0.0948493555188179
    },
    "landmark_28": {
        "x": 0.5249506235122681,
        "y": 0.832536518573761,
        "z": 0.4455212354660034
    },
    "landmark_29": {
        "x": 0.6667624115943909,
        "y": 0.8889783620834351,
        "z": 0.09578025341033936
    },
    "landmark_30": {
        "x": 0.5495796799659729,
        "y": 0.8451229333877563,
        "z": 0.47024568915367126
    },
    "landmark_31": {
        "x": 0.7782019972801208,
        "y": 0.8717430233955383,
        "z": -0.13359978795051575
    },
    "landmark_32": {
        "x": 0.4984804391860962,
        "y": 0.866624653339386,
        "z": 0.28876882791519165
    }
}