{
    "landmark_0": {
        "x": 0.5155729651451111,
        "y": 0.3543953597545624,
        "z": -0.4394153952598572
    },
    "landmark_1": {
        "x": 0.5287347435951233,
        "y": 0.34449803829193115,
        "z": -0.40044963359832764
    },
    "landmark_2": {
        "x": 0.5373582243919373,
        "y": 0.3444022834300995,
        "z": -0.400543749332428
    },
    "landmark_3": {
        "x": 0.5438730120658875,
        "y": 0.34441909193992615,
        "z": -0.4006052315235138
    },
    "landmark_4": {
        "x": 0.5050607919692993,
        "y": 0.3454330861568451,
        "z": -0.38554251194000244
    },
    "landmark_5": {
        "x": 0.49760299921035767,
        "y": 0.3458632826805115,
        "z": -0.3855137825012207
    },
    "landmark_6": {
        "x": 0.49029743671417236,
        "y": 0.34652701020240784,
        "z": -0.3854561150074005
    },
    "landmark_7": {
        "x": 0.5595945715904236,
        "y": 0.34997686743736267,
        "z": -0.21029357612133026
    },
    "landmark_8": {
        "x": 0.48777180910110474,
        "y": 0.3528175950050354,
        "z": -0.1360456645488739
    },
    "landmark_9": {
        "x": 0.5340579748153687,
        "y": 0.3666870594024658,
        "z": -0.37238261103630066
    },
    "landmark_10": {
        "x": 0.5061700344085693,
        "y": 0.3679017126560211,
        "z": -0.3509507477283478
    },
    "landmark_11": {
        "x": 0.6231163144111633,
        "y": 0.4089128375053406,
        "z": -0.23546531796455383
    },
    "landmark_12": {
        "x": 0.44896233081817627,
        "y": 0.4184723496437073,
        "z": -0.051224566996097565
    },
    "landmark_13": {
        "x": 0.7007134556770325,
        "y": 0.4254468083381653,
        "z": -0.6378541588783264
    },
    "landmark_14": {
        "x": 0.3568929135799408,
        "y": 0.43021711707115173,
        "z": -0.4306321442127228
    },
    "landmark_15": {
        "x": 0.5531952381134033,
        "y": 0.43060606718063354,
        "z": -0.8985966444015503
    },
    "landmark_16": {
        "x": 0.36126378178596497,
        "y": 0.34845712780952454,
        "z": -0.8500970005989075
    },
    "landmark_17": {
        "x": 0.5071215629577637,
        "y": 0.4394349455833435,
        "z": -0.9837101697921753
    },
    "landmark_18": {
        "x": 0.3617754578590393,
        "y": 0.3262975215911865,
        "z": -0.9524698257446289
    },
    "landmark_19": {
        "x": 0.4983987510204315,
        "y": 0.4382407069206238,
        "z": -0.9378132224082947
    },
    "landmark_20": {
        "x": 0.3659079968929291,
        "y": 0.3216824531555176,
        "z": -0.9150938391685486
    },
    "landmark_21": {
        "x": 0.508861780166626,
        "y": 0.4369308054447174,
        "z": -0.8869731426239014
    },
    "landmark_22": {
        "x": 0.3698763847351074,
        "y": 0.33141979575157166,
        "z": -0.8532323837280273
    },
    "landmark_23": {
        "x": 0.587860107421875,
        "y": 0.5821576118469238,
        "z": -0.04282460734248161
    },
    "landmark_24": {
        "x": 0.47931763529777527,
        "y": 0.5815320014953613,
        "z": 0.042501404881477356
    },
    "landmark_25": {
        "x": 0.5991416573524475,
        "y": 0.7041952013969421,
        "z": -0.12687064707279205
    },
    "landmark_26": {
        "x": 0.4568437933921814,
        "y": 0.6954834461212158,
        "z": -0.12212090194225311
    },
    "landmark_27": {
        "x": 0.6116090416908264,
        "y": 0.817584216594696,
        "z": 0.2167825847864151
    },
    "landmark_28": {
        "x": 0.49972933530807495,
        "y": 0.8042755126953125,
        "z": 0.24157646298408508
    },
    "landmark_29": {
        "x": 0.5919329524040222,
        "y": 0.8292744755744934,
        "z": 0.23566240072250366
    },
    "landmark_30": {
        "x": 0.5217064619064331,
        "y": 0.8142291903495789,
        "z": 0.2650935649871826
    },
    "landmark_31": {
        "x": 0.6486788988113403,
        "y": 0.8562666177749634,
        "z": -0.018313761800527573
    },
    "landmark_32": {
        "x": 0.4642753303050995,
        "y": 0.8499139547348022,
        "z": 0.04255003482103348
    }
}