{
    "landmark_0": {
        "x": 0.5563381314277649,
        "y": 0.3807694911956787,
        "z": -0.45269814133644104
    },
    "landmark_1": {
        "x": 0.569212019443512,
        "y": 0.3700234889984131,
        "z": -0.4237487316131592
    },
    "landmark_2": {
        "x": 0.5777615904808044,
        "y": 0.36998119950294495,
        "z": -0.42387792468070984
    },
    "landmark_3": {
        "x": 0.5851672291755676,
        "y": 0.3700270652770996,
        "z": -0.4239385724067688
    },
    "landmark_4": {
        "x": 0.5469405651092529,
        "y": 0.3710569441318512,
        "z": -0.40448257327079773
    },
    "landmark_5": {
        "x": 0.5398457050323486,
        "y": 0.37170982360839844,
        "z": -0.4044542610645294
    },
    "landmark_6": {
        "x": 0.5338603854179382,
        "y": 0.3721623420715332,
        "z": -0.4043882489204407
    },
    "landmark_7": {
        "x": 0.6007111668586731,
        "y": 0.37570735812187195,
        "z": -0.25457966327667236
    },
    "landmark_8": {
        "x": 0.5312175154685974,
        "y": 0.37738069891929626,
        "z": -0.1650594025850296
    },
    "landmark_9": {
        "x": 0.574263870716095,
        "y": 0.3921724855899811,
        "z": -0.3912634253501892
    },
    "landmark_10": {
        "x": 0.5452789068222046,
        "y": 0.39183613657951355,
        "z": -0.3655434846878052
    },
    "landmark_11": {
        "x": 0.6651481986045837,
        "y": 0.43553096055984497,
        "z": -0.2505052387714386
    },
    "landmark_12": {
        "x": 0.4917204976081848,
        "y": 0.4368588328361511,
        "z": -0.04221653565764427
    },
    "landmark_13": {
        "x": 0.7410119771957397,
        "y": 0.48599129915237427,
        "z": -0.5334591269493103
    },
    "landmark_14": {
        "x": 0.3964954912662506,
        "y": 0.46605992317199707,
        "z": -0.28781867027282715
    },
    "landmark_15": {
        "x": 0.5943670272827148,
        "y": 0.49379831552505493,
        "z": -0.7693188786506653
    },
    "landmark_16": {
        "x": 0.4138219952583313,
        "y": 0.38573864102363586,
        "z": -0.6695964932441711
    },
    "landmark_17": {
        "x": 0.5514224171638489,
        "y": 0.5069666504859924,
        "z": -0.8431335687637329
    },
    "landmark_18": {
        "x": 0.4098595082759857,
        "y": 0.3625093996524811,
        "z": -0.7564938068389893
    },
    "landmark_19": {
        "x": 0.5366175770759583,
        "y": 0.5018863677978516,
        "z": -0.814551055431366
    },
    "landmark_20": {
        "x": 0.41772904992103577,
        "y": 0.36019042134284973,
        "z": -0.7325248122215271
    },
    "landmark_21": {
        "x": 0.5450877547264099,
        "y": 0.4980391561985016,
        "z": -0.7582877278327942
    },
    "landmark_22": {
        "x": 0.4248398244380951,
        "y": 0.369101345539093,
        "z": -0.6751058101654053
    },
    "landmark_23": {
        "x": 0.6205997467041016,
        "y": 0.6124141812324524,
        "z": -0.029339412227272987
    },
    "landmark_24": {
        "x": 0.5067740082740784,
        "y": 0.6117329597473145,
        "z": 0.029230795800685883
    },
    "landmark_25": {
        "x": 0.6508572101593018,
        "y": 0.7244951128959656,
        "z": -0.025135936215519905
    },
    "landmark_26": {
        "x": 0.49215298891067505,
        "y": 0.7200198173522949,
        "z": 0.031289760023355484
    },
    "landmark_27": {
        "x": 0.6770396828651428,
        "y": 0.8449929356575012,
        "z": 0.19783839583396912
    },
    "landmark_28": {
        "x": 0.5336400866508484,
        "y": 0.8163310885429382,
        "z": 0.3975587487220764
    },
    "landmark_29": {
        "x": 0.663628101348877,
        "y": 0.8694074749946594,
        "z": 0.20634621381759644
    },
    "landmark_30": {
        "x": 0.5546179413795471,
        "y": 0.8259226679801941,
        "z": 0.42171838879585266
    },
    "landmark_31": {
        "x": 0.7611690163612366,
        "y": 0.8661624193191528,
        "z": -0.02251456491649151
    },
    "landmark_32": {
        "x": 0.4980098009109497,
        "y": 0.8636497259140015,
        "z": 0.23039409518241882
    }
}