{
    "landmark_0": {
        "x": 0.5269955396652222,
        "y": 0.4015476703643799,
        "z": -0.37778717279434204
    },
    "landmark_1": {
        "x": 0.539253294467926,
        "y": 0.39007312059402466,
        "z": -0.34372153878211975
    },
    "landmark_2": {
        "x": 0.5461966395378113,
        "y": 0.3900730311870575,
        "z": -0.34379759430885315
    },
    "landmark_3": {
        "x": 0.5530208945274353,
        "y": 0.3902217149734497,
        "z": -0.3438299596309662
    },
    "landmark_4": {
        "x": 0.5142831206321716,
        "y": 0.3915691673755646,
        "z": -0.3352399170398712
    },
    "landmark_5": {
        "x": 0.5058839321136475,
        "y": 0.39266037940979004,
        "z": -0.335262656211853
    },
    "landmark_6": {
        "x": 0.4980694353580475,
        "y": 0.3938462436199188,
        "z": -0.33523663878440857
    },
    "landmark_7": {
        "x": 0.5664076805114746,
        "y": 0.39685672521591187,
        "z": -0.15818963944911957
    },
    "landmark_8": {
        "x": 0.492026150226593,
        "y": 0.40167561173439026,
        "z": -0.11953270435333252
    },
    "landmark_9": {
        "x": 0.543657124042511,
        "y": 0.41408830881118774,
        "z": -0.3105946183204651
    },
    "landmark_10": {
        "x": 0.5141893625259399,
        "y": 0.4154438376426697,
        "z": -0.2998517155647278
    },
    "landmark_11": {
        "x": 0.6314644813537598,
        "y": 0.46281248331069946,
        "z": -0.14322738349437714
    },
    "landmark_12": {
        "x": 0.4553605020046234,
        "y": 0.4676070809364319,
        "z": -0.003911088686436415
    },
    "landmark_13": {
        "x": 0.6630844473838806,
        "y": 0.5338407158851624,
        "z": -0.3558845818042755
    },
    "landmark_14": {
        "x": 0.35547390580177307,
        "y": 0.484022319316864,
        "z": -0.23427851498126984
    },
    "landmark_15": {
        "x": 0.5131359696388245,
        "y": 0.5251927375793457,
        "z": -0.5828164219856262
    },
    "landmark_16": {
        "x": 0.37818875908851624,
        "y": 0.4047911763191223,
        "z": -0.5563726425170898
    },
    "landmark_17": {
        "x": 0.4754998981952667,
        "y": 0.5293195247650146,
        "z": -0.652031421661377
    },
    "landmark_18": {
        "x": 0.3761509656906128,
        "y": 0.382446825504303,
        "z": -0.6300453543663025
    },
    "landmark_19": {
        "x": 0.4659934937953949,
        "y": 0.5223167538642883,
        "z": -0.6272886991500854
    },
    "landmark_20": {
        "x": 0.3842924237251282,
        "y": 0.3784500062465668,
        "z": -0.6097413301467896
    },
    "landmark_21": {
        "x": 0.47588050365448,
        "y": 0.5208150744438171,
        "z": -0.5736346244812012
    },
    "landmark_22": {
        "x": 0.3901617228984833,
        "y": 0.38631585240364075,
        "z": -0.5618165731430054
    },
    "landmark_23": {
        "x": 0.6101236343383789,
        "y": 0.640804648399353,
        "z": -0.030230112373828888
    },
    "landmark_24": {
        "x": 0.49787890911102295,
        "y": 0.6407055258750916,
        "z": 0.0301506444811821
    },
    "landmark_25": {
        "x": 0.6592494249343872,
        "y": 0.7472891211509705,
        "z": -0.1546231508255005
    },
    "landmark_26": {
        "x": 0.5007650256156921,
        "y": 0.743502140045166,
        "z": 0.2000233381986618
    },
    "landmark_27": {
        "x": 0.6836475133895874,
        "y": 0.8724116086959839,
        "z": -0.08384864032268524
    },
    "landmark_28": {
        "x": 0.5464301705360413,
        "y": 0.8350545167922974,
        "z": 0.5434205532073975
    },
    "landmark_29": {
        "x": 0.6809147000312805,
        "y": 0.9053462743759155,
        "z": -0.09155258536338806
    },
    "landmark_30": {
        "x": 0.5707283616065979,
        "y": 0.852765679359436,
        "z": 0.5643317699432373
    },
    "landmark_31": {
        "x": 0.7835229635238647,
        "y": 0.8721442222595215,
        "z": -0.3117884695529938
    },
    "landmark_32": {
        "x": 0.49812379479408264,
        "y": 0.8696519732475281,
        "z": 0.4106559455394745
    }
}