{
    "landmark_0": {
        "x": 0.5349433422088623,
        "y": 0.3984180986881256,
        "z": -0.3307027518749237
    },
    "landmark_1": {
        "x": 0.5479487776756287,
        "y": 0.388566792011261,
        "z": -0.30279824137687683
    },
    "landmark_2": {
        "x": 0.5561979413032532,
        "y": 0.3885173797607422,
        "z": -0.3029590845108032
    },
    "landmark_3": {
        "x": 0.5631794929504395,
        "y": 0.38877832889556885,
        "z": -0.3030528724193573
    },
    "landmark_4": {
        "x": 0.5259280204772949,
        "y": 0.3890993297100067,
        "z": -0.2838931977748871
    },
    "landmark_5": {
        "x": 0.5189570188522339,
        "y": 0.3893558382987976,
        "z": -0.2838505208492279
    },
    "landmark_6": {
        "x": 0.5125346779823303,
        "y": 0.3897203505039215,
        "z": -0.28382372856140137
    },
    "landmark_7": {
        "x": 0.5784750580787659,
        "y": 0.39458411931991577,
        "z": -0.14222021400928497
    },
    "landmark_8": {
        "x": 0.5110357403755188,
        "y": 0.39661216735839844,
        "z": -0.056272879242897034
    },
    "landmark_9": {
        "x": 0.5511893033981323,
        "y": 0.41079244017601013,
        "z": -0.27222940325737
    },
    "landmark_10": {
        "x": 0.5233668684959412,
        "y": 0.41061440110206604,
        "z": -0.24776703119277954
    },
    "landmark_11": {
        "x": 0.6414417028427124,
        "y": 0.45160412788391113,
        "z": -0.14997252821922302
    },
    "landmark_12": {
        "x": 0.4783870577812195,
        "y": 0.45729199051856995,
        "z": 0.09411323070526123
    },
    "landmark_13": {
        "x": 0.7083150148391724,
        "y": 0.5114650130271912,
        "z": -0.2830914855003357
    },
    "landmark_14": {
        "x": 0.3971840441226959,
        "y": 0.48677200078964233,
        "z": -0.04652196168899536
    },
    "landmark_15": {
        "x": 0.5711447596549988,
        "y": 0.5298686623573303,
        "z": -0.39548030495643616
    },
    "landmark_16": {
        "x": 0.41322213411331177,
        "y": 0.4083080291748047,
        "z": -0.31741172075271606
    },
    "landmark_17": {
        "x": 0.5302421450614929,
        "y": 0.546144962310791,
        "z": -0.4482502043247223
    },
    "landmark_18": {
        "x": 0.4096187949180603,
        "y": 0.38645806908607483,
        "z": -0.378487229347229
    },
    "landmark_19": {
        "x": 0.5182464718818665,
        "y": 0.5395293831825256,
        "z": -0.4392652213573456
    },
    "landmark_20": {
        "x": 0.41645097732543945,
        "y": 0.38470515608787537,
        "z": -0.35846269130706787
    },
    "landmark_21": {
        "x": 0.5244718790054321,
        "y": 0.5342860221862793,
        "z": -0.38716620206832886
    },
    "landmark_22": {
        "x": 0.4240983724594116,
        "y": 0.3924092948436737,
        "z": -0.3215392231941223
    },
    "landmark_23": {
        "x": 0.6132122874259949,
        "y": 0.6286516785621643,
        "z": -0.05533033609390259
    },
    "landmark_24": {
        "x": 0.5058244466781616,
        "y": 0.6277415156364441,
        "z": 0.05529410392045975
    },
    "landmark_25": {
        "x": 0.642922043800354,
        "y": 0.7417303323745728,
        "z": -0.12403460592031479
    },
    "landmark_26": {
        "x": 0.4981597363948822,
        "y": 0.7326703667640686,
        "z": 0.13504475355148315
    },
    "landmark_27": {
        "x": 0.6919724345207214,
        "y": 0.8619441986083984,
        "z": -0.011350192129611969
    },
    "landmark_28": {
        "x": 0.5371896624565125,
        "y": 0.8254998922348022,
        "z": 0.4860478639602661
    },
    "landmark_29": {
        "x": 0.6800776124000549,
        "y": 0.8912672996520996,
        "z": -0.013896571472287178
    },
    "landmark_30": {
        "x": 0.5615535974502563,
        "y": 0.8410085439682007,
        "z": 0.5090438723564148
    },
    "landmark_31": {
        "x": 0.7874131202697754,
        "y": 0.865720272064209,
        "z": -0.22357474267482758
    },
    "landmark_32": {
        "x": 0.4951808452606201,
        "y": 0.8627679944038391,
        "z": 0.36092787981033325
    }
}