{
    "landmark_0": {
        "x": 0.5983103513717651,
        "y": 0.4222784638404846,
        "z": -0.4083886444568634
    },
    "landmark_1": {
        "x": 0.6113681197166443,
        "y": 0.41374635696411133,
        "z": -0.36670857667922974
    },
    "landmark_2": {
        "x": 0.619648277759552,
        "y": 0.41466227173805237,
        "z": -0.3667355477809906
    },
    "landmark_3": {
        "x": 0.6254518628120422,
        "y": 0.4153485894203186,
        "z": -0.3667408525943756
    },
    "landmark_4": {
        "x": 0.5881546139717102,
        "y": 0.41224461793899536,
        "z": -0.3686906695365906
    },
    "landmark_5": {
        "x": 0.5809493064880371,
        "y": 0.41207581758499146,
        "z": -0.3686820864677429
    },
    "landmark_6": {
        "x": 0.5733515024185181,
        "y": 0.412153422832489,
        "z": -0.3687373995780945
    },
    "landmark_7": {
        "x": 0.6355136632919312,
        "y": 0.4219357967376709,
        "z": -0.1272190362215042
    },
    "landmark_8": {
        "x": 0.566653847694397,
        "y": 0.4190468192100525,
        "z": -0.13786540925502777
    },
    "landmark_9": {
        "x": 0.6122329235076904,
        "y": 0.43667346239089966,
        "z": -0.31859296560287476
    },
    "landmark_10": {
        "x": 0.5845712423324585,
        "y": 0.4350481629371643,
        "z": -0.32196149230003357
    },
    "landmark_11": {
        "x": 0.6765062808990479,
        "y": 0.4967777132987976,
        "z": 0.01373992394655943
    },
    "landmark_12": {
        "x": 0.5038225650787354,
        "y": 0.47988778352737427,
        "z": -0.06677531450986862
    },
    "landmark_13": {
        "x": 0.698613166809082,
        "y": 0.560314953327179,
        "z": -0.22271914780139923
    },
    "landmark_14": {
        "x": 0.4494926333427429,
        "y": 0.5480508804321289,
        "z": -0.2725324034690857
    },
    "landmark_15": {
        "x": 0.7308300733566284,
        "y": 0.48722583055496216,
        "z": -0.6012516617774963
    },
    "landmark_16": {
        "x": 0.5838625431060791,
        "y": 0.5604435205459595,
        "z": -0.558388352394104
    },
    "landmark_17": {
        "x": 0.7384874224662781,
        "y": 0.4655474126338959,
        "z": -0.6857811808586121
    },
    "landmark_18": {
        "x": 0.617533266544342,
        "y": 0.5690536499023438,
        "z": -0.6301148533821106
    },
    "landmark_19": {
        "x": 0.7365449666976929,
        "y": 0.46185168623924255,
        "z": -0.6745556592941284
    },
    "landmark_20": {
        "x": 0.6312995553016663,
        "y": 0.5621381998062134,
        "z": -0.6140764355659485
    },
    "landmark_21": {
        "x": 0.7311069965362549,
        "y": 0.46723347902297974,
        "z": -0.6084980964660645
    },
    "landmark_22": {
        "x": 0.6218858957290649,
        "y": 0.5589542388916016,
        "z": -0.5544731616973877
    },
    "landmark_23": {
        "x": 0.6167694330215454,
        "y": 0.655029833316803,
        "z": 0.008251682855188847
    },
    "landmark_24": {
        "x": 0.5044633746147156,
        "y": 0.6480357050895691,
        "z": -0.007919314317405224
    },
    "landmark_25": {
        "x": 0.633459210395813,
        "y": 0.7503553628921509,
        "z": -0.08123534172773361
    },
    "landmark_26": {
        "x": 0.4151454567909241,
        "y": 0.7490319013595581,
        "z": -0.26497671008110046
    },
    "landmark_27": {
        "x": 0.5712524056434631,
        "y": 0.836527943611145,
        "z": 0.29262807965278625
    },
    "landmark_28": {
        "x": 0.34205591678619385,
        "y": 0.8625856637954712,
        "z": -0.07573959976434708
    },
    "landmark_29": {
        "x": 0.5392771363258362,
        "y": 0.8505604863166809,
        "z": 0.3160230219364166
    },
    "landmark_30": {
        "x": 0.3465665280818939,
        "y": 0.891360878944397,
        "z": -0.07192724198102951
    },
    "landmark_31": {
        "x": 0.613223135471344,
        "y": 0.8743993639945984,
        "z": 0.10639321058988571
    },
    "landmark_32": {
        "x": 0.23540234565734863,
        "y": 0.8598211407661438,
        "z": -0.334844708442688
    }
}