{
    "landmark_0": {
        "x": 0.6159704327583313,
        "y": 0.37924298644065857,
        "z": -0.4639163911342621
    },
    "landmark_1": {
        "x": 0.6303324699401855,
        "y": 0.3677186369895935,
        "z": -0.4211675822734833
    },
    "landmark_2": {
        "x": 0.6384894847869873,
        "y": 0.36810392141342163,
        "z": -0.42115700244903564
    },
    "landmark_3": {
        "x": 0.6435374617576599,
        "y": 0.36876869201660156,
        "z": -0.42120951414108276
    },
    "landmark_4": {
        "x": 0.6062082052230835,
        "y": 0.3672862946987152,
        "z": -0.4167785942554474
    },
    "landmark_5": {
        "x": 0.5988911390304565,
        "y": 0.3676430881023407,
        "z": -0.4167243242263794
    },
    "landmark_6": {
        "x": 0.5909044146537781,
        "y": 0.3682063817977905,
        "z": -0.4167249798774719
    },
    "landmark_7": {
        "x": 0.6561774015426636,
        "y": 0.3760935068130493,
        "z": -0.18339231610298157
    },
    "landmark_8": {
        "x": 0.5840193629264832,
        "y": 0.37387651205062866,
        "z": -0.16212570667266846
    },
    "landmark_9": {
        "x": 0.6295446753501892,
        "y": 0.39245590567588806,
        "z": -0.3767600655555725
    },
    "landmark_10": {
        "x": 0.6011389493942261,
        "y": 0.3911358118057251,
        "z": -0.3712967336177826
    },
    "landmark_11": {
        "x": 0.7085102200508118,
        "y": 0.44625312089920044,
        "z": -0.0733264610171318
    },
    "landmark_12": {
        "x": 0.5299309492111206,
        "y": 0.4339039921760559,
        "z": -0.07374215126037598
    },
    "landmark_13": {
        "x": 0.7912532091140747,
        "y": 0.49898093938827515,
        "z": -0.432503879070282
    },
    "landmark_14": {
        "x": 0.4179924726486206,
        "y": 0.4796674847602844,
        "z": -0.40141499042510986
    },
    "landmark_15": {
        "x": 0.7067192196846008,
        "y": 0.43441519141197205,
        "z": -0.8142573833465576
    },
    "landmark_16": {
        "x": 0.5058128237724304,
        "y": 0.4312046468257904,
        "z": -0.7828803062438965
    },
    "landmark_17": {
        "x": 0.6838124990463257,
        "y": 0.4213193953037262,
        "z": -0.8963650465011597
    },
    "landmark_18": {
        "x": 0.5311945676803589,
        "y": 0.4208766520023346,
        "z": -0.8736773729324341
    },
    "landmark_19": {
        "x": 0.6756447553634644,
        "y": 0.41953331232070923,
        "z": -0.8481035828590393
    },
    "landmark_20": {
        "x": 0.5416832566261292,
        "y": 0.42010632157325745,
        "z": -0.83486008644104
    },
    "landmark_21": {
        "x": 0.6770817637443542,
        "y": 0.4255833029747009,
        "z": -0.8038243055343628
    },
    "landmark_22": {
        "x": 0.5378895998001099,
        "y": 0.4249116778373718,
        "z": -0.7779470086097717
    },
    "landmark_23": {
        "x": 0.6379439234733582,
        "y": 0.6136047840118408,
        "z": -0.00560626108199358
    },
    "landmark_24": {
        "x": 0.5201835632324219,
        "y": 0.6057619452476501,
        "z": 0.00557499285787344
    },
    "landmark_25": {
        "x": 0.6544482111930847,
        "y": 0.7347320914268494,
        "z": 0.040467243641614914
    },
    "landmark_26": {
        "x": 0.45509669184684753,
        "y": 0.7278852462768555,
        "z": -0.03308543562889099
    },
    "landmark_27": {
        "x": 0.638141393661499,
        "y": 0.8444932699203491,
        "z": 0.36345618963241577
    },
    "landmark_28": {
        "x": 0.44430890679359436,
        "y": 0.8434866666793823,
        "z": 0.26693135499954224
    },
    "landmark_29": {
        "x": 0.6163299679756165,
        "y": 0.8579390645027161,
        "z": 0.3798350989818573
    },
    "landmark_30": {
        "x": 0.46778690814971924,
        "y": 0.8631923794746399,
        "z": 0.2806680500507355
    },
    "landmark_31": {
        "x": 0.6756301522254944,
        "y": 0.8837167024612427,
        "z": 0.11678432673215866
    },
    "landmark_32": {
        "x": 0.37195995450019836,
        "y": 0.8783048391342163,
        "z": 0.01695501245558262
    }
}