{
    "landmark_0": {
        "x": 0.5997636914253235,
        "y": 0.404186874628067,
        "z": -0.41506895422935486
    },
    "landmark_1": {
        "x": 0.6129111051559448,
        "y": 0.394144743680954,
        "z": -0.3709626793861389
    },
    "landmark_2": {
        "x": 0.6207227110862732,
        "y": 0.3950454294681549,
        "z": -0.3709295392036438
    },
    "landmark_3": {
        "x": 0.6269005537033081,
        "y": 0.39606398344039917,
        "z": -0.37087881565093994
    },
    "landmark_4": {
        "x": 0.5906050205230713,
        "y": 0.39248204231262207,
        "z": -0.37643733620643616
    },
    "landmark_5": {
        "x": 0.5828734636306763,
        "y": 0.39235764741897583,
        "z": -0.37643131613731384
    },
    "landmark_6": {
        "x": 0.5749791264533997,
        "y": 0.39246201515197754,
        "z": -0.376481831073761
    },
    "landmark_7": {
        "x": 0.6328307390213013,
        "y": 0.4036034643650055,
        "z": -0.11110750585794449
    },
    "landmark_8": {
        "x": 0.5669562816619873,
        "y": 0.3998221158981323,
        "z": -0.14350050687789917
    },
    "landmark_9": {
        "x": 0.6118042469024658,
        "y": 0.4186270833015442,
        "z": -0.31780916452407837
    },
    "landmark_10": {
        "x": 0.5835770964622498,
        "y": 0.41729241609573364,
        "z": -0.3272647559642792
    },
    "landmark_11": {
        "x": 0.6681420207023621,
        "y": 0.4729272425174713,
        "z": 0.05434415116906166
    },
    "landmark_12": {
        "x": 0.5022080540657043,
        "y": 0.4576967656612396,
        "z": -0.070127934217453
    },
    "landmark_13": {
        "x": 0.7126267552375793,
        "y": 0.53224778175354,
        "z": -0.182866632938385
    },
    "landmark_14": {
        "x": 0.4308150112628937,
        "y": 0.5158781409263611,
        "z": -0.2948892414569855
    },
    "landmark_15": {
        "x": 0.7361263036727905,
        "y": 0.4637349247932434,
        "z": -0.5916122198104858
    },
    "landmark_16": {
        "x": 0.5654253959655762,
        "y": 0.5360292792320251,
        "z": -0.590314507484436
    },
    "landmark_17": {
        "x": 0.7434946894645691,
        "y": 0.4434894919395447,
        "z": -0.6781269907951355
    },
    "landmark_18": {
        "x": 0.6028658151626587,
        "y": 0.5475829839706421,
        "z": -0.6641964316368103
    },
    "landmark_19": {
        "x": 0.741934061050415,
        "y": 0.4402638077735901,
        "z": -0.6747531890869141
    },
    "landmark_20": {
        "x": 0.6163479089736938,
        "y": 0.5414196252822876,
        "z": -0.6524045467376709
    },
    "landmark_21": {
        "x": 0.7346867322921753,
        "y": 0.4454120695590973,
        "z": -0.6025884747505188
    },
    "landmark_22": {
        "x": 0.6081116199493408,
        "y": 0.5369669795036316,
        "z": -0.5881155133247375
    },
    "landmark_23": {
        "x": 0.6126106381416321,
        "y": 0.6372947692871094,
        "z": 0.02891324646770954
    },
    "landmark_24": {
        "x": 0.5022736191749573,
        "y": 0.6318972110748291,
        "z": -0.02859005331993103
    },
    "landmark_25": {
        "x": 0.6091946363449097,
        "y": 0.7419347763061523,
        "z": 0.19513772428035736
    },
    "landmark_26": {
        "x": 0.43362173438072205,
        "y": 0.7391217947006226,
        "z": -0.23865167796611786
    },
    "landmark_27": {
        "x": 0.5664377212524414,
        "y": 0.835624098777771,
        "z": 0.5645073056221008
    },
    "landmark_28": {
        "x": 0.3665006756782532,
        "y": 0.857354998588562,
        "z": -0.12520377337932587
    },
    "landmark_29": {
        "x": 0.5380079746246338,
        "y": 0.853556752204895,
        "z": 0.5860973596572876
    },
    "landmark_30": {
        "x": 0.3703271150588989,
        "y": 0.8853894472122192,
        "z": -0.12988433241844177
    },
    "landmark_31": {
        "x": 0.6167815327644348,
        "y": 0.8728781938552856,
        "z": 0.37906402349472046
    },
    "landmark_32": {
        "x": 0.2693435251712799,
        "y": 0.8549357652664185,
        "z": -0.40889790654182434
    }
}