{
    "landmark_0": {
        "x": 0.5916651487350464,
        "y": 0.40384024381637573,
        "z": -0.3278711140155792
    },
    "landmark_1": {
        "x": 0.6041470170021057,
        "y": 0.39382749795913696,
        "z": -0.2848529517650604
    },
    "landmark_2": {
        "x": 0.6119102239608765,
        "y": 0.3949544429779053,
        "z": -0.28480401635169983
    },
    "landmark_3": {
        "x": 0.6167561411857605,
        "y": 0.39606019854545593,
        "z": -0.2847355604171753
    },
    "landmark_4": {
        "x": 0.5825420022010803,
        "y": 0.39185231924057007,
        "z": -0.2892543077468872
    },
    "landmark_5": {
        "x": 0.5753755569458008,
        "y": 0.39183488488197327,
        "z": -0.28928878903388977
    },
    "landmark_6": {
        "x": 0.568082332611084,
        "y": 0.3920426368713379,
        "z": -0.2893340289592743
    },
    "landmark_7": {
        "x": 0.6253105401992798,
        "y": 0.40335434675216675,
        "z": -0.047294892370700836
    },
    "landmark_8": {
        "x": 0.5576616525650024,
        "y": 0.39886781573295593,
        "z": -0.07344429194927216
    },
    "landmark_9": {
        "x": 0.6027470231056213,
        "y": 0.4190247654914856,
        "z": -0.23987647891044617
    },
    "landmark_10": {
        "x": 0.5763615369796753,
        "y": 0.4169338345527649,
        "z": -0.24759919941425323
    },
    "landmark_11": {
        "x": 0.6603549122810364,
        "y": 0.47113236784935,
        "z": 0.08748413622379303
    },
    "landmark_12": {
        "x": 0.4953007102012634,
        "y": 0.4592994749546051,
        "z": -0.03444703295826912
    },
    "landmark_13": {
        "x": 0.7213222980499268,
        "y": 0.5100917816162109,
        "z": -0.14818236231803894
    },
    "landmark_14": {
        "x": 0.43082037568092346,
        "y": 0.5170431733131409,
        "z": -0.27321454882621765
    },
    "landmark_15": {
        "x": 0.7305632829666138,
        "y": 0.4335392415523529,
        "z": -0.45621252059936523
    },
    "landmark_16": {
        "x": 0.5740168690681458,
        "y": 0.5295029878616333,
        "z": -0.5186052918434143
    },
    "landmark_17": {
        "x": 0.7328401207923889,
        "y": 0.415383905172348,
        "z": -0.5275732278823853
    },
    "landmark_18": {
        "x": 0.6098741888999939,
        "y": 0.5362991094589233,
        "z": -0.5821112394332886
    },
    "landmark_19": {
        "x": 0.7275072932243347,
        "y": 0.41199421882629395,
        "z": -0.5095614194869995
    },
    "landmark_20": {
        "x": 0.6216493248939514,
        "y": 0.5310463905334473,
        "z": -0.5628100633621216
    },
    "landmark_21": {
        "x": 0.722640335559845,
        "y": 0.4186238646507263,
        "z": -0.45917192101478577
    },
    "landmark_22": {
        "x": 0.6093989610671997,
        "y": 0.52908855676651,
        "z": -0.5119038820266724
    },
    "landmark_23": {
        "x": 0.6134831309318542,
        "y": 0.63236403465271,
        "z": 0.03258667141199112
    },
    "landmark_24": {
        "x": 0.5012058019638062,
        "y": 0.6285980343818665,
        "z": -0.032304126769304276
    },
    "landmark_25": {
        "x": 0.609874963760376,
        "y": 0.7372063398361206,
        "z": 0.12895271182060242
    },
    "landmark_26": {
        "x": 0.43875741958618164,
        "y": 0.7332618832588196,
        "z": -0.20095276832580566
    },
    "landmark_27": {
        "x": 0.5738388895988464,
        "y": 0.8319061994552612,
        "z": 0.42636236548423767
    },
    "landmark_28": {
        "x": 0.3396017849445343,
        "y": 0.8517091870307922,
        "z": -0.09962860494852066
    },
    "landmark_29": {
        "x": 0.5478063821792603,
        "y": 0.8472431898117065,
        "z": 0.4403621256351471
    },
    "landmark_30": {
        "x": 0.33624741435050964,
        "y": 0.878071129322052,
        "z": -0.10457892715930939
    },
    "landmark_31": {
        "x": 0.6152679324150085,
        "y": 0.8711126446723938,
        "z": 0.23695015907287598
    },
    "landmark_32": {
        "x": 0.2548375129699707,
        "y": 0.8446179628372192,
        "z": -0.3682009279727936
    }
}