{
    "landmark_0": {
        "x": 0.551674485206604,
        "y": 0.3971470296382904,
        "z": -0.5748652219772339
    },
    "landmark_1": {
        "x": 0.5699847340583801,
        "y": 0.3837333917617798,
        "z": -0.540739893913269
    },
    "landmark_2": {
        "x": 0.5786658525466919,
        "y": 0.38422858715057373,
        "z": -0.54083251953125
    },
    "landmark_3": {
        "x": 0.5860216021537781,
        "y": 0.3850327432155609,
        "z": -0.5407996773719788
    },
    "landmark_4": {
        "x": 0.5410425066947937,
        "y": 0.38204607367515564,
        "z": -0.5414953231811523
    },
    "landmark_5": {
        "x": 0.5320305824279785,
        "y": 0.38156405091285706,
        "z": -0.5415095686912537
    },
    "landmark_6": {
        "x": 0.5228788256645203,
        "y": 0.38119685649871826,
        "z": -0.5416523218154907
    },
    "landmark_7": {
        "x": 0.598584771156311,
        "y": 0.3912073075771332,
        "z": -0.31122350692749023
    },
    "landmark_8": {
        "x": 0.5132932662963867,
        "y": 0.38426756858825684,
        "z": -0.3217243254184723
    },
    "landmark_9": {
        "x": 0.5668797492980957,
        "y": 0.4129752218723297,
        "z": -0.486431747674942
    },
    "landmark_10": {
        "x": 0.5345678329467773,
        "y": 0.4115525782108307,
        "z": -0.4893345832824707
    },
    "landmark_11": {
        "x": 0.6512428522109985,
        "y": 0.47431230545043945,
        "z": -0.1919780671596527
    },
    "landmark_12": {
        "x": 0.42929330468177795,
        "y": 0.4596274495124817,
        "z": -0.14917339384555817
    },
    "landmark_13": {
        "x": 0.6676244735717773,
        "y": 0.5692775249481201,
        "z": -0.1219353899359703
    },
    "landmark_14": {
        "x": 0.3838498294353485,
        "y": 0.5465333461761475,
        "z": -0.06567639857530594
    },
    "landmark_15": {
        "x": 0.617988109588623,
        "y": 0.6516894102096558,
        "z": -0.34240251779556274
    },
    "landmark_16": {
        "x": 0.3781318664550781,
        "y": 0.6255789399147034,
        "z": -0.2840542793273926
    },
    "landmark_17": {
        "x": 0.6098180413246155,
        "y": 0.6808561086654663,
        "z": -0.4121205508708954
    },
    "landmark_18": {
        "x": 0.3769078254699707,
        "y": 0.6557875275611877,
        "z": -0.3478732109069824
    },
    "landmark_19": {
        "x": 0.5904766321182251,
        "y": 0.6757583618164062,
        "z": -0.4762808084487915
    },
    "landmark_20": {
        "x": 0.390200138092041,
        "y": 0.6537267565727234,
        "z": -0.4152357876300812
    },
    "landmark_21": {
        "x": 0.5865443348884583,
        "y": 0.6682337522506714,
        "z": -0.3680762052536011
    },
    "landmark_22": {
        "x": 0.3952656090259552,
        "y": 0.6445937156677246,
        "z": -0.314344197511673
    },
    "landmark_23": {
        "x": 0.586971640586853,
        "y": 0.6552086472511292,
        "z": -0.007715946529060602
    },
    "landmark_24": {
        "x": 0.4709492027759552,
        "y": 0.6532538533210754,
        "z": 0.00797739066183567
    },
    "landmark_25": {
        "x": 0.5701153874397278,
        "y": 0.7741274237632751,
        "z": 0.053056713193655014
    },
    "landmark_26": {
        "x": 0.4850962460041046,
        "y": 0.7845286726951599,
        "z": -0.10877303034067154
    },
    "landmark_27": {
        "x": 0.5484586954116821,
        "y": 0.8592472076416016,
        "z": 0.5221452116966248
    },
    "landmark_28": {
        "x": 0.5064584016799927,
        "y": 0.9120925068855286,
        "z": 0.10634997487068176
    },
    "landmark_29": {
        "x": 0.5427001118659973,
        "y": 0.8671756982803345,
        "z": 0.5567017793655396
    },
    "landmark_30": {
        "x": 0.5228116512298584,
        "y": 0.9266670346260071,
        "z": 0.11223773658275604
    },
    "landmark_31": {
        "x": 0.548109233379364,
        "y": 0.9065033197402954,
        "z": 0.36255913972854614
    },
    "landmark_32": {
        "x": 0.48114797472953796,
        "y": 0.9551445245742798,
        "z": -0.15762768685817719
    }
}