{
    "landmark_0": {
        "x": 0.5156750082969666,
        "y": 0.3978745639324188,
        "z": -0.4527354836463928
    },
    "landmark_1": {
        "x": 0.5293412804603577,
        "y": 0.390784353017807,
        "z": -0.40900856256484985
    },
    "landmark_2": {
        "x": 0.535898745059967,
        "y": 0.391608327627182,
        "z": -0.4090116322040558
    },
    "landmark_3": {
        "x": 0.5418371558189392,
        "y": 0.39257824420928955,
        "z": -0.4090487062931061
    },
    "landmark_4": {
        "x": 0.5064520239830017,
        "y": 0.38965752720832825,
        "z": -0.40980350971221924
    },
    "landmark_5": {
        "x": 0.4987811744213104,
        "y": 0.3899921476840973,
        "z": -0.4098058342933655
    },
    "landmark_6": {
        "x": 0.49217894673347473,
        "y": 0.39056819677352905,
        "z": -0.4098488688468933
    },
    "landmark_7": {
        "x": 0.5531688928604126,
        "y": 0.39976826310157776,
        "z": -0.1648768186569214
    },
    "landmark_8": {
        "x": 0.48326700925827026,
        "y": 0.39761489629745483,
        "z": -0.17083588242530823
    },
    "landmark_9": {
        "x": 0.5294601321220398,
        "y": 0.4126095175743103,
        "z": -0.36206918954849243
    },
    "landmark_10": {
        "x": 0.5014820694923401,
        "y": 0.4114782214164734,
        "z": -0.3642573058605194
    },
    "landmark_11": {
        "x": 0.6020838022232056,
        "y": 0.4749682545661926,
        "z": -0.03651563823223114
    },
    "landmark_12": {
        "x": 0.4208858609199524,
        "y": 0.45980939269065857,
        "z": -0.07617027312517166
    },
    "landmark_13": {
        "x": 0.677980363368988,
        "y": 0.5164229869842529,
        "z": -0.349905788898468
    },
    "landmark_14": {
        "x": 0.32266896963119507,
        "y": 0.5116915106773376,
        "z": -0.35058286786079407
    },
    "landmark_15": {
        "x": 0.6491563320159912,
        "y": 0.4426356852054596,
        "z": -0.7519606947898865
    },
    "landmark_16": {
        "x": 0.44476211071014404,
        "y": 0.5059025287628174,
        "z": -0.7127344608306885
    },
    "landmark_17": {
        "x": 0.6377313733100891,
        "y": 0.4232790470123291,
        "z": -0.8386677503585815
    },
    "landmark_18": {
        "x": 0.47849634289741516,
        "y": 0.5099707841873169,
        "z": -0.7875760197639465
    },
    "landmark_19": {
        "x": 0.6310709714889526,
        "y": 0.4185461103916168,
        "z": -0.8005425930023193
    },
    "landmark_20": {
        "x": 0.49580246210098267,
        "y": 0.5064035654067993,
        "z": -0.7634315490722656
    },
    "landmark_21": {
        "x": 0.6304649710655212,
        "y": 0.42608270049095154,
        "z": -0.7473459243774414
    },
    "landmark_22": {
        "x": 0.4857048988342285,
        "y": 0.5047941207885742,
        "z": -0.7083793878555298
    },
    "landmark_23": {
        "x": 0.53045254945755,
        "y": 0.6364501714706421,
        "z": -0.0108130918815732
    },
    "landmark_24": {
        "x": 0.42147296667099,
        "y": 0.6272462606430054,
        "z": 0.01099342294037342
    },
    "landmark_25": {
        "x": 0.5376938581466675,
        "y": 0.7383003830909729,
        "z": -0.1398959755897522
    },
    "landmark_26": {
        "x": 0.3564666211605072,
        "y": 0.7384370565414429,
        "z": -0.10599449276924133
    },
    "landmark_27": {
        "x": 0.4714140295982361,
        "y": 0.8340797424316406,
        "z": 0.16547881066799164
    },
    "landmark_28": {
        "x": 0.2942185699939728,
        "y": 0.8514658212661743,
        "z": 0.10740042477846146
    },
    "landmark_29": {
        "x": 0.44512319564819336,
        "y": 0.8500463366508484,
        "z": 0.18136459589004517
    },
    "landmark_30": {
        "x": 0.2950596213340759,
        "y": 0.8825269937515259,
        "z": 0.1120324432849884
    },
    "landmark_31": {
        "x": 0.5095528364181519,
        "y": 0.8676019906997681,
        "z": -0.041056226938962936
    },
    "landmark_32": {
        "x": 0.1812964379787445,
        "y": 0.8441537618637085,
        "z": -0.13583703339099884
    }
}