{
    "landmark_0": {
        "x": 0.5752198100090027,
        "y": 0.3955422341823578,
        "z": -0.43175196647644043
    },
    "landmark_1": {
        "x": 0.5852393507957458,
        "y": 0.38356292247772217,
        "z": -0.38871321082115173
    },
    "landmark_2": {
        "x": 0.591894805431366,
        "y": 0.3837486505508423,
        "z": -0.38875848054885864
    },
    "landmark_3": {
        "x": 0.596518874168396,
        "y": 0.38424497842788696,
        "z": -0.38884416222572327
    },
    "landmark_4": {
        "x": 0.5647636651992798,
        "y": 0.38368481397628784,
        "z": -0.3887330889701843
    },
    "landmark_5": {
        "x": 0.5576462745666504,
        "y": 0.38387665152549744,
        "z": -0.38861358165740967
    },
    "landmark_6": {
        "x": 0.5507343411445618,
        "y": 0.38438037037849426,
        "z": -0.38861292600631714
    },
    "landmark_7": {
        "x": 0.6021554470062256,
        "y": 0.3908924162387848,
        "z": -0.16013766825199127
    },
    "landmark_8": {
        "x": 0.5400564670562744,
        "y": 0.3914163410663605,
        "z": -0.1570742428302765
    },
    "landmark_9": {
        "x": 0.5859236121177673,
        "y": 0.4090591073036194,
        "z": -0.347926527261734
    },
    "landmark_10": {
        "x": 0.5630030632019043,
        "y": 0.4094974398612976,
        "z": -0.3477632701396942
    },
    "landmark_11": {
        "x": 0.6560570001602173,
        "y": 0.4572983682155609,
        "z": -0.07887747138738632
    },
    "landmark_12": {
        "x": 0.49069517850875854,
        "y": 0.4537784457206726,
        "z": -0.11748474091291428
    },
    "landmark_13": {
        "x": 0.7473630309104919,
        "y": 0.5040040016174316,
        "z": -0.398409903049469
    },
    "landmark_14": {
        "x": 0.41130173206329346,
        "y": 0.48831725120544434,
        "z": -0.451498806476593
    },
    "landmark_15": {
        "x": 0.6246811747550964,
        "y": 0.4581088125705719,
        "z": -0.6562461853027344
    },
    "landmark_16": {
        "x": 0.5055956244468689,
        "y": 0.42339038848876953,
        "z": -0.7092369198799133
    },
    "landmark_17": {
        "x": 0.5926348567008972,
        "y": 0.44442710280418396,
        "z": -0.7220826745033264
    },
    "landmark_18": {
        "x": 0.5327292680740356,
        "y": 0.40662437677383423,
        "z": -0.7816852331161499
    },
    "landmark_19": {
        "x": 0.5883537530899048,
        "y": 0.4402705729007721,
        "z": -0.6681773662567139
    },
    "landmark_20": {
        "x": 0.5382434725761414,
        "y": 0.4045434892177582,
        "z": -0.741001307964325
    },
    "landmark_21": {
        "x": 0.5932044982910156,
        "y": 0.4454030394554138,
        "z": -0.6400483250617981
    },
    "landmark_22": {
        "x": 0.5312501788139343,
        "y": 0.4117888808250427,
        "z": -0.702013373374939
    },
    "landmark_23": {
        "x": 0.621971845626831,
        "y": 0.63238525390625,
        "z": 0.0035494340118020773
    },
    "landmark_24": {
        "x": 0.5072789788246155,
        "y": 0.6322207450866699,
        "z": -0.003499253885820508
    },
    "landmark_25": {
        "x": 0.6757315397262573,
        "y": 0.7483935356140137,
        "z": -0.01701008714735508
    },
    "landmark_26": {
        "x": 0.4939880073070526,
        "y": 0.738666296005249,
        "z": 0.20068609714508057
    },
    "landmark_27": {
        "x": 0.7129461765289307,
        "y": 0.8636536598205566,
        "z": 0.16245047748088837
    },
    "landmark_28": {
        "x": 0.5217922925949097,
        "y": 0.8352694511413574,
        "z": 0.6435754299163818
    },
    "landmark_29": {
        "x": 0.6877831816673279,
        "y": 0.88801509141922,
        "z": 0.16683346033096313
    },
    "landmark_30": {
        "x": 0.549563467502594,
        "y": 0.8529111742973328,
        "z": 0.6764088869094849
    },
    "landmark_31": {
        "x": 0.8032132387161255,
        "y": 0.8835386037826538,
        "z": -0.06627293676137924
    },
    "landmark_32": {
        "x": 0.4762146770954132,
        "y": 0.8691365122795105,
        "z": 0.4941043555736542
    }
}