{
    "landmark_0": {
        "x": 0.532345175743103,
        "y": 0.4091038107872009,
        "z": -0.396898478269577
    },
    "landmark_1": {
        "x": 0.5443364977836609,
        "y": 0.3986433446407318,
        "z": -0.36244404315948486
    },
    "landmark_2": {
        "x": 0.5508787035942078,
        "y": 0.3987193703651428,
        "z": -0.3625393807888031
    },
    "landmark_3": {
        "x": 0.558447539806366,
        "y": 0.3989250063896179,
        "z": -0.3625863790512085
    },
    "landmark_4": {
        "x": 0.5213973522186279,
        "y": 0.39932629466056824,
        "z": -0.3575845956802368
    },
    "landmark_5": {
        "x": 0.5130393505096436,
        "y": 0.39991259574890137,
        "z": -0.3576016426086426
    },
    "landmark_6": {
        "x": 0.5052557587623596,
        "y": 0.40055742859840393,
        "z": -0.35758864879608154
    },
    "landmark_7": {
        "x": 0.569511890411377,
        "y": 0.4051860272884369,
        "z": -0.1668819785118103
    },
    "landmark_8": {
        "x": 0.4961446523666382,
        "y": 0.40762263536453247,
        "z": -0.14504516124725342
    },
    "landmark_9": {
        "x": 0.5459297299385071,
        "y": 0.4218840003013611,
        "z": -0.3249881863594055
    },
    "landmark_10": {
        "x": 0.5182684659957886,
        "y": 0.4223814606666565,
        "z": -0.3190685212612152
    },
    "landmark_11": {
        "x": 0.625531792640686,
        "y": 0.4699333608150482,
        "z": -0.13486716151237488
    },
    "landmark_12": {
        "x": 0.4563446342945099,
        "y": 0.471911758184433,
        "z": -0.036860719323158264
    },
    "landmark_13": {
        "x": 0.6545897126197815,
        "y": 0.5399563908576965,
        "z": -0.3434045612812042
    },
    "landmark_14": {
        "x": 0.35985544323921204,
        "y": 0.4939456582069397,
        "z": -0.2999279201030731
    },
    "landmark_15": {
        "x": 0.5279760956764221,
        "y": 0.5213438868522644,
        "z": -0.5921176075935364
    },
    "landmark_16": {
        "x": 0.38589799404144287,
        "y": 0.41025835275650024,
        "z": -0.6398687958717346
    },
    "landmark_17": {
        "x": 0.48823419213294983,
        "y": 0.519971489906311,
        "z": -0.6632505059242249
    },
    "landmark_18": {
        "x": 0.3882811963558197,
        "y": 0.3886297345161438,
        "z": -0.7190401554107666
    },
    "landmark_19": {
        "x": 0.4804518520832062,
        "y": 0.5142511129379272,
        "z": -0.6429575085639954
    },
    "landmark_20": {
        "x": 0.3952028155326843,
        "y": 0.383693665266037,
        "z": -0.6939994096755981
    },
    "landmark_21": {
        "x": 0.4906883239746094,
        "y": 0.5143893361091614,
        "z": -0.5857313275337219
    },
    "landmark_22": {
        "x": 0.4011947512626648,
        "y": 0.3924468457698822,
        "z": -0.6425449848175049
    },
    "landmark_23": {
        "x": 0.608160674571991,
        "y": 0.6404848098754883,
        "z": -0.022244079038500786
    },
    "landmark_24": {
        "x": 0.49503058195114136,
        "y": 0.6417146325111389,
        "z": 0.022252708673477173
    },
    "landmark_25": {
        "x": 0.6552588939666748,
        "y": 0.7570957541465759,
        "z": -0.13208752870559692
    },
    "landmark_26": {
        "x": 0.4911540448665619,
        "y": 0.7487784624099731,
        "z": 0.2379375845193863
    },
    "landmark_27": {
        "x": 0.6866051554679871,
        "y": 0.8792532682418823,
        "z": -0.058007411658763885
    },
    "landmark_28": {
        "x": 0.5440641045570374,
        "y": 0.8348857164382935,
        "z": 0.6423832178115845
    },
    "landmark_29": {
        "x": 0.6819308996200562,
        "y": 0.9101079702377319,
        "z": -0.06507834047079086
    },
    "landmark_30": {
        "x": 0.5698533058166504,
        "y": 0.8500892519950867,
        "z": 0.6703685522079468
    },
    "landmark_31": {
        "x": 0.7807101607322693,
        "y": 0.8776258230209351,
        "z": -0.29568934440612793
    },
    "landmark_32": {
        "x": 0.5027254819869995,
        "y": 0.8690087199211121,
        "z": 0.5121975541114807
    }
}