{
    "landmark_0": {
        "x": 0.596289873123169,
        "y": 0.37187525629997253,
        "z": -0.30585530400276184
    },
    "landmark_1": {
        "x": 0.6084663271903992,
        "y": 0.3606411814689636,
        "z": -0.2664843797683716
    },
    "landmark_2": {
        "x": 0.6160169243812561,
        "y": 0.36145836114883423,
        "z": -0.26641470193862915
    },
    "landmark_3": {
        "x": 0.6206428408622742,
        "y": 0.36228474974632263,
        "z": -0.26651906967163086
    },
    "landmark_4": {
        "x": 0.5856626033782959,
        "y": 0.3598073720932007,
        "z": -0.27241891622543335
    },
    "landmark_5": {
        "x": 0.5781682133674622,
        "y": 0.36013326048851013,
        "z": -0.27227431535720825
    },
    "landmark_6": {
        "x": 0.5701990723609924,
        "y": 0.36078494787216187,
        "z": -0.2722504734992981
    },
    "landmark_7": {
        "x": 0.6294542551040649,
        "y": 0.3700461685657501,
        "z": -0.047859031707048416
    },
    "landmark_8": {
        "x": 0.5596961975097656,
        "y": 0.36848634481430054,
        "z": -0.07642008364200592
    },
    "landmark_9": {
        "x": 0.6087489724159241,
        "y": 0.3867855966091156,
        "z": -0.2238086760044098
    },
    "landmark_10": {
        "x": 0.5803369879722595,
        "y": 0.38579225540161133,
        "z": -0.23283898830413818
    },
    "landmark_11": {
        "x": 0.671968400478363,
        "y": 0.4372938573360443,
        "z": 0.06016022339463234
    },
    "landmark_12": {
        "x": 0.5008366703987122,
        "y": 0.42597490549087524,
        "z": -0.06950043141841888
    },
    "landmark_13": {
        "x": 0.7593767046928406,
        "y": 0.49303680658340454,
        "z": -0.22805871069431305
    },
    "landmark_14": {
        "x": 0.41882026195526123,
        "y": 0.4532458782196045,
        "z": -0.3999088406562805
    },
    "landmark_15": {
        "x": 0.7262868881225586,
        "y": 0.4146803915500641,
        "z": -0.5413217544555664
    },
    "landmark_16": {
        "x": 0.5559999942779541,
        "y": 0.4464215636253357,
        "z": -0.6544253826141357
    },
    "landmark_17": {
        "x": 0.7128607630729675,
        "y": 0.39581289887428284,
        "z": -0.6022418737411499
    },
    "landmark_18": {
        "x": 0.5987438559532166,
        "y": 0.44946613907814026,
        "z": -0.7170639634132385
    },
    "landmark_19": {
        "x": 0.7085664868354797,
        "y": 0.39141082763671875,
        "z": -0.5605555176734924
    },
    "landmark_20": {
        "x": 0.6080722212791443,
        "y": 0.4490906596183777,
        "z": -0.6761909127235413
    },
    "landmark_21": {
        "x": 0.7061032652854919,
        "y": 0.3977251946926117,
        "z": -0.5328505635261536
    },
    "landmark_22": {
        "x": 0.6007204651832581,
        "y": 0.447897732257843,
        "z": -0.644007682800293
    },
    "landmark_23": {
        "x": 0.6275784969329834,
        "y": 0.6080602407455444,
        "z": 0.027048945426940918
    },
    "landmark_24": {
        "x": 0.5141934752464294,
        "y": 0.6046974062919617,
        "z": -0.02702498249709606
    },
    "landmark_25": {
        "x": 0.6625918745994568,
        "y": 0.7307499051094055,
        "z": -0.05097920075058937
    },
    "landmark_26": {
        "x": 0.49208828806877136,
        "y": 0.7212608456611633,
        "z": 0.08381503820419312
    },
    "landmark_27": {
        "x": 0.6646330952644348,
        "y": 0.8486212491989136,
        "z": 0.1322869211435318
    },
    "landmark_28": {
        "x": 0.515712559223175,
        "y": 0.8182584047317505,
        "z": 0.504830002784729
    },
    "landmark_29": {
        "x": 0.6392017006874084,
        "y": 0.8622743487358093,
        "z": 0.13603906333446503
    },
    "landmark_30": {
        "x": 0.5411142110824585,
        "y": 0.830316424369812,
        "z": 0.536044180393219
    },
    "landmark_31": {
        "x": 0.7139796614646912,
        "y": 0.8923304677009583,
        "z": -0.11094849556684494
    },
    "landmark_32": {
        "x": 0.4705480933189392,
        "y": 0.8667699098587036,
        "z": 0.3579519987106323
    }
}