{
    "landmark_0": {
        "x": 0.5376332402229309,
        "y": 0.416828453540802,
        "z": -0.4451867938041687
    },
    "landmark_1": {
        "x": 0.5488550662994385,
        "y": 0.40669673681259155,
        "z": -0.41176706552505493
    },
    "landmark_2": {
        "x": 0.5555585622787476,
        "y": 0.40654486417770386,
        "z": -0.41192755103111267
    },
    "landmark_3": {
        "x": 0.5620918273925781,
        "y": 0.40662866830825806,
        "z": -0.4120250642299652
    },
    "landmark_4": {
        "x": 0.527068018913269,
        "y": 0.4074660837650299,
        "z": -0.4020204246044159
    },
    "landmark_5": {
        "x": 0.5197238922119141,
        "y": 0.4079943299293518,
        "z": -0.401994526386261
    },
    "landmark_6": {
        "x": 0.5121217966079712,
        "y": 0.40878501534461975,
        "z": -0.40197184681892395
    },
    "landmark_7": {
        "x": 0.5741114020347595,
        "y": 0.4118805527687073,
        "z": -0.20864976942539215
    },
    "landmark_8": {
        "x": 0.5041531324386597,
        "y": 0.4140109419822693,
        "z": -0.16118675470352173
    },
    "landmark_9": {
        "x": 0.5519459247589111,
        "y": 0.42744332551956177,
        "z": -0.36909914016723633
    },
    "landmark_10": {
        "x": 0.5251719951629639,
        "y": 0.42810431122779846,
        "z": -0.35580170154571533
    },
    "landmark_11": {
        "x": 0.6363323330879211,
        "y": 0.4664536416530609,
        "z": -0.1752924770116806
    },
    "landmark_12": {
        "x": 0.46921733021736145,
        "y": 0.4723135530948639,
        "z": -0.05884818360209465
    },
    "landmark_13": {
        "x": 0.703416645526886,
        "y": 0.5252668261528015,
        "z": -0.45492875576019287
    },
    "landmark_14": {
        "x": 0.42623794078826904,
        "y": 0.5100648403167725,
        "z": -0.3814431130886078
    },
    "landmark_15": {
        "x": 0.5696638822555542,
        "y": 0.5314511656761169,
        "z": -0.7229394912719727
    },
    "landmark_16": {
        "x": 0.44789937138557434,
        "y": 0.4294041693210602,
        "z": -0.8044698238372803
    },
    "landmark_17": {
        "x": 0.5316976308822632,
        "y": 0.5429607033729553,
        "z": -0.8034754991531372
    },
    "landmark_18": {
        "x": 0.44099804759025574,
        "y": 0.4090474545955658,
        "z": -0.8962703943252563
    },
    "landmark_19": {
        "x": 0.5175114870071411,
        "y": 0.5364199280738831,
        "z": -0.7806552648544312
    },
    "landmark_20": {
        "x": 0.44633936882019043,
        "y": 0.405668169260025,
        "z": -0.8865785598754883
    },
    "landmark_21": {
        "x": 0.5258013606071472,
        "y": 0.5327200889587402,
        "z": -0.7148063778877258
    },
    "landmark_22": {
        "x": 0.45431798696517944,
        "y": 0.4140569567680359,
        "z": -0.8145003318786621
    },
    "landmark_23": {
        "x": 0.6053153276443481,
        "y": 0.6453894972801208,
        "z": -0.03387805446982384
    },
    "landmark_24": {
        "x": 0.4909283518791199,
        "y": 0.6444091796875,
        "z": 0.03396228700876236
    },
    "landmark_25": {
        "x": 0.6530042290687561,
        "y": 0.7551127076148987,
        "z": -0.15309534966945648
    },
    "landmark_26": {
        "x": 0.47838786244392395,
        "y": 0.748333215713501,
        "z": 0.1455729901790619
    },
    "landmark_27": {
        "x": 0.713841438293457,
        "y": 0.875247597694397,
        "z": -0.05918482318520546
    },
    "landmark_28": {
        "x": 0.5214217305183411,
        "y": 0.8395158052444458,
        "z": 0.5358936190605164
    },
    "landmark_29": {
        "x": 0.7046597599983215,
        "y": 0.907526969909668,
        "z": -0.06444733589887619
    },
    "landmark_30": {
        "x": 0.5538073778152466,
        "y": 0.8575630187988281,
        "z": 0.5620660781860352
    },
    "landmark_31": {
        "x": 0.7964824438095093,
        "y": 0.8785236477851868,
        "z": -0.30570971965789795
    },
    "landmark_32": {
        "x": 0.47433117032051086,
        "y": 0.8702051043510437,
        "z": 0.39005085825920105
    }
}