{
    "landmark_0": {
        "x": 0.5676985383033752,
        "y": 0.3579234480857849,
        "z": -0.3117830157279968
    },
    "landmark_1": {
        "x": 0.5796914100646973,
        "y": 0.34752026200294495,
        "z": -0.26636311411857605
    },
    "landmark_2": {
        "x": 0.5875831246376038,
        "y": 0.3483465611934662,
        "z": -0.2663465738296509
    },
    "landmark_3": {
        "x": 0.5923384428024292,
        "y": 0.3492756485939026,
        "z": -0.2664508819580078
    },
    "landmark_4": {
        "x": 0.5563541650772095,
        "y": 0.3467145562171936,
        "z": -0.2684917449951172
    },
    "landmark_5": {
        "x": 0.5492554306983948,
        "y": 0.3467337489128113,
        "z": -0.26834636926651
    },
    "landmark_6": {
        "x": 0.5417718887329102,
        "y": 0.3470848798751831,
        "z": -0.26836612820625305
    },
    "landmark_7": {
        "x": 0.6037359833717346,
        "y": 0.3574656844139099,
        "z": -0.04013628885149956
    },
    "landmark_8": {
        "x": 0.5329509973526001,
        "y": 0.35571083426475525,
        "z": -0.05317946895956993
    },
    "landmark_9": {
        "x": 0.5806753635406494,
        "y": 0.3728761672973633,
        "z": -0.22998665273189545
    },
    "landmark_10": {
        "x": 0.5516058206558228,
        "y": 0.3722504675388336,
        "z": -0.23458902537822723
    },
    "landmark_11": {
        "x": 0.6515512466430664,
        "y": 0.42487087845802307,
        "z": 0.02680562064051628
    },
    "landmark_12": {
        "x": 0.47552868723869324,
        "y": 0.41807276010513306,
        "z": -0.0382344014942646
    },
    "landmark_13": {
        "x": 0.74165278673172,
        "y": 0.4780721068382263,
        "z": -0.3123440742492676
    },
    "landmark_14": {
        "x": 0.38902753591537476,
        "y": 0.44613179564476013,
        "z": -0.39739662408828735
    },
    "landmark_15": {
        "x": 0.6774881482124329,
        "y": 0.40939992666244507,
        "z": -0.6303921937942505
    },
    "landmark_16": {
        "x": 0.5234388709068298,
        "y": 0.41914063692092896,
        "z": -0.6706007719039917
    },
    "landmark_17": {
        "x": 0.6637904644012451,
        "y": 0.38807785511016846,
        "z": -0.6979906558990479
    },
    "landmark_18": {
        "x": 0.5602750182151794,
        "y": 0.4172059893608093,
        "z": -0.742046594619751
    },
    "landmark_19": {
        "x": 0.6583840847015381,
        "y": 0.3851960003376007,
        "z": -0.6442579627037048
    },
    "landmark_20": {
        "x": 0.5745876431465149,
        "y": 0.41496458649635315,
        "z": -0.6893579959869385
    },
    "landmark_21": {
        "x": 0.657157838344574,
        "y": 0.3923710882663727,
        "z": -0.6166292428970337
    },
    "landmark_22": {
        "x": 0.566545307636261,
        "y": 0.4169101119041443,
        "z": -0.6576181054115295
    },
    "landmark_23": {
        "x": 0.6031196117401123,
        "y": 0.5941957831382751,
        "z": 0.005469094030559063
    },
    "landmark_24": {
        "x": 0.4901299476623535,
        "y": 0.590424120426178,
        "z": -0.005585665348917246
    },
    "landmark_25": {
        "x": 0.6180366277694702,
        "y": 0.71209317445755,
        "z": -0.08074229955673218
    },
    "landmark_26": {
        "x": 0.4805188477039337,
        "y": 0.7110276222229004,
        "z": -0.08978767693042755
    },
    "landmark_27": {
        "x": 0.6015134453773499,
        "y": 0.8310924768447876,
        "z": 0.2749539017677307
    },
    "landmark_28": {
        "x": 0.5131453275680542,
        "y": 0.8123677968978882,
        "z": 0.32904571294784546
    },
    "landmark_29": {
        "x": 0.5862239003181458,
        "y": 0.8372985124588013,
        "z": 0.29834043979644775
    },
    "landmark_30": {
        "x": 0.5304254293441772,
        "y": 0.8200863599777222,
        "z": 0.36098387837409973
    },
    "landmark_31": {
        "x": 0.6279380321502686,
        "y": 0.8782228231430054,
        "z": 0.0647704005241394
    },
    "landmark_32": {
        "x": 0.47618645429611206,
        "y": 0.8661049604415894,
        "z": 0.1618868112564087
    }
}