{
    "landmark_0": {
        "x": 0.5637240409851074,
        "y": 0.3985183835029602,
        "z": -0.6693387031555176
    },
    "landmark_1": {
        "x": 0.580508291721344,
        "y": 0.3872072100639343,
        "z": -0.6421173214912415
    },
    "landmark_2": {
        "x": 0.5886803865432739,
        "y": 0.3878573775291443,
        "z": -0.6421574950218201
    },
    "landmark_3": {
        "x": 0.594288170337677,
        "y": 0.3884970247745514,
        "z": -0.642188549041748
    },
    "landmark_4": {
        "x": 0.5572807788848877,
        "y": 0.385529100894928,
        "z": -0.643406093120575
    },
    "landmark_5": {
        "x": 0.5499005913734436,
        "y": 0.38473865389823914,
        "z": -0.6434524059295654
    },
    "landmark_6": {
        "x": 0.5430632829666138,
        "y": 0.3841352164745331,
        "z": -0.6435040235519409
    },
    "landmark_7": {
        "x": 0.6065714955329895,
        "y": 0.3922964632511139,
        "z": -0.42599761486053467
    },
    "landmark_8": {
        "x": 0.5362430214881897,
        "y": 0.3877752423286438,
        "z": -0.4327762722969055
    },
    "landmark_9": {
        "x": 0.5777220726013184,
        "y": 0.411602258682251,
        "z": -0.5829958319664001
    },
    "landmark_10": {
        "x": 0.5494615435600281,
        "y": 0.4097980558872223,
        "z": -0.585136353969574
    },
    "landmark_11": {
        "x": 0.6604104042053223,
        "y": 0.4616447389125824,
        "z": -0.2623521089553833
    },
    "landmark_12": {
        "x": 0.4599612355232239,
        "y": 0.45347851514816284,
        "z": -0.2444043755531311
    },
    "landmark_13": {
        "x": 0.6958679556846619,
        "y": 0.5415986180305481,
        "z": -0.13858777284622192
    },
    "landmark_14": {
        "x": 0.42595499753952026,
        "y": 0.5337834358215332,
        "z": -0.1314966082572937
    },
    "landmark_15": {
        "x": 0.7069916129112244,
        "y": 0.6126759648323059,
        "z": -0.3278493285179138
    },
    "landmark_16": {
        "x": 0.42271170020103455,
        "y": 0.6069245934486389,
        "z": -0.2951321303844452
    },
    "landmark_17": {
        "x": 0.7176318764686584,
        "y": 0.6355092525482178,
        "z": -0.3835770785808563
    },
    "landmark_18": {
        "x": 0.4217209815979004,
        "y": 0.6328190565109253,
        "z": -0.3491045832633972
    },
    "landmark_19": {
        "x": 0.7101765871047974,
        "y": 0.6360163688659668,
        "z": -0.45814114809036255
    },
    "landmark_20": {
        "x": 0.43306875228881836,
        "y": 0.6306187510490417,
        "z": -0.41947272419929504
    },
    "landmark_21": {
        "x": 0.7018495798110962,
        "y": 0.6274656653404236,
        "z": -0.3592393100261688
    },
    "landmark_22": {
        "x": 0.43649566173553467,
        "y": 0.6218217015266418,
        "z": -0.3263798952102661
    },
    "landmark_23": {
        "x": 0.6006433367729187,
        "y": 0.6282074451446533,
        "z": -0.011343936435878277
    },
    "landmark_24": {
        "x": 0.48648178577423096,
        "y": 0.62227863073349,
        "z": 0.011274917051196098
    },
    "landmark_25": {
        "x": 0.5771604180335999,
        "y": 0.7477736473083496,
        "z": -0.01420221570879221
    },
    "landmark_26": {
        "x": 0.46004268527030945,
        "y": 0.7376267910003662,
        "z": 0.027484791353344917
    },
    "landmark_27": {
        "x": 0.5492433905601501,
        "y": 0.8362065553665161,
        "z": 0.41202110052108765
    },
    "landmark_28": {
        "x": 0.44830191135406494,
        "y": 0.8337376713752747,
        "z": 0.410685658454895
    },
    "landmark_29": {
        "x": 0.5400133728981018,
        "y": 0.8452800512313843,
        "z": 0.43881088495254517
    },
    "landmark_30": {
        "x": 0.4615319073200226,
        "y": 0.8456332087516785,
        "z": 0.4344750642776489
    },
    "landmark_31": {
        "x": 0.5521293878555298,
        "y": 0.8747502565383911,
        "z": 0.20077091455459595
    },
    "landmark_32": {
        "x": 0.4120200574398041,
        "y": 0.867405116558075,
        "z": 0.19786383211612701
    }
}