{
    "landmark_0": {
        "x": 0.5411933660507202,
        "y": 0.3504416048526764,
        "z": -0.4454529285430908
    },
    "landmark_1": {
        "x": 0.5542414784431458,
        "y": 0.34160253405570984,
        "z": -0.40199199318885803
    },
    "landmark_2": {
        "x": 0.5620155334472656,
        "y": 0.3419044017791748,
        "z": -0.40197208523750305
    },
    "landmark_3": {
        "x": 0.5683858394622803,
        "y": 0.3423301875591278,
        "z": -0.40198343992233276
    },
    "landmark_4": {
        "x": 0.5305428504943848,
        "y": 0.34167584776878357,
        "z": -0.3936762809753418
    },
    "landmark_5": {
        "x": 0.5230010747909546,
        "y": 0.3419671952724457,
        "z": -0.39365142583847046
    },
    "landmark_6": {
        "x": 0.5152707099914551,
        "y": 0.34269851446151733,
        "z": -0.393675833940506
    },
    "landmark_7": {
        "x": 0.5838441252708435,
        "y": 0.35111767053604126,
        "z": -0.19137346744537354
    },
    "landmark_8": {
        "x": 0.506801962852478,
        "y": 0.353527307510376,
        "z": -0.15076327323913574
    },
    "landmark_9": {
        "x": 0.5595139861106873,
        "y": 0.36544546484947205,
        "z": -0.37107691168785095
    },
    "landmark_10": {
        "x": 0.5303696393966675,
        "y": 0.364839106798172,
        "z": -0.35996001958847046
    },
    "landmark_11": {
        "x": 0.6392196416854858,
        "y": 0.41862964630126953,
        "z": -0.15237528085708618
    },
    "landmark_12": {
        "x": 0.4632050096988678,
        "y": 0.4190298914909363,
        "z": -0.07382886111736298
    },
    "landmark_13": {
        "x": 0.7303603887557983,
        "y": 0.43819037079811096,
        "z": -0.5507916808128357
    },
    "landmark_14": {
        "x": 0.36325737833976746,
        "y": 0.4466702342033386,
        "z": -0.4334133267402649
    },
    "landmark_15": {
        "x": 0.6286208629608154,
        "y": 0.3940480947494507,
        "z": -0.870940089225769
    },
    "landmark_16": {
        "x": 0.4211515784263611,
        "y": 0.3795478343963623,
        "z": -0.799983561038971
    },
    "landmark_17": {
        "x": 0.5965886116027832,
        "y": 0.38472816348075867,
        "z": -0.9472419619560242
    },
    "landmark_18": {
        "x": 0.43857213854789734,
        "y": 0.3617803752422333,
        "z": -0.8911556005477905
    },
    "landmark_19": {
        "x": 0.5900924205780029,
        "y": 0.3837588429450989,
        "z": -0.8898634910583496
    },
    "landmark_20": {
        "x": 0.44541388750076294,
        "y": 0.36085429787635803,
        "z": -0.8438066244125366
    },
    "landmark_21": {
        "x": 0.5966417789459229,
        "y": 0.3870128095149994,
        "z": -0.8561978936195374
    },
    "landmark_22": {
        "x": 0.443715363740921,
        "y": 0.3683870732784271,
        "z": -0.7950869202613831
    },
    "landmark_23": {
        "x": 0.5930761694908142,
        "y": 0.5943312048912048,
        "z": -0.03388453274965286
    },
    "landmark_24": {
        "x": 0.4762226939201355,
        "y": 0.589547336101532,
        "z": 0.03349831700325012
    },
    "landmark_25": {
        "x": 0.5877386331558228,
        "y": 0.7220603227615356,
        "z": -0.04654379561543465
    },
    "landmark_26": {
        "x": 0.43266236782073975,
        "y": 0.7107791900634766,
        "z": 0.05799295753240585
    },
    "landmark_27": {
        "x": 0.5834642648696899,
        "y": 0.8267019987106323,
        "z": 0.32527169585227966
    },
    "landmark_28": {
        "x": 0.45340293645858765,
        "y": 0.8104084134101868,
        "z": 0.4642985165119171
    },
    "landmark_29": {
        "x": 0.5652019381523132,
        "y": 0.8361402750015259,
        "z": 0.34701189398765564
    },
    "landmark_30": {
        "x": 0.476481556892395,
        "y": 0.8217288851737976,
        "z": 0.49260085821151733
    },
    "landmark_31": {
        "x": 0.6060731410980225,
        "y": 0.8729829788208008,
        "z": 0.096563920378685
    },
    "landmark_32": {
        "x": 0.4030095338821411,
        "y": 0.8454259037971497,
        "z": 0.273392915725708
    }
}