{
    "landmark_0": {
        "x": 0.5702254772186279,
        "y": 0.3993475139141083,
        "z": -0.6396651864051819
    },
    "landmark_1": {
        "x": 0.5886217951774597,
        "y": 0.38831374049186707,
        "z": -0.612777829170227
    },
    "landmark_2": {
        "x": 0.5971651077270508,
        "y": 0.389100581407547,
        "z": -0.6127783060073853
    },
    "landmark_3": {
        "x": 0.6035416126251221,
        "y": 0.389645516872406,
        "z": -0.6127201318740845
    },
    "landmark_4": {
        "x": 0.5630736947059631,
        "y": 0.38602906465530396,
        "z": -0.6138900518417358
    },
    "landmark_5": {
        "x": 0.554858922958374,
        "y": 0.38497644662857056,
        "z": -0.6139287352561951
    },
    "landmark_6": {
        "x": 0.5470461249351501,
        "y": 0.3841054141521454,
        "z": -0.6140275001525879
    },
    "landmark_7": {
        "x": 0.6159457564353943,
        "y": 0.39351630210876465,
        "z": -0.3929431140422821
    },
    "landmark_8": {
        "x": 0.5408362746238708,
        "y": 0.38681432604789734,
        "z": -0.40533509850502014
    },
    "landmark_9": {
        "x": 0.5838804841041565,
        "y": 0.4139844477176666,
        "z": -0.5528531670570374
    },
    "landmark_10": {
        "x": 0.5552500486373901,
        "y": 0.41182270646095276,
        "z": -0.5564751029014587
    },
    "landmark_11": {
        "x": 0.6621020436286926,
        "y": 0.47343212366104126,
        "z": -0.21378090977668762
    },
    "landmark_12": {
        "x": 0.46225106716156006,
        "y": 0.45134109258651733,
        "z": -0.22875498235225677
    },
    "landmark_13": {
        "x": 0.6992602348327637,
        "y": 0.5588176250457764,
        "z": -0.07242084294557571
    },
    "landmark_14": {
        "x": 0.42600876092910767,
        "y": 0.5326534509658813,
        "z": -0.12337946146726608
    },
    "landmark_15": {
        "x": 0.6927512288093567,
        "y": 0.6395667791366577,
        "z": -0.2540692090988159
    },
    "landmark_16": {
        "x": 0.4120582044124603,
        "y": 0.6016736626625061,
        "z": -0.31784772872924805
    },
    "landmark_17": {
        "x": 0.7001950144767761,
        "y": 0.6671486496925354,
        "z": -0.3064115047454834
    },
    "landmark_18": {
        "x": 0.4041040539741516,
        "y": 0.62346351146698,
        "z": -0.3743544816970825
    },
    "landmark_19": {
        "x": 0.6862426996231079,
        "y": 0.6652562618255615,
        "z": -0.37930068373680115
    },
    "landmark_20": {
        "x": 0.41696155071258545,
        "y": 0.6229736804962158,
        "z": -0.445375919342041
    },
    "landmark_21": {
        "x": 0.6788318753242493,
        "y": 0.6591658592224121,
        "z": -0.2839987277984619
    },
    "landmark_22": {
        "x": 0.42262521386146545,
        "y": 0.6166244745254517,
        "z": -0.3496115207672119
    },
    "landmark_23": {
        "x": 0.5922154784202576,
        "y": 0.6346742510795593,
        "z": 0.006927013862878084
    },
    "landmark_24": {
        "x": 0.48043230175971985,
        "y": 0.6269881725311279,
        "z": -0.006857701577246189
    },
    "landmark_25": {
        "x": 0.5650953650474548,
        "y": 0.7540405988693237,
        "z": 0.0853266716003418
    },
    "landmark_26": {
        "x": 0.48883140087127686,
        "y": 0.7555349469184875,
        "z": -0.05117897316813469
    },
    "landmark_27": {
        "x": 0.557483971118927,
        "y": 0.842734694480896,
        "z": 0.4871665835380554
    },
    "landmark_28": {
        "x": 0.4846292734146118,
        "y": 0.8774410486221313,
        "z": 0.16738589107990265
    },
    "landmark_29": {
        "x": 0.5538877248764038,
        "y": 0.8508637547492981,
        "z": 0.5143014192581177
    },
    "landmark_30": {
        "x": 0.49273282289505005,
        "y": 0.8915727734565735,
        "z": 0.17386546730995178
    },
    "landmark_31": {
        "x": 0.5479309558868408,
        "y": 0.8861032724380493,
        "z": 0.298814594745636
    },
    "landmark_32": {
        "x": 0.4708488881587982,
        "y": 0.9200183153152466,
        "z": -0.10295665264129639
    }
}