{
    "landmark_0": {
        "x": 0.5379222631454468,
        "y": 0.4076393246650696,
        "z": -0.40732547640800476
    },
    "landmark_1": {
        "x": 0.5486305952072144,
        "y": 0.39739280939102173,
        "z": -0.3761787712574005
    },
    "landmark_2": {
        "x": 0.5549641251564026,
        "y": 0.39726021885871887,
        "z": -0.37633123993873596
    },
    "landmark_3": {
        "x": 0.5616421103477478,
        "y": 0.39729011058807373,
        "z": -0.3764295279979706
    },
    "landmark_4": {
        "x": 0.5269471406936646,
        "y": 0.39817607402801514,
        "z": -0.3649049401283264
    },
    "landmark_5": {
        "x": 0.519197940826416,
        "y": 0.3985978662967682,
        "z": -0.3649000823497772
    },
    "landmark_6": {
        "x": 0.5116258263587952,
        "y": 0.3992322087287903,
        "z": -0.36487188935279846
    },
    "landmark_7": {
        "x": 0.5735118389129639,
        "y": 0.40210622549057007,
        "z": -0.17813506722450256
    },
    "landmark_8": {
        "x": 0.5036998987197876,
        "y": 0.4046095013618469,
        "z": -0.12546348571777344
    },
    "landmark_9": {
        "x": 0.5523881912231445,
        "y": 0.41848549246788025,
        "z": -0.3325725793838501
    },
    "landmark_10": {
        "x": 0.5256925225257874,
        "y": 0.41931429505348206,
        "z": -0.3178356885910034
    },
    "landmark_11": {
        "x": 0.6382061243057251,
        "y": 0.4559028744697571,
        "z": -0.1461394876241684
    },
    "landmark_12": {
        "x": 0.4718013405799866,
        "y": 0.46152347326278687,
        "z": 0.0029527456499636173
    },
    "landmark_13": {
        "x": 0.7100043296813965,
        "y": 0.513740599155426,
        "z": -0.3553524911403656
    },
    "landmark_14": {
        "x": 0.42353948950767517,
        "y": 0.49791139364242554,
        "z": -0.2671702206134796
    },
    "landmark_15": {
        "x": 0.5737046003341675,
        "y": 0.530799150466919,
        "z": -0.5654368996620178
    },
    "landmark_16": {
        "x": 0.44683128595352173,
        "y": 0.42217689752578735,
        "z": -0.6586686968803406
    },
    "landmark_17": {
        "x": 0.5367242097854614,
        "y": 0.5446176528930664,
        "z": -0.6353850960731506
    },
    "landmark_18": {
        "x": 0.43678316473960876,
        "y": 0.4010074734687805,
        "z": -0.7406867742538452
    },
    "landmark_19": {
        "x": 0.5217912197113037,
        "y": 0.5376034379005432,
        "z": -0.6205224394798279
    },
    "landmark_20": {
        "x": 0.441887229681015,
        "y": 0.3972559869289398,
        "z": -0.7324815392494202
    },
    "landmark_21": {
        "x": 0.5297792553901672,
        "y": 0.533068060874939,
        "z": -0.5579116940498352
    },
    "landmark_22": {
        "x": 0.4510452151298523,
        "y": 0.4062160551548004,
        "z": -0.6682398319244385
    },
    "landmark_23": {
        "x": 0.60737144947052,
        "y": 0.6337092518806458,
        "z": -0.0486140139400959
    },
    "landmark_24": {
        "x": 0.49646127223968506,
        "y": 0.6351009607315063,
        "z": 0.048712968826293945
    },
    "landmark_25": {
        "x": 0.6467759609222412,
        "y": 0.740083634853363,
        "z": -0.18821144104003906
    },
    "landmark_26": {
        "x": 0.4808279275894165,
        "y": 0.7418734431266785,
        "z": 0.14151769876480103
    },
    "landmark_27": {
        "x": 0.7001374959945679,
        "y": 0.8624207377433777,
        "z": -0.11759303510189056
    },
    "landmark_28": {
        "x": 0.5239944458007812,
        "y": 0.8373096585273743,
        "z": 0.48925307393074036
    },
    "landmark_29": {
        "x": 0.6881177425384521,
        "y": 0.8980199098587036,
        "z": -0.12556587159633636
    },
    "landmark_30": {
        "x": 0.5543079972267151,
        "y": 0.8566116094589233,
        "z": 0.5106186270713806
    },
    "landmark_31": {
        "x": 0.791656494140625,
        "y": 0.8699690103530884,
        "z": -0.35632815957069397
    },
    "landmark_32": {
        "x": 0.469075083732605,
        "y": 0.8693524599075317,
        "z": 0.3438410460948944
    }
}