{
    "landmark_0": {
        "x": 0.463228315114975,
        "y": 0.37474846839904785,
        "z": -0.47740334272384644
    },
    "landmark_1": {
        "x": 0.4754090905189514,
        "y": 0.36409834027290344,
        "z": -0.44800660014152527
    },
    "landmark_2": {
        "x": 0.48398858308792114,
        "y": 0.3638591170310974,
        "z": -0.44796279072761536
    },
    "landmark_3": {
        "x": 0.49189087748527527,
        "y": 0.3638513386249542,
        "z": -0.44787952303886414
    },
    "landmark_4": {
        "x": 0.4514244794845581,
        "y": 0.3657330572605133,
        "z": -0.43440550565719604
    },
    "landmark_5": {
        "x": 0.4434080421924591,
        "y": 0.36680150032043457,
        "z": -0.43448737263679504
    },
    "landmark_6": {
        "x": 0.43833112716674805,
        "y": 0.3677383065223694,
        "z": -0.4344251751899719
    },
    "landmark_7": {
        "x": 0.5042420029640198,
        "y": 0.3701479434967041,
        "z": -0.26634901762008667
    },
    "landmark_8": {
        "x": 0.43544942140579224,
        "y": 0.3761337399482727,
        "z": -0.2039332538843155
    },
    "landmark_9": {
        "x": 0.48251742124557495,
        "y": 0.38756924867630005,
        "z": -0.4109209179878235
    },
    "landmark_10": {
        "x": 0.45119041204452515,
        "y": 0.3897404968738556,
        "z": -0.393311083316803
    },
    "landmark_11": {
        "x": 0.5898072719573975,
        "y": 0.4484378397464752,
        "z": -0.1754854917526245
    },
    "landmark_12": {
        "x": 0.3844606578350067,
        "y": 0.4515708088874817,
        "z": -0.03636091575026512
    },
    "landmark_13": {
        "x": 0.6493604779243469,
        "y": 0.5138837099075317,
        "z": -0.1141321212053299
    },
    "landmark_14": {
        "x": 0.2814387381076813,
        "y": 0.4927597939968109,
        "z": -0.19561538100242615
    },
    "landmark_15": {
        "x": 0.6016467213630676,
        "y": 0.5788403153419495,
        "z": -0.1999327838420868
    },
    "landmark_16": {
        "x": 0.2726376950740814,
        "y": 0.42710965871810913,
        "z": -0.626848042011261
    },
    "landmark_17": {
        "x": 0.5851162075996399,
        "y": 0.6012939214706421,
        "z": -0.23240861296653748
    },
    "landmark_18": {
        "x": 0.26168572902679443,
        "y": 0.4077029228210449,
        "z": -0.7126464247703552
    },
    "landmark_19": {
        "x": 0.5731528401374817,
        "y": 0.5953258872032166,
        "z": -0.26696979999542236
    },
    "landmark_20": {
        "x": 0.26894956827163696,
        "y": 0.4013272225856781,
        "z": -0.701913595199585
    },
    "landmark_21": {
        "x": 0.5748428702354431,
        "y": 0.5885921716690063,
        "z": -0.21056866645812988
    },
    "landmark_22": {
        "x": 0.2773793935775757,
        "y": 0.4086044430732727,
        "z": -0.6364218592643738
    },
    "landmark_23": {
        "x": 0.5608989596366882,
        "y": 0.6143091320991516,
        "z": -0.02882547862827778
    },
    "landmark_24": {
        "x": 0.4469846189022064,
        "y": 0.6160786747932434,
        "z": 0.028394632041454315
    },
    "landmark_25": {
        "x": 0.5569197535514832,
        "y": 0.7348395586013794,
        "z": 0.001103716203942895
    },
    "landmark_26": {
        "x": 0.4474714398384094,
        "y": 0.7328307032585144,
        "z": 0.06380070745944977
    },
    "landmark_27": {
        "x": 0.5592073798179626,
        "y": 0.8410508036613464,
        "z": 0.3878438174724579
    },
    "landmark_28": {
        "x": 0.4487937390804291,
        "y": 0.8340840339660645,
        "z": 0.40933892130851746
    },
    "landmark_29": {
        "x": 0.5502713322639465,
        "y": 0.8527715802192688,
        "z": 0.411030650138855
    },
    "landmark_30": {
        "x": 0.4615395963191986,
        "y": 0.8458330035209656,
        "z": 0.4322590231895447
    },
    "landmark_31": {
        "x": 0.5612450838088989,
        "y": 0.8767831921577454,
        "z": 0.17469336092472076
    },
    "landmark_32": {
        "x": 0.43201324343681335,
        "y": 0.8662020564079285,
        "z": 0.2127380222082138
    }
}