{
    "landmark_0": {
        "x": 0.47136324644088745,
        "y": 0.37833526730537415,
        "z": -0.5036913752555847
    },
    "landmark_1": {
        "x": 0.48239395022392273,
        "y": 0.3675696551799774,
        "z": -0.46977126598358154
    },
    "landmark_2": {
        "x": 0.4913419187068939,
        "y": 0.3671550452709198,
        "z": -0.46973907947540283
    },
    "landmark_3": {
        "x": 0.4984302222728729,
        "y": 0.36710861325263977,
        "z": -0.46967804431915283
    },
    "landmark_4": {
        "x": 0.45795825123786926,
        "y": 0.3698999285697937,
        "z": -0.45847922563552856
    },
    "landmark_5": {
        "x": 0.4498507082462311,
        "y": 0.37107446789741516,
        "z": -0.4585843086242676
    },
    "landmark_6": {
        "x": 0.4437536597251892,
        "y": 0.3721805810928345,
        "z": -0.45858755707740784
    },
    "landmark_7": {
        "x": 0.511167049407959,
        "y": 0.3733436167240143,
        "z": -0.26462793350219727
    },
    "landmark_8": {
        "x": 0.44040045142173767,
        "y": 0.3802003860473633,
        "z": -0.21382032334804535
    },
    "landmark_9": {
        "x": 0.4911954998970032,
        "y": 0.39051109552383423,
        "z": -0.4283736050128937
    },
    "landmark_10": {
        "x": 0.4601336121559143,
        "y": 0.39376574754714966,
        "z": -0.41428783535957336
    },
    "landmark_11": {
        "x": 0.5931785106658936,
        "y": 0.44917958974838257,
        "z": -0.15462885797023773
    },
    "landmark_12": {
        "x": 0.39245957136154175,
        "y": 0.4522712230682373,
        "z": -0.05591866001486778
    },
    "landmark_13": {
        "x": 0.6422207355499268,
        "y": 0.516244113445282,
        "z": -0.07214697450399399
    },
    "landmark_14": {
        "x": 0.2891084551811218,
        "y": 0.4939066767692566,
        "z": -0.26752573251724243
    },
    "landmark_15": {
        "x": 0.6112163066864014,
        "y": 0.5808741450309753,
        "z": -0.1590697169303894
    },
    "landmark_16": {
        "x": 0.2747292220592499,
        "y": 0.42514878511428833,
        "z": -0.7644375562667847
    },
    "landmark_17": {
        "x": 0.6029616594314575,
        "y": 0.6025614738464355,
        "z": -0.18739168345928192
    },
    "landmark_18": {
        "x": 0.2618277072906494,
        "y": 0.40454667806625366,
        "z": -0.8605479598045349
    },
    "landmark_19": {
        "x": 0.591923177242279,
        "y": 0.5984468460083008,
        "z": -0.22476105391979218
    },
    "landmark_20": {
        "x": 0.2694928050041199,
        "y": 0.39855289459228516,
        "z": -0.8545690774917603
    },
    "landmark_21": {
        "x": 0.5915566086769104,
        "y": 0.5918381810188293,
        "z": -0.17081400752067566
    },
    "landmark_22": {
        "x": 0.27936455607414246,
        "y": 0.4060223698616028,
        "z": -0.7769498229026794
    },
    "landmark_23": {
        "x": 0.5647755265235901,
        "y": 0.6197955012321472,
        "z": -0.025727948173880577
    },
    "landmark_24": {
        "x": 0.45381462574005127,
        "y": 0.619877278804779,
        "z": 0.025227734819054604
    },
    "landmark_25": {
        "x": 0.5562415719032288,
        "y": 0.7375544905662537,
        "z": -0.02059284783899784
    },
    "landmark_26": {
        "x": 0.44912099838256836,
        "y": 0.7347832918167114,
        "z": 0.0578342080116272
    },
    "landmark_27": {
        "x": 0.551717221736908,
        "y": 0.8336416482925415,
        "z": 0.48176005482673645
    },
    "landmark_28": {
        "x": 0.44772812724113464,
        "y": 0.8336876630783081,
        "z": 0.5001869201660156
    },
    "landmark_29": {
        "x": 0.5460413694381714,
        "y": 0.8429239988327026,
        "z": 0.5174330472946167
    },
    "landmark_30": {
        "x": 0.4589962065219879,
        "y": 0.8453487157821655,
        "z": 0.5333355069160461
    },
    "landmark_31": {
        "x": 0.5538281202316284,
        "y": 0.8744916915893555,
        "z": 0.27323204278945923
    },
    "landmark_32": {
        "x": 0.43711188435554504,
        "y": 0.8667911291122437,
        "z": 0.2952616512775421
    }
}