{
    "landmark_0": {
        "x": 0.5699741244316101,
        "y": 0.38166314363479614,
        "z": -0.41615042090415955
    },
    "landmark_1": {
        "x": 0.5828079581260681,
        "y": 0.37232035398483276,
        "z": -0.37581294775009155
    },
    "landmark_2": {
        "x": 0.5909897685050964,
        "y": 0.37283414602279663,
        "z": -0.375813364982605
    },
    "landmark_3": {
        "x": 0.5992543697357178,
        "y": 0.3734991252422333,
        "z": -0.37583816051483154
    },
    "landmark_4": {
        "x": 0.5606510639190674,
        "y": 0.3718668818473816,
        "z": -0.3750920593738556
    },
    "landmark_5": {
        "x": 0.5538468360900879,
        "y": 0.3720039427280426,
        "z": -0.37505030632019043
    },
    "landmark_6": {
        "x": 0.5464731454849243,
        "y": 0.37230443954467773,
        "z": -0.3750946819782257
    },
    "landmark_7": {
        "x": 0.6109689474105835,
        "y": 0.37908264994621277,
        "z": -0.13764221966266632
    },
    "landmark_8": {
        "x": 0.5425178408622742,
        "y": 0.37730589509010315,
        "z": -0.1394629329442978
    },
    "landmark_9": {
        "x": 0.585565984249115,
        "y": 0.3964294493198395,
        "z": -0.3274623155593872
    },
    "landmark_10": {
        "x": 0.5574465394020081,
        "y": 0.3953174352645874,
        "z": -0.32832249999046326
    },
    "landmark_11": {
        "x": 0.6676856279373169,
        "y": 0.449107825756073,
        "z": -0.0028266501612961292
    },
    "landmark_12": {
        "x": 0.4814789295196533,
        "y": 0.43992501497268677,
        "z": -0.06021609902381897
    },
    "landmark_13": {
        "x": 0.7338182926177979,
        "y": 0.4983730912208557,
        "z": -0.2946626543998718
    },
    "landmark_14": {
        "x": 0.4003147482872009,
        "y": 0.49742308259010315,
        "z": -0.35239964723587036
    },
    "landmark_15": {
        "x": 0.6878185868263245,
        "y": 0.4203072190284729,
        "z": -0.6550997495651245
    },
    "landmark_16": {
        "x": 0.5052803158760071,
        "y": 0.47698360681533813,
        "z": -0.7010397911071777
    },
    "landmark_17": {
        "x": 0.6750065088272095,
        "y": 0.3996272385120392,
        "z": -0.7327241897583008
    },
    "landmark_18": {
        "x": 0.5365409255027771,
        "y": 0.48042839765548706,
        "z": -0.7737440466880798
    },
    "landmark_19": {
        "x": 0.6717575788497925,
        "y": 0.3961625397205353,
        "z": -0.6968604922294617
    },
    "landmark_20": {
        "x": 0.5554946064949036,
        "y": 0.4762569069862366,
        "z": -0.7470107078552246
    },
    "landmark_21": {
        "x": 0.6707747578620911,
        "y": 0.4050089716911316,
        "z": -0.6490103602409363
    },
    "landmark_22": {
        "x": 0.5476232171058655,
        "y": 0.47458332777023315,
        "z": -0.6956788301467896
    },
    "landmark_23": {
        "x": 0.608639121055603,
        "y": 0.6189866662025452,
        "z": 0.007196972146630287
    },
    "landmark_24": {
        "x": 0.4943065345287323,
        "y": 0.6123733520507812,
        "z": -0.007081317715346813
    },
    "landmark_25": {
        "x": 0.6044671535491943,
        "y": 0.7343918681144714,
        "z": 0.09155558794736862
    },
    "landmark_26": {
        "x": 0.4265478253364563,
        "y": 0.7270445823669434,
        "z": -0.03561718016862869
    },
    "landmark_27": {
        "x": 0.5694364309310913,
        "y": 0.8398774862289429,
        "z": 0.3857939541339874
    },
    "landmark_28": {
        "x": 0.3953307271003723,
        "y": 0.8412171602249146,
        "z": 0.19764696061611176
    },
    "landmark_29": {
        "x": 0.5496854186058044,
        "y": 0.8561296463012695,
        "z": 0.3994108736515045
    },
    "landmark_30": {
        "x": 0.41250255703926086,
        "y": 0.8630050420761108,
        "z": 0.20527951419353485
    },
    "landmark_31": {
        "x": 0.6089711785316467,
        "y": 0.8755071759223938,
        "z": 0.17429229617118835
    },
    "landmark_32": {
        "x": 0.3086686432361603,
        "y": 0.8632820844650269,
        "z": -0.03884897753596306
    }
}