{
    "landmark_0": {
        "x": 0.6321581602096558,
        "y": 0.38468167185783386,
        "z": -0.3230343163013458
    },
    "landmark_1": {
        "x": 0.6446713209152222,
        "y": 0.3733469545841217,
        "z": -0.281728059053421
    },
    "landmark_2": {
        "x": 0.651505708694458,
        "y": 0.3739417493343353,
        "z": -0.2817174196243286
    },
    "landmark_3": {
        "x": 0.6563376784324646,
        "y": 0.37452757358551025,
        "z": -0.2817361056804657
    },
    "landmark_4": {
        "x": 0.6219595074653625,
        "y": 0.372493177652359,
        "z": -0.28792816400527954
    },
    "landmark_5": {
        "x": 0.6139227151870728,
        "y": 0.3727356195449829,
        "z": -0.28790879249572754
    },
    "landmark_6": {
        "x": 0.6065047979354858,
        "y": 0.3728328049182892,
        "z": -0.28794461488723755
    },
    "landmark_7": {
        "x": 0.6661384105682373,
        "y": 0.3808945119380951,
        "z": -0.0367293581366539
    },
    "landmark_8": {
        "x": 0.5952267646789551,
        "y": 0.37906768918037415,
        "z": -0.07106110453605652
    },
    "landmark_9": {
        "x": 0.6438401937484741,
        "y": 0.3987361192703247,
        "z": -0.23008377850055695
    },
    "landmark_10": {
        "x": 0.6166402101516724,
        "y": 0.39772939682006836,
        "z": -0.2404547780752182
    },
    "landmark_11": {
        "x": 0.7046926021575928,
        "y": 0.4501193165779114,
        "z": 0.11032430082559586
    },
    "landmark_12": {
        "x": 0.5333959460258484,
        "y": 0.43491044640541077,
        "z": -0.006320582702755928
    },
    "landmark_13": {
        "x": 0.7607203125953674,
        "y": 0.5055665373802185,
        "z": -0.11394180357456207
    },
    "landmark_14": {
        "x": 0.4691846966743469,
        "y": 0.48676952719688416,
        "z": -0.20871856808662415
    },
    "landmark_15": {
        "x": 0.7814069986343384,
        "y": 0.4314784109592438,
        "z": -0.4528679847717285
    },
    "landmark_16": {
        "x": 0.5968607664108276,
        "y": 0.5099805593490601,
        "z": -0.4680037200450897
    },
    "landmark_17": {
        "x": 0.7851958274841309,
        "y": 0.41136306524276733,
        "z": -0.5267624258995056
    },
    "landmark_18": {
        "x": 0.6331271529197693,
        "y": 0.5244532823562622,
        "z": -0.5346819758415222
    },
    "landmark_19": {
        "x": 0.7819278240203857,
        "y": 0.4063306450843811,
        "z": -0.5171860456466675
    },
    "landmark_20": {
        "x": 0.6482200026512146,
        "y": 0.5176144242286682,
        "z": -0.522074282169342
    },
    "landmark_21": {
        "x": 0.7774916887283325,
        "y": 0.412309467792511,
        "z": -0.46003881096839905
    },
    "landmark_22": {
        "x": 0.6403481364250183,
        "y": 0.5128216743469238,
        "z": -0.46571287512779236
    },
    "landmark_23": {
        "x": 0.6439600586891174,
        "y": 0.6199078559875488,
        "z": 0.020224712789058685
    },
    "landmark_24": {
        "x": 0.531333327293396,
        "y": 0.6122318506240845,
        "z": -0.019812356680631638
    },
    "landmark_25": {
        "x": 0.6629319190979004,
        "y": 0.7262409329414368,
        "z": -0.04423325136303902
    },
    "landmark_26": {
        "x": 0.4706852436065674,
        "y": 0.7214845418930054,
        "z": -0.3154109716415405
    },
    "landmark_27": {
        "x": 0.6334361433982849,
        "y": 0.8383779525756836,
        "z": 0.15363001823425293
    },
    "landmark_28": {
        "x": 0.42694103717803955,
        "y": 0.8461321592330933,
        "z": -0.17839084565639496
    },
    "landmark_29": {
        "x": 0.6023227572441101,
        "y": 0.8525955080986023,
        "z": 0.15692639350891113
    },
    "landmark_30": {
        "x": 0.44138428568840027,
        "y": 0.8717576861381531,
        "z": -0.1806243509054184
    },
    "landmark_31": {
        "x": 0.6851813197135925,
        "y": 0.884236216545105,
        "z": -0.07524488866329193
    },
    "landmark_32": {
        "x": 0.3349790573120117,
        "y": 0.8631538152694702,
        "z": -0.44135287404060364
    }
}