{
    "landmark_0": {
        "x": 0.5308881998062134,
        "y": 0.3754599690437317,
        "z": -0.28080040216445923
    },
    "landmark_1": {
        "x": 0.543300986289978,
        "y": 0.36587584018707275,
        "z": -0.2394864559173584
    },
    "landmark_2": {
        "x": 0.5511771440505981,
        "y": 0.366028368473053,
        "z": -0.2395171970129013
    },
    "landmark_3": {
        "x": 0.5569936037063599,
        "y": 0.3664493262767792,
        "z": -0.23959454894065857
    },
    "landmark_4": {
        "x": 0.5207757949829102,
        "y": 0.36695295572280884,
        "z": -0.23722921311855316
    },
    "landmark_5": {
        "x": 0.5138352513313293,
        "y": 0.3676528036594391,
        "z": -0.2371249794960022
    },
    "landmark_6": {
        "x": 0.506348729133606,
        "y": 0.3685173988342285,
        "z": -0.2371392399072647
    },
    "landmark_7": {
        "x": 0.5690802931785583,
        "y": 0.3727761209011078,
        "z": -0.04000139608979225
    },
    "landmark_8": {
        "x": 0.5011165738105774,
        "y": 0.3746478259563446,
        "z": -0.02765554003417492
    },
    "landmark_9": {
        "x": 0.5476769208908081,
        "y": 0.38928452134132385,
        "z": -0.20960265398025513
    },
    "landmark_10": {
        "x": 0.5219407081604004,
        "y": 0.3903087079524994,
        "z": -0.20659540593624115
    },
    "landmark_11": {
        "x": 0.6270443201065063,
        "y": 0.4399041533470154,
        "z": 0.013763443566858768
    },
    "landmark_12": {
        "x": 0.45853695273399353,
        "y": 0.4405040144920349,
        "z": -0.029045645147562027
    },
    "landmark_13": {
        "x": 0.7127376794815063,
        "y": 0.48207220435142517,
        "z": -0.2826736569404602
    },
    "landmark_14": {
        "x": 0.3869614601135254,
        "y": 0.4797627031803131,
        "z": -0.34488633275032043
    },
    "landmark_15": {
        "x": 0.5948135852813721,
        "y": 0.4309419095516205,
        "z": -0.4819401502609253
    },
    "landmark_16": {
        "x": 0.48646828532218933,
        "y": 0.4210672378540039,
        "z": -0.5360925793647766
    },
    "landmark_17": {
        "x": 0.5655634999275208,
        "y": 0.4184291958808899,
        "z": -0.5313865542411804
    },
    "landmark_18": {
        "x": 0.5161404013633728,
        "y": 0.4074455201625824,
        "z": -0.5937449336051941
    },
    "landmark_19": {
        "x": 0.5603808760643005,
        "y": 0.4153643548488617,
        "z": -0.4777197241783142
    },
    "landmark_20": {
        "x": 0.5185792446136475,
        "y": 0.40442052483558655,
        "z": -0.5490351915359497
    },
    "landmark_21": {
        "x": 0.565433919429779,
        "y": 0.42034047842025757,
        "z": -0.4649048149585724
    },
    "landmark_22": {
        "x": 0.5129863023757935,
        "y": 0.4100509285926819,
        "z": -0.5251176953315735
    },
    "landmark_23": {
        "x": 0.5958128571510315,
        "y": 0.6081848740577698,
        "z": 0.009573026560246944
    },
    "landmark_24": {
        "x": 0.4854806661605835,
        "y": 0.610618531703949,
        "z": -0.009542753919959068
    },
    "landmark_25": {
        "x": 0.6444858312606812,
        "y": 0.7251743078231812,
        "z": -0.07513708621263504
    },
    "landmark_26": {
        "x": 0.48285728693008423,
        "y": 0.7277405261993408,
        "z": 0.04208984971046448
    },
    "landmark_27": {
        "x": 0.6565879583358765,
        "y": 0.8484073877334595,
        "z": 0.04445217549800873
    },
    "landmark_28": {
        "x": 0.517085611820221,
        "y": 0.8292340040206909,
        "z": 0.3319036364555359
    },
    "landmark_29": {
        "x": 0.6364019513130188,
        "y": 0.8686255216598511,
        "z": 0.04224766418337822
    },
    "landmark_30": {
        "x": 0.5426822900772095,
        "y": 0.8434745669364929,
        "z": 0.3485933542251587
    },
    "landmark_31": {
        "x": 0.7352026104927063,
        "y": 0.8752630352973938,
        "z": -0.18852418661117554
    },
    "landmark_32": {
        "x": 0.4931938648223877,
        "y": 0.8674991726875305,
        "z": 0.15702088177204132
    }
}