{
    "landmark_0": {
        "x": 0.46119987964630127,
        "y": 0.37155234813690186,
        "z": -0.5335351824760437
    },
    "landmark_1": {
        "x": 0.4746161699295044,
        "y": 0.3608977496623993,
        "z": -0.5001129508018494
    },
    "landmark_2": {
        "x": 0.4823608100414276,
        "y": 0.36082229018211365,
        "z": -0.5001141428947449
    },
    "landmark_3": {
        "x": 0.4883008599281311,
        "y": 0.3612244725227356,
        "z": -0.5000894069671631
    },
    "landmark_4": {
        "x": 0.45118167996406555,
        "y": 0.362216055393219,
        "z": -0.4891502857208252
    },
    "landmark_5": {
        "x": 0.4437312185764313,
        "y": 0.36324986815452576,
        "z": -0.48921215534210205
    },
    "landmark_6": {
        "x": 0.4359973073005676,
        "y": 0.3645974397659302,
        "z": -0.4891376197338104
    },
    "landmark_7": {
        "x": 0.5018630027770996,
        "y": 0.3688255846500397,
        "z": -0.3002885580062866
    },
    "landmark_8": {
        "x": 0.4312003254890442,
        "y": 0.37288278341293335,
        "z": -0.25333860516548157
    },
    "landmark_9": {
        "x": 0.47832661867141724,
        "y": 0.3852725625038147,
        "z": -0.460726261138916
    },
    "landmark_10": {
        "x": 0.44958555698394775,
        "y": 0.38691821694374084,
        "z": -0.4473773241043091
    },
    "landmark_11": {
        "x": 0.5807623267173767,
        "y": 0.4435345232486725,
        "z": -0.2069004625082016
    },
    "landmark_12": {
        "x": 0.3774832487106323,
        "y": 0.44784656167030334,
        "z": -0.07292702049016953
    },
    "landmark_13": {
        "x": 0.6585172414779663,
        "y": 0.5062774419784546,
        "z": -0.2291480153799057
    },
    "landmark_14": {
        "x": 0.2810477614402771,
        "y": 0.500698983669281,
        "z": -0.2416013777256012
    },
    "landmark_15": {
        "x": 0.5764036178588867,
        "y": 0.5646226406097412,
        "z": -0.42468270659446716
    },
    "landmark_16": {
        "x": 0.2879266142845154,
        "y": 0.44826260209083557,
        "z": -0.7041688561439514
    },
    "landmark_17": {
        "x": 0.565532386302948,
        "y": 0.5875183939933777,
        "z": -0.48718321323394775
    },
    "landmark_18": {
        "x": 0.28911980986595154,
        "y": 0.4370960593223572,
        "z": -0.7967162132263184
    },
    "landmark_19": {
        "x": 0.5461438894271851,
        "y": 0.5813053250312805,
        "z": -0.511279284954071
    },
    "landmark_20": {
        "x": 0.3023312985897064,
        "y": 0.43203431367874146,
        "z": -0.788429319858551
    },
    "landmark_21": {
        "x": 0.5446025729179382,
        "y": 0.5751767754554749,
        "z": -0.4332667887210846
    },
    "landmark_22": {
        "x": 0.30582812428474426,
        "y": 0.43598976731300354,
        "z": -0.712489128112793
    },
    "landmark_23": {
        "x": 0.5484594106674194,
        "y": 0.6064544916152954,
        "z": -0.019163083285093307
    },
    "landmark_24": {
        "x": 0.43339017033576965,
        "y": 0.611780047416687,
        "z": 0.01886238344013691
    },
    "landmark_25": {
        "x": 0.5593031644821167,
        "y": 0.7282566428184509,
        "z": -0.04271264746785164
    },
    "landmark_26": {
        "x": 0.4408262372016907,
        "y": 0.7291210889816284,
        "z": 0.0394916832447052
    },
    "landmark_27": {
        "x": 0.5702131986618042,
        "y": 0.8411609530448914,
        "z": 0.36613795161247253
    },
    "landmark_28": {
        "x": 0.4492775499820709,
        "y": 0.832687258720398,
        "z": 0.4059657156467438
    },
    "landmark_29": {
        "x": 0.5539920926094055,
        "y": 0.8527671694755554,
        "z": 0.3910617530345917
    },
    "landmark_30": {
        "x": 0.4640655219554901,
        "y": 0.8444770574569702,
        "z": 0.4297216236591339
    },
    "landmark_31": {
        "x": 0.5918704867362976,
        "y": 0.8780733942985535,
        "z": 0.15040814876556396
    },
    "landmark_32": {
        "x": 0.4334845542907715,
        "y": 0.8673815727233887,
        "z": 0.2010185867547989
    }
}