{
    "landmark_0": {
        "x": 0.5306302309036255,
        "y": 0.4107215404510498,
        "z": -0.410383015871048
    },
    "landmark_1": {
        "x": 0.5426328182220459,
        "y": 0.40148234367370605,
        "z": -0.3782911002635956
    },
    "landmark_2": {
        "x": 0.5498130917549133,
        "y": 0.4019409120082855,
        "z": -0.3783906400203705
    },
    "landmark_3": {
        "x": 0.5553932785987854,
        "y": 0.40247711539268494,
        "z": -0.3784462511539459
    },
    "landmark_4": {
        "x": 0.5213056206703186,
        "y": 0.40127453207969666,
        "z": -0.36821112036705017
    },
    "landmark_5": {
        "x": 0.5138691663742065,
        "y": 0.40152329206466675,
        "z": -0.36818069219589233
    },
    "landmark_6": {
        "x": 0.5063987374305725,
        "y": 0.40160027146339417,
        "z": -0.3681669533252716
    },
    "landmark_7": {
        "x": 0.5693385004997253,
        "y": 0.4089498519897461,
        "z": -0.18970036506652832
    },
    "landmark_8": {
        "x": 0.49948543310165405,
        "y": 0.4080294072628021,
        "z": -0.1445036679506302
    },
    "landmark_9": {
        "x": 0.5455690622329712,
        "y": 0.4229322075843811,
        "z": -0.34119218587875366
    },
    "landmark_10": {
        "x": 0.519150972366333,
        "y": 0.4224986135959625,
        "z": -0.3284853398799896
    },
    "landmark_11": {
        "x": 0.6337742209434509,
        "y": 0.4674406051635742,
        "z": -0.1452876478433609
    },
    "landmark_12": {
        "x": 0.4640790820121765,
        "y": 0.4721135199069977,
        "z": -0.011365199461579323
    },
    "landmark_13": {
        "x": 0.6985032558441162,
        "y": 0.5325551629066467,
        "z": -0.27203384041786194
    },
    "landmark_14": {
        "x": 0.39313921332359314,
        "y": 0.5070285201072693,
        "z": -0.21641258895397186
    },
    "landmark_15": {
        "x": 0.5628923177719116,
        "y": 0.5439444780349731,
        "z": -0.44050008058547974
    },
    "landmark_16": {
        "x": 0.4330625832080841,
        "y": 0.4277104437351227,
        "z": -0.5277913808822632
    },
    "landmark_17": {
        "x": 0.5190272927284241,
        "y": 0.5543674826622009,
        "z": -0.4991777539253235
    },
    "landmark_18": {
        "x": 0.4297112226486206,
        "y": 0.40734854340553284,
        "z": -0.6050083637237549
    },
    "landmark_19": {
        "x": 0.5093161463737488,
        "y": 0.5464926958084106,
        "z": -0.4886389970779419
    },
    "landmark_20": {
        "x": 0.4382166862487793,
        "y": 0.40492528676986694,
        "z": -0.5786972641944885
    },
    "landmark_21": {
        "x": 0.5178573727607727,
        "y": 0.5426024794578552,
        "z": -0.433735728263855
    },
    "landmark_22": {
        "x": 0.4444423317909241,
        "y": 0.41285866498947144,
        "z": -0.5295056700706482
    },
    "landmark_23": {
        "x": 0.6098765730857849,
        "y": 0.640143632888794,
        "z": -0.025211304426193237
    },
    "landmark_24": {
        "x": 0.5023037195205688,
        "y": 0.6392276287078857,
        "z": 0.025092752650380135
    },
    "landmark_25": {
        "x": 0.6472008228302002,
        "y": 0.7536675333976746,
        "z": -0.07576823979616165
    },
    "landmark_26": {
        "x": 0.4857894480228424,
        "y": 0.7460318803787231,
        "z": 0.16814595460891724
    },
    "landmark_27": {
        "x": 0.675248920917511,
        "y": 0.8729720115661621,
        "z": 0.07129523903131485
    },
    "landmark_28": {
        "x": 0.533402681350708,
        "y": 0.8301307559013367,
        "z": 0.5877999067306519
    },
    "landmark_29": {
        "x": 0.6636483669281006,
        "y": 0.9007906913757324,
        "z": 0.07282092422246933
    },
    "landmark_30": {
        "x": 0.5584955215454102,
        "y": 0.843265175819397,
        "z": 0.6184144616127014
    },
    "landmark_31": {
        "x": 0.7711971998214722,
        "y": 0.8834611773490906,
        "z": -0.15230125188827515
    },
    "landmark_32": {
        "x": 0.4936775267124176,
        "y": 0.8657124638557434,
        "z": 0.4590241014957428
    }
}