{
    "landmark_0": {
        "x": 0.5666519403457642,
        "y": 0.3834872543811798,
        "z": -0.4212406277656555
    },
    "landmark_1": {
        "x": 0.5803427696228027,
        "y": 0.3739216923713684,
        "z": -0.3771995007991791
    },
    "landmark_2": {
        "x": 0.5879011750221252,
        "y": 0.3746074140071869,
        "z": -0.37718871235847473
    },
    "landmark_3": {
        "x": 0.5934097766876221,
        "y": 0.37541595101356506,
        "z": -0.37720346450805664
    },
    "landmark_4": {
        "x": 0.5556626915931702,
        "y": 0.3732815682888031,
        "z": -0.3775830864906311
    },
    "landmark_5": {
        "x": 0.548382043838501,
        "y": 0.37335267663002014,
        "z": -0.37757208943367004
    },
    "landmark_6": {
        "x": 0.5412462949752808,
        "y": 0.3736368417739868,
        "z": -0.3776083290576935
    },
    "landmark_7": {
        "x": 0.6056308746337891,
        "y": 0.3835439383983612,
        "z": -0.14070436358451843
    },
    "landmark_8": {
        "x": 0.533979594707489,
        "y": 0.38201552629470825,
        "z": -0.14709286391735077
    },
    "landmark_9": {
        "x": 0.5816317200660706,
        "y": 0.3979782462120056,
        "z": -0.3351210653781891
    },
    "landmark_10": {
        "x": 0.5514991879463196,
        "y": 0.39672720432281494,
        "z": -0.33738967776298523
    },
    "landmark_11": {
        "x": 0.6579558849334717,
        "y": 0.4530218243598938,
        "z": -0.05046125128865242
    },
    "landmark_12": {
        "x": 0.47891634702682495,
        "y": 0.4479807913303375,
        "z": -0.09999915957450867
    },
    "landmark_13": {
        "x": 0.7396634221076965,
        "y": 0.4812811017036438,
        "z": -0.38534095883369446
    },
    "landmark_14": {
        "x": 0.38904571533203125,
        "y": 0.4862228035926819,
        "z": -0.4586810767650604
    },
    "landmark_15": {
        "x": 0.6859663128852844,
        "y": 0.3988538682460785,
        "z": -0.7049843668937683
    },
    "landmark_16": {
        "x": 0.5126548409461975,
        "y": 0.46514877676963806,
        "z": -0.803213357925415
    },
    "landmark_17": {
        "x": 0.6634427309036255,
        "y": 0.37899336218833923,
        "z": -0.7787013649940491
    },
    "landmark_18": {
        "x": 0.553832471370697,
        "y": 0.4647238254547119,
        "z": -0.8784828186035156
    },
    "landmark_19": {
        "x": 0.6586806774139404,
        "y": 0.37795403599739075,
        "z": -0.7388603091239929
    },
    "landmark_20": {
        "x": 0.5649382472038269,
        "y": 0.4636020064353943,
        "z": -0.8403975367546082
    },
    "landmark_21": {
        "x": 0.6605502367019653,
        "y": 0.38477426767349243,
        "z": -0.6979377865791321
    },
    "landmark_22": {
        "x": 0.5534077882766724,
        "y": 0.46295562386512756,
        "z": -0.7954243421554565
    },
    "landmark_23": {
        "x": 0.6029868721961975,
        "y": 0.6232424378395081,
        "z": -0.0033267673570662737
    },
    "landmark_24": {
        "x": 0.4875198006629944,
        "y": 0.6157578229904175,
        "z": 0.003463082481175661
    },
    "landmark_25": {
        "x": 0.6110448241233826,
        "y": 0.7338979840278625,
        "z": 0.0742894634604454
    },
    "landmark_26": {
        "x": 0.41922852396965027,
        "y": 0.7235225439071655,
        "z": -0.01402327511459589
    },
    "landmark_27": {
        "x": 0.5788428783416748,
        "y": 0.8350280523300171,
        "z": 0.3725860118865967
    },
    "landmark_28": {
        "x": 0.3836577534675598,
        "y": 0.8316847085952759,
        "z": 0.21980422735214233
    },
    "landmark_29": {
        "x": 0.5602441430091858,
        "y": 0.8504844903945923,
        "z": 0.38669055700302124
    },
    "landmark_30": {
        "x": 0.39374399185180664,
        "y": 0.8562970161437988,
        "z": 0.2280040979385376
    },
    "landmark_31": {
        "x": 0.6098796129226685,
        "y": 0.8714718818664551,
        "z": 0.17426852881908417
    },
    "landmark_32": {
        "x": 0.2937973439693451,
        "y": 0.8455404043197632,
        "z": 0.002300000051036477
    }
}