{
    "landmark_0": {
        "x": 0.580737829208374,
        "y": 0.36819514632225037,
        "z": -0.39841902256011963
    },
    "landmark_1": {
        "x": 0.5955643057823181,
        "y": 0.3575384020805359,
        "z": -0.3564147651195526
    },
    "landmark_2": {
        "x": 0.6047954559326172,
        "y": 0.35762301087379456,
        "z": -0.3565271496772766
    },
    "landmark_3": {
        "x": 0.6117871403694153,
        "y": 0.3579651713371277,
        "z": -0.35660937428474426
    },
    "landmark_4": {
        "x": 0.5708279609680176,
        "y": 0.35790348052978516,
        "z": -0.346369206905365
    },
    "landmark_5": {
        "x": 0.562803328037262,
        "y": 0.3582441806793213,
        "z": -0.3464142978191376
    },
    "landmark_6": {
        "x": 0.5560117363929749,
        "y": 0.3589036166667938,
        "z": -0.34643232822418213
    },
    "landmark_7": {
        "x": 0.6260202527046204,
        "y": 0.3641982078552246,
        "z": -0.1546931266784668
    },
    "landmark_8": {
        "x": 0.5512654185295105,
        "y": 0.3652668297290802,
        "z": -0.1051044911146164
    },
    "landmark_9": {
        "x": 0.5980178713798523,
        "y": 0.3811379373073578,
        "z": -0.3268411457538605
    },
    "landmark_10": {
        "x": 0.5660997629165649,
        "y": 0.3811005651950836,
        "z": -0.3126603364944458
    },
    "landmark_11": {
        "x": 0.6863619089126587,
        "y": 0.4290870130062103,
        "z": -0.13477374613285065
    },
    "landmark_12": {
        "x": 0.5024517774581909,
        "y": 0.4278792440891266,
        "z": -0.024844735860824585
    },
    "landmark_13": {
        "x": 0.770723283290863,
        "y": 0.4769040644168854,
        "z": -0.4330114722251892
    },
    "landmark_14": {
        "x": 0.40780892968177795,
        "y": 0.46169382333755493,
        "z": -0.3405280113220215
    },
    "landmark_15": {
        "x": 0.6175897121429443,
        "y": 0.4669223427772522,
        "z": -0.6610232591629028
    },
    "landmark_16": {
        "x": 0.43529561161994934,
        "y": 0.38493284583091736,
        "z": -0.7329225540161133
    },
    "landmark_17": {
        "x": 0.571925163269043,
        "y": 0.4690900444984436,
        "z": -0.7241335511207581
    },
    "landmark_18": {
        "x": 0.4365563988685608,
        "y": 0.36101028323173523,
        "z": -0.8269401788711548
    },
    "landmark_19": {
        "x": 0.5632843971252441,
        "y": 0.46438828110694885,
        "z": -0.6817132234573364
    },
    "landmark_20": {
        "x": 0.44299209117889404,
        "y": 0.3566145896911621,
        "z": -0.7910290956497192
    },
    "landmark_21": {
        "x": 0.5736132860183716,
        "y": 0.46409982442855835,
        "z": -0.6451148390769958
    },
    "landmark_22": {
        "x": 0.44755443930625916,
        "y": 0.36677318811416626,
        "z": -0.732304573059082
    },
    "landmark_23": {
        "x": 0.6335636973381042,
        "y": 0.601784348487854,
        "z": -0.008631975390017033
    },
    "landmark_24": {
        "x": 0.5145062208175659,
        "y": 0.5977017879486084,
        "z": 0.008514968678355217
    },
    "landmark_25": {
        "x": 0.6524324417114258,
        "y": 0.7148676514625549,
        "z": -0.26818713545799255
    },
    "landmark_26": {
        "x": 0.4703221917152405,
        "y": 0.7048755288124084,
        "z": -0.43074604868888855
    },
    "landmark_27": {
        "x": 0.6552132368087769,
        "y": 0.8355964422225952,
        "z": 0.053040601313114166
    },
    "landmark_28": {
        "x": 0.5183067917823792,
        "y": 0.8189191818237305,
        "z": -0.0798979252576828
    },
    "landmark_29": {
        "x": 0.6276326775550842,
        "y": 0.8486390113830566,
        "z": 0.07091919332742691
    },
    "landmark_30": {
        "x": 0.5493965148925781,
        "y": 0.8334339261054993,
        "z": -0.05762605741620064
    },
    "landmark_31": {
        "x": 0.7074887752532959,
        "y": 0.8806551098823547,
        "z": -0.17466843128204346
    },
    "landmark_32": {
        "x": 0.4769766628742218,
        "y": 0.8659825325012207,
        "z": -0.29763492941856384
    }
}