{
    "landmark_0": {
        "x": 0.5694840550422668,
        "y": 0.3984777331352234,
        "z": -0.6055718064308167
    },
    "landmark_1": {
        "x": 0.5881308913230896,
        "y": 0.3858836591243744,
        "z": -0.5778449177742004
    },
    "landmark_2": {
        "x": 0.5967053174972534,
        "y": 0.38648107647895813,
        "z": -0.5778627395629883
    },
    "landmark_3": {
        "x": 0.6030271053314209,
        "y": 0.3872206509113312,
        "z": -0.5778135061264038
    },
    "landmark_4": {
        "x": 0.5618309378623962,
        "y": 0.3841146230697632,
        "z": -0.5792062282562256
    },
    "landmark_5": {
        "x": 0.5539357662200928,
        "y": 0.3835669457912445,
        "z": -0.5792444944381714
    },
    "landmark_6": {
        "x": 0.5456224679946899,
        "y": 0.38309261202812195,
        "z": -0.5793447494506836
    },
    "landmark_7": {
        "x": 0.6156963109970093,
        "y": 0.39355912804603577,
        "z": -0.3596513867378235
    },
    "landmark_8": {
        "x": 0.5379689931869507,
        "y": 0.3858153223991394,
        "z": -0.37324193120002747
    },
    "landmark_9": {
        "x": 0.5834622383117676,
        "y": 0.41391056776046753,
        "z": -0.5198806524276733
    },
    "landmark_10": {
        "x": 0.5532233715057373,
        "y": 0.41157108545303345,
        "z": -0.5237586498260498
    },
    "landmark_11": {
        "x": 0.6632638573646545,
        "y": 0.4741082787513733,
        "z": -0.18784895539283752
    },
    "landmark_12": {
        "x": 0.46039721369743347,
        "y": 0.4526381492614746,
        "z": -0.21023084223270416
    },
    "landmark_13": {
        "x": 0.6995094418525696,
        "y": 0.562315046787262,
        "z": -0.04493675380945206
    },
    "landmark_14": {
        "x": 0.42296701669692993,
        "y": 0.5352959632873535,
        "z": -0.11140411347150803
    },
    "landmark_15": {
        "x": 0.6843951940536499,
        "y": 0.6448599100112915,
        "z": -0.2291794866323471
    },
    "landmark_16": {
        "x": 0.41433170437812805,
        "y": 0.6056765913963318,
        "z": -0.30485859513282776
    },
    "landmark_17": {
        "x": 0.6886526942253113,
        "y": 0.6719949841499329,
        "z": -0.28465545177459717
    },
    "landmark_18": {
        "x": 0.4060564637184143,
        "y": 0.6271592974662781,
        "z": -0.36413437128067017
    },
    "landmark_19": {
        "x": 0.6744990348815918,
        "y": 0.6695085167884827,
        "z": -0.3559005856513977
    },
    "landmark_20": {
        "x": 0.419238418340683,
        "y": 0.6273180246353149,
        "z": -0.4331415295600891
    },
    "landmark_21": {
        "x": 0.6685653924942017,
        "y": 0.6636087894439697,
        "z": -0.25885847210884094
    },
    "landmark_22": {
        "x": 0.42532438039779663,
        "y": 0.6206806302070618,
        "z": -0.3361245095729828
    },
    "landmark_23": {
        "x": 0.5949267745018005,
        "y": 0.637403666973114,
        "z": 0.007567630149424076
    },
    "landmark_24": {
        "x": 0.4779142737388611,
        "y": 0.6309018135070801,
        "z": -0.00743913697078824
    },
    "landmark_25": {
        "x": 0.5661494731903076,
        "y": 0.7578380703926086,
        "z": 0.09531060606241226
    },
    "landmark_26": {
        "x": 0.4910079836845398,
        "y": 0.7601112127304077,
        "z": -0.028616677969694138
    },
    "landmark_27": {
        "x": 0.5603208541870117,
        "y": 0.8400560617446899,
        "z": 0.5403645634651184
    },
    "landmark_28": {
        "x": 0.4859817922115326,
        "y": 0.8787754774093628,
        "z": 0.22507694363594055
    },
    "landmark_29": {
        "x": 0.5577852725982666,
        "y": 0.8450668454170227,
        "z": 0.5733347535133362
    },
    "landmark_30": {
        "x": 0.49301910400390625,
        "y": 0.8907034993171692,
        "z": 0.2367781549692154
    },
    "landmark_31": {
        "x": 0.5512675046920776,
        "y": 0.8871744275093079,
        "z": 0.3672088086605072
    },
    "landmark_32": {
        "x": 0.4753721356391907,
        "y": 0.924691379070282,
        "z": -0.03421526774764061
    }
}