{
    "landmark_0": {
        "x": 0.531664252281189,
        "y": 0.3501128554344177,
        "z": -0.45951399207115173
    },
    "landmark_1": {
        "x": 0.5452417135238647,
        "y": 0.3401395380496979,
        "z": -0.41545748710632324
    },
    "landmark_2": {
        "x": 0.552499532699585,
        "y": 0.3402465283870697,
        "z": -0.41547691822052
    },
    "landmark_3": {
        "x": 0.5593934059143066,
        "y": 0.34052523970603943,
        "z": -0.4154928922653198
    },
    "landmark_4": {
        "x": 0.5225397944450378,
        "y": 0.3405926823616028,
        "z": -0.4039568305015564
    },
    "landmark_5": {
        "x": 0.5149843692779541,
        "y": 0.34088069200515747,
        "z": -0.4039512276649475
    },
    "landmark_6": {
        "x": 0.5079493522644043,
        "y": 0.34125205874443054,
        "z": -0.4039570987224579
    },
    "landmark_7": {
        "x": 0.5756962895393372,
        "y": 0.3488732874393463,
        "z": -0.2089211791753769
    },
    "landmark_8": {
        "x": 0.5026187896728516,
        "y": 0.3493519425392151,
        "z": -0.1528826802968979
    },
    "landmark_9": {
        "x": 0.547806978225708,
        "y": 0.36359500885009766,
        "z": -0.3872852623462677
    },
    "landmark_10": {
        "x": 0.5220984220504761,
        "y": 0.3634166419506073,
        "z": -0.37136074900627136
    },
    "landmark_11": {
        "x": 0.6332184076309204,
        "y": 0.4143114984035492,
        "z": -0.19439882040023804
    },
    "landmark_12": {
        "x": 0.45934489369392395,
        "y": 0.41300806403160095,
        "z": -0.07969062030315399
    },
    "landmark_13": {
        "x": 0.7239260077476501,
        "y": 0.4295338988304138,
        "z": -0.6178794503211975
    },
    "landmark_14": {
        "x": 0.358554869890213,
        "y": 0.43771305680274963,
        "z": -0.45211347937583923
    },
    "landmark_15": {
        "x": 0.5885729193687439,
        "y": 0.39630749821662903,
        "z": -0.9080536961555481
    },
    "landmark_16": {
        "x": 0.3912554383277893,
        "y": 0.36087846755981445,
        "z": -0.838881254196167
    },
    "landmark_17": {
        "x": 0.5520296692848206,
        "y": 0.3901612460613251,
        "z": -0.9871679544448853
    },
    "landmark_18": {
        "x": 0.3997863829135895,
        "y": 0.3424151539802551,
        "z": -0.9358777403831482
    },
    "landmark_19": {
        "x": 0.543328046798706,
        "y": 0.38774123787879944,
        "z": -0.9204303026199341
    },
    "landmark_20": {
        "x": 0.40611329674720764,
        "y": 0.34095442295074463,
        "z": -0.8915045261383057
    },
    "landmark_21": {
        "x": 0.5537856221199036,
        "y": 0.3901387155056,
        "z": -0.888970673084259
    },
    "landmark_22": {
        "x": 0.40815988183021545,
        "y": 0.34673309326171875,
        "z": -0.8366515040397644
    },
    "landmark_23": {
        "x": 0.5884029865264893,
        "y": 0.585424542427063,
        "z": -0.032531145960092545
    },
    "landmark_24": {
        "x": 0.47726771235466003,
        "y": 0.5811776518821716,
        "z": 0.03202817216515541
    },
    "landmark_25": {
        "x": 0.5895130038261414,
        "y": 0.7092178463935852,
        "z": -0.07463819533586502
    },
    "landmark_26": {
        "x": 0.44014039635658264,
        "y": 0.6935444474220276,
        "z": -0.09163066744804382
    },
    "landmark_27": {
        "x": 0.5910484194755554,
        "y": 0.8222123384475708,
        "z": 0.313631147146225
    },
    "landmark_28": {
        "x": 0.4711383283138275,
        "y": 0.8021206855773926,
        "z": 0.31873711943626404
    },
    "landmark_29": {
        "x": 0.5725430846214294,
        "y": 0.8313539624214172,
        "z": 0.3372349441051483
    },
    "landmark_30": {
        "x": 0.49502068758010864,
        "y": 0.8146007657051086,
        "z": 0.34806370735168457
    },
    "landmark_31": {
        "x": 0.6142217516899109,
        "y": 0.8655179738998413,
        "z": 0.07912775874137878
    },
    "landmark_32": {
        "x": 0.4260544776916504,
        "y": 0.8442941904067993,
        "z": 0.12247426062822342
    }
}