{
    "landmark_0": {
        "x": 0.5384456515312195,
        "y": 0.39895862340927124,
        "z": -0.39848074316978455
    },
    "landmark_1": {
        "x": 0.5493718385696411,
        "y": 0.3888810873031616,
        "z": -0.3661161959171295
    },
    "landmark_2": {
        "x": 0.5560590028762817,
        "y": 0.38883310556411743,
        "z": -0.3662482500076294
    },
    "landmark_3": {
        "x": 0.5630909204483032,
        "y": 0.38875171542167664,
        "z": -0.3663199841976166
    },
    "landmark_4": {
        "x": 0.5277497172355652,
        "y": 0.3895248472690582,
        "z": -0.3538696765899658
    },
    "landmark_5": {
        "x": 0.5200172662734985,
        "y": 0.3900752067565918,
        "z": -0.35383716225624084
    },
    "landmark_6": {
        "x": 0.5128853917121887,
        "y": 0.3908453583717346,
        "z": -0.3537890315055847
    },
    "landmark_7": {
        "x": 0.5771530270576477,
        "y": 0.39361435174942017,
        "z": -0.17051967978477478
    },
    "landmark_8": {
        "x": 0.5079219937324524,
        "y": 0.3966185450553894,
        "z": -0.11348091065883636
    },
    "landmark_9": {
        "x": 0.5544868111610413,
        "y": 0.40985193848609924,
        "z": -0.325892835855484
    },
    "landmark_10": {
        "x": 0.5278171300888062,
        "y": 0.41067272424697876,
        "z": -0.3096946179866791
    },
    "landmark_11": {
        "x": 0.6425467133522034,
        "y": 0.4473726749420166,
        "z": -0.1420203000307083
    },
    "landmark_12": {
        "x": 0.4766232669353485,
        "y": 0.45329707860946655,
        "z": 0.0052622100338339806
    },
    "landmark_13": {
        "x": 0.7269136905670166,
        "y": 0.5007973313331604,
        "z": -0.3590240776538849
    },
    "landmark_14": {
        "x": 0.41571518778800964,
        "y": 0.48305487632751465,
        "z": -0.27749207615852356
    },
    "landmark_15": {
        "x": 0.5873106718063354,
        "y": 0.5228350162506104,
        "z": -0.5715542435646057
    },
    "landmark_16": {
        "x": 0.4365062415599823,
        "y": 0.4068623185157776,
        "z": -0.6727318167686462
    },
    "landmark_17": {
        "x": 0.5540542006492615,
        "y": 0.5384847521781921,
        "z": -0.6419655680656433
    },
    "landmark_18": {
        "x": 0.42659279704093933,
        "y": 0.3860281705856323,
        "z": -0.7561173439025879
    },
    "landmark_19": {
        "x": 0.535089910030365,
        "y": 0.5321255326271057,
        "z": -0.6295394897460938
    },
    "landmark_20": {
        "x": 0.4335257112979889,
        "y": 0.3832554221153259,
        "z": -0.7442408800125122
    },
    "landmark_21": {
        "x": 0.5446606278419495,
        "y": 0.5273796916007996,
        "z": -0.5653700232505798
    },
    "landmark_22": {
        "x": 0.4424747824668884,
        "y": 0.39139795303344727,
        "z": -0.6810231804847717
    },
    "landmark_23": {
        "x": 0.6124426126480103,
        "y": 0.6244238615036011,
        "z": -0.04286801815032959
    },
    "landmark_24": {
        "x": 0.5019088387489319,
        "y": 0.6260718703269958,
        "z": 0.04293122887611389
    },
    "landmark_25": {
        "x": 0.6508112549781799,
        "y": 0.7316094636917114,
        "z": -0.1587880253791809
    },
    "landmark_26": {
        "x": 0.48888590931892395,
        "y": 0.7381499409675598,
        "z": 0.15220554172992706
    },
    "landmark_27": {
        "x": 0.6827389001846313,
        "y": 0.8536256551742554,
        "z": -0.07739538699388504
    },
    "landmark_28": {
        "x": 0.5288680791854858,
        "y": 0.8319165110588074,
        "z": 0.4836212694644928
    },
    "landmark_29": {
        "x": 0.6720397472381592,
        "y": 0.88817298412323,
        "z": -0.08509115129709244
    },
    "landmark_30": {
        "x": 0.5569313168525696,
        "y": 0.8491523861885071,
        "z": 0.5022819638252258
    },
    "landmark_31": {
        "x": 0.7831153869628906,
        "y": 0.8670282363891602,
        "z": -0.31631389260292053
    },
    "landmark_32": {
        "x": 0.47404688596725464,
        "y": 0.8678423166275024,
        "z": 0.3303424119949341
    }
}