{
    "landmark_0": {
        "x": 0.545425295829773,
        "y": 0.39530953764915466,
        "z": -0.6559470295906067
    },
    "landmark_1": {
        "x": 0.5639157295227051,
        "y": 0.3822688162326813,
        "z": -0.6211555004119873
    },
    "landmark_2": {
        "x": 0.5727410912513733,
        "y": 0.3828652799129486,
        "z": -0.6212701201438904
    },
    "landmark_3": {
        "x": 0.5802283883094788,
        "y": 0.3835223913192749,
        "z": -0.6212633848190308
    },
    "landmark_4": {
        "x": 0.536099910736084,
        "y": 0.3803003430366516,
        "z": -0.6220391392707825
    },
    "landmark_5": {
        "x": 0.5265271067619324,
        "y": 0.3795795142650604,
        "z": -0.6220557689666748
    },
    "landmark_6": {
        "x": 0.5176796317100525,
        "y": 0.3791770935058594,
        "z": -0.6222229599952698
    },
    "landmark_7": {
        "x": 0.5924297571182251,
        "y": 0.38793325424194336,
        "z": -0.37495896220207214
    },
    "landmark_8": {
        "x": 0.5094266533851624,
        "y": 0.3825252652168274,
        "z": -0.3854916989803314
    },
    "landmark_9": {
        "x": 0.5622128248214722,
        "y": 0.4096747040748596,
        "z": -0.5604608058929443
    },
    "landmark_10": {
        "x": 0.5295095443725586,
        "y": 0.4088095724582672,
        "z": -0.5636150240898132
    },
    "landmark_11": {
        "x": 0.6512120962142944,
        "y": 0.4695897698402405,
        "z": -0.22445537149906158
    },
    "landmark_12": {
        "x": 0.42157015204429626,
        "y": 0.45602065324783325,
        "z": -0.19836078584194183
    },
    "landmark_13": {
        "x": 0.665474534034729,
        "y": 0.5659101009368896,
        "z": -0.13637536764144897
    },
    "landmark_14": {
        "x": 0.37547561526298523,
        "y": 0.5436803102493286,
        "z": -0.10496637225151062
    },
    "landmark_15": {
        "x": 0.6140874028205872,
        "y": 0.6497524976730347,
        "z": -0.35963088274002075
    },
    "landmark_16": {
        "x": 0.3673054277896881,
        "y": 0.6233760118484497,
        "z": -0.32336094975471497
    },
    "landmark_17": {
        "x": 0.6072248816490173,
        "y": 0.6793583631515503,
        "z": -0.43034058809280396
    },
    "landmark_18": {
        "x": 0.36412692070007324,
        "y": 0.6552578806877136,
        "z": -0.38726165890693665
    },
    "landmark_19": {
        "x": 0.5878010988235474,
        "y": 0.6740341782569885,
        "z": -0.49788692593574524
    },
    "landmark_20": {
        "x": 0.37795767188072205,
        "y": 0.6535088419914246,
        "z": -0.45941510796546936
    },
    "landmark_21": {
        "x": 0.5839449763298035,
        "y": 0.6663343906402588,
        "z": -0.3867805600166321
    },
    "landmark_22": {
        "x": 0.38379907608032227,
        "y": 0.6439800262451172,
        "z": -0.3554888069629669
    },
    "landmark_23": {
        "x": 0.5839052796363831,
        "y": 0.6514515280723572,
        "z": 0.014717871323227882
    },
    "landmark_24": {
        "x": 0.46445566415786743,
        "y": 0.651287317276001,
        "z": -0.01442833710461855
    },
    "landmark_25": {
        "x": 0.5743057131767273,
        "y": 0.7720581293106079,
        "z": 0.08167218416929245
    },
    "landmark_26": {
        "x": 0.4808337390422821,
        "y": 0.785019040107727,
        "z": -0.14656083285808563
    },
    "landmark_27": {
        "x": 0.5500325560569763,
        "y": 0.8514614105224609,
        "z": 0.6486485600471497
    },
    "landmark_28": {
        "x": 0.49806150794029236,
        "y": 0.9109219312667847,
        "z": 0.0923265591263771
    },
    "landmark_29": {
        "x": 0.5416436195373535,
        "y": 0.8594449758529663,
        "z": 0.6933362483978271
    },
    "landmark_30": {
        "x": 0.5090808272361755,
        "y": 0.9229952096939087,
        "z": 0.101643405854702
    },
    "landmark_31": {
        "x": 0.5493369102478027,
        "y": 0.9001985788345337,
        "z": 0.4918742775917053
    },
    "landmark_32": {
        "x": 0.4860777258872986,
        "y": 0.9562339782714844,
        "z": -0.19075648486614227
    }
}