{
    "landmark_0": {
        "x": 0.5175488591194153,
        "y": 0.3758190870285034,
        "z": -0.30970364809036255
    },
    "landmark_1": {
        "x": 0.531223475933075,
        "y": 0.3669265806674957,
        "z": -0.270755410194397
    },
    "landmark_2": {
        "x": 0.5385724902153015,
        "y": 0.36783164739608765,
        "z": -0.2707558572292328
    },
    "landmark_3": {
        "x": 0.5441854000091553,
        "y": 0.3687709867954254,
        "z": -0.27078405022621155
    },
    "landmark_4": {
        "x": 0.5102218985557556,
        "y": 0.3655719459056854,
        "z": -0.2735136151313782
    },
    "landmark_5": {
        "x": 0.5037142038345337,
        "y": 0.3657589554786682,
        "z": -0.2734944820404053
    },
    "landmark_6": {
        "x": 0.49675944447517395,
        "y": 0.36612018942832947,
        "z": -0.273551344871521
    },
    "landmark_7": {
        "x": 0.5537134408950806,
        "y": 0.3753252923488617,
        "z": -0.03301870822906494
    },
    "landmark_8": {
        "x": 0.48839831352233887,
        "y": 0.37149524688720703,
        "z": -0.05089392140507698
    },
    "landmark_9": {
        "x": 0.5305576920509338,
        "y": 0.3895512521266937,
        "z": -0.21835647523403168
    },
    "landmark_10": {
        "x": 0.5037931203842163,
        "y": 0.3872111141681671,
        "z": -0.22405363619327545
    },
    "landmark_11": {
        "x": 0.5955179333686829,
        "y": 0.43721842765808105,
        "z": 0.09839589893817902
    },
    "landmark_12": {
        "x": 0.4299883544445038,
        "y": 0.42830953001976013,
        "z": 0.02021120674908161
    },
    "landmark_13": {
        "x": 0.6598996520042419,
        "y": 0.4823409914970398,
        "z": -0.14733996987342834
    },
    "landmark_14": {
        "x": 0.358920156955719,
        "y": 0.48169559240341187,
        "z": -0.22296930849552155
    },
    "landmark_15": {
        "x": 0.6629482507705688,
        "y": 0.4177587628364563,
        "z": -0.49938490986824036
    },
    "landmark_16": {
        "x": 0.48704054951667786,
        "y": 0.49480968713760376,
        "z": -0.5457791090011597
    },
    "landmark_17": {
        "x": 0.6617137789726257,
        "y": 0.3969871699810028,
        "z": -0.579433262348175
    },
    "landmark_18": {
        "x": 0.5261641144752502,
        "y": 0.5073894262313843,
        "z": -0.6166836619377136
    },
    "landmark_19": {
        "x": 0.659124493598938,
        "y": 0.39225533604621887,
        "z": -0.5664542317390442
    },
    "landmark_20": {
        "x": 0.5393474698066711,
        "y": 0.4997197985649109,
        "z": -0.6045750975608826
    },
    "landmark_21": {
        "x": 0.6553479433059692,
        "y": 0.3984905779361725,
        "z": -0.5054634213447571
    },
    "landmark_22": {
        "x": 0.5304268002510071,
        "y": 0.49620142579078674,
        "z": -0.544669508934021
    },
    "landmark_23": {
        "x": 0.545773983001709,
        "y": 0.603071928024292,
        "z": -0.006192552857100964
    },
    "landmark_24": {
        "x": 0.4362986385822296,
        "y": 0.596315860748291,
        "z": 0.006604284513741732
    },
    "landmark_25": {
        "x": 0.5407020449638367,
        "y": 0.7181659936904907,
        "z": -0.02040509507060051
    },
    "landmark_26": {
        "x": 0.39297306537628174,
        "y": 0.7065351009368896,
        "z": -0.1622799187898636
    },
    "landmark_27": {
        "x": 0.4888959228992462,
        "y": 0.8291448354721069,
        "z": 0.20531192421913147
    },
    "landmark_28": {
        "x": 0.3486350476741791,
        "y": 0.82933109998703,
        "z": -0.03060024604201317
    },
    "landmark_29": {
        "x": 0.46974653005599976,
        "y": 0.8437067270278931,
        "z": 0.21167482435703278
    },
    "landmark_30": {
        "x": 0.362448513507843,
        "y": 0.8574732542037964,
        "z": -0.03333781659603119
    },
    "landmark_31": {
        "x": 0.5090162754058838,
        "y": 0.8688079714775085,
        "z": -0.007555787917226553
    },
    "landmark_32": {
        "x": 0.2518399953842163,
        "y": 0.8391736149787903,
        "z": -0.28471827507019043
    }
}