{
    "landmark_0": {
        "x": 0.4412288963794708,
        "y": 0.3664759695529938,
        "z": -0.5986824035644531
    },
    "landmark_1": {
        "x": 0.46372276544570923,
        "y": 0.3487079441547394,
        "z": -0.5799219608306885
    },
    "landmark_2": {
        "x": 0.47552698850631714,
        "y": 0.3488900363445282,
        "z": -0.5799662470817566
    },
    "landmark_3": {
        "x": 0.487613707780838,
        "y": 0.3495047390460968,
        "z": -0.5800361633300781
    },
    "landmark_4": {
        "x": 0.4378001391887665,
        "y": 0.3485672175884247,
        "z": -0.5586823225021362
    },
    "landmark_5": {
        "x": 0.4321417808532715,
        "y": 0.34838467836380005,
        "z": -0.5586053729057312
    },
    "landmark_6": {
        "x": 0.4273033142089844,
        "y": 0.3482930660247803,
        "z": -0.5587422251701355
    },
    "landmark_7": {
        "x": 0.5143465399742126,
        "y": 0.35775578022003174,
        "z": -0.41077110171318054
    },
    "landmark_8": {
        "x": 0.43507304787635803,
        "y": 0.3558012545108795,
        "z": -0.3120881915092468
    },
    "landmark_9": {
        "x": 0.46682876348495483,
        "y": 0.38412025570869446,
        "z": -0.5323774814605713
    },
    "landmark_10": {
        "x": 0.43348580598831177,
        "y": 0.3824203610420227,
        "z": -0.5040847659111023
    },
    "landmark_11": {
        "x": 0.6148961186408997,
        "y": 0.4574183523654938,
        "z": -0.30691248178482056
    },
    "landmark_12": {
        "x": 0.3536510169506073,
        "y": 0.4460605978965759,
        "z": -0.15244996547698975
    },
    "landmark_13": {
        "x": 0.6719679236412048,
        "y": 0.5620718002319336,
        "z": -0.1943657100200653
    },
    "landmark_14": {
        "x": 0.2994469702243805,
        "y": 0.5490533709526062,
        "z": -0.017261860892176628
    },
    "landmark_15": {
        "x": 0.7000254988670349,
        "y": 0.6655346155166626,
        "z": -0.35553428530693054
    },
    "landmark_16": {
        "x": 0.2962973415851593,
        "y": 0.6485937237739563,
        "z": -0.2030409425497055
    },
    "landmark_17": {
        "x": 0.7154983282089233,
        "y": 0.6983187794685364,
        "z": -0.4179033637046814
    },
    "landmark_18": {
        "x": 0.28726673126220703,
        "y": 0.6846262216567993,
        "z": -0.2577292025089264
    },
    "landmark_19": {
        "x": 0.705637514591217,
        "y": 0.6972814202308655,
        "z": -0.4905410408973694
    },
    "landmark_20": {
        "x": 0.3077150881290436,
        "y": 0.6822458505630493,
        "z": -0.33868300914764404
    },
    "landmark_21": {
        "x": 0.6980857253074646,
        "y": 0.6896159648895264,
        "z": -0.385111540555954
    },
    "landmark_22": {
        "x": 0.31575945019721985,
        "y": 0.671505868434906,
        "z": -0.24106669425964355
    },
    "landmark_23": {
        "x": 0.5312480926513672,
        "y": 0.6686263084411621,
        "z": -0.04916626960039139
    },
    "landmark_24": {
        "x": 0.39855146408081055,
        "y": 0.667600154876709,
        "z": 0.049062080681324005
    },
    "landmark_25": {
        "x": 0.5180773735046387,
        "y": 0.821150004863739,
        "z": -0.014580896124243736
    },
    "landmark_26": {
        "x": 0.4360543191432953,
        "y": 0.814914882183075,
        "z": 0.1762797087430954
    },
    "landmark_27": {
        "x": 0.5558211207389832,
        "y": 0.922957718372345,
        "z": 0.5318803191184998
    },
    "landmark_28": {
        "x": 0.4888671040534973,
        "y": 0.9194579124450684,
        "z": 0.6824246048927307
    },
    "landmark_29": {
        "x": 0.570660412311554,
        "y": 0.9361411929130554,
        "z": 0.5704044699668884
    },
    "landmark_30": {
        "x": 0.5068591833114624,
        "y": 0.9292725324630737,
        "z": 0.72267085313797
    },
    "landmark_31": {
        "x": 0.5396140217781067,
        "y": 0.9725492596626282,
        "z": 0.31034210324287415
    },
    "landmark_32": {
        "x": 0.4666798412799835,
        "y": 0.9719380140304565,
        "z": 0.4943962097167969
    }
}