{
    "landmark_0": {
        "x": 0.5160447955131531,
        "y": 0.40478983521461487,
        "z": -0.42724230885505676
    },
    "landmark_1": {
        "x": 0.5269916653633118,
        "y": 0.39560067653656006,
        "z": -0.3874362111091614
    },
    "landmark_2": {
        "x": 0.5331791043281555,
        "y": 0.396004855632782,
        "z": -0.38751840591430664
    },
    "landmark_3": {
        "x": 0.5394217371940613,
        "y": 0.3964204788208008,
        "z": -0.38751956820487976
    },
    "landmark_4": {
        "x": 0.5063204169273376,
        "y": 0.3957069218158722,
        "z": -0.3837282955646515
    },
    "landmark_5": {
        "x": 0.49970880150794983,
        "y": 0.396106094121933,
        "z": -0.3837282955646515
    },
    "landmark_6": {
        "x": 0.4919421374797821,
        "y": 0.39680880308151245,
        "z": -0.38372719287872314
    },
    "landmark_7": {
        "x": 0.5501143336296082,
        "y": 0.40193599462509155,
        "z": -0.16847766935825348
    },
    "landmark_8": {
        "x": 0.48240140080451965,
        "y": 0.40381425619125366,
        "z": -0.1507890671491623
    },
    "landmark_9": {
        "x": 0.5295290350914001,
        "y": 0.41735562682151794,
        "z": -0.34709441661834717
    },
    "landmark_10": {
        "x": 0.506557047367096,
        "y": 0.41732949018478394,
        "z": -0.3424258232116699
    },
    "landmark_11": {
        "x": 0.6099556684494019,
        "y": 0.4587867259979248,
        "z": -0.11286143958568573
    },
    "landmark_12": {
        "x": 0.443636417388916,
        "y": 0.4704226553440094,
        "z": -0.06917929649353027
    },
    "landmark_13": {
        "x": 0.6772136092185974,
        "y": 0.5148429870605469,
        "z": -0.37106043100357056
    },
    "landmark_14": {
        "x": 0.38518884778022766,
        "y": 0.5125551223754883,
        "z": -0.3760858178138733
    },
    "landmark_15": {
        "x": 0.5267173647880554,
        "y": 0.5014908313751221,
        "z": -0.6412461996078491
    },
    "landmark_16": {
        "x": 0.41781845688819885,
        "y": 0.4264070391654968,
        "z": -0.7291739583015442
    },
    "landmark_17": {
        "x": 0.4813064634799957,
        "y": 0.5009269714355469,
        "z": -0.7102125287055969
    },
    "landmark_18": {
        "x": 0.4241161048412323,
        "y": 0.406403124332428,
        "z": -0.8138164281845093
    },
    "landmark_19": {
        "x": 0.4764508903026581,
        "y": 0.4938740134239197,
        "z": -0.6815717816352844
    },
    "landmark_20": {
        "x": 0.43087852001190186,
        "y": 0.40380072593688965,
        "z": -0.7849931716918945
    },
    "landmark_21": {
        "x": 0.48474082350730896,
        "y": 0.49370908737182617,
        "z": -0.6321123242378235
    },
    "landmark_22": {
        "x": 0.4328947365283966,
        "y": 0.409447580575943,
        "z": -0.7285225987434387
    },
    "landmark_23": {
        "x": 0.5930976867675781,
        "y": 0.6346534490585327,
        "z": -0.005899854004383087
    },
    "landmark_24": {
        "x": 0.4834129214286804,
        "y": 0.6361588835716248,
        "z": 0.0058449069038033485
    },
    "landmark_25": {
        "x": 0.6507372260093689,
        "y": 0.749484121799469,
        "z": -0.07189145684242249
    },
    "landmark_26": {
        "x": 0.4668419659137726,
        "y": 0.7441291213035583,
        "z": 0.12422502040863037
    },
    "landmark_27": {
        "x": 0.6826555132865906,
        "y": 0.869856059551239,
        "z": 0.06102027744054794
    },
    "landmark_28": {
        "x": 0.5219262838363647,
        "y": 0.8317464590072632,
        "z": 0.5527508854866028
    },
    "landmark_29": {
        "x": 0.6695493459701538,
        "y": 0.8948823809623718,
        "z": 0.05992942303419113
    },
    "landmark_30": {
        "x": 0.5505014061927795,
        "y": 0.8452564477920532,
        "z": 0.5833817720413208
    },
    "landmark_31": {
        "x": 0.777227520942688,
        "y": 0.8809412121772766,
        "z": -0.18156841397285461
    },
    "landmark_32": {
        "x": 0.4834514260292053,
        "y": 0.8672086000442505,
        "z": 0.4090338945388794
    }
}