{
    "landmark_0": {
        "x": 0.5096901059150696,
        "y": 0.3872467875480652,
        "z": -0.4733985364437103
    },
    "landmark_1": {
        "x": 0.5227500200271606,
        "y": 0.374539315700531,
        "z": -0.4452943503856659
    },
    "landmark_2": {
        "x": 0.5308790802955627,
        "y": 0.37416523694992065,
        "z": -0.44526782631874084
    },
    "landmark_3": {
        "x": 0.5368044376373291,
        "y": 0.3742441236972809,
        "z": -0.4451794922351837
    },
    "landmark_4": {
        "x": 0.49824851751327515,
        "y": 0.37616634368896484,
        "z": -0.433398574590683
    },
    "landmark_5": {
        "x": 0.4909677803516388,
        "y": 0.3771619498729706,
        "z": -0.43343546986579895
    },
    "landmark_6": {
        "x": 0.48341718316078186,
        "y": 0.3783489465713501,
        "z": -0.4333950877189636
    },
    "landmark_7": {
        "x": 0.551123321056366,
        "y": 0.3797670602798462,
        "z": -0.25827208161354065
    },
    "landmark_8": {
        "x": 0.48031994700431824,
        "y": 0.38411638140678406,
        "z": -0.20749980211257935
    },
    "landmark_9": {
        "x": 0.5286110043525696,
        "y": 0.39950257539749146,
        "z": -0.40374165773391724
    },
    "landmark_10": {
        "x": 0.4999551475048065,
        "y": 0.4014984965324402,
        "z": -0.3891388475894928
    },
    "landmark_11": {
        "x": 0.6264024376869202,
        "y": 0.4516563415527344,
        "z": -0.15221445262432098
    },
    "landmark_12": {
        "x": 0.4342884123325348,
        "y": 0.4537590444087982,
        "z": -0.058070458471775055
    },
    "landmark_13": {
        "x": 0.6808445453643799,
        "y": 0.5240464210510254,
        "z": -0.06105761602520943
    },
    "landmark_14": {
        "x": 0.3557487428188324,
        "y": 0.5168442130088806,
        "z": -0.25014936923980713
    },
    "landmark_15": {
        "x": 0.6630778312683105,
        "y": 0.5933407545089722,
        "z": -0.14140328764915466
    },
    "landmark_16": {
        "x": 0.3489874005317688,
        "y": 0.465045690536499,
        "z": -0.7042951583862305
    },
    "landmark_17": {
        "x": 0.6567072868347168,
        "y": 0.6204416751861572,
        "z": -0.16761402785778046
    },
    "landmark_18": {
        "x": 0.34124550223350525,
        "y": 0.44874563813209534,
        "z": -0.7904883623123169
    },
    "landmark_19": {
        "x": 0.6419080495834351,
        "y": 0.6159289479255676,
        "z": -0.2106628566980362
    },
    "landmark_20": {
        "x": 0.3510848879814148,
        "y": 0.4425745904445648,
        "z": -0.788309633731842
    },
    "landmark_21": {
        "x": 0.6376098394393921,
        "y": 0.6073781847953796,
        "z": -0.15384945273399353
    },
    "landmark_22": {
        "x": 0.3579707145690918,
        "y": 0.44725194573402405,
        "z": -0.7148153781890869
    },
    "landmark_23": {
        "x": 0.5793160200119019,
        "y": 0.6216635704040527,
        "z": -0.019696133211255074
    },
    "landmark_24": {
        "x": 0.469025194644928,
        "y": 0.6185144186019897,
        "z": 0.019232958555221558
    },
    "landmark_25": {
        "x": 0.5702993273735046,
        "y": 0.735537052154541,
        "z": -0.019696738570928574
    },
    "landmark_26": {
        "x": 0.4594162404537201,
        "y": 0.7317203283309937,
        "z": 0.07973378151655197
    },
    "landmark_27": {
        "x": 0.5468546748161316,
        "y": 0.8305320739746094,
        "z": 0.4465983808040619
    },
    "landmark_28": {
        "x": 0.4476279020309448,
        "y": 0.8301793336868286,
        "z": 0.5023612976074219
    },
    "landmark_29": {
        "x": 0.533706784248352,
        "y": 0.8413134813308716,
        "z": 0.47988080978393555
    },
    "landmark_30": {
        "x": 0.45458686351776123,
        "y": 0.8406047821044922,
        "z": 0.5355785489082336
    },
    "landmark_31": {
        "x": 0.5514640212059021,
        "y": 0.8732091784477234,
        "z": 0.2594134211540222
    },
    "landmark_32": {
        "x": 0.4379144012928009,
        "y": 0.8637726902961731,
        "z": 0.32253119349479675
    }
}