{
    "landmark_0": {
        "x": 0.5784916281700134,
        "y": 0.38376641273498535,
        "z": -0.35954606533050537
    },
    "landmark_1": {
        "x": 0.5908313393592834,
        "y": 0.3733987808227539,
        "z": -0.31816911697387695
    },
    "landmark_2": {
        "x": 0.598012387752533,
        "y": 0.37376779317855835,
        "z": -0.3181507885456085
    },
    "landmark_3": {
        "x": 0.6032884120941162,
        "y": 0.3743375837802887,
        "z": -0.31823012232780457
    },
    "landmark_4": {
        "x": 0.5670229196548462,
        "y": 0.37387585639953613,
        "z": -0.3183533847332001
    },
    "landmark_5": {
        "x": 0.5592615008354187,
        "y": 0.37460970878601074,
        "z": -0.31823697686195374
    },
    "landmark_6": {
        "x": 0.5519871711730957,
        "y": 0.3755691945552826,
        "z": -0.31823644042015076
    },
    "landmark_7": {
        "x": 0.615413248538971,
        "y": 0.38297826051712036,
        "z": -0.11253082752227783
    },
    "landmark_8": {
        "x": 0.5445573329925537,
        "y": 0.3837449252605438,
        "z": -0.11204549670219421
    },
    "landmark_9": {
        "x": 0.5945132374763489,
        "y": 0.39821162819862366,
        "z": -0.2865961790084839
    },
    "landmark_10": {
        "x": 0.5648041367530823,
        "y": 0.39877188205718994,
        "z": -0.2870407700538635
    },
    "landmark_11": {
        "x": 0.6684238910675049,
        "y": 0.45334118604660034,
        "z": -0.045011844485998154
    },
    "landmark_12": {
        "x": 0.492585152387619,
        "y": 0.4492744505405426,
        "z": -0.10109176486730576
    },
    "landmark_13": {
        "x": 0.7505658268928528,
        "y": 0.49794045090675354,
        "z": -0.31980034708976746
    },
    "landmark_14": {
        "x": 0.40803781151771545,
        "y": 0.4746531546115875,
        "z": -0.4072253406047821
    },
    "landmark_15": {
        "x": 0.6650366187095642,
        "y": 0.43780750036239624,
        "z": -0.5109589099884033
    },
    "landmark_16": {
        "x": 0.5284740328788757,
        "y": 0.42504462599754333,
        "z": -0.5777614116668701
    },
    "landmark_17": {
        "x": 0.6383221745491028,
        "y": 0.4198537766933441,
        "z": -0.5600023865699768
    },
    "landmark_18": {
        "x": 0.5626858472824097,
        "y": 0.411624014377594,
        "z": -0.6351277232170105
    },
    "landmark_19": {
        "x": 0.6341429948806763,
        "y": 0.4193837642669678,
        "z": -0.5101096034049988
    },
    "landmark_20": {
        "x": 0.5667208433151245,
        "y": 0.4084314703941345,
        "z": -0.5886726379394531
    },
    "landmark_21": {
        "x": 0.6362738609313965,
        "y": 0.42677825689315796,
        "z": -0.4959926903247833
    },
    "landmark_22": {
        "x": 0.5588054060935974,
        "y": 0.41412124037742615,
        "z": -0.5667464137077332
    },
    "landmark_23": {
        "x": 0.626814603805542,
        "y": 0.6241199970245361,
        "z": 0.010725322179496288
    },
    "landmark_24": {
        "x": 0.5138158202171326,
        "y": 0.6238107085227966,
        "z": -0.010650706477463245
    },
    "landmark_25": {
        "x": 0.6739211678504944,
        "y": 0.742734968662262,
        "z": -0.0031970636919140816
    },
    "landmark_26": {
        "x": 0.504896879196167,
        "y": 0.7294427156448364,
        "z": 0.21487212181091309
    },
    "landmark_27": {
        "x": 0.6968496441841125,
        "y": 0.8554271459579468,
        "z": 0.13667196035385132
    },
    "landmark_28": {
        "x": 0.5218479037284851,
        "y": 0.8254768252372742,
        "z": 0.6032336950302124
    },
    "landmark_29": {
        "x": 0.6730496287345886,
        "y": 0.8779422044754028,
        "z": 0.13765817880630493
    },
    "landmark_30": {
        "x": 0.5450138449668884,
        "y": 0.8403588533401489,
        "z": 0.6322454810142517
    },
    "landmark_31": {
        "x": 0.7799090147018433,
        "y": 0.8846615552902222,
        "z": -0.0832170769572258
    },
    "landmark_32": {
        "x": 0.480648934841156,
        "y": 0.863910973072052,
        "z": 0.46483248472213745
    }
}