{
    "landmark_0": {
        "x": 0.48762375116348267,
        "y": 0.4080381989479065,
        "z": -0.33082544803619385
    },
    "landmark_1": {
        "x": 0.49968457221984863,
        "y": 0.3991135060787201,
        "z": -0.2979976534843445
    },
    "landmark_2": {
        "x": 0.5061935186386108,
        "y": 0.3996119499206543,
        "z": -0.2981483042240143
    },
    "landmark_3": {
        "x": 0.5119953751564026,
        "y": 0.400265634059906,
        "z": -0.29821187257766724
    },
    "landmark_4": {
        "x": 0.4782426059246063,
        "y": 0.3992035388946533,
        "z": -0.2902563214302063
    },
    "landmark_5": {
        "x": 0.47030165791511536,
        "y": 0.3998013734817505,
        "z": -0.29026225209236145
    },
    "landmark_6": {
        "x": 0.4626064598560333,
        "y": 0.4005865454673767,
        "z": -0.29028618335723877
    },
    "landmark_7": {
        "x": 0.522140383720398,
        "y": 0.40551453828811646,
        "z": -0.11692257970571518
    },
    "landmark_8": {
        "x": 0.4552247226238251,
        "y": 0.4065954089164734,
        "z": -0.08147869259119034
    },
    "landmark_9": {
        "x": 0.5020290613174438,
        "y": 0.419785737991333,
        "z": -0.2642327845096588
    },
    "landmark_10": {
        "x": 0.47459903359413147,
        "y": 0.42022499442100525,
        "z": -0.2544752359390259
    },
    "landmark_11": {
        "x": 0.5764775276184082,
        "y": 0.4579104483127594,
        "z": -0.1349075585603714
    },
    "landmark_12": {
        "x": 0.4227072298526764,
        "y": 0.47032633423805237,
        "z": 0.006607765797525644
    },
    "landmark_13": {
        "x": 0.6195294260978699,
        "y": 0.51045161485672,
        "z": -0.4116775393486023
    },
    "landmark_14": {
        "x": 0.3620191216468811,
        "y": 0.49138498306274414,
        "z": -0.3142433762550354
    },
    "landmark_15": {
        "x": 0.4764426648616791,
        "y": 0.4983956813812256,
        "z": -0.6246061325073242
    },
    "landmark_16": {
        "x": 0.3814469277858734,
        "y": 0.41242891550064087,
        "z": -0.6498036980628967
    },
    "landmark_17": {
        "x": 0.43730324506759644,
        "y": 0.500103771686554,
        "z": -0.6930288076400757
    },
    "landmark_18": {
        "x": 0.3820493817329407,
        "y": 0.3931901752948761,
        "z": -0.726159393787384
    },
    "landmark_19": {
        "x": 0.4302481412887573,
        "y": 0.49676817655563354,
        "z": -0.6650270819664001
    },
    "landmark_20": {
        "x": 0.38684695959091187,
        "y": 0.3894863426685333,
        "z": -0.6986648440361023
    },
    "landmark_21": {
        "x": 0.44025108218193054,
        "y": 0.4970318675041199,
        "z": -0.6157553195953369
    },
    "landmark_22": {
        "x": 0.3926522433757782,
        "y": 0.39767542481422424,
        "z": -0.6514018177986145
    },
    "landmark_23": {
        "x": 0.5721840858459473,
        "y": 0.6249518990516663,
        "z": -0.05023070052266121
    },
    "landmark_24": {
        "x": 0.4719621539115906,
        "y": 0.6307516694068909,
        "z": 0.0501672625541687
    },
    "landmark_25": {
        "x": 0.6167466044425964,
        "y": 0.7377194762229919,
        "z": -0.1282854974269867
    },
    "landmark_26": {
        "x": 0.4612782895565033,
        "y": 0.7384107112884521,
        "z": 0.14056512713432312
    },
    "landmark_27": {
        "x": 0.649725615978241,
        "y": 0.852294921875,
        "z": -0.022338924929499626
    },
    "landmark_28": {
        "x": 0.5241149663925171,
        "y": 0.8242937922477722,
        "z": 0.44510117173194885
    },
    "landmark_29": {
        "x": 0.638056218624115,
        "y": 0.8879283666610718,
        "z": -0.025479011237621307
    },
    "landmark_30": {
        "x": 0.5522280335426331,
        "y": 0.8407799005508423,
        "z": 0.463392436504364
    },
    "landmark_31": {
        "x": 0.7244290113449097,
        "y": 0.8598412275314331,
        "z": -0.2258855402469635
    },
    "landmark_32": {
        "x": 0.47595545649528503,
        "y": 0.8533065915107727,
        "z": 0.31654518842697144
    }
}