{
    "landmark_0": {
        "x": 0.45854440331459045,
        "y": 0.3739180862903595,
        "z": -0.6779693961143494
    },
    "landmark_1": {
        "x": 0.47670605778694153,
        "y": 0.35743188858032227,
        "z": -0.660103976726532
    },
    "landmark_2": {
        "x": 0.48879188299179077,
        "y": 0.35698142647743225,
        "z": -0.6602379083633423
    },
    "landmark_3": {
        "x": 0.5005373954772949,
        "y": 0.357071191072464,
        "z": -0.6603922843933105
    },
    "landmark_4": {
        "x": 0.4541078805923462,
        "y": 0.3585365116596222,
        "z": -0.6413129568099976
    },
    "landmark_5": {
        "x": 0.4477728009223938,
        "y": 0.3586331009864807,
        "z": -0.6413194537162781
    },
    "landmark_6": {
        "x": 0.4417171776294708,
        "y": 0.35886749625205994,
        "z": -0.6413837671279907
    },
    "landmark_7": {
        "x": 0.5299875140190125,
        "y": 0.3642425835132599,
        "z": -0.47855478525161743
    },
    "landmark_8": {
        "x": 0.45083045959472656,
        "y": 0.36386269330978394,
        "z": -0.3864639401435852
    },
    "landmark_9": {
        "x": 0.4830745756626129,
        "y": 0.39016684889793396,
        "z": -0.603364109992981
    },
    "landmark_10": {
        "x": 0.4528439939022064,
        "y": 0.3897019326686859,
        "z": -0.5774499177932739
    },
    "landmark_11": {
        "x": 0.6243798732757568,
        "y": 0.4580570161342621,
        "z": -0.36839163303375244
    },
    "landmark_12": {
        "x": 0.36858069896698,
        "y": 0.45083895325660706,
        "z": -0.1978650689125061
    },
    "landmark_13": {
        "x": 0.6687155961990356,
        "y": 0.5610358119010925,
        "z": -0.2821696102619171
    },
    "landmark_14": {
        "x": 0.312882661819458,
        "y": 0.5508899688720703,
        "z": -0.08381195366382599
    },
    "landmark_15": {
        "x": 0.6826692223548889,
        "y": 0.6591257452964783,
        "z": -0.4444848895072937
    },
    "landmark_16": {
        "x": 0.28790172934532166,
        "y": 0.6464394927024841,
        "z": -0.2756238281726837
    },
    "landmark_17": {
        "x": 0.6934370398521423,
        "y": 0.6907405257225037,
        "z": -0.5115751028060913
    },
    "landmark_18": {
        "x": 0.2742532789707184,
        "y": 0.6794314384460449,
        "z": -0.33305904269218445
    },
    "landmark_19": {
        "x": 0.6807490587234497,
        "y": 0.6898907423019409,
        "z": -0.5777631998062134
    },
    "landmark_20": {
        "x": 0.2896823287010193,
        "y": 0.6789036989212036,
        "z": -0.41474485397338867
    },
    "landmark_21": {
        "x": 0.6731035709381104,
        "y": 0.6812514066696167,
        "z": -0.4714580476284027
    },
    "landmark_22": {
        "x": 0.3010907769203186,
        "y": 0.6693536043167114,
        "z": -0.3145347535610199
    },
    "landmark_23": {
        "x": 0.5405941605567932,
        "y": 0.6616010069847107,
        "z": -0.06953483074903488
    },
    "landmark_24": {
        "x": 0.40704646706581116,
        "y": 0.661815881729126,
        "z": 0.069161057472229
    },
    "landmark_25": {
        "x": 0.532201886177063,
        "y": 0.808613121509552,
        "z": -0.05448630079627037
    },
    "landmark_26": {
        "x": 0.4380040764808655,
        "y": 0.8060796856880188,
        "z": 0.19584514200687408
    },
    "landmark_27": {
        "x": 0.5940681099891663,
        "y": 0.9113101959228516,
        "z": 0.5560200810432434
    },
    "landmark_28": {
        "x": 0.4986816942691803,
        "y": 0.9192771911621094,
        "z": 0.6961328983306885
    },
    "landmark_29": {
        "x": 0.6135664582252502,
        "y": 0.9172965288162231,
        "z": 0.6030465364456177
    },
    "landmark_30": {
        "x": 0.5198218822479248,
        "y": 0.9288647770881653,
        "z": 0.7373421788215637
    },
    "landmark_31": {
        "x": 0.5695157647132874,
        "y": 0.9616323709487915,
        "z": 0.37255385518074036
    },
    "landmark_32": {
        "x": 0.4719601571559906,
        "y": 0.9698046445846558,
        "z": 0.528947651386261
    }
}