{
    "landmark_0": {
        "x": 0.48860010504722595,
        "y": 0.40302205085754395,
        "z": -0.38130849599838257
    },
    "landmark_1": {
        "x": 0.49987733364105225,
        "y": 0.3934538662433624,
        "z": -0.3449142277240753
    },
    "landmark_2": {
        "x": 0.5062021613121033,
        "y": 0.3938891887664795,
        "z": -0.3451177477836609
    },
    "landmark_3": {
        "x": 0.5129507184028625,
        "y": 0.39435261487960815,
        "z": -0.3452411890029907
    },
    "landmark_4": {
        "x": 0.477827250957489,
        "y": 0.3936159312725067,
        "z": -0.3390612006187439
    },
    "landmark_5": {
        "x": 0.47007784247398376,
        "y": 0.39420396089553833,
        "z": -0.3390510082244873
    },
    "landmark_6": {
        "x": 0.462197482585907,
        "y": 0.3950579762458801,
        "z": -0.3390309512615204
    },
    "landmark_7": {
        "x": 0.5251488089561462,
        "y": 0.39986464381217957,
        "z": -0.14494599401950836
    },
    "landmark_8": {
        "x": 0.45508524775505066,
        "y": 0.4016140103340149,
        "z": -0.11673284322023392
    },
    "landmark_9": {
        "x": 0.502616822719574,
        "y": 0.41536179184913635,
        "z": -0.30732446908950806
    },
    "landmark_10": {
        "x": 0.4765394926071167,
        "y": 0.4162917137145996,
        "z": -0.2994682788848877
    },
    "landmark_11": {
        "x": 0.5824416279792786,
        "y": 0.45120176672935486,
        "z": -0.16231206059455872
    },
    "landmark_12": {
        "x": 0.4237259030342102,
        "y": 0.4646727442741394,
        "z": -0.02736407332122326
    },
    "landmark_13": {
        "x": 0.6281510591506958,
        "y": 0.5010424256324768,
        "z": -0.4862667918205261
    },
    "landmark_14": {
        "x": 0.367729514837265,
        "y": 0.47888022661209106,
        "z": -0.3903135061264038
    },
    "landmark_15": {
        "x": 0.48204612731933594,
        "y": 0.5003946423530579,
        "z": -0.7487216591835022
    },
    "landmark_16": {
        "x": 0.3803611397743225,
        "y": 0.3991653323173523,
        "z": -0.7811797857284546
    },
    "landmark_17": {
        "x": 0.44191157817840576,
        "y": 0.5037455558776855,
        "z": -0.8324477076530457
    },
    "landmark_18": {
        "x": 0.37975090742111206,
        "y": 0.37994202971458435,
        "z": -0.8665955662727356
    },
    "landmark_19": {
        "x": 0.43444740772247314,
        "y": 0.5012468695640564,
        "z": -0.8024032711982727
    },
    "landmark_20": {
        "x": 0.38324323296546936,
        "y": 0.3768123984336853,
        "z": -0.8480875492095947
    },
    "landmark_21": {
        "x": 0.444354385137558,
        "y": 0.5011094212532043,
        "z": -0.7411003112792969
    },
    "landmark_22": {
        "x": 0.38836562633514404,
        "y": 0.38453859090805054,
        "z": -0.7878051996231079
    },
    "landmark_23": {
        "x": 0.5739232897758484,
        "y": 0.6213209629058838,
        "z": -0.04915061965584755
    },
    "landmark_24": {
        "x": 0.47013184428215027,
        "y": 0.6242778897285461,
        "z": 0.04911714047193527
    },
    "landmark_25": {
        "x": 0.6146624684333801,
        "y": 0.7368261218070984,
        "z": -0.13962948322296143
    },
    "landmark_26": {
        "x": 0.4662137031555176,
        "y": 0.7351166009902954,
        "z": 0.10549569875001907
    },
    "landmark_27": {
        "x": 0.6442811489105225,
        "y": 0.8531259298324585,
        "z": -0.020777104422450066
    },
    "landmark_28": {
        "x": 0.5287243127822876,
        "y": 0.8229019045829773,
        "z": 0.41833609342575073
    },
    "landmark_29": {
        "x": 0.6338210701942444,
        "y": 0.8857820630073547,
        "z": -0.02321903221309185
    },
    "landmark_30": {
        "x": 0.5544236898422241,
        "y": 0.8403428792953491,
        "z": 0.4365749657154083
    },
    "landmark_31": {
        "x": 0.7261609435081482,
        "y": 0.8534588813781738,
        "z": -0.23698323965072632
    },
    "landmark_32": {
        "x": 0.4789637625217438,
        "y": 0.8520282506942749,
        "z": 0.2712029218673706
    }
}