{
    "landmark_0": {
        "x": 0.5709758400917053,
        "y": 0.3977940082550049,
        "z": -0.605198323726654
    },
    "landmark_1": {
        "x": 0.5896430611610413,
        "y": 0.38693493604660034,
        "z": -0.5787541270256042
    },
    "landmark_2": {
        "x": 0.5980952978134155,
        "y": 0.38775020837783813,
        "z": -0.5787457823753357
    },
    "landmark_3": {
        "x": 0.6043240427970886,
        "y": 0.3882844150066376,
        "z": -0.5786901712417603
    },
    "landmark_4": {
        "x": 0.5643025040626526,
        "y": 0.38461700081825256,
        "z": -0.5787487030029297
    },
    "landmark_5": {
        "x": 0.556282103061676,
        "y": 0.3836275637149811,
        "z": -0.5787656307220459
    },
    "landmark_6": {
        "x": 0.5485156774520874,
        "y": 0.3827289044857025,
        "z": -0.5788173079490662
    },
    "landmark_7": {
        "x": 0.6169670820236206,
        "y": 0.3927190601825714,
        "z": -0.3690744936466217
    },
    "landmark_8": {
        "x": 0.542036771774292,
        "y": 0.38571643829345703,
        "z": -0.3776281177997589
    },
    "landmark_9": {
        "x": 0.584525465965271,
        "y": 0.4128482937812805,
        "z": -0.5232025384902954
    },
    "landmark_10": {
        "x": 0.5556731224060059,
        "y": 0.41033005714416504,
        "z": -0.5255811214447021
    },
    "landmark_11": {
        "x": 0.6621975898742676,
        "y": 0.47275224328041077,
        "z": -0.20888778567314148
    },
    "landmark_12": {
        "x": 0.4633769989013672,
        "y": 0.45081472396850586,
        "z": -0.2144233137369156
    },
    "landmark_13": {
        "x": 0.7005998492240906,
        "y": 0.5582726001739502,
        "z": -0.08347824960947037
    },
    "landmark_14": {
        "x": 0.4253714382648468,
        "y": 0.5302385091781616,
        "z": -0.13580891489982605
    },
    "landmark_15": {
        "x": 0.7033696174621582,
        "y": 0.6372286081314087,
        "z": -0.2696349024772644
    },
    "landmark_16": {
        "x": 0.41334787011146545,
        "y": 0.6003437042236328,
        "z": -0.3402321934700012
    },
    "landmark_17": {
        "x": 0.70930016040802,
        "y": 0.6641340255737305,
        "z": -0.3259773850440979
    },
    "landmark_18": {
        "x": 0.4067789614200592,
        "y": 0.6216543912887573,
        "z": -0.3984319865703583
    },
    "landmark_19": {
        "x": 0.6962459683418274,
        "y": 0.6627761721611023,
        "z": -0.3968706429004669
    },
    "landmark_20": {
        "x": 0.42065000534057617,
        "y": 0.6214056015014648,
        "z": -0.4657033383846283
    },
    "landmark_21": {
        "x": 0.6890830993652344,
        "y": 0.6569811105728149,
        "z": -0.2996275722980499
    },
    "landmark_22": {
        "x": 0.4263804852962494,
        "y": 0.6153554320335388,
        "z": -0.3715307414531708
    },
    "landmark_23": {
        "x": 0.5923658013343811,
        "y": 0.6322922706604004,
        "z": 0.0073474617674946785
    },
    "landmark_24": {
        "x": 0.48372241854667664,
        "y": 0.6248272657394409,
        "z": -0.007314871996641159
    },
    "landmark_25": {
        "x": 0.5639499425888062,
        "y": 0.7542259097099304,
        "z": 0.07539471238851547
    },
    "landmark_26": {
        "x": 0.48810404539108276,
        "y": 0.752519428730011,
        "z": -0.019168363884091377
    },
    "landmark_27": {
        "x": 0.5522359013557434,
        "y": 0.84400475025177,
        "z": 0.46562445163726807
    },
    "landmark_28": {
        "x": 0.4684945046901703,
        "y": 0.868320107460022,
        "z": 0.24064892530441284
    },
    "landmark_29": {
        "x": 0.5494804978370667,
        "y": 0.8519166707992554,
        "z": 0.4915681481361389
    },
    "landmark_30": {
        "x": 0.47371676564216614,
        "y": 0.877963662147522,
        "z": 0.25267529487609863
    },
    "landmark_31": {
        "x": 0.5487663745880127,
        "y": 0.8861920237541199,
        "z": 0.27547335624694824
    },
    "landmark_32": {
        "x": 0.46859288215637207,
        "y": 0.9139670133590698,
        "z": -0.009594888426363468
    }
}