{
    "landmark_0": {
        "x": 0.591841459274292,
        "y": 0.40354761481285095,
        "z": -0.3180246949195862
    },
    "landmark_1": {
        "x": 0.6044578552246094,
        "y": 0.3934781849384308,
        "z": -0.2752370238304138
    },
    "landmark_2": {
        "x": 0.6122242212295532,
        "y": 0.3945751190185547,
        "z": -0.2751878499984741
    },
    "landmark_3": {
        "x": 0.6169860363006592,
        "y": 0.39568978548049927,
        "z": -0.2751207649707794
    },
    "landmark_4": {
        "x": 0.5825972557067871,
        "y": 0.391621857881546,
        "z": -0.2794870138168335
    },
    "landmark_5": {
        "x": 0.5755075812339783,
        "y": 0.3916192650794983,
        "z": -0.2795213460922241
    },
    "landmark_6": {
        "x": 0.5681279301643372,
        "y": 0.3918762505054474,
        "z": -0.27956444025039673
    },
    "landmark_7": {
        "x": 0.6255601048469543,
        "y": 0.4030604958534241,
        "z": -0.0398603230714798
    },
    "landmark_8": {
        "x": 0.5578169822692871,
        "y": 0.3986504375934601,
        "z": -0.06541779637336731
    },
    "landmark_9": {
        "x": 0.6030216217041016,
        "y": 0.41868335008621216,
        "z": -0.23091945052146912
    },
    "landmark_10": {
        "x": 0.5766847133636475,
        "y": 0.4167335629463196,
        "z": -0.2384738028049469
    },
    "landmark_11": {
        "x": 0.6607714295387268,
        "y": 0.4711286425590515,
        "z": 0.09186293184757233
    },
    "landmark_12": {
        "x": 0.4956327974796295,
        "y": 0.45926088094711304,
        "z": -0.028265105560421944
    },
    "landmark_13": {
        "x": 0.7215754985809326,
        "y": 0.510156512260437,
        "z": -0.1442992240190506
    },
    "landmark_14": {
        "x": 0.4309731423854828,
        "y": 0.5169758796691895,
        "z": -0.26628604531288147
    },
    "landmark_15": {
        "x": 0.7303881049156189,
        "y": 0.43351060152053833,
        "z": -0.4494926333427429
    },
    "landmark_16": {
        "x": 0.5743040442466736,
        "y": 0.5294597744941711,
        "z": -0.509994626045227
    },
    "landmark_17": {
        "x": 0.7328541278839111,
        "y": 0.41535329818725586,
        "z": -0.5207824110984802
    },
    "landmark_18": {
        "x": 0.610018789768219,
        "y": 0.5363268852233887,
        "z": -0.57328861951828
    },
    "landmark_19": {
        "x": 0.7275304794311523,
        "y": 0.411991685628891,
        "z": -0.5024458765983582
    },
    "landmark_20": {
        "x": 0.6217928528785706,
        "y": 0.5310531258583069,
        "z": -0.5539898872375488
    },
    "landmark_21": {
        "x": 0.7225781083106995,
        "y": 0.4185829758644104,
        "z": -0.452274352312088
    },
    "landmark_22": {
        "x": 0.6096575260162354,
        "y": 0.5291066765785217,
        "z": -0.5033239126205444
    },
    "landmark_23": {
        "x": 0.6135178208351135,
        "y": 0.6319500207901001,
        "z": 0.03261338919401169
    },
    "landmark_24": {
        "x": 0.5013010501861572,
        "y": 0.6281954050064087,
        "z": -0.03233736380934715
    },
    "landmark_25": {
        "x": 0.6099210381507874,
        "y": 0.7370745539665222,
        "z": 0.12575848400592804
    },
    "landmark_26": {
        "x": 0.4393347501754761,
        "y": 0.7327234745025635,
        "z": -0.20284642279148102
    },
    "landmark_27": {
        "x": 0.5736597776412964,
        "y": 0.832201361656189,
        "z": 0.4197739362716675
    },
    "landmark_28": {
        "x": 0.339732825756073,
        "y": 0.8515024185180664,
        "z": -0.10065991431474686
    },
    "landmark_29": {
        "x": 0.5478067398071289,
        "y": 0.8474109768867493,
        "z": 0.4334699809551239
    },
    "landmark_30": {
        "x": 0.3362776041030884,
        "y": 0.8778303861618042,
        "z": -0.10550802946090698
    },
    "landmark_31": {
        "x": 0.6153301000595093,
        "y": 0.8711498975753784,
        "z": 0.2299870103597641
    },
    "landmark_32": {
        "x": 0.2551453113555908,
        "y": 0.844754695892334,
        "z": -0.3686084747314453
    }
}