{
    "landmark_0": {
        "x": 0.4926803708076477,
        "y": 0.3924828767776489,
        "z": -0.32120391726493835
    },
    "landmark_1": {
        "x": 0.5047170519828796,
        "y": 0.38376376032829285,
        "z": -0.2838687300682068
    },
    "landmark_2": {
        "x": 0.5112134218215942,
        "y": 0.3840246796607971,
        "z": -0.28394803404808044
    },
    "landmark_3": {
        "x": 0.517376184463501,
        "y": 0.3843814730644226,
        "z": -0.2839955985546112
    },
    "landmark_4": {
        "x": 0.4824674427509308,
        "y": 0.3846147060394287,
        "z": -0.2780262231826782
    },
    "landmark_5": {
        "x": 0.47443699836730957,
        "y": 0.3854397237300873,
        "z": -0.2779969573020935
    },
    "landmark_6": {
        "x": 0.4664701819419861,
        "y": 0.3861434757709503,
        "z": -0.2780112028121948
    },
    "landmark_7": {
        "x": 0.5285624265670776,
        "y": 0.39047402143478394,
        "z": -0.10158438235521317
    },
    "landmark_8": {
        "x": 0.4588029682636261,
        "y": 0.3928656280040741,
        "z": -0.07324349880218506
    },
    "landmark_9": {
        "x": 0.5069112777709961,
        "y": 0.40479570627212524,
        "z": -0.2564530670642853
    },
    "landmark_10": {
        "x": 0.4809700548648834,
        "y": 0.40514177083969116,
        "z": -0.24864143133163452
    },
    "landmark_11": {
        "x": 0.5845187902450562,
        "y": 0.4516008496284485,
        "z": -0.09552549570798874
    },
    "landmark_12": {
        "x": 0.42086973786354065,
        "y": 0.4597926139831543,
        "z": -0.022846732288599014
    },
    "landmark_13": {
        "x": 0.6502248644828796,
        "y": 0.4897196888923645,
        "z": -0.37230193614959717
    },
    "landmark_14": {
        "x": 0.3493140935897827,
        "y": 0.4822872281074524,
        "z": -0.31880179047584534
    },
    "landmark_15": {
        "x": 0.5262910723686218,
        "y": 0.46894970536231995,
        "z": -0.580237865447998
    },
    "landmark_16": {
        "x": 0.38620123267173767,
        "y": 0.4038107991218567,
        "z": -0.5803179740905762
    },
    "landmark_17": {
        "x": 0.48161062598228455,
        "y": 0.46780529618263245,
        "z": -0.6415800452232361
    },
    "landmark_18": {
        "x": 0.39287012815475464,
        "y": 0.3841458857059479,
        "z": -0.6514032483100891
    },
    "landmark_19": {
        "x": 0.47629448771476746,
        "y": 0.4652043282985687,
        "z": -0.6052778959274292
    },
    "landmark_20": {
        "x": 0.3984552025794983,
        "y": 0.38150814175605774,
        "z": -0.6181087493896484
    },
    "landmark_21": {
        "x": 0.4874267578125,
        "y": 0.4653823971748352,
        "z": -0.5692430138587952
    },
    "landmark_22": {
        "x": 0.4013403058052063,
        "y": 0.38858702778816223,
        "z": -0.5784348249435425
    },
    "landmark_23": {
        "x": 0.5684514045715332,
        "y": 0.6167620420455933,
        "z": -0.02459614723920822
    },
    "landmark_24": {
        "x": 0.46197161078453064,
        "y": 0.6215863823890686,
        "z": 0.024525661021471024
    },
    "landmark_25": {
        "x": 0.608955442905426,
        "y": 0.7275969982147217,
        "z": -0.10424967110157013
    },
    "landmark_26": {
        "x": 0.46086475253105164,
        "y": 0.7332289218902588,
        "z": 0.13620242476463318
    },
    "landmark_27": {
        "x": 0.6348931789398193,
        "y": 0.8464208841323853,
        "z": 0.00662480341270566
    },
    "landmark_28": {
        "x": 0.5177475810050964,
        "y": 0.8226882815361023,
        "z": 0.4566653072834015
    },
    "landmark_29": {
        "x": 0.6182253360748291,
        "y": 0.873508095741272,
        "z": 0.004322438035160303
    },
    "landmark_30": {
        "x": 0.5434674620628357,
        "y": 0.8379589319229126,
        "z": 0.4767158627510071
    },
    "landmark_31": {
        "x": 0.7135477066040039,
        "y": 0.8653267621994019,
        "z": -0.2002817988395691
    },
    "landmark_32": {
        "x": 0.47982707619667053,
        "y": 0.8537786602973938,
        "z": 0.3221449851989746
    }
}