{
    "landmark_0": {
        "x": 0.49798351526260376,
        "y": 0.38515692949295044,
        "z": -0.7105764150619507
    },
    "landmark_1": {
        "x": 0.517350435256958,
        "y": 0.36816734075546265,
        "z": -0.6845927834510803
    },
    "landmark_2": {
        "x": 0.5286396741867065,
        "y": 0.3678548038005829,
        "z": -0.6846632361412048
    },
    "landmark_3": {
        "x": 0.5389041304588318,
        "y": 0.36757612228393555,
        "z": -0.684701144695282
    },
    "landmark_4": {
        "x": 0.4877203106880188,
        "y": 0.3689360022544861,
        "z": -0.6760081648826599
    },
    "landmark_5": {
        "x": 0.4804982542991638,
        "y": 0.36897405982017517,
        "z": -0.676068902015686
    },
    "landmark_6": {
        "x": 0.47371846437454224,
        "y": 0.36904898285865784,
        "z": -0.6762222647666931
    },
    "landmark_7": {
        "x": 0.5540182590484619,
        "y": 0.3717333972454071,
        "z": -0.4606151580810547
    },
    "landmark_8": {
        "x": 0.4726828634738922,
        "y": 0.372461199760437,
        "z": -0.42469868063926697
    },
    "landmark_9": {
        "x": 0.5203967094421387,
        "y": 0.3992006480693817,
        "z": -0.6210626363754272
    },
    "landmark_10": {
        "x": 0.48627299070358276,
        "y": 0.39930546283721924,
        "z": -0.6107993721961975
    },
    "landmark_11": {
        "x": 0.640803873538971,
        "y": 0.4626402258872986,
        "z": -0.3050425350666046
    },
    "landmark_12": {
        "x": 0.39052122831344604,
        "y": 0.45121893286705017,
        "z": -0.22580978274345398
    },
    "landmark_13": {
        "x": 0.675521194934845,
        "y": 0.562335193157196,
        "z": -0.19562004506587982
    },
    "landmark_14": {
        "x": 0.324398934841156,
        "y": 0.5420603156089783,
        "z": -0.08993002772331238
    },
    "landmark_15": {
        "x": 0.6477299332618713,
        "y": 0.6501604914665222,
        "z": -0.37627655267715454
    },
    "landmark_16": {
        "x": 0.30867213010787964,
        "y": 0.6303337216377258,
        "z": -0.2591497004032135
    },
    "landmark_17": {
        "x": 0.6480671167373657,
        "y": 0.6813056468963623,
        "z": -0.4341062903404236
    },
    "landmark_18": {
        "x": 0.301423043012619,
        "y": 0.6612803339958191,
        "z": -0.3096292018890381
    },
    "landmark_19": {
        "x": 0.6280845999717712,
        "y": 0.6776860356330872,
        "z": -0.5019371509552002
    },
    "landmark_20": {
        "x": 0.3162769079208374,
        "y": 0.6596910357475281,
        "z": -0.38096410036087036
    },
    "landmark_21": {
        "x": 0.6221973896026611,
        "y": 0.6706149578094482,
        "z": -0.4015331268310547
    },
    "landmark_22": {
        "x": 0.32458779215812683,
        "y": 0.6498849391937256,
        "z": -0.2908289432525635
    },
    "landmark_23": {
        "x": 0.5697879195213318,
        "y": 0.6552762389183044,
        "z": -0.008504988625645638
    },
    "landmark_24": {
        "x": 0.43742263317108154,
        "y": 0.6581665277481079,
        "z": 0.008604436181485653
    },
    "landmark_25": {
        "x": 0.5778759121894836,
        "y": 0.782443642616272,
        "z": 0.13091214001178741
    },
    "landmark_26": {
        "x": 0.46080315113067627,
        "y": 0.7944886684417725,
        "z": 0.004953878000378609
    },
    "landmark_27": {
        "x": 0.5701810121536255,
        "y": 0.8619188070297241,
        "z": 0.782465934753418
    },
    "landmark_28": {
        "x": 0.49693360924720764,
        "y": 0.9126094579696655,
        "z": 0.3422170877456665
    },
    "landmark_29": {
        "x": 0.560563862323761,
        "y": 0.8706300854682922,
        "z": 0.8380067348480225
    },
    "landmark_30": {
        "x": 0.5108723640441895,
        "y": 0.9257712364196777,
        "z": 0.3633178174495697
    },
    "landmark_31": {
        "x": 0.5644016265869141,
        "y": 0.9123650789260864,
        "z": 0.6495686173439026
    },
    "landmark_32": {
        "x": 0.48110431432724,
        "y": 0.9621941447257996,
        "z": 0.10133818536996841
    }
}