{
    "landmark_0": {
        "x": 0.59603351354599,
        "y": 0.3908541202545166,
        "z": -0.42188671231269836
    },
    "landmark_1": {
        "x": 0.6087499260902405,
        "y": 0.37982431054115295,
        "z": -0.3781779408454895
    },
    "landmark_2": {
        "x": 0.6167494058609009,
        "y": 0.3806303143501282,
        "z": -0.37815573811531067
    },
    "landmark_3": {
        "x": 0.6213341355323792,
        "y": 0.381463885307312,
        "z": -0.378118097782135
    },
    "landmark_4": {
        "x": 0.5860679745674133,
        "y": 0.3785097002983093,
        "z": -0.3828654885292053
    },
    "landmark_5": {
        "x": 0.5789114236831665,
        "y": 0.3785702884197235,
        "z": -0.3828398883342743
    },
    "landmark_6": {
        "x": 0.5707526206970215,
        "y": 0.3787875473499298,
        "z": -0.382879376411438
    },
    "landmark_7": {
        "x": 0.6279588341712952,
        "y": 0.38861536979675293,
        "z": -0.1205926239490509
    },
    "landmark_8": {
        "x": 0.5607442855834961,
        "y": 0.38510265946388245,
        "z": -0.149435356259346
    },
    "landmark_9": {
        "x": 0.6074180006980896,
        "y": 0.40516263246536255,
        "z": -0.32516810297966003
    },
    "landmark_10": {
        "x": 0.5804654359817505,
        "y": 0.4040602743625641,
        "z": -0.3335370123386383
    },
    "landmark_11": {
        "x": 0.6662103533744812,
        "y": 0.4585800766944885,
        "z": 0.042152971029281616
    },
    "landmark_12": {
        "x": 0.49563831090927124,
        "y": 0.4454754889011383,
        "z": -0.06268947571516037
    },
    "landmark_13": {
        "x": 0.7147436141967773,
        "y": 0.5186094641685486,
        "z": -0.17212752997875214
    },
    "landmark_14": {
        "x": 0.4197387397289276,
        "y": 0.4992990493774414,
        "z": -0.28590330481529236
    },
    "landmark_15": {
        "x": 0.7354220747947693,
        "y": 0.44963890314102173,
        "z": -0.5584259033203125
    },
    "landmark_16": {
        "x": 0.5524911284446716,
        "y": 0.5174822211265564,
        "z": -0.5964332818984985
    },
    "landmark_17": {
        "x": 0.7412195205688477,
        "y": 0.42948204278945923,
        "z": -0.6405951976776123
    },
    "landmark_18": {
        "x": 0.593242347240448,
        "y": 0.5312975645065308,
        "z": -0.6665888428688049
    },
    "landmark_19": {
        "x": 0.7393966913223267,
        "y": 0.42590123414993286,
        "z": -0.6343513131141663
    },
    "landmark_20": {
        "x": 0.6060295104980469,
        "y": 0.5249900817871094,
        "z": -0.6544296145439148
    },
    "landmark_21": {
        "x": 0.7331917881965637,
        "y": 0.43117251992225647,
        "z": -0.5676402449607849
    },
    "landmark_22": {
        "x": 0.598686158657074,
        "y": 0.5200875401496887,
        "z": -0.594322144985199
    },
    "landmark_23": {
        "x": 0.6118460893630981,
        "y": 0.624414324760437,
        "z": 0.013853924348950386
    },
    "landmark_24": {
        "x": 0.5032997727394104,
        "y": 0.6194759011268616,
        "z": -0.013516784645617008
    },
    "landmark_25": {
        "x": 0.6068816184997559,
        "y": 0.7311436533927917,
        "z": 0.09738164395093918
    },
    "landmark_26": {
        "x": 0.441372811794281,
        "y": 0.7268009185791016,
        "z": -0.1861584335565567
    },
    "landmark_27": {
        "x": 0.5697359442710876,
        "y": 0.8356056213378906,
        "z": 0.3834715485572815
    },
    "landmark_28": {
        "x": 0.3871545195579529,
        "y": 0.8473297357559204,
        "z": -0.02504473179578781
    },
    "landmark_29": {
        "x": 0.5451685190200806,
        "y": 0.8517509698867798,
        "z": 0.39528143405914307
    },
    "landmark_30": {
        "x": 0.3917027711868286,
        "y": 0.8741663694381714,
        "z": -0.024752702564001083
    },
    "landmark_31": {
        "x": 0.6139868497848511,
        "y": 0.8740652203559875,
        "z": 0.1790093332529068
    },
    "landmark_32": {
        "x": 0.2889719307422638,
        "y": 0.8507388234138489,
        "z": -0.28481325507164
    }
}