{
    "landmark_0": {
        "x": 0.5843438506126404,
        "y": 0.36671432852745056,
        "z": -0.35347750782966614
    },
    "landmark_1": {
        "x": 0.5973396897315979,
        "y": 0.3548866808414459,
        "z": -0.31307947635650635
    },
    "landmark_2": {
        "x": 0.6061892509460449,
        "y": 0.3555692732334137,
        "z": -0.3130737841129303
    },
    "landmark_3": {
        "x": 0.6118569374084473,
        "y": 0.35650956630706787,
        "z": -0.3130868077278137
    },
    "landmark_4": {
        "x": 0.5734632611274719,
        "y": 0.35426634550094604,
        "z": -0.304289847612381
    },
    "landmark_5": {
        "x": 0.5661084651947021,
        "y": 0.354467511177063,
        "z": -0.30425843596458435
    },
    "landmark_6": {
        "x": 0.5579738020896912,
        "y": 0.35495659708976746,
        "z": -0.3042944371700287
    },
    "landmark_7": {
        "x": 0.6225082874298096,
        "y": 0.3639736473560333,
        "z": -0.10377450287342072
    },
    "landmark_8": {
        "x": 0.5506860017776489,
        "y": 0.36342692375183105,
        "z": -0.06193162128329277
    },
    "landmark_9": {
        "x": 0.5981699824333191,
        "y": 0.3813629746437073,
        "z": -0.2785344421863556
    },
    "landmark_10": {
        "x": 0.5698844790458679,
        "y": 0.38095277547836304,
        "z": -0.26720497012138367
    },
    "landmark_11": {
        "x": 0.6803625226020813,
        "y": 0.4333578944206238,
        "z": -0.03719041869044304
    },
    "landmark_12": {
        "x": 0.49295663833618164,
        "y": 0.4284669756889343,
        "z": 0.0219110120087862
    },
    "landmark_13": {
        "x": 0.7633699774742126,
        "y": 0.48179060220718384,
        "z": -0.37709587812423706
    },
    "landmark_14": {
        "x": 0.3871350884437561,
        "y": 0.4677305221557617,
        "z": -0.2757442891597748
    },
    "landmark_15": {
        "x": 0.6613144278526306,
        "y": 0.4335547983646393,
        "z": -0.7118969559669495
    },
    "landmark_16": {
        "x": 0.4561172127723694,
        "y": 0.40268057584762573,
        "z": -0.5995018482208252
    },
    "landmark_17": {
        "x": 0.6288708448410034,
        "y": 0.4170530438423157,
        "z": -0.7862488031387329
    },
    "landmark_18": {
        "x": 0.47522082924842834,
        "y": 0.3883155882358551,
        "z": -0.6783558130264282
    },
    "landmark_19": {
        "x": 0.6231485605239868,
        "y": 0.4151340126991272,
        "z": -0.7390137314796448
    },
    "landmark_20": {
        "x": 0.483858585357666,
        "y": 0.3872723877429962,
        "z": -0.6364138722419739
    },
    "landmark_21": {
        "x": 0.6269872188568115,
        "y": 0.4206629693508148,
        "z": -0.7002853155136108
    },
    "landmark_22": {
        "x": 0.4812900424003601,
        "y": 0.3927994668483734,
        "z": -0.5935841202735901
    },
    "landmark_23": {
        "x": 0.6282167434692383,
        "y": 0.6058606505393982,
        "z": -0.023811064660549164
    },
    "landmark_24": {
        "x": 0.5099612474441528,
        "y": 0.598371148109436,
        "z": 0.02381189726293087
    },
    "landmark_25": {
        "x": 0.6123921871185303,
        "y": 0.7313087582588196,
        "z": 0.05540980398654938
    },
    "landmark_26": {
        "x": 0.4536511301994324,
        "y": 0.7197411060333252,
        "z": 0.054957423359155655
    },
    "landmark_27": {
        "x": 0.5958314538002014,
        "y": 0.8435119390487671,
        "z": 0.33119264245033264
    },
    "landmark_28": {
        "x": 0.42260512709617615,
        "y": 0.8325885534286499,
        "z": 0.30052435398101807
    },
    "landmark_29": {
        "x": 0.5758752822875977,
        "y": 0.855534553527832,
        "z": 0.3433389365673065
    },
    "landmark_30": {
        "x": 0.44146817922592163,
        "y": 0.8524295091629028,
        "z": 0.3101024329662323
    },
    "landmark_31": {
        "x": 0.6274489164352417,
        "y": 0.8818303346633911,
        "z": 0.10018670558929443
    },
    "landmark_32": {
        "x": 0.349765419960022,
        "y": 0.8590280413627625,
        "z": 0.06988078355789185
    }
}