{
    "landmark_0": {
        "x": 0.4086334705352783,
        "y": 0.35994258522987366,
        "z": -0.35892483592033386
    },
    "landmark_1": {
        "x": 0.4338668882846832,
        "y": 0.3428881764411926,
        "z": -0.35209065675735474
    },
    "landmark_2": {
        "x": 0.44679051637649536,
        "y": 0.3431355655193329,
        "z": -0.35207507014274597
    },
    "landmark_3": {
        "x": 0.45988085865974426,
        "y": 0.3439832627773285,
        "z": -0.3521290719509125
    },
    "landmark_4": {
        "x": 0.4079747796058655,
        "y": 0.34244000911712646,
        "z": -0.3286147713661194
    },
    "landmark_5": {
        "x": 0.4010281562805176,
        "y": 0.3421911299228668,
        "z": -0.32853788137435913
    },
    "landmark_6": {
        "x": 0.39533182978630066,
        "y": 0.3420548737049103,
        "z": -0.3287517726421356
    },
    "landmark_7": {
        "x": 0.49233490228652954,
        "y": 0.3544745147228241,
        "z": -0.2420530468225479
    },
    "landmark_8": {
        "x": 0.4095105826854706,
        "y": 0.34908604621887207,
        "z": -0.14208044111728668
    },
    "landmark_9": {
        "x": 0.43297114968299866,
        "y": 0.3797297775745392,
        "z": -0.3138648569583893
    },
    "landmark_10": {
        "x": 0.39994537830352783,
        "y": 0.37809208035469055,
        "z": -0.2841816842556
    },
    "landmark_11": {
        "x": 0.5925164222717285,
        "y": 0.45479336380958557,
        "z": -0.1647988110780716
    },
    "landmark_12": {
        "x": 0.32624876499176025,
        "y": 0.44347327947616577,
        "z": -0.08526595681905746
    },
    "landmark_13": {
        "x": 0.6644240021705627,
        "y": 0.5638624429702759,
        "z": -0.07287902384996414
    },
    "landmark_14": {
        "x": 0.275728315114975,
        "y": 0.5529278516769409,
        "z": -0.006125509273260832
    },
    "landmark_15": {
        "x": 0.6961890459060669,
        "y": 0.6584130525588989,
        "z": -0.2073327749967575
    },
    "landmark_16": {
        "x": 0.3172806203365326,
        "y": 0.648958146572113,
        "z": -0.13970153033733368
    },
    "landmark_17": {
        "x": 0.7070465087890625,
        "y": 0.693446934223175,
        "z": -0.2622857093811035
    },
    "landmark_18": {
        "x": 0.32787519693374634,
        "y": 0.6850508451461792,
        "z": -0.18905524909496307
    },
    "landmark_19": {
        "x": 0.6912534236907959,
        "y": 0.691380500793457,
        "z": -0.32096150517463684
    },
    "landmark_20": {
        "x": 0.3487565517425537,
        "y": 0.6783543825149536,
        "z": -0.23956534266471863
    },
    "landmark_21": {
        "x": 0.6825006604194641,
        "y": 0.6831019520759583,
        "z": -0.23022329807281494
    },
    "landmark_22": {
        "x": 0.3525170385837555,
        "y": 0.6667240262031555,
        "z": -0.161956325173378
    },
    "landmark_23": {
        "x": 0.5158758759498596,
        "y": 0.6825737357139587,
        "z": -0.01721271499991417
    },
    "landmark_24": {
        "x": 0.38554108142852783,
        "y": 0.6765627861022949,
        "z": 0.017238259315490723
    },
    "landmark_25": {
        "x": 0.48132675886154175,
        "y": 0.8449126482009888,
        "z": -0.058056753128767014
    },
    "landmark_26": {
        "x": 0.43107908964157104,
        "y": 0.8335312008857727,
        "z": 0.039102379232645035
    },
    "landmark_27": {
        "x": 0.4765979051589966,
        "y": 0.9586682319641113,
        "z": 0.28347593545913696
    },
    "landmark_28": {
        "x": 0.44060203433036804,
        "y": 0.9625474810600281,
        "z": 0.3850574493408203
    },
    "landmark_29": {
        "x": 0.4768126308917999,
        "y": 0.9876562356948853,
        "z": 0.3070032000541687
    },
    "landmark_30": {
        "x": 0.4739554226398468,
        "y": 0.9509938955307007,
        "z": 0.4140669107437134
    },
    "landmark_31": {
        "x": 0.4625762403011322,
        "y": 1.039184331893921,
        "z": 0.1034267395734787
    },
    "landmark_32": {
        "x": 0.43949800729751587,
        "y": 0.9895128011703491,
        "z": 0.21046346426010132
    }
}