{
    "landmark_0": {
        "x": 0.5077770948410034,
        "y": 0.3567378520965576,
        "z": -0.28561854362487793
    },
    "landmark_1": {
        "x": 0.5204846858978271,
        "y": 0.34809547662734985,
        "z": -0.2445029318332672
    },
    "landmark_2": {
        "x": 0.5285224318504333,
        "y": 0.3485568165779114,
        "z": -0.24447768926620483
    },
    "landmark_3": {
        "x": 0.5342747569084167,
        "y": 0.3489395081996918,
        "z": -0.24459907412528992
    },
    "landmark_4": {
        "x": 0.49851611256599426,
        "y": 0.34811079502105713,
        "z": -0.24023140966892242
    },
    "landmark_5": {
        "x": 0.49173274636268616,
        "y": 0.3484109342098236,
        "z": -0.24011756479740143
    },
    "landmark_6": {
        "x": 0.4848051369190216,
        "y": 0.3490196466445923,
        "z": -0.24007593095302582
    },
    "landmark_7": {
        "x": 0.5483317971229553,
        "y": 0.3556683361530304,
        "z": -0.04237114265561104
    },
    "landmark_8": {
        "x": 0.4790911078453064,
        "y": 0.35490182042121887,
        "z": -0.02132229320704937
    },
    "landmark_9": {
        "x": 0.5243614912033081,
        "y": 0.3710479736328125,
        "z": -0.21335075795650482
    },
    "landmark_10": {
        "x": 0.4981463849544525,
        "y": 0.371569961309433,
        "z": -0.20840862393379211
    },
    "landmark_11": {
        "x": 0.5964491963386536,
        "y": 0.4229061007499695,
        "z": 0.02371971681714058
    },
    "landmark_12": {
        "x": 0.43117088079452515,
        "y": 0.4176163077354431,
        "z": 0.04271935671567917
    },
    "landmark_13": {
        "x": 0.6875254511833191,
        "y": 0.45599356293678284,
        "z": -0.22340324521064758
    },
    "landmark_14": {
        "x": 0.3414842486381531,
        "y": 0.4556261897087097,
        "z": -0.24017037451267242
    },
    "landmark_15": {
        "x": 0.6232712864875793,
        "y": 0.3867531716823578,
        "z": -0.4019833505153656
    },
    "landmark_16": {
        "x": 0.44527000188827515,
        "y": 0.40789276361465454,
        "z": -0.4840760827064514
    },
    "landmark_17": {
        "x": 0.6041567921638489,
        "y": 0.369596928358078,
        "z": -0.45163965225219727
    },
    "landmark_18": {
        "x": 0.47436952590942383,
        "y": 0.3966851830482483,
        "z": -0.5598326921463013
    },
    "landmark_19": {
        "x": 0.5998790264129639,
        "y": 0.3679427206516266,
        "z": -0.4014407694339752
    },
    "landmark_20": {
        "x": 0.4819537401199341,
        "y": 0.3948880434036255,
        "z": -0.5006009340286255
    },
    "landmark_21": {
        "x": 0.6007300019264221,
        "y": 0.37540382146835327,
        "z": -0.38685405254364014
    },
    "landmark_22": {
        "x": 0.47605565190315247,
        "y": 0.4002191424369812,
        "z": -0.4722028374671936
    },
    "landmark_23": {
        "x": 0.5488045811653137,
        "y": 0.5810208916664124,
        "z": -0.02477480098605156
    },
    "landmark_24": {
        "x": 0.4387165606021881,
        "y": 0.5813706517219543,
        "z": 0.024578742682933807
    },
    "landmark_25": {
        "x": 0.5754454731941223,
        "y": 0.7008388638496399,
        "z": -0.08912527561187744
    },
    "landmark_26": {
        "x": 0.4447251260280609,
        "y": 0.7020748853683472,
        "z": -0.027303451672196388
    },
    "landmark_27": {
        "x": 0.5827032923698425,
        "y": 0.8169538378715515,
        "z": 0.21471065282821655
    },
    "landmark_28": {
        "x": 0.49486368894577026,
        "y": 0.805650532245636,
        "z": 0.3066723644733429
    },
    "landmark_29": {
        "x": 0.5718771815299988,
        "y": 0.8289555311203003,
        "z": 0.23199819028377533
    },
    "landmark_30": {
        "x": 0.5123102068901062,
        "y": 0.8157803416252136,
        "z": 0.33037981390953064
    },
    "landmark_31": {
        "x": 0.5811716914176941,
        "y": 0.8606184720993042,
        "z": -0.02057505212724209
    },
    "landmark_32": {
        "x": 0.4739336371421814,
        "y": 0.8507016897201538,
        "z": 0.1297549605369568
    }
}