{
    "landmark_0": {
        "x": 0.5389446020126343,
        "y": 0.39876899123191833,
        "z": -0.4536912143230438
    },
    "landmark_1": {
        "x": 0.5515265464782715,
        "y": 0.38748013973236084,
        "z": -0.4145333468914032
    },
    "landmark_2": {
        "x": 0.5581167936325073,
        "y": 0.3876531422138214,
        "z": -0.4145694375038147
    },
    "landmark_3": {
        "x": 0.5633581876754761,
        "y": 0.3880223035812378,
        "z": -0.4146212637424469
    },
    "landmark_4": {
        "x": 0.5282592177391052,
        "y": 0.38788771629333496,
        "z": -0.412031352519989
    },
    "landmark_5": {
        "x": 0.5199934244155884,
        "y": 0.3882908225059509,
        "z": -0.4120039641857147
    },
    "landmark_6": {
        "x": 0.5118905901908875,
        "y": 0.3888346254825592,
        "z": -0.4119914174079895
    },
    "landmark_7": {
        "x": 0.5743529200553894,
        "y": 0.3952603042125702,
        "z": -0.1988513171672821
    },
    "landmark_8": {
        "x": 0.5035344958305359,
        "y": 0.39575985074043274,
        "z": -0.18749840557575226
    },
    "landmark_9": {
        "x": 0.5526254177093506,
        "y": 0.412099689245224,
        "z": -0.37525802850723267
    },
    "landmark_10": {
        "x": 0.526775062084198,
        "y": 0.4119296967983246,
        "z": -0.3722786009311676
    },
    "landmark_11": {
        "x": 0.6363833546638489,
        "y": 0.4591215252876282,
        "z": -0.12583120167255402
    },
    "landmark_12": {
        "x": 0.45742735266685486,
        "y": 0.4620221257209778,
        "z": -0.09132304787635803
    },
    "landmark_13": {
        "x": 0.7227789759635925,
        "y": 0.514334499835968,
        "z": -0.3304445743560791
    },
    "landmark_14": {
        "x": 0.38301795721054077,
        "y": 0.4956790506839752,
        "z": -0.36771756410598755
    },
    "landmark_15": {
        "x": 0.5902408361434937,
        "y": 0.513403058052063,
        "z": -0.5732105374336243
    },
    "landmark_16": {
        "x": 0.4448958933353424,
        "y": 0.41360005736351013,
        "z": -0.6907613277435303
    },
    "landmark_17": {
        "x": 0.5529659986495972,
        "y": 0.5192121267318726,
        "z": -0.6429134011268616
    },
    "landmark_18": {
        "x": 0.45532897114753723,
        "y": 0.3920826315879822,
        "z": -0.7758439183235168
    },
    "landmark_19": {
        "x": 0.5373365879058838,
        "y": 0.514441728591919,
        "z": -0.6208604574203491
    },
    "landmark_20": {
        "x": 0.4627172648906708,
        "y": 0.39013946056365967,
        "z": -0.744576096534729
    },
    "landmark_21": {
        "x": 0.5487741231918335,
        "y": 0.5117530226707458,
        "z": -0.5657593011856079
    },
    "landmark_22": {
        "x": 0.46498727798461914,
        "y": 0.39732369780540466,
        "z": -0.6889805793762207
    },
    "landmark_23": {
        "x": 0.6131938695907593,
        "y": 0.6304041743278503,
        "z": -0.004384499974548817
    },
    "landmark_24": {
        "x": 0.49593716859817505,
        "y": 0.6311843991279602,
        "z": 0.004470521118491888
    },
    "landmark_25": {
        "x": 0.6493277549743652,
        "y": 0.7411872148513794,
        "z": -0.057803958654403687
    },
    "landmark_26": {
        "x": 0.4843330681324005,
        "y": 0.7432052493095398,
        "z": 0.12781177461147308
    },
    "landmark_27": {
        "x": 0.6535045504570007,
        "y": 0.8666283488273621,
        "z": 0.09186281263828278
    },
    "landmark_28": {
        "x": 0.5347606539726257,
        "y": 0.8309096097946167,
        "z": 0.5434281826019287
    },
    "landmark_29": {
        "x": 0.6342260837554932,
        "y": 0.8908392786979675,
        "z": 0.09238223731517792
    },
    "landmark_30": {
        "x": 0.5577638745307922,
        "y": 0.845593273639679,
        "z": 0.5729265809059143
    },
    "landmark_31": {
        "x": 0.7427663803100586,
        "y": 0.8887807130813599,
        "z": -0.14238619804382324
    },
    "landmark_32": {
        "x": 0.4939750134944916,
        "y": 0.8681861758232117,
        "z": 0.39959242939949036
    }
}