{
    "landmark_0": {
        "x": 0.5977078080177307,
        "y": 0.3821016848087311,
        "z": -0.34772396087646484
    },
    "landmark_1": {
        "x": 0.6106804609298706,
        "y": 0.3716825842857361,
        "z": -0.30874866247177124
    },
    "landmark_2": {
        "x": 0.6184713840484619,
        "y": 0.372542142868042,
        "z": -0.3087819218635559
    },
    "landmark_3": {
        "x": 0.62327641248703,
        "y": 0.37333783507347107,
        "z": -0.30880802869796753
    },
    "landmark_4": {
        "x": 0.5885481834411621,
        "y": 0.3703847825527191,
        "z": -0.3119797110557556
    },
    "landmark_5": {
        "x": 0.5806822776794434,
        "y": 0.3704351782798767,
        "z": -0.3119303584098816
    },
    "landmark_6": {
        "x": 0.5734778642654419,
        "y": 0.370439738035202,
        "z": -0.31197357177734375
    },
    "landmark_7": {
        "x": 0.6327410936355591,
        "y": 0.38009700179100037,
        "z": -0.07693994045257568
    },
    "landmark_8": {
        "x": 0.5642598271369934,
        "y": 0.3777596354484558,
        "z": -0.09810362756252289
    },
    "landmark_9": {
        "x": 0.609859824180603,
        "y": 0.39631062746047974,
        "z": -0.2602708339691162
    },
    "landmark_10": {
        "x": 0.5825151205062866,
        "y": 0.39561569690704346,
        "z": -0.26656654477119446
    },
    "landmark_11": {
        "x": 0.6768943667411804,
        "y": 0.4463711678981781,
        "z": 0.05009661242365837
    },
    "landmark_12": {
        "x": 0.5029457807540894,
        "y": 0.4407946467399597,
        "z": -0.0147976940497756
    },
    "landmark_13": {
        "x": 0.7245133519172668,
        "y": 0.5077602863311768,
        "z": -0.17696885764598846
    },
    "landmark_14": {
        "x": 0.4288594126701355,
        "y": 0.5014406442642212,
        "z": -0.2096470296382904
    },
    "landmark_15": {
        "x": 0.7327441573143005,
        "y": 0.43270343542099,
        "z": -0.5418538451194763
    },
    "landmark_16": {
        "x": 0.5668169856071472,
        "y": 0.514008104801178,
        "z": -0.4897957146167755
    },
    "landmark_17": {
        "x": 0.7356612086296082,
        "y": 0.4104343056678772,
        "z": -0.626937747001648
    },
    "landmark_18": {
        "x": 0.6092756390571594,
        "y": 0.5247045755386353,
        "z": -0.5551791787147522
    },
    "landmark_19": {
        "x": 0.732272744178772,
        "y": 0.4060612618923187,
        "z": -0.6135730743408203
    },
    "landmark_20": {
        "x": 0.6215522289276123,
        "y": 0.5177469253540039,
        "z": -0.5431492328643799
    },
    "landmark_21": {
        "x": 0.7275061011314392,
        "y": 0.4120076298713684,
        "z": -0.5481473803520203
    },
    "landmark_22": {
        "x": 0.6116524934768677,
        "y": 0.5137935876846313,
        "z": -0.487082302570343
    },
    "landmark_23": {
        "x": 0.6184390187263489,
        "y": 0.6164277195930481,
        "z": -0.005233529955148697
    },
    "landmark_24": {
        "x": 0.5035301446914673,
        "y": 0.6124230027198792,
        "z": 0.005630985368043184
    },
    "landmark_25": {
        "x": 0.6281836628913879,
        "y": 0.7264333963394165,
        "z": 0.007111420854926109
    },
    "landmark_26": {
        "x": 0.4510516822338104,
        "y": 0.7229263186454773,
        "z": -0.048577919602394104
    },
    "landmark_27": {
        "x": 0.5898293852806091,
        "y": 0.8377618789672852,
        "z": 0.24623432755470276
    },
    "landmark_28": {
        "x": 0.412661612033844,
        "y": 0.8376805186271667,
        "z": 0.1623927801847458
    },
    "landmark_29": {
        "x": 0.5653989911079407,
        "y": 0.8503235578536987,
        "z": 0.25513648986816406
    },
    "landmark_30": {
        "x": 0.4227484464645386,
        "y": 0.8623207211494446,
        "z": 0.16907382011413574
    },
    "landmark_31": {
        "x": 0.6312530636787415,
        "y": 0.8800061941146851,
        "z": 0.046398479491472244
    },
    "landmark_32": {
        "x": 0.3157452940940857,
        "y": 0.844556987285614,
        "z": -0.056960348039865494
    }
}