{
    "landmark_0": {
        "x": 0.6002020835876465,
        "y": 0.42073196172714233,
        "z": -0.4472028613090515
    },
    "landmark_1": {
        "x": 0.6131382584571838,
        "y": 0.4116211533546448,
        "z": -0.4060181975364685
    },
    "landmark_2": {
        "x": 0.6212326288223267,
        "y": 0.4126072824001312,
        "z": -0.4060344994068146
    },
    "landmark_3": {
        "x": 0.6265513300895691,
        "y": 0.41339510679244995,
        "z": -0.4060184359550476
    },
    "landmark_4": {
        "x": 0.5911008715629578,
        "y": 0.4099988043308258,
        "z": -0.408693790435791
    },
    "landmark_5": {
        "x": 0.5844903588294983,
        "y": 0.4099094867706299,
        "z": -0.4086935222148895
    },
    "landmark_6": {
        "x": 0.5765990018844604,
        "y": 0.410135418176651,
        "z": -0.4087744951248169
    },
    "landmark_7": {
        "x": 0.6349629163742065,
        "y": 0.4210888743400574,
        "z": -0.1631474494934082
    },
    "landmark_8": {
        "x": 0.5685969591140747,
        "y": 0.4183846116065979,
        "z": -0.17902736365795135
    },
    "landmark_9": {
        "x": 0.6127581000328064,
        "y": 0.4355166554450989,
        "z": -0.3560488820075989
    },
    "landmark_10": {
        "x": 0.5862591862678528,
        "y": 0.43371814489364624,
        "z": -0.36090055108070374
    },
    "landmark_11": {
        "x": 0.6766357421875,
        "y": 0.49540480971336365,
        "z": -0.01802961342036724
    },
    "landmark_12": {
        "x": 0.5050613284111023,
        "y": 0.47838085889816284,
        "z": -0.09934783726930618
    },
    "landmark_13": {
        "x": 0.7039775252342224,
        "y": 0.5571630001068115,
        "z": -0.2637905180454254
    },
    "landmark_14": {
        "x": 0.44921988248825073,
        "y": 0.5444244146347046,
        "z": -0.29605817794799805
    },
    "landmark_15": {
        "x": 0.7301216721534729,
        "y": 0.4855111241340637,
        "z": -0.6530311703681946
    },
    "landmark_16": {
        "x": 0.589445948600769,
        "y": 0.5609974265098572,
        "z": -0.5759072303771973
    },
    "landmark_17": {
        "x": 0.7382887005805969,
        "y": 0.463780015707016,
        "z": -0.7406575679779053
    },
    "landmark_18": {
        "x": 0.6215387582778931,
        "y": 0.569737434387207,
        "z": -0.6493052840232849
    },
    "landmark_19": {
        "x": 0.7368311285972595,
        "y": 0.46035271883010864,
        "z": -0.7306913733482361
    },
    "landmark_20": {
        "x": 0.6345989108085632,
        "y": 0.5636584162712097,
        "z": -0.6367509365081787
    },
    "landmark_21": {
        "x": 0.7306414842605591,
        "y": 0.4657999575138092,
        "z": -0.6609622836112976
    },
    "landmark_22": {
        "x": 0.6239867210388184,
        "y": 0.5601820945739746,
        "z": -0.5732464790344238
    },
    "landmark_23": {
        "x": 0.6171490550041199,
        "y": 0.6531292796134949,
        "z": 0.006612781900912523
    },
    "landmark_24": {
        "x": 0.506117582321167,
        "y": 0.6463610529899597,
        "z": -0.006288451608270407
    },
    "landmark_25": {
        "x": 0.6262062788009644,
        "y": 0.7487338185310364,
        "z": 0.08822131156921387
    },
    "landmark_26": {
        "x": 0.4203408658504486,
        "y": 0.7449610829353333,
        "z": -0.298646479845047
    },
    "landmark_27": {
        "x": 0.5675929188728333,
        "y": 0.8353115320205688,
        "z": 0.4796249270439148
    },
    "landmark_28": {
        "x": 0.3469998240470886,
        "y": 0.8619586825370789,
        "z": -0.13007602095603943
    },
    "landmark_29": {
        "x": 0.5387111902236938,
        "y": 0.8514501452445984,
        "z": 0.5040110945701599
    },
    "landmark_30": {
        "x": 0.3511926829814911,
        "y": 0.8919235467910767,
        "z": -0.1279527246952057
    },
    "landmark_31": {
        "x": 0.6158195734024048,
        "y": 0.872217059135437,
        "z": 0.2986114025115967
    },
    "landmark_32": {
        "x": 0.23857343196868896,
        "y": 0.8573587536811829,
        "z": -0.39923667907714844
    }
}