{
    "landmark_0": {
        "x": 0.4722907245159149,
        "y": 0.35690706968307495,
        "z": -0.42381948232650757
    },
    "landmark_1": {
        "x": 0.4842436909675598,
        "y": 0.3455629348754883,
        "z": -0.3795647919178009
    },
    "landmark_2": {
        "x": 0.4922182857990265,
        "y": 0.34581124782562256,
        "z": -0.37951773405075073
    },
    "landmark_3": {
        "x": 0.49787142872810364,
        "y": 0.3461693227291107,
        "z": -0.3795333504676819
    },
    "landmark_4": {
        "x": 0.46226468682289124,
        "y": 0.34551936388015747,
        "z": -0.3724171817302704
    },
    "landmark_5": {
        "x": 0.45602309703826904,
        "y": 0.3456021845340729,
        "z": -0.37241101264953613
    },
    "landmark_6": {
        "x": 0.4496648609638214,
        "y": 0.3460167348384857,
        "z": -0.3724689781665802
    },
    "landmark_7": {
        "x": 0.5125201940536499,
        "y": 0.3529687523841858,
        "z": -0.1591130495071411
    },
    "landmark_8": {
        "x": 0.44421204924583435,
        "y": 0.35320574045181274,
        "z": -0.1253417730331421
    },
    "landmark_9": {
        "x": 0.4876621961593628,
        "y": 0.37134048342704773,
        "z": -0.34518635272979736
    },
    "landmark_10": {
        "x": 0.4621506929397583,
        "y": 0.3711285889148712,
        "z": -0.33592766523361206
    },
    "landmark_11": {
        "x": 0.5723475217819214,
        "y": 0.422197163105011,
        "z": -0.08737090975046158
    },
    "landmark_12": {
        "x": 0.3962833285331726,
        "y": 0.41698330640792847,
        "z": -0.05055651813745499
    },
    "landmark_13": {
        "x": 0.6784327030181885,
        "y": 0.45232829451560974,
        "z": -0.43055611848831177
    },
    "landmark_14": {
        "x": 0.2894628643989563,
        "y": 0.45041900873184204,
        "z": -0.3860383629798889
    },
    "landmark_15": {
        "x": 0.572324812412262,
        "y": 0.41171711683273315,
        "z": -0.7255025506019592
    },
    "landmark_16": {
        "x": 0.3789854645729065,
        "y": 0.3935535252094269,
        "z": -0.7190050482749939
    },
    "landmark_17": {
        "x": 0.5424373745918274,
        "y": 0.4053319990634918,
        "z": -0.7954630255699158
    },
    "landmark_18": {
        "x": 0.41119468212127686,
        "y": 0.3824157118797302,
        "z": -0.8051065802574158
    },
    "landmark_19": {
        "x": 0.5342710018157959,
        "y": 0.4047542214393616,
        "z": -0.7369242906570435
    },
    "landmark_20": {
        "x": 0.4185728430747986,
        "y": 0.38231560587882996,
        "z": -0.7534875869750977
    },
    "landmark_21": {
        "x": 0.5401789546012878,
        "y": 0.40813297033309937,
        "z": -0.7085187435150146
    },
    "landmark_22": {
        "x": 0.4126090705394745,
        "y": 0.3870663642883301,
        "z": -0.7093787789344788
    },
    "landmark_23": {
        "x": 0.5310916304588318,
        "y": 0.584054172039032,
        "z": -0.01828775182366371
    },
    "landmark_24": {
        "x": 0.41954514384269714,
        "y": 0.5818728804588318,
        "z": 0.01810425892472267
    },
    "landmark_25": {
        "x": 0.5377915501594543,
        "y": 0.7025900483131409,
        "z": -0.14950165152549744
    },
    "landmark_26": {
        "x": 0.3869219422340393,
        "y": 0.6992315649986267,
        "z": -0.20472221076488495
    },
    "landmark_27": {
        "x": 0.5098459720611572,
        "y": 0.81670743227005,
        "z": 0.21688836812973022
    },
    "landmark_28": {
        "x": 0.41286054253578186,
        "y": 0.8133586645126343,
        "z": 0.15400218963623047
    },
    "landmark_29": {
        "x": 0.49327442049980164,
        "y": 0.8286198377609253,
        "z": 0.23903058469295502
    },
    "landmark_30": {
        "x": 0.43537482619285583,
        "y": 0.8264865875244141,
        "z": 0.17623117566108704
    },
    "landmark_31": {
        "x": 0.5357072353363037,
        "y": 0.8606328964233398,
        "z": -0.01599206030368805
    },
    "landmark_32": {
        "x": 0.3675054907798767,
        "y": 0.8591018915176392,
        "z": -0.06697165220975876
    }
}