{
    "landmark_0": {
        "x": 0.5275158882141113,
        "y": 0.389539897441864,
        "z": -0.5111925601959229
    },
    "landmark_1": {
        "x": 0.5412368774414062,
        "y": 0.37758010625839233,
        "z": -0.47844046354293823
    },
    "landmark_2": {
        "x": 0.5500718951225281,
        "y": 0.37747907638549805,
        "z": -0.4784921109676361
    },
    "landmark_3": {
        "x": 0.5556149482727051,
        "y": 0.3777344822883606,
        "z": -0.4784945249557495
    },
    "landmark_4": {
        "x": 0.5169065594673157,
        "y": 0.3782176375389099,
        "z": -0.4732978940010071
    },
    "landmark_5": {
        "x": 0.509431004524231,
        "y": 0.37834545969963074,
        "z": -0.4733084440231323
    },
    "landmark_6": {
        "x": 0.5019233226776123,
        "y": 0.378984272480011,
        "z": -0.47326308488845825
    },
    "landmark_7": {
        "x": 0.5677207708358765,
        "y": 0.38238728046417236,
        "z": -0.2625097334384918
    },
    "landmark_8": {
        "x": 0.4981202781200409,
        "y": 0.3840143382549286,
        "z": -0.242842435836792
    },
    "landmark_9": {
        "x": 0.5454081296920776,
        "y": 0.4018576145172119,
        "z": -0.42905393242836
    },
    "landmark_10": {
        "x": 0.5147324800491333,
        "y": 0.402953565120697,
        "z": -0.4237107038497925
    },
    "landmark_11": {
        "x": 0.6362158060073853,
        "y": 0.4551192820072174,
        "z": -0.1337992548942566
    },
    "landmark_12": {
        "x": 0.4399198293685913,
        "y": 0.45249423384666443,
        "z": -0.08906394243240356
    },
    "landmark_13": {
        "x": 0.6979846358299255,
        "y": 0.5257041454315186,
        "z": -0.04350460320711136
    },
    "landmark_14": {
        "x": 0.37067875266075134,
        "y": 0.5185607075691223,
        "z": -0.2574424743652344
    },
    "landmark_15": {
        "x": 0.674972414970398,
        "y": 0.5926051139831543,
        "z": -0.17438262701034546
    },
    "landmark_16": {
        "x": 0.4117922782897949,
        "y": 0.5128245949745178,
        "z": -0.7141925096511841
    },
    "landmark_17": {
        "x": 0.6721921563148499,
        "y": 0.6183681488037109,
        "z": -0.220979705452919
    },
    "landmark_18": {
        "x": 0.42585933208465576,
        "y": 0.5154269337654114,
        "z": -0.8051856756210327
    },
    "landmark_19": {
        "x": 0.6540921330451965,
        "y": 0.6148375272750854,
        "z": -0.2713300585746765
    },
    "landmark_20": {
        "x": 0.43739065527915955,
        "y": 0.5067688226699829,
        "z": -0.8179357647895813
    },
    "landmark_21": {
        "x": 0.6490437984466553,
        "y": 0.6065035462379456,
        "z": -0.19086953997612
    },
    "landmark_22": {
        "x": 0.4375329315662384,
        "y": 0.5054165720939636,
        "z": -0.7290440201759338
    },
    "landmark_23": {
        "x": 0.5838577151298523,
        "y": 0.6216766834259033,
        "z": -0.00797947309911251
    },
    "landmark_24": {
        "x": 0.47308868169784546,
        "y": 0.6170583367347717,
        "z": 0.007831650786101818
    },
    "landmark_25": {
        "x": 0.5706233978271484,
        "y": 0.7381492257118225,
        "z": -0.003918028436601162
    },
    "landmark_26": {
        "x": 0.4648756980895996,
        "y": 0.7321000695228577,
        "z": 0.044635623693466187
    },
    "landmark_27": {
        "x": 0.5491905808448792,
        "y": 0.8333832025527954,
        "z": 0.4649525582790375
    },
    "landmark_28": {
        "x": 0.44797101616859436,
        "y": 0.8333461880683899,
        "z": 0.44864246249198914
    },
    "landmark_29": {
        "x": 0.5385341048240662,
        "y": 0.8428940773010254,
        "z": 0.4963982105255127
    },
    "landmark_30": {
        "x": 0.4538259208202362,
        "y": 0.8439818620681763,
        "z": 0.47705161571502686
    },
    "landmark_31": {
        "x": 0.5546718835830688,
        "y": 0.8753816485404968,
        "z": 0.2558368444442749
    },
    "landmark_32": {
        "x": 0.43773162364959717,
        "y": 0.866513729095459,
        "z": 0.23634201288223267
    }
}