{
    "landmark_0": {
        "x": 0.6128197312355042,
        "y": 0.3714185059070587,
        "z": -0.29182490706443787
    },
    "landmark_1": {
        "x": 0.6258460879325867,
        "y": 0.3605594336986542,
        "z": -0.2533775568008423
    },
    "landmark_2": {
        "x": 0.6335793733596802,
        "y": 0.36132141947746277,
        "z": -0.25334733724594116
    },
    "landmark_3": {
        "x": 0.6385922431945801,
        "y": 0.3619663119316101,
        "z": -0.25340646505355835
    },
    "landmark_4": {
        "x": 0.6037700772285461,
        "y": 0.3597278594970703,
        "z": -0.25739267468452454
    },
    "landmark_5": {
        "x": 0.5955614447593689,
        "y": 0.3599279820919037,
        "z": -0.2572937309741974
    },
    "landmark_6": {
        "x": 0.5880890488624573,
        "y": 0.36004382371902466,
        "z": -0.2572961151599884
    },
    "landmark_7": {
        "x": 0.6474566459655762,
        "y": 0.3684123456478119,
        "z": -0.02331085503101349
    },
    "landmark_8": {
        "x": 0.5787813663482666,
        "y": 0.36662557721138,
        "z": -0.045347556471824646
    },
    "landmark_9": {
        "x": 0.6252924203872681,
        "y": 0.3855265974998474,
        "z": -0.20355600118637085
    },
    "landmark_10": {
        "x": 0.5971160531044006,
        "y": 0.38445019721984863,
        "z": -0.21058037877082825
    },
    "landmark_11": {
        "x": 0.6907906532287598,
        "y": 0.436108261346817,
        "z": 0.09896442294120789
    },
    "landmark_12": {
        "x": 0.516191840171814,
        "y": 0.4209359288215637,
        "z": 0.010577566921710968
    },
    "landmark_13": {
        "x": 0.7502226233482361,
        "y": 0.49446219205856323,
        "z": -0.13629016280174255
    },
    "landmark_14": {
        "x": 0.4446443021297455,
        "y": 0.46353331208229065,
        "z": -0.237382173538208
    },
    "landmark_15": {
        "x": 0.7574185132980347,
        "y": 0.41345030069351196,
        "z": -0.46125003695487976
    },
    "landmark_16": {
        "x": 0.5790947675704956,
        "y": 0.4783176779747009,
        "z": -0.5211266279220581
    },
    "landmark_17": {
        "x": 0.7560940384864807,
        "y": 0.394024521112442,
        "z": -0.5333948135375977
    },
    "landmark_18": {
        "x": 0.6181222796440125,
        "y": 0.491877019405365,
        "z": -0.5881911516189575
    },
    "landmark_19": {
        "x": 0.754335343837738,
        "y": 0.3882448971271515,
        "z": -0.5146331191062927
    },
    "landmark_20": {
        "x": 0.6310547590255737,
        "y": 0.4902113974094391,
        "z": -0.5682841539382935
    },
    "landmark_21": {
        "x": 0.7502234578132629,
        "y": 0.3950648903846741,
        "z": -0.4643206000328064
    },
    "landmark_22": {
        "x": 0.6241220831871033,
        "y": 0.4860081076622009,
        "z": -0.5177555084228516
    },
    "landmark_23": {
        "x": 0.6353358626365662,
        "y": 0.6024091243743896,
        "z": 0.0021279086358845234
    },
    "landmark_24": {
        "x": 0.5187733173370361,
        "y": 0.5976524949073792,
        "z": -0.001884800847619772
    },
    "landmark_25": {
        "x": 0.6662933230400085,
        "y": 0.7200133800506592,
        "z": -0.08867090195417404
    },
    "landmark_26": {
        "x": 0.47243931889533997,
        "y": 0.711774468421936,
        "z": -0.1259990632534027
    },
    "landmark_27": {
        "x": 0.6359083652496338,
        "y": 0.8371375799179077,
        "z": 0.07841932028532028
    },
    "landmark_28": {
        "x": 0.47557005286216736,
        "y": 0.82719886302948,
        "z": 0.07116825133562088
    },
    "landmark_29": {
        "x": 0.6023083329200745,
        "y": 0.8496292233467102,
        "z": 0.0787026584148407
    },
    "landmark_30": {
        "x": 0.5003595948219299,
        "y": 0.8449110984802246,
        "z": 0.07551831752061844
    },
    "landmark_31": {
        "x": 0.6852906346321106,
        "y": 0.8859313130378723,
        "z": -0.15996453166007996
    },
    "landmark_32": {
        "x": 0.40641921758651733,
        "y": 0.8670815229415894,
        "z": -0.1440977305173874
    }
}