{
    "landmark_0": {
        "x": 0.5699193477630615,
        "y": 0.3816920518875122,
        "z": -0.40992486476898193
    },
    "landmark_1": {
        "x": 0.5827924013137817,
        "y": 0.3723868727684021,
        "z": -0.3692365884780884
    },
    "landmark_2": {
        "x": 0.5909772515296936,
        "y": 0.37290632724761963,
        "z": -0.3692343831062317
    },
    "landmark_3": {
        "x": 0.5992326140403748,
        "y": 0.3735787570476532,
        "z": -0.3692585527896881
    },
    "landmark_4": {
        "x": 0.5606447458267212,
        "y": 0.3718951344490051,
        "z": -0.3688186705112457
    },
    "landmark_5": {
        "x": 0.5538276433944702,
        "y": 0.37202295660972595,
        "z": -0.36877745389938354
    },
    "landmark_6": {
        "x": 0.5464638471603394,
        "y": 0.37231844663619995,
        "z": -0.36881887912750244
    },
    "landmark_7": {
        "x": 0.61098313331604,
        "y": 0.3791898787021637,
        "z": -0.12995488941669464
    },
    "landmark_8": {
        "x": 0.5425086617469788,
        "y": 0.3772948682308197,
        "z": -0.1332530826330185
    },
    "landmark_9": {
        "x": 0.5854374766349792,
        "y": 0.396474689245224,
        "z": -0.32085707783699036
    },
    "landmark_10": {
        "x": 0.5573999285697937,
        "y": 0.3953426480293274,
        "z": -0.32212528586387634
    },
    "landmark_11": {
        "x": 0.6671886444091797,
        "y": 0.4490722119808197,
        "z": 0.007140094880014658
    },
    "landmark_12": {
        "x": 0.4814787209033966,
        "y": 0.4397493004798889,
        "z": -0.05560636892914772
    },
    "landmark_13": {
        "x": 0.733842134475708,
        "y": 0.49828824400901794,
        "z": -0.28135305643081665
    },
    "landmark_14": {
        "x": 0.40066397190093994,
        "y": 0.4973176419734955,
        "z": -0.34599947929382324
    },
    "landmark_15": {
        "x": 0.6881585717201233,
        "y": 0.420070081949234,
        "z": -0.6382439732551575
    },
    "landmark_16": {
        "x": 0.5057269334793091,
        "y": 0.4767903685569763,
        "z": -0.6901612281799316
    },
    "landmark_17": {
        "x": 0.6752114295959473,
        "y": 0.39953356981277466,
        "z": -0.7154393792152405
    },
    "landmark_18": {
        "x": 0.5371672511100769,
        "y": 0.480213463306427,
        "z": -0.7623052597045898
    },
    "landmark_19": {
        "x": 0.6718999743461609,
        "y": 0.39608973264694214,
        "z": -0.680014431476593
    },
    "landmark_20": {
        "x": 0.5560351014137268,
        "y": 0.4761224389076233,
        "z": -0.7362725734710693
    },
    "landmark_21": {
        "x": 0.6709352731704712,
        "y": 0.40490227937698364,
        "z": -0.6323628425598145
    },
    "landmark_22": {
        "x": 0.5481722950935364,
        "y": 0.47442251443862915,
        "z": -0.6849080920219421
    },
    "landmark_23": {
        "x": 0.6086754202842712,
        "y": 0.6187239289283752,
        "z": 0.009865554980933666
    },
    "landmark_24": {
        "x": 0.49469703435897827,
        "y": 0.6121646761894226,
        "z": -0.009734068997204304
    },
    "landmark_25": {
        "x": 0.6039742827415466,
        "y": 0.7345520853996277,
        "z": 0.09263290464878082
    },
    "landmark_26": {
        "x": 0.4265666902065277,
        "y": 0.7269390821456909,
        "z": -0.04155202955007553
    },
    "landmark_27": {
        "x": 0.5690708756446838,
        "y": 0.8398023843765259,
        "z": 0.3889082968235016
    },
    "landmark_28": {
        "x": 0.39500129222869873,
        "y": 0.8418015241622925,
        "z": 0.18530063331127167
    },
    "landmark_29": {
        "x": 0.5490220785140991,
        "y": 0.8562525510787964,
        "z": 0.4025815427303314
    },
    "landmark_30": {
        "x": 0.4123115837574005,
        "y": 0.8639898300170898,
        "z": 0.19195257127285004
    },
    "landmark_31": {
        "x": 0.6108785271644592,
        "y": 0.8760679960250854,
        "z": 0.1775284707546234
    },
    "landmark_32": {
        "x": 0.30717891454696655,
        "y": 0.8629297018051147,
        "z": -0.05514553561806679
    }
}