{
    "landmark_0": {
        "x": 0.6266576647758484,
        "y": 0.38652610778808594,
        "z": -0.5057442784309387
    },
    "landmark_1": {
        "x": 0.6427305936813354,
        "y": 0.37603306770324707,
        "z": -0.4672725796699524
    },
    "landmark_2": {
        "x": 0.6507010459899902,
        "y": 0.3767535984516144,
        "z": -0.46726560592651367
    },
    "landmark_3": {
        "x": 0.6557660698890686,
        "y": 0.37740981578826904,
        "z": -0.46732741594314575
    },
    "landmark_4": {
        "x": 0.6171576976776123,
        "y": 0.37467366456985474,
        "z": -0.4657197594642639
    },
    "landmark_5": {
        "x": 0.609595000743866,
        "y": 0.37456563115119934,
        "z": -0.4656795561313629
    },
    "landmark_6": {
        "x": 0.6015896201133728,
        "y": 0.374572217464447,
        "z": -0.46569526195526123
    },
    "landmark_7": {
        "x": 0.6674349904060364,
        "y": 0.3839994966983795,
        "z": -0.22470252215862274
    },
    "landmark_8": {
        "x": 0.5944317579269409,
        "y": 0.38010168075561523,
        "z": -0.22139739990234375
    },
    "landmark_9": {
        "x": 0.6402923464775085,
        "y": 0.4001142382621765,
        "z": -0.4144061505794525
    },
    "landmark_10": {
        "x": 0.6106905937194824,
        "y": 0.39850181341171265,
        "z": -0.4140959084033966
    },
    "landmark_11": {
        "x": 0.7120820879936218,
        "y": 0.45053258538246155,
        "z": -0.0863381028175354
    },
    "landmark_12": {
        "x": 0.5338156819343567,
        "y": 0.4413195550441742,
        "z": -0.11066634953022003
    },
    "landmark_13": {
        "x": 0.7875609397888184,
        "y": 0.5106522440910339,
        "z": -0.4115600287914276
    },
    "landmark_14": {
        "x": 0.4280446767807007,
        "y": 0.49085521697998047,
        "z": -0.4247480034828186
    },
    "landmark_15": {
        "x": 0.7204922437667847,
        "y": 0.4336910843849182,
        "z": -0.8132315874099731
    },
    "landmark_16": {
        "x": 0.5393745303153992,
        "y": 0.4651573598384857,
        "z": -0.8380930423736572
    },
    "landmark_17": {
        "x": 0.7034673690795898,
        "y": 0.41574040055274963,
        "z": -0.8974894285202026
    },
    "landmark_18": {
        "x": 0.5733634233474731,
        "y": 0.4624246656894684,
        "z": -0.9245579838752747
    },
    "landmark_19": {
        "x": 0.6981735229492188,
        "y": 0.4142402112483978,
        "z": -0.8593692183494568
    },
    "landmark_20": {
        "x": 0.5844627618789673,
        "y": 0.4573972225189209,
        "z": -0.8903505206108093
    },
    "landmark_21": {
        "x": 0.6970873475074768,
        "y": 0.42095476388931274,
        "z": -0.8068182468414307
    },
    "landmark_22": {
        "x": 0.5810021162033081,
        "y": 0.45894843339920044,
        "z": -0.8329283595085144
    },
    "landmark_23": {
        "x": 0.6429470181465149,
        "y": 0.6204282641410828,
        "z": 0.0024126667995005846
    },
    "landmark_24": {
        "x": 0.5250995755195618,
        "y": 0.6115079522132874,
        "z": -0.0023090029135346413
    },
    "landmark_25": {
        "x": 0.6625576615333557,
        "y": 0.7371690273284912,
        "z": 0.06743943691253662
    },
    "landmark_26": {
        "x": 0.4546818733215332,
        "y": 0.7310926914215088,
        "z": -0.03661009669303894
    },
    "landmark_27": {
        "x": 0.6385904550552368,
        "y": 0.8465153574943542,
        "z": 0.3514450788497925
    },
    "landmark_28": {
        "x": 0.4171902537345886,
        "y": 0.8465433120727539,
        "z": 0.1977131962776184
    },
    "landmark_29": {
        "x": 0.6116109490394592,
        "y": 0.8603507280349731,
        "z": 0.36325913667678833
    },
    "landmark_30": {
        "x": 0.431892067193985,
        "y": 0.8665216565132141,
        "z": 0.20388463139533997
    },
    "landmark_31": {
        "x": 0.6790375709533691,
        "y": 0.8862441182136536,
        "z": 0.11762192100286484
    },
    "landmark_32": {
        "x": 0.33697158098220825,
        "y": 0.8782274127006531,
        "z": -0.0556441955268383
    }
}