{
    "landmark_0": {
        "x": 0.5692089200019836,
        "y": 0.37223973870277405,
        "z": -0.45669177174568176
    },
    "landmark_1": {
        "x": 0.5851358771324158,
        "y": 0.36079850792884827,
        "z": -0.41753989458084106
    },
    "landmark_2": {
        "x": 0.5936370491981506,
        "y": 0.36093825101852417,
        "z": -0.41768020391464233
    },
    "landmark_3": {
        "x": 0.6006353497505188,
        "y": 0.36126524209976196,
        "z": -0.4177860617637634
    },
    "landmark_4": {
        "x": 0.5595982670783997,
        "y": 0.36128607392311096,
        "z": -0.40501517057418823
    },
    "landmark_5": {
        "x": 0.5513650178909302,
        "y": 0.36185139417648315,
        "z": -0.40502214431762695
    },
    "landmark_6": {
        "x": 0.5445997714996338,
        "y": 0.3623276650905609,
        "z": -0.4050024151802063
    },
    "landmark_7": {
        "x": 0.6150668263435364,
        "y": 0.36804109811782837,
        "z": -0.21544581651687622
    },
    "landmark_8": {
        "x": 0.5408617258071899,
        "y": 0.368245393037796,
        "z": -0.1549384444952011
    },
    "landmark_9": {
        "x": 0.5860328674316406,
        "y": 0.3848530054092407,
        "z": -0.3841251730918884
    },
    "landmark_10": {
        "x": 0.5550419092178345,
        "y": 0.3847523033618927,
        "z": -0.3667927086353302
    },
    "landmark_11": {
        "x": 0.6740818619728088,
        "y": 0.43140992522239685,
        "z": -0.2005285620689392
    },
    "landmark_12": {
        "x": 0.49438247084617615,
        "y": 0.43126630783081055,
        "z": -0.05677473172545433
    },
    "landmark_13": {
        "x": 0.7537518739700317,
        "y": 0.4796692728996277,
        "z": -0.5153672099113464
    },
    "landmark_14": {
        "x": 0.40418052673339844,
        "y": 0.46060746908187866,
        "z": -0.38374659419059753
    },
    "landmark_15": {
        "x": 0.6065584421157837,
        "y": 0.4779902994632721,
        "z": -0.7536734938621521
    },
    "landmark_16": {
        "x": 0.42137569189071655,
        "y": 0.3821319043636322,
        "z": -0.8119067549705505
    },
    "landmark_17": {
        "x": 0.5662744641304016,
        "y": 0.4850880205631256,
        "z": -0.8265846967697144
    },
    "landmark_18": {
        "x": 0.42011886835098267,
        "y": 0.3590022921562195,
        "z": -0.9118899703025818
    },
    "landmark_19": {
        "x": 0.5524504780769348,
        "y": 0.4811921715736389,
        "z": -0.791131854057312
    },
    "landmark_20": {
        "x": 0.42833471298217773,
        "y": 0.3567400276660919,
        "z": -0.8841612339019775
    },
    "landmark_21": {
        "x": 0.5624291300773621,
        "y": 0.47875890135765076,
        "z": -0.741249144077301
    },
    "landmark_22": {
        "x": 0.4344685971736908,
        "y": 0.3645746409893036,
        "z": -0.8168714046478271
    },
    "landmark_23": {
        "x": 0.6255737543106079,
        "y": 0.6053897142410278,
        "z": -0.014604831114411354
    },
    "landmark_24": {
        "x": 0.5104976892471313,
        "y": 0.6035313010215759,
        "z": 0.014547215774655342
    },
    "landmark_25": {
        "x": 0.6560080647468567,
        "y": 0.7172619700431824,
        "z": -0.17982427775859833
    },
    "landmark_26": {
        "x": 0.47952553629875183,
        "y": 0.7094972133636475,
        "z": -0.32625019550323486
    },
    "landmark_27": {
        "x": 0.6674057841300964,
        "y": 0.8403395414352417,
        "z": 0.08940839022397995
    },
    "landmark_28": {
        "x": 0.5292377471923828,
        "y": 0.8188012838363647,
        "z": 0.015732724219560623
    },
    "landmark_29": {
        "x": 0.6445481777191162,
        "y": 0.8585165143013,
        "z": 0.100941501557827
    },
    "landmark_30": {
        "x": 0.555689811706543,
        "y": 0.8309705853462219,
        "z": 0.036113448441028595
    },
    "landmark_31": {
        "x": 0.7424609065055847,
        "y": 0.8757287263870239,
        "z": -0.14833123981952667
    },
    "landmark_32": {
        "x": 0.4881124794483185,
        "y": 0.864663302898407,
        "z": -0.19822056591510773
    }
}