{
    "landmark_0": {
        "x": 0.5555840730667114,
        "y": 0.3679538369178772,
        "z": -0.4340153932571411
    },
    "landmark_1": {
        "x": 0.5691712498664856,
        "y": 0.3567905128002167,
        "z": -0.39027130603790283
    },
    "landmark_2": {
        "x": 0.5768277645111084,
        "y": 0.3573770225048065,
        "z": -0.3902902901172638
    },
    "landmark_3": {
        "x": 0.5816513299942017,
        "y": 0.35820716619491577,
        "z": -0.39041274785995483
    },
    "landmark_4": {
        "x": 0.5453095436096191,
        "y": 0.35648199915885925,
        "z": -0.38903698325157166
    },
    "landmark_5": {
        "x": 0.5381144881248474,
        "y": 0.3567506670951843,
        "z": -0.3889395296573639
    },
    "landmark_6": {
        "x": 0.5313518047332764,
        "y": 0.35721585154533386,
        "z": -0.3889399766921997
    },
    "landmark_7": {
        "x": 0.5955357551574707,
        "y": 0.3668738007545471,
        "z": -0.16176441311836243
    },
    "landmark_8": {
        "x": 0.5265215635299683,
        "y": 0.3645114302635193,
        "z": -0.1541713923215866
    },
    "landmark_9": {
        "x": 0.5699360966682434,
        "y": 0.38317564129829407,
        "z": -0.3512883484363556
    },
    "landmark_10": {
        "x": 0.5423206090927124,
        "y": 0.38251516222953796,
        "z": -0.349886953830719
    },
    "landmark_11": {
        "x": 0.65311598777771,
        "y": 0.43692296743392944,
        "z": -0.06594826281070709
    },
    "landmark_12": {
        "x": 0.4793862998485565,
        "y": 0.429595410823822,
        "z": -0.08726929873228073
    },
    "landmark_13": {
        "x": 0.7498757839202881,
        "y": 0.4831922650337219,
        "z": -0.3797885477542877
    },
    "landmark_14": {
        "x": 0.37875810265541077,
        "y": 0.45941275358200073,
        "z": -0.4182165861129761
    },
    "landmark_15": {
        "x": 0.6554792523384094,
        "y": 0.44963574409484863,
        "z": -0.6869038939476013
    },
    "landmark_16": {
        "x": 0.48402342200279236,
        "y": 0.40652546286582947,
        "z": -0.7185925841331482
    },
    "landmark_17": {
        "x": 0.6262585520744324,
        "y": 0.43971142172813416,
        "z": -0.7574126124382019
    },
    "landmark_18": {
        "x": 0.5170517563819885,
        "y": 0.3924916386604309,
        "z": -0.7970500588417053
    },
    "landmark_19": {
        "x": 0.6199154853820801,
        "y": 0.43688344955444336,
        "z": -0.7073066234588623
    },
    "landmark_20": {
        "x": 0.5224998593330383,
        "y": 0.389899879693985,
        "z": -0.7524598836898804
    },
    "landmark_21": {
        "x": 0.624492883682251,
        "y": 0.44137054681777954,
        "z": -0.6734836101531982
    },
    "landmark_22": {
        "x": 0.5155513286590576,
        "y": 0.3959123492240906,
        "z": -0.7106825709342957
    },
    "landmark_23": {
        "x": 0.6077662110328674,
        "y": 0.6039627194404602,
        "z": -0.005957037676125765
    },
    "landmark_24": {
        "x": 0.49938124418258667,
        "y": 0.6032392978668213,
        "z": 0.0060533080250024796
    },
    "landmark_25": {
        "x": 0.6321258544921875,
        "y": 0.7228196263313293,
        "z": -0.024170417338609695
    },
    "landmark_26": {
        "x": 0.500300943851471,
        "y": 0.7231457829475403,
        "z": 0.18200017511844635
    },
    "landmark_27": {
        "x": 0.6221075654029846,
        "y": 0.8426175117492676,
        "z": 0.20374689996242523
    },
    "landmark_28": {
        "x": 0.5282171964645386,
        "y": 0.8238565325737,
        "z": 0.5773040652275085
    },
    "landmark_29": {
        "x": 0.5985674858093262,
        "y": 0.8550795316696167,
        "z": 0.2114773690700531
    },
    "landmark_30": {
        "x": 0.5440118908882141,
        "y": 0.8374331593513489,
        "z": 0.6044476628303528
    },
    "landmark_31": {
        "x": 0.6653951406478882,
        "y": 0.8861550092697144,
        "z": -0.04101162031292915
    },
    "landmark_32": {
        "x": 0.49453216791152954,
        "y": 0.866855263710022,
        "z": 0.3976783752441406
    }
}