{
    "landmark_0": {
        "x": 0.5478556156158447,
        "y": 0.37144899368286133,
        "z": -0.33765536546707153
    },
    "landmark_1": {
        "x": 0.5620439052581787,
        "y": 0.3612157106399536,
        "z": -0.2993755340576172
    },
    "landmark_2": {
        "x": 0.5698221921920776,
        "y": 0.3615416884422302,
        "z": -0.2993893623352051
    },
    "landmark_3": {
        "x": 0.5751962661743164,
        "y": 0.3619788587093353,
        "z": -0.2994424104690552
    },
    "landmark_4": {
        "x": 0.5389903783798218,
        "y": 0.3609444499015808,
        "z": -0.2940034568309784
    },
    "landmark_5": {
        "x": 0.5323396325111389,
        "y": 0.36097800731658936,
        "z": -0.29397547245025635
    },
    "landmark_6": {
        "x": 0.5253229737281799,
        "y": 0.36135604977607727,
        "z": -0.2940230965614319
    },
    "landmark_7": {
        "x": 0.587493360042572,
        "y": 0.36965134739875793,
        "z": -0.10911241918802261
    },
    "landmark_8": {
        "x": 0.5207149982452393,
        "y": 0.36908310651779175,
        "z": -0.08381621539592743
    },
    "landmark_9": {
        "x": 0.5644808411598206,
        "y": 0.38604775071144104,
        "z": -0.26999202370643616
    },
    "landmark_10": {
        "x": 0.5382130146026611,
        "y": 0.38490501046180725,
        "z": -0.2637200951576233
    },
    "landmark_11": {
        "x": 0.6440122723579407,
        "y": 0.44160833954811096,
        "z": -0.05144042894244194
    },
    "landmark_12": {
        "x": 0.46904149651527405,
        "y": 0.43409499526023865,
        "z": -0.05961897596716881
    },
    "landmark_13": {
        "x": 0.7213839292526245,
        "y": 0.4857255816459656,
        "z": -0.347682386636734
    },
    "landmark_14": {
        "x": 0.3755359947681427,
        "y": 0.457791268825531,
        "z": -0.37560564279556274
    },
    "landmark_15": {
        "x": 0.6172521710395813,
        "y": 0.42818230390548706,
        "z": -0.5382197499275208
    },
    "landmark_16": {
        "x": 0.4717036485671997,
        "y": 0.39898481965065,
        "z": -0.5871846675872803
    },
    "landmark_17": {
        "x": 0.5847991704940796,
        "y": 0.4089580178260803,
        "z": -0.5857206583023071
    },
    "landmark_18": {
        "x": 0.5053614974021912,
        "y": 0.3854300379753113,
        "z": -0.6445847749710083
    },
    "landmark_19": {
        "x": 0.5796207189559937,
        "y": 0.40789708495140076,
        "z": -0.526356041431427
    },
    "landmark_20": {
        "x": 0.5101388096809387,
        "y": 0.38383474946022034,
        "z": -0.5940730571746826
    },
    "landmark_21": {
        "x": 0.585074782371521,
        "y": 0.4160693287849426,
        "z": -0.518430769443512
    },
    "landmark_22": {
        "x": 0.5043261051177979,
        "y": 0.3904588222503662,
        "z": -0.5757125020027161
    },
    "landmark_23": {
        "x": 0.6051720380783081,
        "y": 0.6032270193099976,
        "z": 0.0022194874472916126
    },
    "landmark_24": {
        "x": 0.49240797758102417,
        "y": 0.6060208082199097,
        "z": -0.002338114194571972
    },
    "landmark_25": {
        "x": 0.6462525129318237,
        "y": 0.7267921566963196,
        "z": -0.038333602249622345
    },
    "landmark_26": {
        "x": 0.5036201477050781,
        "y": 0.726428747177124,
        "z": 0.11532603204250336
    },
    "landmark_27": {
        "x": 0.6535112857818604,
        "y": 0.8417531847953796,
        "z": 0.10808242857456207
    },
    "landmark_28": {
        "x": 0.5357748866081238,
        "y": 0.8312252163887024,
        "z": 0.3879146873950958
    },
    "landmark_29": {
        "x": 0.6347121000289917,
        "y": 0.8597667813301086,
        "z": 0.10965262353420258
    },
    "landmark_30": {
        "x": 0.5553914904594421,
        "y": 0.844394862651825,
        "z": 0.4034714698791504
    },
    "landmark_31": {
        "x": 0.7177817225456238,
        "y": 0.8704310655593872,
        "z": -0.11397722363471985
    },
    "landmark_32": {
        "x": 0.5041743516921997,
        "y": 0.8676475286483765,
        "z": 0.20671717822551727
    }
}