{
    "landmark_0": {
        "x": 0.5461122393608093,
        "y": 0.36286431550979614,
        "z": -0.3742454946041107
    },
    "landmark_1": {
        "x": 0.5593939423561096,
        "y": 0.35160255432128906,
        "z": -0.33547812700271606
    },
    "landmark_2": {
        "x": 0.5673558115959167,
        "y": 0.3519032895565033,
        "z": -0.3354845345020294
    },
    "landmark_3": {
        "x": 0.573747456073761,
        "y": 0.3524079918861389,
        "z": -0.3355289101600647
    },
    "landmark_4": {
        "x": 0.5362240672111511,
        "y": 0.35196295380592346,
        "z": -0.3233416676521301
    },
    "landmark_5": {
        "x": 0.5286761522293091,
        "y": 0.3524104058742523,
        "z": -0.32331517338752747
    },
    "landmark_6": {
        "x": 0.5210405588150024,
        "y": 0.3528788089752197,
        "z": -0.3233545124530792
    },
    "landmark_7": {
        "x": 0.5896239280700684,
        "y": 0.359806090593338,
        "z": -0.14140835404396057
    },
    "landmark_8": {
        "x": 0.5152389407157898,
        "y": 0.36087238788604736,
        "z": -0.0830581784248352
    },
    "landmark_9": {
        "x": 0.5624099373817444,
        "y": 0.3769131302833557,
        "z": -0.305275022983551
    },
    "landmark_10": {
        "x": 0.5345668196678162,
        "y": 0.376872181892395,
        "z": -0.2890353500843048
    },
    "landmark_11": {
        "x": 0.6494842767715454,
        "y": 0.4257054328918457,
        "z": -0.08846840262413025
    },
    "landmark_12": {
        "x": 0.47422727942466736,
        "y": 0.4243791103363037,
        "z": -0.00720696896314621
    },
    "landmark_13": {
        "x": 0.7451595067977905,
        "y": 0.45928388833999634,
        "z": -0.42704659700393677
    },
    "landmark_14": {
        "x": 0.38220569491386414,
        "y": 0.4682442247867584,
        "z": -0.30521655082702637
    },
    "landmark_15": {
        "x": 0.6426025032997131,
        "y": 0.42048779129981995,
        "z": -0.7277960777282715
    },
    "landmark_16": {
        "x": 0.42642292380332947,
        "y": 0.396319180727005,
        "z": -0.6659845113754272
    },
    "landmark_17": {
        "x": 0.6125863790512085,
        "y": 0.4114707410335541,
        "z": -0.79652339220047
    },
    "landmark_18": {
        "x": 0.4336407482624054,
        "y": 0.3775101900100708,
        "z": -0.7551859617233276
    },
    "landmark_19": {
        "x": 0.6046544313430786,
        "y": 0.4099063277244568,
        "z": -0.7410888075828552
    },
    "landmark_20": {
        "x": 0.439540833234787,
        "y": 0.37423163652420044,
        "z": -0.7149523496627808
    },
    "landmark_21": {
        "x": 0.6104974746704102,
        "y": 0.4138914942741394,
        "z": -0.7116600275039673
    },
    "landmark_22": {
        "x": 0.4409322142601013,
        "y": 0.381669819355011,
        "z": -0.6625062227249146
    },
    "landmark_23": {
        "x": 0.6010879874229431,
        "y": 0.5968790054321289,
        "z": -0.02849874272942543
    },
    "landmark_24": {
        "x": 0.4869515597820282,
        "y": 0.5925597548484802,
        "z": 0.02809535339474678
    },
    "landmark_25": {
        "x": 0.596919059753418,
        "y": 0.7244282960891724,
        "z": -0.059570878744125366
    },
    "landmark_26": {
        "x": 0.45048269629478455,
        "y": 0.7102755308151245,
        "z": -0.03712533041834831
    },
    "landmark_27": {
        "x": 0.5844617486000061,
        "y": 0.8333929181098938,
        "z": 0.34382113814353943
    },
    "landmark_28": {
        "x": 0.46694275736808777,
        "y": 0.8239606618881226,
        "z": 0.35757043957710266
    },
    "landmark_29": {
        "x": 0.5670803189277649,
        "y": 0.8411946296691895,
        "z": 0.3713342547416687
    },
    "landmark_30": {
        "x": 0.4921369254589081,
        "y": 0.8345913887023926,
        "z": 0.3863105773925781
    },
    "landmark_31": {
        "x": 0.6063427925109863,
        "y": 0.8764053583145142,
        "z": 0.13011129200458527
    },
    "landmark_32": {
        "x": 0.43227419257164,
        "y": 0.8670526742935181,
        "z": 0.1671133041381836
    }
}