{
    "landmark_0": {
        "x": 0.529801607131958,
        "y": 0.3724222183227539,
        "z": -0.4284209907054901
    },
    "landmark_1": {
        "x": 0.5420676469802856,
        "y": 0.36132118105888367,
        "z": -0.391695499420166
    },
    "landmark_2": {
        "x": 0.5498098731040955,
        "y": 0.361189067363739,
        "z": -0.39185139536857605
    },
    "landmark_3": {
        "x": 0.5572280883789062,
        "y": 0.36116495728492737,
        "z": -0.3919522166252136
    },
    "landmark_4": {
        "x": 0.5180540084838867,
        "y": 0.36304163932800293,
        "z": -0.377964049577713
    },
    "landmark_5": {
        "x": 0.5102535486221313,
        "y": 0.3640177547931671,
        "z": -0.3779221475124359
    },
    "landmark_6": {
        "x": 0.5026910305023193,
        "y": 0.36505112051963806,
        "z": -0.37787488102912903
    },
    "landmark_7": {
        "x": 0.5731948018074036,
        "y": 0.36750343441963196,
        "z": -0.19687412679195404
    },
    "landmark_8": {
        "x": 0.49913543462753296,
        "y": 0.3715966045856476,
        "z": -0.1328737586736679
    },
    "landmark_9": {
        "x": 0.5478247404098511,
        "y": 0.3837772011756897,
        "z": -0.3584575355052948
    },
    "landmark_10": {
        "x": 0.5181275606155396,
        "y": 0.38500556349754333,
        "z": -0.34026339650154114
    },
    "landmark_11": {
        "x": 0.6433945894241333,
        "y": 0.4277629852294922,
        "z": -0.19325430691242218
    },
    "landmark_12": {
        "x": 0.46385109424591064,
        "y": 0.43521565198898315,
        "z": -0.01974952220916748
    },
    "landmark_13": {
        "x": 0.7091100215911865,
        "y": 0.4792727530002594,
        "z": -0.47473418712615967
    },
    "landmark_14": {
        "x": 0.3694513440132141,
        "y": 0.449612557888031,
        "z": -0.29938557744026184
    },
    "landmark_15": {
        "x": 0.5623158812522888,
        "y": 0.4927614629268646,
        "z": -0.7223297357559204
    },
    "landmark_16": {
        "x": 0.3773450255393982,
        "y": 0.3707199990749359,
        "z": -0.7118260860443115
    },
    "landmark_17": {
        "x": 0.5168145298957825,
        "y": 0.5042603611946106,
        "z": -0.8036479353904724
    },
    "landmark_18": {
        "x": 0.36897823214530945,
        "y": 0.34850868582725525,
        "z": -0.8055816888809204
    },
    "landmark_19": {
        "x": 0.5072260499000549,
        "y": 0.49782243371009827,
        "z": -0.7772848606109619
    },
    "landmark_20": {
        "x": 0.377400279045105,
        "y": 0.3451906144618988,
        "z": -0.7899087071418762
    },
    "landmark_21": {
        "x": 0.5149050354957581,
        "y": 0.4942384660243988,
        "z": -0.7134408950805664
    },
    "landmark_22": {
        "x": 0.3857042193412781,
        "y": 0.35352861881256104,
        "z": -0.7219812273979187
    },
    "landmark_23": {
        "x": 0.6202062368392944,
        "y": 0.6056851744651794,
        "z": -0.016997424885630608
    },
    "landmark_24": {
        "x": 0.5043266415596008,
        "y": 0.6064510941505432,
        "z": 0.016970474272966385
    },
    "landmark_25": {
        "x": 0.6464530229568481,
        "y": 0.7239260077476501,
        "z": -0.046031974256038666
    },
    "landmark_26": {
        "x": 0.4968864321708679,
        "y": 0.7213869690895081,
        "z": -0.08088119328022003
    },
    "landmark_27": {
        "x": 0.6539186239242554,
        "y": 0.8441985249519348,
        "z": 0.23068778216838837
    },
    "landmark_28": {
        "x": 0.5304549336433411,
        "y": 0.8251106142997742,
        "z": 0.2369879186153412
    },
    "landmark_29": {
        "x": 0.6378578543663025,
        "y": 0.8657530546188354,
        "z": 0.2437278926372528
    },
    "landmark_30": {
        "x": 0.5497910976409912,
        "y": 0.8366008996963501,
        "z": 0.25509577989578247
    },
    "landmark_31": {
        "x": 0.7192033529281616,
        "y": 0.8656229972839355,
        "z": 0.002275657607242465
    },
    "landmark_32": {
        "x": 0.5058686137199402,
        "y": 0.8643372654914856,
        "z": 0.02396981790661812
    }
}