{
    "landmark_0": {
        "x": 0.5534375905990601,
        "y": 0.35792452096939087,
        "z": -0.32783085107803345
    },
    "landmark_1": {
        "x": 0.5675434470176697,
        "y": 0.34812241792678833,
        "z": -0.2927047610282898
    },
    "landmark_2": {
        "x": 0.5745090246200562,
        "y": 0.3488922119140625,
        "z": -0.2926541864871979
    },
    "landmark_3": {
        "x": 0.5800905823707581,
        "y": 0.34954461455345154,
        "z": -0.29273369908332825
    },
    "landmark_4": {
        "x": 0.5446752309799194,
        "y": 0.3472364842891693,
        "z": -0.29231661558151245
    },
    "landmark_5": {
        "x": 0.5373288989067078,
        "y": 0.347517728805542,
        "z": -0.2921818494796753
    },
    "landmark_6": {
        "x": 0.5301840305328369,
        "y": 0.347461998462677,
        "z": -0.292199045419693
    },
    "landmark_7": {
        "x": 0.5919318795204163,
        "y": 0.3560783863067627,
        "z": -0.07493211328983307
    },
    "landmark_8": {
        "x": 0.5215628147125244,
        "y": 0.3547968566417694,
        "z": -0.07633229345083237
    },
    "landmark_9": {
        "x": 0.5676886439323425,
        "y": 0.3721121847629547,
        "z": -0.2436496466398239
    },
    "landmark_10": {
        "x": 0.5392463803291321,
        "y": 0.370920330286026,
        "z": -0.2448500692844391
    },
    "landmark_11": {
        "x": 0.6446873545646667,
        "y": 0.4217766225337982,
        "z": 0.04560494422912598
    },
    "landmark_12": {
        "x": 0.46595844626426697,
        "y": 0.4129176735877991,
        "z": -0.017014453187584877
    },
    "landmark_13": {
        "x": 0.7180508375167847,
        "y": 0.47362297773361206,
        "z": -0.20006084442138672
    },
    "landmark_14": {
        "x": 0.39495447278022766,
        "y": 0.454520046710968,
        "z": -0.28922757506370544
    },
    "landmark_15": {
        "x": 0.6996268033981323,
        "y": 0.3950881361961365,
        "z": -0.5100826621055603
    },
    "landmark_16": {
        "x": 0.5196364521980286,
        "y": 0.46498697996139526,
        "z": -0.5939974188804626
    },
    "landmark_17": {
        "x": 0.6961424350738525,
        "y": 0.3731870949268341,
        "z": -0.5768765211105347
    },
    "landmark_18": {
        "x": 0.5572623014450073,
        "y": 0.4753102660179138,
        "z": -0.6635568737983704
    },
    "landmark_19": {
        "x": 0.6909352540969849,
        "y": 0.36866334080696106,
        "z": -0.5488712787628174
    },
    "landmark_20": {
        "x": 0.5728519558906555,
        "y": 0.4733365476131439,
        "z": -0.6338455080986023
    },
    "landmark_21": {
        "x": 0.687039315700531,
        "y": 0.3763698637485504,
        "z": -0.5074978470802307
    },
    "landmark_22": {
        "x": 0.5656810402870178,
        "y": 0.4700635075569153,
        "z": -0.5876325368881226
    },
    "landmark_23": {
        "x": 0.598053514957428,
        "y": 0.5876643061637878,
        "z": 0.0007443071808665991
    },
    "landmark_24": {
        "x": 0.48160168528556824,
        "y": 0.586825430393219,
        "z": -0.0006269300356507301
    },
    "landmark_25": {
        "x": 0.6136462092399597,
        "y": 0.70974200963974,
        "z": -0.04276219755411148
    },
    "landmark_26": {
        "x": 0.46108585596084595,
        "y": 0.711368203163147,
        "z": -0.03350960090756416
    },
    "landmark_27": {
        "x": 0.5923726558685303,
        "y": 0.8235697746276855,
        "z": 0.2910626530647278
    },
    "landmark_28": {
        "x": 0.4898602068424225,
        "y": 0.8209870457649231,
        "z": 0.2707146108150482
    },
    "landmark_29": {
        "x": 0.5714411735534668,
        "y": 0.834507167339325,
        "z": 0.30960679054260254
    },
    "landmark_30": {
        "x": 0.5124794840812683,
        "y": 0.8342562913894653,
        "z": 0.28757244348526
    },
    "landmark_31": {
        "x": 0.6194127202033997,
        "y": 0.867392361164093,
        "z": 0.07854746282100677
    },
    "landmark_32": {
        "x": 0.4345938265323639,
        "y": 0.8646305203437805,
        "z": 0.061423275619745255
    }
}