{
    "landmark_0": {
        "x": 0.5598976612091064,
        "y": 0.39768192172050476,
        "z": -0.5692166090011597
    },
    "landmark_1": {
        "x": 0.5762913227081299,
        "y": 0.38607609272003174,
        "z": -0.5410662293434143
    },
    "landmark_2": {
        "x": 0.5844641327857971,
        "y": 0.3867502510547638,
        "z": -0.541124701499939
    },
    "landmark_3": {
        "x": 0.5903522968292236,
        "y": 0.38755297660827637,
        "z": -0.5411213040351868
    },
    "landmark_4": {
        "x": 0.5528665781021118,
        "y": 0.3844226002693176,
        "z": -0.5418307185173035
    },
    "landmark_5": {
        "x": 0.545418381690979,
        "y": 0.38414961099624634,
        "z": -0.5418552756309509
    },
    "landmark_6": {
        "x": 0.538545548915863,
        "y": 0.38387617468833923,
        "z": -0.5418952107429504
    },
    "landmark_7": {
        "x": 0.602525532245636,
        "y": 0.3925323188304901,
        "z": -0.3388318121433258
    },
    "landmark_8": {
        "x": 0.5320533514022827,
        "y": 0.3883605897426605,
        "z": -0.34218576550483704
    },
    "landmark_9": {
        "x": 0.5749574303627014,
        "y": 0.41041237115859985,
        "z": -0.4898814260959625
    },
    "landmark_10": {
        "x": 0.5451565384864807,
        "y": 0.4084855020046234,
        "z": -0.49091869592666626
    },
    "landmark_11": {
        "x": 0.6577129364013672,
        "y": 0.46027326583862305,
        "z": -0.1982695758342743
    },
    "landmark_12": {
        "x": 0.45882338285446167,
        "y": 0.4547843039035797,
        "z": -0.1767944097518921
    },
    "landmark_13": {
        "x": 0.6959030032157898,
        "y": 0.5389755964279175,
        "z": -0.09422433376312256
    },
    "landmark_14": {
        "x": 0.4230861961841583,
        "y": 0.5331048965454102,
        "z": -0.07376020401716232
    },
    "landmark_15": {
        "x": 0.70490962266922,
        "y": 0.6087791323661804,
        "z": -0.2933247983455658
    },
    "landmark_16": {
        "x": 0.4200282096862793,
        "y": 0.6022892594337463,
        "z": -0.24881163239479065
    },
    "landmark_17": {
        "x": 0.7130231857299805,
        "y": 0.6321828961372375,
        "z": -0.3514043688774109
    },
    "landmark_18": {
        "x": 0.4176333546638489,
        "y": 0.6284618973731995,
        "z": -0.303849995136261
    },
    "landmark_19": {
        "x": 0.7031999230384827,
        "y": 0.6320870518684387,
        "z": -0.42090755701065063
    },
    "landmark_20": {
        "x": 0.4312245547771454,
        "y": 0.6258962750434875,
        "z": -0.3736797869205475
    },
    "landmark_21": {
        "x": 0.6954793334007263,
        "y": 0.62334805727005,
        "z": -0.323102742433548
    },
    "landmark_22": {
        "x": 0.436774879693985,
        "y": 0.6166002154350281,
        "z": -0.27985313534736633
    },
    "landmark_23": {
        "x": 0.5984565019607544,
        "y": 0.6259101033210754,
        "z": -0.014423683285713196
    },
    "landmark_24": {
        "x": 0.48449596762657166,
        "y": 0.6214609146118164,
        "z": 0.014365622773766518
    },
    "landmark_25": {
        "x": 0.5774407386779785,
        "y": 0.7435334324836731,
        "z": -0.01432052068412304
    },
    "landmark_26": {
        "x": 0.4616684317588806,
        "y": 0.7355681657791138,
        "z": 0.02708379738032818
    },
    "landmark_27": {
        "x": 0.5498351454734802,
        "y": 0.8369836807250977,
        "z": 0.34209898114204407
    },
    "landmark_28": {
        "x": 0.4514646828174591,
        "y": 0.8327248692512512,
        "z": 0.3555779457092285
    },
    "landmark_29": {
        "x": 0.5416775941848755,
        "y": 0.8470012545585632,
        "z": 0.3614136278629303
    },
    "landmark_30": {
        "x": 0.464812308549881,
        "y": 0.8455201387405396,
        "z": 0.3738624155521393
    },
    "landmark_31": {
        "x": 0.5528215169906616,
        "y": 0.8762377500534058,
        "z": 0.12847314774990082
    },
    "landmark_32": {
        "x": 0.4140993654727936,
        "y": 0.8648988008499146,
        "z": 0.14765401184558868
    }
}