{
    "landmark_0": {
        "x": 0.5036863088607788,
        "y": 0.364635705947876,
        "z": -0.2503129243850708
    },
    "landmark_1": {
        "x": 0.5151633024215698,
        "y": 0.35410258173942566,
        "z": -0.21121016144752502
    },
    "landmark_2": {
        "x": 0.5218243598937988,
        "y": 0.3542783260345459,
        "z": -0.21120622754096985
    },
    "landmark_3": {
        "x": 0.5274031162261963,
        "y": 0.35468438267707825,
        "z": -0.2113180160522461
    },
    "landmark_4": {
        "x": 0.49381911754608154,
        "y": 0.35427141189575195,
        "z": -0.20519283413887024
    },
    "landmark_5": {
        "x": 0.48670414090156555,
        "y": 0.3546361029148102,
        "z": -0.20511698722839355
    },
    "landmark_6": {
        "x": 0.48096197843551636,
        "y": 0.3553134799003601,
        "z": -0.205100879073143
    },
    "landmark_7": {
        "x": 0.5412082672119141,
        "y": 0.36144381761550903,
        "z": -0.020088249817490578
    },
    "landmark_8": {
        "x": 0.4744238257408142,
        "y": 0.3619389235973358,
        "z": 0.011990857310593128
    },
    "landmark_9": {
        "x": 0.5189095735549927,
        "y": 0.3778451085090637,
        "z": -0.18217453360557556
    },
    "landmark_10": {
        "x": 0.4927402436733246,
        "y": 0.37853753566741943,
        "z": -0.1739804446697235
    },
    "landmark_11": {
        "x": 0.5939171314239502,
        "y": 0.42750972509384155,
        "z": 0.03842337429523468
    },
    "landmark_12": {
        "x": 0.4345494508743286,
        "y": 0.42217856645584106,
        "z": 0.09345460683107376
    },
    "landmark_13": {
        "x": 0.6857231259346008,
        "y": 0.46029233932495117,
        "z": -0.18501408398151398
    },
    "landmark_14": {
        "x": 0.3500393331050873,
        "y": 0.4609178602695465,
        "z": -0.11410597711801529
    },
    "landmark_15": {
        "x": 0.6003820300102234,
        "y": 0.39489611983299255,
        "z": -0.3230648636817932
    },
    "landmark_16": {
        "x": 0.42354124784469604,
        "y": 0.39923548698425293,
        "z": -0.27913540601730347
    },
    "landmark_17": {
        "x": 0.5777902603149414,
        "y": 0.38238343596458435,
        "z": -0.3664466142654419
    },
    "landmark_18": {
        "x": 0.4491695761680603,
        "y": 0.3851158320903778,
        "z": -0.3425025939941406
    },
    "landmark_19": {
        "x": 0.5711480975151062,
        "y": 0.3809046745300293,
        "z": -0.3217109739780426
    },
    "landmark_20": {
        "x": 0.45512181520462036,
        "y": 0.38319846987724304,
        "z": -0.2919197976589203
    },
    "landmark_21": {
        "x": 0.5752800703048706,
        "y": 0.3863734304904938,
        "z": -0.30915066599845886
    },
    "landmark_22": {
        "x": 0.4521369934082031,
        "y": 0.38879963755607605,
        "z": -0.270033061504364
    },
    "landmark_23": {
        "x": 0.5479013919830322,
        "y": 0.5840803980827332,
        "z": -0.03123430162668228
    },
    "landmark_24": {
        "x": 0.4408479928970337,
        "y": 0.5867468118667603,
        "z": 0.031191324815154076
    },
    "landmark_25": {
        "x": 0.5867198705673218,
        "y": 0.699417769908905,
        "z": -0.08686909824609756
    },
    "landmark_26": {
        "x": 0.4649258852005005,
        "y": 0.7066696286201477,
        "z": 0.07488898187875748
    },
    "landmark_27": {
        "x": 0.6026351451873779,
        "y": 0.8216227293014526,
        "z": 0.08089619874954224
    },
    "landmark_28": {
        "x": 0.5044673085212708,
        "y": 0.8125150799751282,
        "z": 0.35088664293289185
    },
    "landmark_29": {
        "x": 0.5893387794494629,
        "y": 0.8324265480041504,
        "z": 0.08410407602787018
    },
    "landmark_30": {
        "x": 0.5207074284553528,
        "y": 0.8231364488601685,
        "z": 0.36814063787460327
    },
    "landmark_31": {
        "x": 0.613512396812439,
        "y": 0.8615666627883911,
        "z": -0.1698075234889984
    },
    "landmark_32": {
        "x": 0.4814949333667755,
        "y": 0.8535064458847046,
        "z": 0.1681220531463623
    }
}