{
    "landmark_0": {
        "x": 0.5351008176803589,
        "y": 0.39844807982444763,
        "z": -0.3312048017978668
    },
    "landmark_1": {
        "x": 0.5481350421905518,
        "y": 0.3885880410671234,
        "z": -0.30355212092399597
    },
    "landmark_2": {
        "x": 0.556331992149353,
        "y": 0.38853612542152405,
        "z": -0.30371347069740295
    },
    "landmark_3": {
        "x": 0.5632903575897217,
        "y": 0.3887979984283447,
        "z": -0.3038112223148346
    },
    "landmark_4": {
        "x": 0.5260709524154663,
        "y": 0.3891368508338928,
        "z": -0.2844943702220917
    },
    "landmark_5": {
        "x": 0.519051730632782,
        "y": 0.389395534992218,
        "z": -0.28444939851760864
    },
    "landmark_6": {
        "x": 0.512614905834198,
        "y": 0.3897548019886017,
        "z": -0.2844216227531433
    },
    "landmark_7": {
        "x": 0.5786022543907166,
        "y": 0.3946094214916229,
        "z": -0.1438029557466507
    },
    "landmark_8": {
        "x": 0.511078417301178,
        "y": 0.39665669202804565,
        "z": -0.05707978084683418
    },
    "landmark_9": {
        "x": 0.5513917207717896,
        "y": 0.41078901290893555,
        "z": -0.272948682308197
    },
    "landmark_10": {
        "x": 0.5235671997070312,
        "y": 0.4106551706790924,
        "z": -0.24825899302959442
    },
    "landmark_11": {
        "x": 0.6414226293563843,
        "y": 0.4516450762748718,
        "z": -0.151382714509964
    },
    "landmark_12": {
        "x": 0.4785305857658386,
        "y": 0.45723438262939453,
        "z": 0.09560932219028473
    },
    "landmark_13": {
        "x": 0.7083740234375,
        "y": 0.5114404559135437,
        "z": -0.28084060549736023
    },
    "landmark_14": {
        "x": 0.39712342619895935,
        "y": 0.48668962717056274,
        "z": -0.0371725894510746
    },
    "landmark_15": {
        "x": 0.5712586641311646,
        "y": 0.529888391494751,
        "z": -0.3887515664100647
    },
    "landmark_16": {
        "x": 0.41322338581085205,
        "y": 0.4083077013492584,
        "z": -0.29889094829559326
    },
    "landmark_17": {
        "x": 0.5302227139472961,
        "y": 0.5462213754653931,
        "z": -0.4411618411540985
    },
    "landmark_18": {
        "x": 0.4095325469970703,
        "y": 0.3864515423774719,
        "z": -0.3585870862007141
    },
    "landmark_19": {
        "x": 0.5182697772979736,
        "y": 0.5396038889884949,
        "z": -0.43205100297927856
    },
    "landmark_20": {
        "x": 0.4164234697818756,
        "y": 0.3847174346446991,
        "z": -0.3389054238796234
    },
    "landmark_21": {
        "x": 0.5245011448860168,
        "y": 0.5343565344810486,
        "z": -0.38030391931533813
    },
    "landmark_22": {
        "x": 0.4241398572921753,
        "y": 0.3924100697040558,
        "z": -0.3029685914516449
    },
    "landmark_23": {
        "x": 0.6131826043128967,
        "y": 0.6286721229553223,
        "z": -0.05633110553026199
    },
    "landmark_24": {
        "x": 0.5060454607009888,
        "y": 0.6277454495429993,
        "z": 0.056301433593034744
    },
    "landmark_25": {
        "x": 0.6429455876350403,
        "y": 0.7417650818824768,
        "z": -0.12509794533252716
    },
    "landmark_26": {
        "x": 0.498065322637558,
        "y": 0.732690691947937,
        "z": 0.14078593254089355
    },
    "landmark_27": {
        "x": 0.6926388144493103,
        "y": 0.8620632290840149,
        "z": -0.01227279007434845
    },
    "landmark_28": {
        "x": 0.5373340249061584,
        "y": 0.8253931999206543,
        "z": 0.4939368665218353
    },
    "landmark_29": {
        "x": 0.6807611584663391,
        "y": 0.8914090394973755,
        "z": -0.014761055819690228
    },
    "landmark_30": {
        "x": 0.5620319843292236,
        "y": 0.8408602476119995,
        "z": 0.5171830058097839
    },
    "landmark_31": {
        "x": 0.7878034114837646,
        "y": 0.8657902479171753,
        "z": -0.22452272474765778
    },
    "landmark_32": {
        "x": 0.4950576722621918,
        "y": 0.8628279566764832,
        "z": 0.36942240595817566
    }
}