{
    "landmark_0": {
        "x": 0.49848344922065735,
        "y": 0.3832293748855591,
        "z": -0.5099118947982788
    },
    "landmark_1": {
        "x": 0.5109530091285706,
        "y": 0.3712993562221527,
        "z": -0.47861447930336
    },
    "landmark_2": {
        "x": 0.5194957852363586,
        "y": 0.3711596727371216,
        "z": -0.47856077551841736
    },
    "landmark_3": {
        "x": 0.5253176093101501,
        "y": 0.3714044690132141,
        "z": -0.47845160961151123
    },
    "landmark_4": {
        "x": 0.4864828884601593,
        "y": 0.37259960174560547,
        "z": -0.47110268473625183
    },
    "landmark_5": {
        "x": 0.4786902070045471,
        "y": 0.37319430708885193,
        "z": -0.47115835547447205
    },
    "landmark_6": {
        "x": 0.4714547395706177,
        "y": 0.3742082417011261,
        "z": -0.47112929821014404
    },
    "landmark_7": {
        "x": 0.5374841690063477,
        "y": 0.3769823908805847,
        "z": -0.2818688154220581
    },
    "landmark_8": {
        "x": 0.4673059284687042,
        "y": 0.381384015083313,
        "z": -0.2512965500354767
    },
    "landmark_9": {
        "x": 0.5165097117424011,
        "y": 0.39611849188804626,
        "z": -0.436816543340683
    },
    "landmark_10": {
        "x": 0.48578783869743347,
        "y": 0.39730727672576904,
        "z": -0.42821285128593445
    },
    "landmark_11": {
        "x": 0.6123980283737183,
        "y": 0.45044031739234924,
        "z": -0.17658200860023499
    },
    "landmark_12": {
        "x": 0.41463810205459595,
        "y": 0.454759418964386,
        "z": -0.10436446219682693
    },
    "landmark_13": {
        "x": 0.6558067202568054,
        "y": 0.5229977369308472,
        "z": -0.08186362683773041
    },
    "landmark_14": {
        "x": 0.3305772840976715,
        "y": 0.5096181631088257,
        "z": -0.3258051872253418
    },
    "landmark_15": {
        "x": 0.6510328650474548,
        "y": 0.5929885506629944,
        "z": -0.17164397239685059
    },
    "landmark_16": {
        "x": 0.3116210401058197,
        "y": 0.44016212224960327,
        "z": -0.7982458472251892
    },
    "landmark_17": {
        "x": 0.6557177305221558,
        "y": 0.6157857775688171,
        "z": -0.19574226438999176
    },
    "landmark_18": {
        "x": 0.303702175617218,
        "y": 0.4207572042942047,
        "z": -0.8865534663200378
    },
    "landmark_19": {
        "x": 0.6425822973251343,
        "y": 0.6139352917671204,
        "z": -0.23943884670734406
    },
    "landmark_20": {
        "x": 0.3103267550468445,
        "y": 0.413936048746109,
        "z": -0.8852124810218811
    },
    "landmark_21": {
        "x": 0.6354426741600037,
        "y": 0.6071109175682068,
        "z": -0.1852428913116455
    },
    "landmark_22": {
        "x": 0.3174912929534912,
        "y": 0.4203769564628601,
        "z": -0.8095831871032715
    },
    "landmark_23": {
        "x": 0.5741595029830933,
        "y": 0.6195445656776428,
        "z": -0.017923731356859207
    },
    "landmark_24": {
        "x": 0.46543893218040466,
        "y": 0.617497444152832,
        "z": 0.017444323748350143
    },
    "landmark_25": {
        "x": 0.563999593257904,
        "y": 0.7361239790916443,
        "z": 0.00013988609134685248
    },
    "landmark_26": {
        "x": 0.45398783683776855,
        "y": 0.7313593626022339,
        "z": 0.07345160096883774
    },
    "landmark_27": {
        "x": 0.5486079454421997,
        "y": 0.8317497372627258,
        "z": 0.47832047939300537
    },
    "landmark_28": {
        "x": 0.4457100033760071,
        "y": 0.829981803894043,
        "z": 0.5069844126701355
    },
    "landmark_29": {
        "x": 0.5404037833213806,
        "y": 0.8415210843086243,
        "z": 0.5125887989997864
    },
    "landmark_30": {
        "x": 0.4545517861843109,
        "y": 0.8409894704818726,
        "z": 0.5412298440933228
    },
    "landmark_31": {
        "x": 0.5505585670471191,
        "y": 0.8726869821548462,
        "z": 0.28542158007621765
    },
    "landmark_32": {
        "x": 0.4359293580055237,
        "y": 0.8644415736198425,
        "z": 0.3218073546886444
    }
}