{
    "landmark_0": {
        "x": 0.5593180060386658,
        "y": 0.39700746536254883,
        "z": -0.5681071877479553
    },
    "landmark_1": {
        "x": 0.5757688283920288,
        "y": 0.3853764533996582,
        "z": -0.5399102568626404
    },
    "landmark_2": {
        "x": 0.58404141664505,
        "y": 0.3860793709754944,
        "z": -0.5399653911590576
    },
    "landmark_3": {
        "x": 0.5900358557701111,
        "y": 0.38691288232803345,
        "z": -0.5399556159973145
    },
    "landmark_4": {
        "x": 0.5525282621383667,
        "y": 0.3837306499481201,
        "z": -0.5402917265892029
    },
    "landmark_5": {
        "x": 0.5452045202255249,
        "y": 0.38347896933555603,
        "z": -0.5403170585632324
    },
    "landmark_6": {
        "x": 0.5382944345474243,
        "y": 0.3832060694694519,
        "z": -0.540360152721405
    },
    "landmark_7": {
        "x": 0.6023654937744141,
        "y": 0.39228737354278564,
        "z": -0.3388187885284424
    },
    "landmark_8": {
        "x": 0.5320665240287781,
        "y": 0.3878818452358246,
        "z": -0.34029942750930786
    },
    "landmark_9": {
        "x": 0.574540913105011,
        "y": 0.4097706377506256,
        "z": -0.4894372820854187
    },
    "landmark_10": {
        "x": 0.5445608496665955,
        "y": 0.4077548086643219,
        "z": -0.4899199903011322
    },
    "landmark_11": {
        "x": 0.6579586267471313,
        "y": 0.46048980951309204,
        "z": -0.20011629164218903
    },
    "landmark_12": {
        "x": 0.45848557353019714,
        "y": 0.45489877462387085,
        "z": -0.17549465596675873
    },
    "landmark_13": {
        "x": 0.6955255270004272,
        "y": 0.5389370322227478,
        "z": -0.0963655337691307
    },
    "landmark_14": {
        "x": 0.4235075116157532,
        "y": 0.5333526730537415,
        "z": -0.07171445339918137
    },
    "landmark_15": {
        "x": 0.7046440243721008,
        "y": 0.6091940999031067,
        "z": -0.2933953106403351
    },
    "landmark_16": {
        "x": 0.420377254486084,
        "y": 0.602311372756958,
        "z": -0.24643853306770325
    },
    "landmark_17": {
        "x": 0.7129354476928711,
        "y": 0.63243168592453,
        "z": -0.3509642779827118
    },
    "landmark_18": {
        "x": 0.4179215431213379,
        "y": 0.628510594367981,
        "z": -0.30108869075775146
    },
    "landmark_19": {
        "x": 0.7034146189689636,
        "y": 0.6322973966598511,
        "z": -0.42032313346862793
    },
    "landmark_20": {
        "x": 0.43139058351516724,
        "y": 0.6258217096328735,
        "z": -0.37123751640319824
    },
    "landmark_21": {
        "x": 0.6956940293312073,
        "y": 0.623546838760376,
        "z": -0.3230527937412262
    },
    "landmark_22": {
        "x": 0.43689456582069397,
        "y": 0.6164872646331787,
        "z": -0.27769216895103455
    },
    "landmark_23": {
        "x": 0.599026620388031,
        "y": 0.6262305974960327,
        "z": -0.01540658064186573
    },
    "landmark_24": {
        "x": 0.48456189036369324,
        "y": 0.6217831969261169,
        "z": 0.015343318693339825
    },
    "landmark_25": {
        "x": 0.5782471895217896,
        "y": 0.7440338730812073,
        "z": -0.011477540247142315
    },
    "landmark_26": {
        "x": 0.46100756525993347,
        "y": 0.7358592748641968,
        "z": 0.028553226962685585
    },
    "landmark_27": {
        "x": 0.5498291254043579,
        "y": 0.8371551632881165,
        "z": 0.3449961841106415
    },
    "landmark_28": {
        "x": 0.4509198069572449,
        "y": 0.8332282900810242,
        "z": 0.3583659827709198
    },
    "landmark_29": {
        "x": 0.5414234399795532,
        "y": 0.8471323251724243,
        "z": 0.3641227185726166
    },
    "landmark_30": {
        "x": 0.46517860889434814,
        "y": 0.8464853167533875,
        "z": 0.3766249716281891
    },
    "landmark_31": {
        "x": 0.5525975823402405,
        "y": 0.8763543367385864,
        "z": 0.13098791241645813
    },
    "landmark_32": {
        "x": 0.413271427154541,
        "y": 0.8650869131088257,
        "z": 0.1512855440378189
    }
}