{
    "landmark_0": {
        "x": 0.5618022680282593,
        "y": 0.35665518045425415,
        "z": -0.3954014182090759
    },
    "landmark_1": {
        "x": 0.5754409432411194,
        "y": 0.3446923494338989,
        "z": -0.36300620436668396
    },
    "landmark_2": {
        "x": 0.5843611359596252,
        "y": 0.34471577405929565,
        "z": -0.3630612790584564
    },
    "landmark_3": {
        "x": 0.5913904905319214,
        "y": 0.3448614776134491,
        "z": -0.36308351159095764
    },
    "landmark_4": {
        "x": 0.5511715412139893,
        "y": 0.3457149267196655,
        "z": -0.34616219997406006
    },
    "landmark_5": {
        "x": 0.5434656739234924,
        "y": 0.3464301824569702,
        "z": -0.3461727797985077
    },
    "landmark_6": {
        "x": 0.5364171862602234,
        "y": 0.34704792499542236,
        "z": -0.34621164202690125
    },
    "landmark_7": {
        "x": 0.6059585213661194,
        "y": 0.35132652521133423,
        "z": -0.18901623785495758
    },
    "landmark_8": {
        "x": 0.533393144607544,
        "y": 0.35426461696624756,
        "z": -0.10765945911407471
    },
    "landmark_9": {
        "x": 0.5791761875152588,
        "y": 0.36957764625549316,
        "z": -0.3325181007385254
    },
    "landmark_10": {
        "x": 0.5493466258049011,
        "y": 0.3701159358024597,
        "z": -0.3095095455646515
    },
    "landmark_11": {
        "x": 0.6766252517700195,
        "y": 0.4133020341396332,
        "z": -0.16040565073490143
    },
    "landmark_12": {
        "x": 0.49001023173332214,
        "y": 0.41895705461502075,
        "z": -0.013584867119789124
    },
    "landmark_13": {
        "x": 0.7627922892570496,
        "y": 0.46119174361228943,
        "z": -0.4713486433029175
    },
    "landmark_14": {
        "x": 0.38380876183509827,
        "y": 0.44873422384262085,
        "z": -0.31826919317245483
    },
    "landmark_15": {
        "x": 0.6117047071456909,
        "y": 0.45325177907943726,
        "z": -0.7357099056243896
    },
    "landmark_16": {
        "x": 0.41138437390327454,
        "y": 0.3708355128765106,
        "z": -0.703959584236145
    },
    "landmark_17": {
        "x": 0.5717716217041016,
        "y": 0.4543325901031494,
        "z": -0.8055919408798218
    },
    "landmark_18": {
        "x": 0.42051154375076294,
        "y": 0.34614187479019165,
        "z": -0.794510543346405
    },
    "landmark_19": {
        "x": 0.5619689226150513,
        "y": 0.449049174785614,
        "z": -0.7635191082954407
    },
    "landmark_20": {
        "x": 0.42666175961494446,
        "y": 0.34365570545196533,
        "z": -0.7576972842216492
    },
    "landmark_21": {
        "x": 0.5739593505859375,
        "y": 0.44896402955055237,
        "z": -0.7214250564575195
    },
    "landmark_22": {
        "x": 0.42856550216674805,
        "y": 0.3521723747253418,
        "z": -0.703099250793457
    },
    "landmark_23": {
        "x": 0.6248323321342468,
        "y": 0.5950588583946228,
        "z": -0.029557794332504272
    },
    "landmark_24": {
        "x": 0.5077716708183289,
        "y": 0.5888229012489319,
        "z": 0.02937331236898899
    },
    "landmark_25": {
        "x": 0.6227354407310486,
        "y": 0.7132897973060608,
        "z": -0.029591359198093414
    },
    "landmark_26": {
        "x": 0.4712192118167877,
        "y": 0.70335853099823,
        "z": -0.06769157946109772
    },
    "landmark_27": {
        "x": 0.604211688041687,
        "y": 0.8302386403083801,
        "z": 0.30596405267715454
    },
    "landmark_28": {
        "x": 0.4715660810470581,
        "y": 0.8222376108169556,
        "z": 0.23571886122226715
    },
    "landmark_29": {
        "x": 0.5819524526596069,
        "y": 0.8414720296859741,
        "z": 0.32432904839515686
    },
    "landmark_30": {
        "x": 0.4978906810283661,
        "y": 0.8377170562744141,
        "z": 0.25263839960098267
    },
    "landmark_31": {
        "x": 0.6235461831092834,
        "y": 0.8741065859794617,
        "z": 0.0729091465473175
    },
    "landmark_32": {
        "x": 0.4308212995529175,
        "y": 0.8622928857803345,
        "z": 0.01223041582852602
    }
}