{
    "landmark_0": {
        "x": 0.6098941564559937,
        "y": 0.4085018038749695,
        "z": -0.3770201504230499
    },
    "landmark_1": {
        "x": 0.6233884692192078,
        "y": 0.39784589409828186,
        "z": -0.33372846245765686
    },
    "landmark_2": {
        "x": 0.631598711013794,
        "y": 0.39885666966438293,
        "z": -0.33370473980903625
    },
    "landmark_3": {
        "x": 0.6372279524803162,
        "y": 0.39982476830482483,
        "z": -0.33366426825523376
    },
    "landmark_4": {
        "x": 0.601071834564209,
        "y": 0.39647096395492554,
        "z": -0.33751600980758667
    },
    "landmark_5": {
        "x": 0.593728244304657,
        "y": 0.3967552185058594,
        "z": -0.3375311493873596
    },
    "landmark_6": {
        "x": 0.5859813094139099,
        "y": 0.3968917429447174,
        "z": -0.33756786584854126
    },
    "landmark_7": {
        "x": 0.6454484462738037,
        "y": 0.4074239134788513,
        "z": -0.08893667161464691
    },
    "landmark_8": {
        "x": 0.5775915384292603,
        "y": 0.4046841561794281,
        "z": -0.11036171019077301
    },
    "landmark_9": {
        "x": 0.6218290328979492,
        "y": 0.423065721988678,
        "z": -0.2857372760772705
    },
    "landmark_10": {
        "x": 0.5957779884338379,
        "y": 0.42199262976646423,
        "z": -0.29207515716552734
    },
    "landmark_11": {
        "x": 0.6872738003730774,
        "y": 0.4768299162387848,
        "z": 0.05861037224531174
    },
    "landmark_12": {
        "x": 0.5142371654510498,
        "y": 0.4678354859352112,
        "z": -0.03943277522921562
    },
    "landmark_13": {
        "x": 0.7306851744651794,
        "y": 0.5335114598274231,
        "z": -0.1647801548242569
    },
    "landmark_14": {
        "x": 0.44822871685028076,
        "y": 0.5333811044692993,
        "z": -0.2419501692056656
    },
    "landmark_15": {
        "x": 0.7432907223701477,
        "y": 0.45802420377731323,
        "z": -0.5024356842041016
    },
    "landmark_16": {
        "x": 0.5877850651741028,
        "y": 0.5412962436676025,
        "z": -0.5004538297653198
    },
    "landmark_17": {
        "x": 0.7469484210014343,
        "y": 0.4372001588344574,
        "z": -0.5802374482154846
    },
    "landmark_18": {
        "x": 0.6253684163093567,
        "y": 0.5500204563140869,
        "z": -0.5688013434410095
    },
    "landmark_19": {
        "x": 0.7447214126586914,
        "y": 0.43145471811294556,
        "z": -0.5679427981376648
    },
    "landmark_20": {
        "x": 0.638420045375824,
        "y": 0.5431126952171326,
        "z": -0.5515570044517517
    },
    "landmark_21": {
        "x": 0.7394091486930847,
        "y": 0.4381006360054016,
        "z": -0.5082482099533081
    },
    "landmark_22": {
        "x": 0.6275086998939514,
        "y": 0.540076732635498,
        "z": -0.49531060457229614
    },
    "landmark_23": {
        "x": 0.6284805536270142,
        "y": 0.6397536396980286,
        "z": 0.01853395439684391
    },
    "landmark_24": {
        "x": 0.5174834728240967,
        "y": 0.6351533532142639,
        "z": -0.01814975030720234
    },
    "landmark_25": {
        "x": 0.6248714327812195,
        "y": 0.744782030582428,
        "z": 0.1161799356341362
    },
    "landmark_26": {
        "x": 0.4503023028373718,
        "y": 0.7408339381217957,
        "z": -0.2531748414039612
    },
    "landmark_27": {
        "x": 0.5857923030853271,
        "y": 0.8428300619125366,
        "z": 0.44929391145706177
    },
    "landmark_28": {
        "x": 0.37958911061286926,
        "y": 0.8569547533988953,
        "z": -0.12103816121816635
    },
    "landmark_29": {
        "x": 0.5583875775337219,
        "y": 0.8596609234809875,
        "z": 0.46684667468070984
    },
    "landmark_30": {
        "x": 0.3817475736141205,
        "y": 0.8879566192626953,
        "z": -0.123766228556633
    },
    "landmark_31": {
        "x": 0.6317609548568726,
        "y": 0.8787638545036316,
        "z": 0.2557834982872009
    },
    "landmark_32": {
        "x": 0.2778417468070984,
        "y": 0.8508156538009644,
        "z": -0.39260220527648926
    }
}