{
    "landmark_0": {
        "x": 0.6048736572265625,
        "y": 0.40110310912132263,
        "z": -0.4399944245815277
    },
    "landmark_1": {
        "x": 0.6187834739685059,
        "y": 0.3935208022594452,
        "z": -0.39867669343948364
    },
    "landmark_2": {
        "x": 0.6270902752876282,
        "y": 0.39452269673347473,
        "z": -0.3986746072769165
    },
    "landmark_3": {
        "x": 0.6345953941345215,
        "y": 0.39558205008506775,
        "z": -0.39866700768470764
    },
    "landmark_4": {
        "x": 0.5959482789039612,
        "y": 0.39209139347076416,
        "z": -0.39816245436668396
    },
    "landmark_5": {
        "x": 0.5886592864990234,
        "y": 0.3919830620288849,
        "z": -0.39816412329673767
    },
    "landmark_6": {
        "x": 0.5815221667289734,
        "y": 0.39201825857162476,
        "z": -0.3982394337654114
    },
    "landmark_7": {
        "x": 0.6449760794639587,
        "y": 0.403251588344574,
        "z": -0.16495464742183685
    },
    "landmark_8": {
        "x": 0.5762626528739929,
        "y": 0.3985934257507324,
        "z": -0.1684855967760086
    },
    "landmark_9": {
        "x": 0.6189855933189392,
        "y": 0.41632556915283203,
        "z": -0.3539668619632721
    },
    "landmark_10": {
        "x": 0.5894917845726013,
        "y": 0.4143562316894531,
        "z": -0.3554026782512665
    },
    "landmark_11": {
        "x": 0.6896920204162598,
        "y": 0.4751967787742615,
        "z": -0.04998445510864258
    },
    "landmark_12": {
        "x": 0.5071445107460022,
        "y": 0.4628845751285553,
        "z": -0.08592361956834793
    },
    "landmark_13": {
        "x": 0.7451635599136353,
        "y": 0.5256097316741943,
        "z": -0.33109503984451294
    },
    "landmark_14": {
        "x": 0.41521552205085754,
        "y": 0.5160402059555054,
        "z": -0.374444842338562
    },
    "landmark_15": {
        "x": 0.7212359309196472,
        "y": 0.4432624876499176,
        "z": -0.6663423180580139
    },
    "landmark_16": {
        "x": 0.5358707904815674,
        "y": 0.5000146627426147,
        "z": -0.7203773260116577
    },
    "landmark_17": {
        "x": 0.710091233253479,
        "y": 0.4216575622558594,
        "z": -0.7416387796401978
    },
    "landmark_18": {
        "x": 0.573218584060669,
        "y": 0.5049580335617065,
        "z": -0.7955557703971863
    },
    "landmark_19": {
        "x": 0.7082417011260986,
        "y": 0.41783085465431213,
        "z": -0.7108122110366821
    },
    "landmark_20": {
        "x": 0.5895907878875732,
        "y": 0.5023614168167114,
        "z": -0.7660297155380249
    },
    "landmark_21": {
        "x": 0.7063857316970825,
        "y": 0.42584162950515747,
        "z": -0.6623740196228027
    },
    "landmark_22": {
        "x": 0.579335629940033,
        "y": 0.5001945495605469,
        "z": -0.7141638994216919
    },
    "landmark_23": {
        "x": 0.6291472911834717,
        "y": 0.6401610970497131,
        "z": -0.001041928306221962
    },
    "landmark_24": {
        "x": 0.5142208337783813,
        "y": 0.630370557308197,
        "z": 0.0012768956366926432
    },
    "landmark_25": {
        "x": 0.6423225402832031,
        "y": 0.7463475465774536,
        "z": 0.1427140235900879
    },
    "landmark_26": {
        "x": 0.44093891978263855,
        "y": 0.7388069033622742,
        "z": -0.07833313196897507
    },
    "landmark_27": {
        "x": 0.5890352725982666,
        "y": 0.8377864956855774,
        "z": 0.4836156666278839
    },
    "landmark_28": {
        "x": 0.3698105812072754,
        "y": 0.8464456796646118,
        "z": 0.11231497675180435
    },
    "landmark_29": {
        "x": 0.5627496838569641,
        "y": 0.8517022132873535,
        "z": 0.5026081204414368
    },
    "landmark_30": {
        "x": 0.3757205903530121,
        "y": 0.8749921917915344,
        "z": 0.11579663306474686
    },
    "landmark_31": {
        "x": 0.6300678849220276,
        "y": 0.8777238130569458,
        "z": 0.29846179485321045
    },
    "landmark_32": {
        "x": 0.27205708622932434,
        "y": 0.8564285039901733,
        "z": -0.12562093138694763
    }
}