{
    "landmark_0": {
        "x": 0.5872348546981812,
        "y": 0.37473589181900024,
        "z": -0.3109573721885681
    },
    "landmark_1": {
        "x": 0.5979551672935486,
        "y": 0.3660735487937927,
        "z": -0.26826512813568115
    },
    "landmark_2": {
        "x": 0.6058451533317566,
        "y": 0.3665917217731476,
        "z": -0.2682197391986847
    },
    "landmark_3": {
        "x": 0.6110926270484924,
        "y": 0.36701691150665283,
        "z": -0.26832130551338196
    },
    "landmark_4": {
        "x": 0.5754801034927368,
        "y": 0.36589735746383667,
        "z": -0.2717192471027374
    },
    "landmark_5": {
        "x": 0.5681722164154053,
        "y": 0.3662441670894623,
        "z": -0.2715621590614319
    },
    "landmark_6": {
        "x": 0.5612893104553223,
        "y": 0.3668612539768219,
        "z": -0.27150022983551025
    },
    "landmark_7": {
        "x": 0.6209129691123962,
        "y": 0.3731268346309662,
        "z": -0.05962345749139786
    },
    "landmark_8": {
        "x": 0.5515088438987732,
        "y": 0.3737885653972626,
        "z": -0.07552466541528702
    },
    "landmark_9": {
        "x": 0.6018012166023254,
        "y": 0.3892066478729248,
        "z": -0.23644928634166718
    },
    "landmark_10": {
        "x": 0.5744500160217285,
        "y": 0.3897276818752289,
        "z": -0.2417057603597641
    },
    "landmark_11": {
        "x": 0.6640496850013733,
        "y": 0.4444836676120758,
        "z": 0.009554143063724041
    },
    "landmark_12": {
        "x": 0.49222874641418457,
        "y": 0.4366752505302429,
        "z": -0.07562848180532455
    },
    "landmark_13": {
        "x": 0.7521505355834961,
        "y": 0.4943317472934723,
        "z": -0.2793108820915222
    },
    "landmark_14": {
        "x": 0.4089254140853882,
        "y": 0.46274906396865845,
        "z": -0.4148995280265808
    },
    "landmark_15": {
        "x": 0.6861823797225952,
        "y": 0.4256853461265564,
        "z": -0.5271617770195007
    },
    "landmark_16": {
        "x": 0.5464267134666443,
        "y": 0.4331546723842621,
        "z": -0.6162919402122498
    },
    "landmark_17": {
        "x": 0.6708667278289795,
        "y": 0.40796393156051636,
        "z": -0.5845507383346558
    },
    "landmark_18": {
        "x": 0.5857159495353699,
        "y": 0.4290516972541809,
        "z": -0.6749182939529419
    },
    "landmark_19": {
        "x": 0.6645398736000061,
        "y": 0.40663304924964905,
        "z": -0.5364784598350525
    },
    "landmark_20": {
        "x": 0.595791220664978,
        "y": 0.42681020498275757,
        "z": -0.623319149017334
    },
    "landmark_21": {
        "x": 0.6638362407684326,
        "y": 0.4138880670070648,
        "z": -0.5139262676239014
    },
    "landmark_22": {
        "x": 0.5876296758651733,
        "y": 0.430031955242157,
        "z": -0.6021891236305237
    },
    "landmark_23": {
        "x": 0.6243941187858582,
        "y": 0.6152061820030212,
        "z": 0.017275556921958923
    },
    "landmark_24": {
        "x": 0.512606680393219,
        "y": 0.613800585269928,
        "z": -0.017152275890111923
    },
    "landmark_25": {
        "x": 0.6671491265296936,
        "y": 0.7345734238624573,
        "z": -0.05153848975896835
    },
    "landmark_26": {
        "x": 0.5021721720695496,
        "y": 0.7251571416854858,
        "z": 0.17616206407546997
    },
    "landmark_27": {
        "x": 0.6834630966186523,
        "y": 0.8494199514389038,
        "z": 0.05605069920420647
    },
    "landmark_28": {
        "x": 0.5251646637916565,
        "y": 0.8189616203308105,
        "z": 0.5266854166984558
    },
    "landmark_29": {
        "x": 0.6591560244560242,
        "y": 0.868548572063446,
        "z": 0.052395883947610855
    },
    "landmark_30": {
        "x": 0.5502023696899414,
        "y": 0.8319168090820312,
        "z": 0.5500985383987427
    },
    "landmark_31": {
        "x": 0.7494701743125916,
        "y": 0.8860079050064087,
        "z": -0.18755683302879333
    },
    "landmark_32": {
        "x": 0.48435521125793457,
        "y": 0.8652068972587585,
        "z": 0.3712436556816101
    }
}