{
    "landmark_0": {
        "x": 0.4545383155345917,
        "y": 0.41395193338394165,
        "z": -0.46393144130706787
    },
    "landmark_1": {
        "x": 0.46633386611938477,
        "y": 0.4039761424064636,
        "z": -0.4258687198162079
    },
    "landmark_2": {
        "x": 0.4738454222679138,
        "y": 0.4041725695133209,
        "z": -0.425984263420105
    },
    "landmark_3": {
        "x": 0.47934308648109436,
        "y": 0.40450519323349,
        "z": -0.42601683735847473
    },
    "landmark_4": {
        "x": 0.44466009736061096,
        "y": 0.404132604598999,
        "z": -0.42977282404899597
    },
    "landmark_5": {
        "x": 0.4382157325744629,
        "y": 0.4043733477592468,
        "z": -0.42973998188972473
    },
    "landmark_6": {
        "x": 0.4316428005695343,
        "y": 0.4048216938972473,
        "z": -0.4297788441181183
    },
    "landmark_7": {
        "x": 0.4908526539802551,
        "y": 0.41009244322776794,
        "z": -0.20731531083583832
    },
    "landmark_8": {
        "x": 0.426790714263916,
        "y": 0.4111122190952301,
        "z": -0.22388647496700287
    },
    "landmark_9": {
        "x": 0.4701940417289734,
        "y": 0.4269086420536041,
        "z": -0.38109952211380005
    },
    "landmark_10": {
        "x": 0.44406837224960327,
        "y": 0.4271841049194336,
        "z": -0.3860551714897156
    },
    "landmark_11": {
        "x": 0.5394827127456665,
        "y": 0.46954482793807983,
        "z": -0.1437172144651413
    },
    "landmark_12": {
        "x": 0.37434980273246765,
        "y": 0.4825899004936218,
        "z": -0.19145748019218445
    },
    "landmark_13": {
        "x": 0.575384259223938,
        "y": 0.4486122131347656,
        "z": -0.5575831532478333
    },
    "landmark_14": {
        "x": 0.34370288252830505,
        "y": 0.5524241328239441,
        "z": -0.5805482864379883
    },
    "landmark_15": {
        "x": 0.5312228798866272,
        "y": 0.38419416546821594,
        "z": -0.9703074097633362
    },
    "landmark_16": {
        "x": 0.4477449655532837,
        "y": 0.5180791020393372,
        "z": -0.9567611813545227
    },
    "landmark_17": {
        "x": 0.5244941115379333,
        "y": 0.3654336631298065,
        "z": -1.06661057472229
    },
    "landmark_18": {
        "x": 0.48824673891067505,
        "y": 0.5139898657798767,
        "z": -1.0414401292800903
    },
    "landmark_19": {
        "x": 0.5200056433677673,
        "y": 0.367417573928833,
        "z": -1.0398685932159424
    },
    "landmark_20": {
        "x": 0.49538880586624146,
        "y": 0.5045742392539978,
        "z": -1.0019776821136475
    },
    "landmark_21": {
        "x": 0.5186321139335632,
        "y": 0.3754311203956604,
        "z": -0.9751096367835999
    },
    "landmark_22": {
        "x": 0.48375341296195984,
        "y": 0.5046810507774353,
        "z": -0.9471782445907593
    },
    "landmark_23": {
        "x": 0.5117610096931458,
        "y": 0.6340442299842834,
        "z": -0.01444766391068697
    },
    "landmark_24": {
        "x": 0.4043067395687103,
        "y": 0.6374648809432983,
        "z": 0.014299877919256687
    },
    "landmark_25": {
        "x": 0.5683119893074036,
        "y": 0.7501819729804993,
        "z": -0.14011700451374054
    },
    "landmark_26": {
        "x": 0.40323108434677124,
        "y": 0.7479580044746399,
        "z": 0.21718932688236237
    },
    "landmark_27": {
        "x": 0.6293143630027771,
        "y": 0.8618663549423218,
        "z": -0.04437944293022156
    },
    "landmark_28": {
        "x": 0.4535346031188965,
        "y": 0.8338149785995483,
        "z": 0.6285238265991211
    },
    "landmark_29": {
        "x": 0.6295849084854126,
        "y": 0.8964508771896362,
        "z": -0.051577165722846985
    },
    "landmark_30": {
        "x": 0.47912657260894775,
        "y": 0.8479056358337402,
        "z": 0.6582884788513184
    },
    "landmark_31": {
        "x": 0.7053480744361877,
        "y": 0.8626806139945984,
        "z": -0.28704825043678284
    },
    "landmark_32": {
        "x": 0.4226516783237457,
        "y": 0.8648995161056519,
        "z": 0.4738273620605469
    }
}