{
    "landmark_0": {
        "x": 0.41237467527389526,
        "y": 0.36096370220184326,
        "z": -0.39498257637023926
    },
    "landmark_1": {
        "x": 0.436360239982605,
        "y": 0.3445739150047302,
        "z": -0.389125794172287
    },
    "landmark_2": {
        "x": 0.4487129747867584,
        "y": 0.3445524573326111,
        "z": -0.3891580402851105
    },
    "landmark_3": {
        "x": 0.46131476759910583,
        "y": 0.34485357999801636,
        "z": -0.3892386853694916
    },
    "landmark_4": {
        "x": 0.41364577412605286,
        "y": 0.3442857265472412,
        "z": -0.36334651708602905
    },
    "landmark_5": {
        "x": 0.4081616997718811,
        "y": 0.34400349855422974,
        "z": -0.3632642924785614
    },
    "landmark_6": {
        "x": 0.40368935465812683,
        "y": 0.343779593706131,
        "z": -0.3634384572505951
    },
    "landmark_7": {
        "x": 0.49445289373397827,
        "y": 0.35418322682380676,
        "z": -0.27722829580307007
    },
    "landmark_8": {
        "x": 0.4224649965763092,
        "y": 0.3498300611972809,
        "z": -0.16431745886802673
    },
    "landmark_9": {
        "x": 0.4370839297771454,
        "y": 0.37933361530303955,
        "z": -0.3484324514865875
    },
    "landmark_10": {
        "x": 0.40829867124557495,
        "y": 0.37753912806510925,
        "z": -0.31520628929138184
    },
    "landmark_11": {
        "x": 0.598608136177063,
        "y": 0.45446544885635376,
        "z": -0.17457422614097595
    },
    "landmark_12": {
        "x": 0.3368002474308014,
        "y": 0.4419780671596527,
        "z": -0.08895628899335861
    },
    "landmark_13": {
        "x": 0.6737689971923828,
        "y": 0.5595359802246094,
        "z": -0.05232517048716545
    },
    "landmark_14": {
        "x": 0.28075072169303894,
        "y": 0.547591507434845,
        "z": 0.013804732821881771
    },
    "landmark_15": {
        "x": 0.7004200220108032,
        "y": 0.6619815230369568,
        "z": -0.1538957804441452
    },
    "landmark_16": {
        "x": 0.31081247329711914,
        "y": 0.6483087539672852,
        "z": -0.09948602318763733
    },
    "landmark_17": {
        "x": 0.7131537795066833,
        "y": 0.6959195733070374,
        "z": -0.19645966589450836
    },
    "landmark_18": {
        "x": 0.3185199797153473,
        "y": 0.6847341656684875,
        "z": -0.13953715562820435
    },
    "landmark_19": {
        "x": 0.6992217302322388,
        "y": 0.6944704055786133,
        "z": -0.2526330053806305
    },
    "landmark_20": {
        "x": 0.33997535705566406,
        "y": 0.6788424849510193,
        "z": -0.19595305621623993
    },
    "landmark_21": {
        "x": 0.6906461715698242,
        "y": 0.6868999004364014,
        "z": -0.17420527338981628
    },
    "landmark_22": {
        "x": 0.344531387090683,
        "y": 0.6668581962585449,
        "z": -0.12410800904035568
    },
    "landmark_23": {
        "x": 0.5253977179527283,
        "y": 0.6776843667030334,
        "z": -0.010038929991424084
    },
    "landmark_24": {
        "x": 0.39061301946640015,
        "y": 0.6730670928955078,
        "z": 0.00996672734618187
    },
    "landmark_25": {
        "x": 0.4956165850162506,
        "y": 0.8391097784042358,
        "z": -0.0776360034942627
    },
    "landmark_26": {
        "x": 0.43498337268829346,
        "y": 0.8265339136123657,
        "z": 0.02312430366873741
    },
    "landmark_27": {
        "x": 0.48627740144729614,
        "y": 0.979577362537384,
        "z": 0.26556047797203064
    },
    "landmark_28": {
        "x": 0.4414260983467102,
        "y": 0.95026034116745,
        "z": 0.41072797775268555
    },
    "landmark_29": {
        "x": 0.48159751296043396,
        "y": 0.99298095703125,
        "z": 0.28797248005867004
    },
    "landmark_30": {
        "x": 0.47403112053871155,
        "y": 0.947488009929657,
        "z": 0.44418764114379883
    },
    "landmark_31": {
        "x": 0.4705636203289032,
        "y": 1.043600082397461,
        "z": 0.06442613899707794
    },
    "landmark_32": {
        "x": 0.45385631918907166,
        "y": 0.9820986986160278,
        "z": 0.23636563122272491
    }
}