{
    "landmark_0": {
        "x": 0.5188090205192566,
        "y": 0.36411672830581665,
        "z": -0.30139660835266113
    },
    "landmark_1": {
        "x": 0.5325316190719604,
        "y": 0.35378503799438477,
        "z": -0.26672104001045227
    },
    "landmark_2": {
        "x": 0.5405287146568298,
        "y": 0.3547495901584625,
        "z": -0.26670578122138977
    },
    "landmark_3": {
        "x": 0.5450567603111267,
        "y": 0.35575276613235474,
        "z": -0.2667258679866791
    },
    "landmark_4": {
        "x": 0.5094629526138306,
        "y": 0.3525669574737549,
        "z": -0.2685549855232239
    },
    "landmark_5": {
        "x": 0.502538800239563,
        "y": 0.3526178300380707,
        "z": -0.2684767544269562
    },
    "landmark_6": {
        "x": 0.49454185366630554,
        "y": 0.3530495762825012,
        "z": -0.26851487159729004
    },
    "landmark_7": {
        "x": 0.5550664067268372,
        "y": 0.36363494396209717,
        "z": -0.05168621987104416
    },
    "landmark_8": {
        "x": 0.4870104491710663,
        "y": 0.35946768522262573,
        "z": -0.06276259571313858
    },
    "landmark_9": {
        "x": 0.5318655371665955,
        "y": 0.379204660654068,
        "z": -0.21848106384277344
    },
    "landmark_10": {
        "x": 0.503523588180542,
        "y": 0.37802642583847046,
        "z": -0.22231021523475647
    },
    "landmark_11": {
        "x": 0.598106861114502,
        "y": 0.4292907118797302,
        "z": 0.06003175675868988
    },
    "landmark_12": {
        "x": 0.42470699548721313,
        "y": 0.4190889000892639,
        "z": -0.012173550203442574
    },
    "landmark_13": {
        "x": 0.657974123954773,
        "y": 0.4735110402107239,
        "z": -0.20963667333126068
    },
    "landmark_14": {
        "x": 0.3564086854457855,
        "y": 0.4709821343421936,
        "z": -0.28960490226745605
    },
    "landmark_15": {
        "x": 0.6638389825820923,
        "y": 0.40642136335372925,
        "z": -0.5643519759178162
    },
    "landmark_16": {
        "x": 0.480829656124115,
        "y": 0.4781457781791687,
        "z": -0.6138896346092224
    },
    "landmark_17": {
        "x": 0.6623482704162598,
        "y": 0.38649359345436096,
        "z": -0.6411424875259399
    },
    "landmark_18": {
        "x": 0.522734522819519,
        "y": 0.4874415397644043,
        "z": -0.6862921714782715
    },
    "landmark_19": {
        "x": 0.658910870552063,
        "y": 0.3812912106513977,
        "z": -0.6240725517272949
    },
    "landmark_20": {
        "x": 0.5340979099273682,
        "y": 0.4834667146205902,
        "z": -0.6643849015235901
    },
    "landmark_21": {
        "x": 0.6553050875663757,
        "y": 0.3881215751171112,
        "z": -0.5684670209884644
    },
    "landmark_22": {
        "x": 0.5240874886512756,
        "y": 0.48034200072288513,
        "z": -0.6101312637329102
    },
    "landmark_23": {
        "x": 0.5461527109146118,
        "y": 0.5915849208831787,
        "z": -0.005994375329464674
    },
    "landmark_24": {
        "x": 0.4315333366394043,
        "y": 0.5870279669761658,
        "z": 0.006101603619754314
    },
    "landmark_25": {
        "x": 0.5425254702568054,
        "y": 0.7106466889381409,
        "z": -0.017452837899327278
    },
    "landmark_26": {
        "x": 0.3990456163883209,
        "y": 0.7065672278404236,
        "z": -0.008903658017516136
    },
    "landmark_27": {
        "x": 0.5028286576271057,
        "y": 0.8249819874763489,
        "z": 0.20251229405403137
    },
    "landmark_28": {
        "x": 0.3761703372001648,
        "y": 0.8174160122871399,
        "z": 0.2030101716518402
    },
    "landmark_29": {
        "x": 0.4822694659233093,
        "y": 0.8377798795700073,
        "z": 0.20871487259864807
    },
    "landmark_30": {
        "x": 0.3956650495529175,
        "y": 0.8376623392105103,
        "z": 0.2102787047624588
    },
    "landmark_31": {
        "x": 0.5088227987289429,
        "y": 0.868634819984436,
        "z": -0.022378908470273018
    },
    "landmark_32": {
        "x": 0.3132879137992859,
        "y": 0.8477176427841187,
        "z": -0.013091012835502625
    }
}