{
    "landmark_0": {
        "x": 0.5253644585609436,
        "y": 0.35953643918037415,
        "z": -0.39335986971855164
    },
    "landmark_1": {
        "x": 0.5386390089988708,
        "y": 0.3488783538341522,
        "z": -0.3454374372959137
    },
    "landmark_2": {
        "x": 0.546362042427063,
        "y": 0.3488990068435669,
        "z": -0.3455512821674347
    },
    "landmark_3": {
        "x": 0.5541890263557434,
        "y": 0.34918177127838135,
        "z": -0.3456136882305145
    },
    "landmark_4": {
        "x": 0.5170802474021912,
        "y": 0.3497461676597595,
        "z": -0.33502402901649475
    },
    "landmark_5": {
        "x": 0.5107864737510681,
        "y": 0.35026079416275024,
        "z": -0.33509090542793274
    },
    "landmark_6": {
        "x": 0.5044189691543579,
        "y": 0.351040244102478,
        "z": -0.33508965373039246
    },
    "landmark_7": {
        "x": 0.5711693167686462,
        "y": 0.35600030422210693,
        "z": -0.13560248911380768
    },
    "landmark_8": {
        "x": 0.5035324096679688,
        "y": 0.3573552966117859,
        "z": -0.08595294505357742
    },
    "landmark_9": {
        "x": 0.5432713627815247,
        "y": 0.37101924419403076,
        "z": -0.3228784501552582
    },
    "landmark_10": {
        "x": 0.5153740048408508,
        "y": 0.3717571794986725,
        "z": -0.3083432614803314
    },
    "landmark_11": {
        "x": 0.6402322053909302,
        "y": 0.41240018606185913,
        "z": -0.14293749630451202
    },
    "landmark_12": {
        "x": 0.45993772149086,
        "y": 0.41965657472610474,
        "z": -0.026237361133098602
    },
    "landmark_13": {
        "x": 0.7166861891746521,
        "y": 0.4357638955116272,
        "z": -0.4808977246284485
    },
    "landmark_14": {
        "x": 0.3630428612232208,
        "y": 0.4213874340057373,
        "z": -0.3621335029602051
    },
    "landmark_15": {
        "x": 0.5765092372894287,
        "y": 0.45994871854782104,
        "z": -0.7300246953964233
    },
    "landmark_16": {
        "x": 0.35999324917793274,
        "y": 0.3388141393661499,
        "z": -0.6922673583030701
    },
    "landmark_17": {
        "x": 0.5448268055915833,
        "y": 0.47712451219558716,
        "z": -0.8098799586296082
    },
    "landmark_18": {
        "x": 0.3532460033893585,
        "y": 0.31696924567222595,
        "z": -0.7905175685882568
    },
    "landmark_19": {
        "x": 0.5239446759223938,
        "y": 0.476004421710968,
        "z": -0.7781062722206116
    },
    "landmark_20": {
        "x": 0.3591373562812805,
        "y": 0.31285974383354187,
        "z": -0.7517918944358826
    },
    "landmark_21": {
        "x": 0.5308382511138916,
        "y": 0.47150692343711853,
        "z": -0.7214339971542358
    },
    "landmark_22": {
        "x": 0.3660792112350464,
        "y": 0.3212464153766632,
        "z": -0.6940637826919556
    },
    "landmark_23": {
        "x": 0.6144167184829712,
        "y": 0.5871363878250122,
        "z": 0.005442672409117222
    },
    "landmark_24": {
        "x": 0.5000790953636169,
        "y": 0.5862866044044495,
        "z": -0.0055426862090826035
    },
    "landmark_25": {
        "x": 0.6358906030654907,
        "y": 0.7000213861465454,
        "z": -0.19413521885871887
    },
    "landmark_26": {
        "x": 0.46291348338127136,
        "y": 0.695526659488678,
        "z": -0.4556557834148407
    },
    "landmark_27": {
        "x": 0.6113930344581604,
        "y": 0.8238903880119324,
        "z": 0.11506868153810501
    },
    "landmark_28": {
        "x": 0.5102661848068237,
        "y": 0.8146086931228638,
        "z": -0.14556828141212463
    },
    "landmark_29": {
        "x": 0.5898571610450745,
        "y": 0.8405998349189758,
        "z": 0.13210543990135193
    },
    "landmark_30": {
        "x": 0.5324963331222534,
        "y": 0.8273590207099915,
        "z": -0.12608589231967926
    },
    "landmark_31": {
        "x": 0.6927959322929382,
        "y": 0.858818531036377,
        "z": -0.09554719179868698
    },
    "landmark_32": {
        "x": 0.4862893521785736,
        "y": 0.862317681312561,
        "z": -0.3594236671924591
    }
}