{
    "landmark_0": {
        "x": 0.5091884732246399,
        "y": 0.40338724851608276,
        "z": -0.31303608417510986
    },
    "landmark_1": {
        "x": 0.5221418738365173,
        "y": 0.39471152424812317,
        "z": -0.2773650884628296
    },
    "landmark_2": {
        "x": 0.5288234949111938,
        "y": 0.3950198292732239,
        "z": -0.2775236666202545
    },
    "landmark_3": {
        "x": 0.5348489284515381,
        "y": 0.39526379108428955,
        "z": -0.2775588631629944
    },
    "landmark_4": {
        "x": 0.49885839223861694,
        "y": 0.3946738839149475,
        "z": -0.2707572877407074
    },
    "landmark_5": {
        "x": 0.49081191420555115,
        "y": 0.3952079713344574,
        "z": -0.2707499861717224
    },
    "landmark_6": {
        "x": 0.48266664147377014,
        "y": 0.3957040011882782,
        "z": -0.2707379162311554
    },
    "landmark_7": {
        "x": 0.5456011891365051,
        "y": 0.4006837010383606,
        "z": -0.08019410818815231
    },
    "landmark_8": {
        "x": 0.47510549426078796,
        "y": 0.4015464186668396,
        "z": -0.05029917135834694
    },
    "landmark_9": {
        "x": 0.5241415500640869,
        "y": 0.41614633798599243,
        "z": -0.24006345868110657
    },
    "landmark_10": {
        "x": 0.4965447187423706,
        "y": 0.4160742163658142,
        "z": -0.2318909913301468
    },
    "landmark_11": {
        "x": 0.604993462562561,
        "y": 0.45345932245254517,
        "z": -0.07688064873218536
    },
    "landmark_12": {
        "x": 0.43925437331199646,
        "y": 0.4672268331050873,
        "z": 0.04682542383670807
    },
    "landmark_13": {
        "x": 0.6635780930519104,
        "y": 0.5127361416816711,
        "z": -0.31088221073150635
    },
    "landmark_14": {
        "x": 0.39377453923225403,
        "y": 0.5068864226341248,
        "z": -0.24907638132572174
    },
    "landmark_15": {
        "x": 0.5188613533973694,
        "y": 0.5220748782157898,
        "z": -0.5438643097877502
    },
    "landmark_16": {
        "x": 0.40080609917640686,
        "y": 0.4257935583591461,
        "z": -0.6363555192947388
    },
    "landmark_17": {
        "x": 0.47885945439338684,
        "y": 0.5337371826171875,
        "z": -0.6135271787643433
    },
    "landmark_18": {
        "x": 0.39020782709121704,
        "y": 0.40474677085876465,
        "z": -0.7187923192977905
    },
    "landmark_19": {
        "x": 0.4675465524196625,
        "y": 0.527694582939148,
        "z": -0.5945596098899841
    },
    "landmark_20": {
        "x": 0.39438802003860474,
        "y": 0.4013604521751404,
        "z": -0.7042662501335144
    },
    "landmark_21": {
        "x": 0.4729826748371124,
        "y": 0.5248348712921143,
        "z": -0.5364223718643188
    },
    "landmark_22": {
        "x": 0.4025742709636688,
        "y": 0.40820613503456116,
        "z": -0.6426901817321777
    },
    "landmark_23": {
        "x": 0.5921149849891663,
        "y": 0.6268438696861267,
        "z": -0.03683609142899513
    },
    "landmark_24": {
        "x": 0.4784013032913208,
        "y": 0.6298343539237976,
        "z": 0.036791276186704636
    },
    "landmark_25": {
        "x": 0.6391028165817261,
        "y": 0.745418906211853,
        "z": -0.13567833602428436
    },
    "landmark_26": {
        "x": 0.4734567403793335,
        "y": 0.7389179468154907,
        "z": 0.07897404581308365
    },
    "landmark_27": {
        "x": 0.6819661259651184,
        "y": 0.8652399182319641,
        "z": -0.031446054577827454
    },
    "landmark_28": {
        "x": 0.5276416540145874,
        "y": 0.831795334815979,
        "z": 0.4098912179470062
    },
    "landmark_29": {
        "x": 0.6724832057952881,
        "y": 0.8971318006515503,
        "z": -0.036085594445466995
    },
    "landmark_30": {
        "x": 0.5523747801780701,
        "y": 0.849554181098938,
        "z": 0.42961373925209045
    },
    "landmark_31": {
        "x": 0.7802237868309021,
        "y": 0.8681914210319519,
        "z": -0.2599911093711853
    },
    "landmark_32": {
        "x": 0.47762027382850647,
        "y": 0.8660588264465332,
        "z": 0.2556995749473572
    }
}