{
    "landmark_0": {
        "x": 0.617756724357605,
        "y": 0.42485588788986206,
        "z": -0.37876975536346436
    },
    "landmark_1": {
        "x": 0.6315573453903198,
        "y": 0.41665738821029663,
        "z": -0.3330552875995636
    },
    "landmark_2": {
        "x": 0.6393221616744995,
        "y": 0.41750580072402954,
        "z": -0.3330661952495575
    },
    "landmark_3": {
        "x": 0.6447193622589111,
        "y": 0.41818562150001526,
        "z": -0.3330654799938202
    },
    "landmark_4": {
        "x": 0.6089756488800049,
        "y": 0.4150133728981018,
        "z": -0.33744892477989197
    },
    "landmark_5": {
        "x": 0.6022192239761353,
        "y": 0.4147963523864746,
        "z": -0.337425172328949
    },
    "landmark_6": {
        "x": 0.5946304202079773,
        "y": 0.4147847294807434,
        "z": -0.3374325633049011
    },
    "landmark_7": {
        "x": 0.6538390517234802,
        "y": 0.4245312809944153,
        "z": -0.08944892138242722
    },
    "landmark_8": {
        "x": 0.5865843892097473,
        "y": 0.42169421911239624,
        "z": -0.11156246066093445
    },
    "landmark_9": {
        "x": 0.6299927234649658,
        "y": 0.4389013648033142,
        "z": -0.2888505458831787
    },
    "landmark_10": {
        "x": 0.6032440662384033,
        "y": 0.43744316697120667,
        "z": -0.29545843601226807
    },
    "landmark_11": {
        "x": 0.6886371374130249,
        "y": 0.49608713388442993,
        "z": 0.03560645505785942
    },
    "landmark_12": {
        "x": 0.51883864402771,
        "y": 0.4850768446922302,
        "z": -0.041545502841472626
    },
    "landmark_13": {
        "x": 0.7191728949546814,
        "y": 0.5532342195510864,
        "z": -0.21615490317344666
    },
    "landmark_14": {
        "x": 0.4568600654602051,
        "y": 0.5547288656234741,
        "z": -0.2519763112068176
    },
    "landmark_15": {
        "x": 0.734089732170105,
        "y": 0.4737161695957184,
        "z": -0.6067218780517578
    },
    "landmark_16": {
        "x": 0.588010847568512,
        "y": 0.5581490993499756,
        "z": -0.5272454023361206
    },
    "landmark_17": {
        "x": 0.7349836826324463,
        "y": 0.4540265202522278,
        "z": -0.6951441168785095
    },
    "landmark_18": {
        "x": 0.6249819397926331,
        "y": 0.5643415451049805,
        "z": -0.5973692536354065
    },
    "landmark_19": {
        "x": 0.733538031578064,
        "y": 0.4479270875453949,
        "z": -0.6759161353111267
    },
    "landmark_20": {
        "x": 0.638131856918335,
        "y": 0.5587601661682129,
        "z": -0.5759938359260559
    },
    "landmark_21": {
        "x": 0.7288458943367004,
        "y": 0.4553806185722351,
        "z": -0.6109122037887573
    },
    "landmark_22": {
        "x": 0.6268423199653625,
        "y": 0.5566546320915222,
        "z": -0.5204942226409912
    },
    "landmark_23": {
        "x": 0.6309694051742554,
        "y": 0.6555892825126648,
        "z": 0.008013595826923847
    },
    "landmark_24": {
        "x": 0.5238248109817505,
        "y": 0.6506245136260986,
        "z": -0.007770721800625324
    },
    "landmark_25": {
        "x": 0.6561653017997742,
        "y": 0.7563875317573547,
        "z": -0.17746670544147491
    },
    "landmark_26": {
        "x": 0.4395836293697357,
        "y": 0.7566280364990234,
        "z": -0.2556382417678833
    },
    "landmark_27": {
        "x": 0.5904868245124817,
        "y": 0.84228515625,
        "z": 0.17864030599594116
    },
    "landmark_28": {
        "x": 0.35059455037117004,
        "y": 0.8691538572311401,
        "z": -0.05478528514504433
    },
    "landmark_29": {
        "x": 0.5629712343215942,
        "y": 0.8533234596252441,
        "z": 0.20193390548229218
    },
    "landmark_30": {
        "x": 0.35105639696121216,
        "y": 0.8985999822616577,
        "z": -0.049300666898489
    },
    "landmark_31": {
        "x": 0.6291999816894531,
        "y": 0.8813779950141907,
        "z": -0.008098462596535683
    },
    "landmark_32": {
        "x": 0.24704888463020325,
        "y": 0.8615589141845703,
        "z": -0.3066312372684479
    }
}