{
    "landmark_0": {
        "x": 0.5951138138771057,
        "y": 0.36736756563186646,
        "z": -0.37187182903289795
    },
    "landmark_1": {
        "x": 0.6097429990768433,
        "y": 0.35624000430107117,
        "z": -0.33009129762649536
    },
    "landmark_2": {
        "x": 0.6184124946594238,
        "y": 0.3567086160182953,
        "z": -0.3301193416118622
    },
    "landmark_3": {
        "x": 0.6257150173187256,
        "y": 0.3571498692035675,
        "z": -0.330136775970459
    },
    "landmark_4": {
        "x": 0.5857167840003967,
        "y": 0.35635071992874146,
        "z": -0.32061880826950073
    },
    "landmark_5": {
        "x": 0.577739417552948,
        "y": 0.3568643629550934,
        "z": -0.32066866755485535
    },
    "landmark_6": {
        "x": 0.5703165531158447,
        "y": 0.3572389483451843,
        "z": -0.3207224905490875
    },
    "landmark_7": {
        "x": 0.6385200023651123,
        "y": 0.36444514989852905,
        "z": -0.13087345659732819
    },
    "landmark_8": {
        "x": 0.5645131468772888,
        "y": 0.3637177050113678,
        "z": -0.08400227874517441
    },
    "landmark_9": {
        "x": 0.611548900604248,
        "y": 0.3804016709327698,
        "z": -0.3014584481716156
    },
    "landmark_10": {
        "x": 0.5798884034156799,
        "y": 0.37978705763816833,
        "z": -0.2881634831428528
    },
    "landmark_11": {
        "x": 0.6958535313606262,
        "y": 0.4298810362815857,
        "z": -0.08851592242717743
    },
    "landmark_12": {
        "x": 0.512384831905365,
        "y": 0.4265819191932678,
        "z": -0.01176519226282835
    },
    "landmark_13": {
        "x": 0.7853724956512451,
        "y": 0.47907358407974243,
        "z": -0.3938743472099304
    },
    "landmark_14": {
        "x": 0.4070306122303009,
        "y": 0.4650293290615082,
        "z": -0.31926971673965454
    },
    "landmark_15": {
        "x": 0.655319333076477,
        "y": 0.456075519323349,
        "z": -0.6626818180084229
    },
    "landmark_16": {
        "x": 0.4520634114742279,
        "y": 0.3984450101852417,
        "z": -0.6919633746147156
    },
    "landmark_17": {
        "x": 0.6179159283638,
        "y": 0.4528917670249939,
        "z": -0.7220771908760071
    },
    "landmark_18": {
        "x": 0.46019822359085083,
        "y": 0.3761197030544281,
        "z": -0.7811777591705322
    },
    "landmark_19": {
        "x": 0.6033279895782471,
        "y": 0.44873443245887756,
        "z": -0.6735120415687561
    },
    "landmark_20": {
        "x": 0.4667077362537384,
        "y": 0.3732587397098541,
        "z": -0.7391313910484314
    },
    "landmark_21": {
        "x": 0.6146835088729858,
        "y": 0.44957369565963745,
        "z": -0.6460517048835754
    },
    "landmark_22": {
        "x": 0.4695606529712677,
        "y": 0.3807189464569092,
        "z": -0.6868928074836731
    },
    "landmark_23": {
        "x": 0.637245774269104,
        "y": 0.6042404770851135,
        "z": -0.009581065736711025
    },
    "landmark_24": {
        "x": 0.5153350830078125,
        "y": 0.5983043909072876,
        "z": 0.009344462305307388
    },
    "landmark_25": {
        "x": 0.652013897895813,
        "y": 0.7188873291015625,
        "z": -0.2931768596172333
    },
    "landmark_26": {
        "x": 0.46530675888061523,
        "y": 0.703934907913208,
        "z": -0.43288689851760864
    },
    "landmark_27": {
        "x": 0.647057831287384,
        "y": 0.8359866142272949,
        "z": 0.02251783199608326
    },
    "landmark_28": {
        "x": 0.4974323809146881,
        "y": 0.8219765424728394,
        "z": -0.10173415392637253
    },
    "landmark_29": {
        "x": 0.6205626726150513,
        "y": 0.8488296270370483,
        "z": 0.03942079842090607
    },
    "landmark_30": {
        "x": 0.527634859085083,
        "y": 0.8378438949584961,
        "z": -0.08151256293058395
    },
    "landmark_31": {
        "x": 0.6890549659729004,
        "y": 0.883480429649353,
        "z": -0.21637848019599915
    },
    "landmark_32": {
        "x": 0.45215052366256714,
        "y": 0.868709921836853,
        "z": -0.3255482614040375
    }
}