{
    "landmark_0": {
        "x": 0.5860602855682373,
        "y": 0.4027601182460785,
        "z": -0.48056840896606445
    },
    "landmark_1": {
        "x": 0.5996901988983154,
        "y": 0.39225831627845764,
        "z": -0.440321147441864
    },
    "landmark_2": {
        "x": 0.6073727011680603,
        "y": 0.39305782318115234,
        "z": -0.4403001666069031
    },
    "landmark_3": {
        "x": 0.6122470498085022,
        "y": 0.3938039243221283,
        "z": -0.4402993619441986
    },
    "landmark_4": {
        "x": 0.5768587589263916,
        "y": 0.3912816047668457,
        "z": -0.44020944833755493
    },
    "landmark_5": {
        "x": 0.5699344873428345,
        "y": 0.3913722634315491,
        "z": -0.4402138888835907
    },
    "landmark_6": {
        "x": 0.562199056148529,
        "y": 0.39183947443962097,
        "z": -0.44027939438819885
    },
    "landmark_7": {
        "x": 0.6206638813018799,
        "y": 0.4016936719417572,
        "z": -0.2052450031042099
    },
    "landmark_8": {
        "x": 0.5524685382843018,
        "y": 0.4003034234046936,
        "z": -0.20934522151947021
    },
    "landmark_9": {
        "x": 0.5995056629180908,
        "y": 0.4175485670566559,
        "z": -0.3929373323917389
    },
    "landmark_10": {
        "x": 0.5715824365615845,
        "y": 0.4162670969963074,
        "z": -0.3943641185760498
    },
    "landmark_11": {
        "x": 0.6702305674552917,
        "y": 0.4736482501029968,
        "z": -0.07915301620960236
    },
    "landmark_12": {
        "x": 0.4887457489967346,
        "y": 0.4605747163295746,
        "z": -0.12786366045475006
    },
    "landmark_13": {
        "x": 0.7428564429283142,
        "y": 0.519124448299408,
        "z": -0.3741755187511444
    },
    "landmark_14": {
        "x": 0.40575820207595825,
        "y": 0.5182057023048401,
        "z": -0.4223319888114929
    },
    "landmark_15": {
        "x": 0.7369157671928406,
        "y": 0.4390625059604645,
        "z": -0.7532691955566406
    },
    "landmark_16": {
        "x": 0.5286833643913269,
        "y": 0.5058110356330872,
        "z": -0.7813451886177063
    },
    "landmark_17": {
        "x": 0.7329210638999939,
        "y": 0.4180682301521301,
        "z": -0.8395220637321472
    },
    "landmark_18": {
        "x": 0.5676122903823853,
        "y": 0.5119062066078186,
        "z": -0.8579272031784058
    },
    "landmark_19": {
        "x": 0.726711630821228,
        "y": 0.4138948917388916,
        "z": -0.8100351691246033
    },
    "landmark_20": {
        "x": 0.5854558348655701,
        "y": 0.5080468654632568,
        "z": -0.8323284387588501
    },
    "landmark_21": {
        "x": 0.7233002781867981,
        "y": 0.42183274030685425,
        "z": -0.7524693012237549
    },
    "landmark_22": {
        "x": 0.576619565486908,
        "y": 0.5056294798851013,
        "z": -0.7766901850700378
    },
    "landmark_23": {
        "x": 0.6109365820884705,
        "y": 0.6357735395431519,
        "z": -0.008074518293142319
    },
    "landmark_24": {
        "x": 0.49703556299209595,
        "y": 0.6285515427589417,
        "z": 0.008281638845801353
    },
    "landmark_25": {
        "x": 0.6146414875984192,
        "y": 0.7367973923683167,
        "z": -0.03327329456806183
    },
    "landmark_26": {
        "x": 0.42240503430366516,
        "y": 0.7355397939682007,
        "z": -0.10240038484334946
    },
    "landmark_27": {
        "x": 0.5570208430290222,
        "y": 0.830640971660614,
        "z": 0.272050678730011
    },
    "landmark_28": {
        "x": 0.3710486888885498,
        "y": 0.8436652421951294,
        "z": 0.09149518609046936
    },
    "landmark_29": {
        "x": 0.5317966938018799,
        "y": 0.8470266461372375,
        "z": 0.28746655583381653
    },
    "landmark_30": {
        "x": 0.38471871614456177,
        "y": 0.8706613779067993,
        "z": 0.09522301703691483
    },
    "landmark_31": {
        "x": 0.5956897139549255,
        "y": 0.867400050163269,
        "z": 0.07088427245616913
    },
    "landmark_32": {
        "x": 0.26644352078437805,
        "y": 0.8516918420791626,
        "z": -0.14259392023086548
    }
}