{
    "landmark_0": {
        "x": 0.6556541323661804,
        "y": 0.4181930422782898,
        "z": -0.47659823298454285
    },
    "landmark_1": {
        "x": 0.6700631380081177,
        "y": 0.4087443947792053,
        "z": -0.4338253438472748
    },
    "landmark_2": {
        "x": 0.6770271062850952,
        "y": 0.409686803817749,
        "z": -0.4338148236274719
    },
    "landmark_3": {
        "x": 0.6821252107620239,
        "y": 0.41038304567337036,
        "z": -0.43384769558906555
    },
    "landmark_4": {
        "x": 0.6470888257026672,
        "y": 0.4065457284450531,
        "z": -0.4364655315876007
    },
    "landmark_5": {
        "x": 0.6399297714233398,
        "y": 0.40607112646102905,
        "z": -0.43647849559783936
    },
    "landmark_6": {
        "x": 0.6328601241111755,
        "y": 0.4058956205844879,
        "z": -0.4365268349647522
    },
    "landmark_7": {
        "x": 0.6908909678459167,
        "y": 0.41747260093688965,
        "z": -0.18524998426437378
    },
    "landmark_8": {
        "x": 0.6218891739845276,
        "y": 0.4129076600074768,
        "z": -0.19881272315979004
    },
    "landmark_9": {
        "x": 0.6669143438339233,
        "y": 0.4329302906990051,
        "z": -0.3829685151576996
    },
    "landmark_10": {
        "x": 0.640164852142334,
        "y": 0.43013256788253784,
        "z": -0.3871490955352783
    },
    "landmark_11": {
        "x": 0.7254847884178162,
        "y": 0.4916072487831116,
        "z": -0.037596747279167175
    },
    "landmark_12": {
        "x": 0.5507060289382935,
        "y": 0.47395753860473633,
        "z": -0.12040718644857407
    },
    "landmark_13": {
        "x": 0.7617986798286438,
        "y": 0.5516142249107361,
        "z": -0.32576853036880493
    },
    "landmark_14": {
        "x": 0.46717369556427,
        "y": 0.5355932116508484,
        "z": -0.38614121079444885
    },
    "landmark_15": {
        "x": 0.7815818190574646,
        "y": 0.47078973054885864,
        "z": -0.7516581416130066
    },
    "landmark_16": {
        "x": 0.5957962870597839,
        "y": 0.5387885570526123,
        "z": -0.7123028039932251
    },
    "landmark_17": {
        "x": 0.7845457196235657,
        "y": 0.4486144185066223,
        "z": -0.8448042273521423
    },
    "landmark_18": {
        "x": 0.639838457107544,
        "y": 0.5483060479164124,
        "z": -0.7880494594573975
    },
    "landmark_19": {
        "x": 0.7819481492042542,
        "y": 0.4428052008152008,
        "z": -0.8216634392738342
    },
    "landmark_20": {
        "x": 0.6551253199577332,
        "y": 0.5418967008590698,
        "z": -0.7616373896598816
    },
    "landmark_21": {
        "x": 0.776742696762085,
        "y": 0.4508303701877594,
        "z": -0.7554692625999451
    },
    "landmark_22": {
        "x": 0.6465885043144226,
        "y": 0.539524257183075,
        "z": -0.7056427597999573
    },
    "landmark_23": {
        "x": 0.6511002779006958,
        "y": 0.6529257893562317,
        "z": 0.011035054922103882
    },
    "landmark_24": {
        "x": 0.5368839502334595,
        "y": 0.6476325392723083,
        "z": -0.01081499271094799
    },
    "landmark_25": {
        "x": 0.6924353241920471,
        "y": 0.7494598031044006,
        "z": -0.28778648376464844
    },
    "landmark_26": {
        "x": 0.45378372073173523,
        "y": 0.7558473348617554,
        "z": -0.21318261325359344
    },
    "landmark_27": {
        "x": 0.6348873376846313,
        "y": 0.8490225672721863,
        "z": 0.047389253973960876
    },
    "landmark_28": {
        "x": 0.37695634365081787,
        "y": 0.8664582967758179,
        "z": 0.04247189685702324
    },
    "landmark_29": {
        "x": 0.6003020405769348,
        "y": 0.8625545501708984,
        "z": 0.06663431227207184
    },
    "landmark_30": {
        "x": 0.3850950598716736,
        "y": 0.8922767639160156,
        "z": 0.05122637376189232
    },
    "landmark_31": {
        "x": 0.686093807220459,
        "y": 0.8871029615402222,
        "z": -0.16291527450084686
    },
    "landmark_32": {
        "x": 0.27084898948669434,
        "y": 0.8751769065856934,
        "z": -0.2085227519273758
    }
}