{
    "landmark_0": {
        "x": 0.5756335854530334,
        "y": 0.36114802956581116,
        "z": -0.2970331013202667
    },
    "landmark_1": {
        "x": 0.5891450047492981,
        "y": 0.35124319791793823,
        "z": -0.259632408618927
    },
    "landmark_2": {
        "x": 0.597350001335144,
        "y": 0.35184428095817566,
        "z": -0.2596047818660736
    },
    "landmark_3": {
        "x": 0.6022924780845642,
        "y": 0.3524981737136841,
        "z": -0.2596530020236969
    },
    "landmark_4": {
        "x": 0.5656636357307434,
        "y": 0.3507296144962311,
        "z": -0.2616773545742035
    },
    "landmark_5": {
        "x": 0.5580320358276367,
        "y": 0.350927472114563,
        "z": -0.2615211009979248
    },
    "landmark_6": {
        "x": 0.5500389337539673,
        "y": 0.3512495160102844,
        "z": -0.2615125775337219
    },
    "landmark_7": {
        "x": 0.6120883822441101,
        "y": 0.3594268262386322,
        "z": -0.048452865332365036
    },
    "landmark_8": {
        "x": 0.5418726205825806,
        "y": 0.357911616563797,
        "z": -0.061811413615942
    },
    "landmark_9": {
        "x": 0.5901240110397339,
        "y": 0.3749517798423767,
        "z": -0.2175748199224472
    },
    "landmark_10": {
        "x": 0.5604131817817688,
        "y": 0.3740863800048828,
        "z": -0.221853569149971
    },
    "landmark_11": {
        "x": 0.6555039286613464,
        "y": 0.4262039065361023,
        "z": 0.04866049066185951
    },
    "landmark_12": {
        "x": 0.47963300347328186,
        "y": 0.41986721754074097,
        "z": -0.002406712621450424
    },
    "landmark_13": {
        "x": 0.7268887162208557,
        "y": 0.4859685003757477,
        "z": -0.19097329676151276
    },
    "landmark_14": {
        "x": 0.4032638669013977,
        "y": 0.4761698842048645,
        "z": -0.24896617233753204
    },
    "landmark_15": {
        "x": 0.694801390171051,
        "y": 0.4102476239204407,
        "z": -0.5122328400611877
    },
    "landmark_16": {
        "x": 0.5290529131889343,
        "y": 0.471182256937027,
        "z": -0.5383946299552917
    },
    "landmark_17": {
        "x": 0.6883446574211121,
        "y": 0.38700392842292786,
        "z": -0.5833628177642822
    },
    "landmark_18": {
        "x": 0.5712832808494568,
        "y": 0.4800943434238434,
        "z": -0.6039201021194458
    },
    "landmark_19": {
        "x": 0.6826861500740051,
        "y": 0.38343408703804016,
        "z": -0.550116777420044
    },
    "landmark_20": {
        "x": 0.5866767168045044,
        "y": 0.47576284408569336,
        "z": -0.5771031975746155
    },
    "landmark_21": {
        "x": 0.679132878780365,
        "y": 0.3898278474807739,
        "z": -0.5077956318855286
    },
    "landmark_22": {
        "x": 0.5770263671875,
        "y": 0.4723564684391022,
        "z": -0.5319971442222595
    },
    "landmark_23": {
        "x": 0.6133818030357361,
        "y": 0.5924155712127686,
        "z": -0.004395060241222382
    },
    "landmark_24": {
        "x": 0.4943813681602478,
        "y": 0.5915045738220215,
        "z": 0.004408959299325943
    },
    "landmark_25": {
        "x": 0.6272539496421814,
        "y": 0.7105699181556702,
        "z": -0.08019782602787018
    },
    "landmark_26": {
        "x": 0.4639440178871155,
        "y": 0.7066407799720764,
        "z": -0.10282251238822937
    },
    "landmark_27": {
        "x": 0.6169095635414124,
        "y": 0.8322359919548035,
        "z": 0.15567752718925476
    },
    "landmark_28": {
        "x": 0.4905851483345032,
        "y": 0.8211199045181274,
        "z": 0.16635741293430328
    },
    "landmark_29": {
        "x": 0.5978227257728577,
        "y": 0.8451634645462036,
        "z": 0.16445979475975037
    },
    "landmark_30": {
        "x": 0.5142544507980347,
        "y": 0.8361002802848816,
        "z": 0.18045787513256073
    },
    "landmark_31": {
        "x": 0.6479549407958984,
        "y": 0.8753330111503601,
        "z": -0.06529977917671204
    },
    "landmark_32": {
        "x": 0.4257251024246216,
        "y": 0.8623773455619812,
        "z": -0.021030522882938385
    }
}