{
    "landmark_0": {
        "x": 0.5847071409225464,
        "y": 0.3639853894710541,
        "z": -0.29971450567245483
    },
    "landmark_1": {
        "x": 0.5984968543052673,
        "y": 0.35319316387176514,
        "z": -0.2667418122291565
    },
    "landmark_2": {
        "x": 0.6067171692848206,
        "y": 0.35395726561546326,
        "z": -0.266739159822464
    },
    "landmark_3": {
        "x": 0.6121134757995605,
        "y": 0.35472074151039124,
        "z": -0.266792356967926
    },
    "landmark_4": {
        "x": 0.5758654475212097,
        "y": 0.3520566523075104,
        "z": -0.26936525106430054
    },
    "landmark_5": {
        "x": 0.5684112906455994,
        "y": 0.3522995114326477,
        "z": -0.26921457052230835
    },
    "landmark_6": {
        "x": 0.5606019496917725,
        "y": 0.3525114059448242,
        "z": -0.26921576261520386
    },
    "landmark_7": {
        "x": 0.6204245686531067,
        "y": 0.3619671165943146,
        "z": -0.06365326792001724
    },
    "landmark_8": {
        "x": 0.5530433058738708,
        "y": 0.3593975305557251,
        "z": -0.07851376384496689
    },
    "landmark_9": {
        "x": 0.5979450345039368,
        "y": 0.3783648610115051,
        "z": -0.22122785449028015
    },
    "landmark_10": {
        "x": 0.5698925852775574,
        "y": 0.37783339619636536,
        "z": -0.2258976250886917
    },
    "landmark_11": {
        "x": 0.6641175746917725,
        "y": 0.42941588163375854,
        "z": 0.04366905614733696
    },
    "landmark_12": {
        "x": 0.48967623710632324,
        "y": 0.42200857400894165,
        "z": -0.006498797796666622
    },
    "landmark_13": {
        "x": 0.7242686152458191,
        "y": 0.4915647506713867,
        "z": -0.1635161191225052
    },
    "landmark_14": {
        "x": 0.4153580665588379,
        "y": 0.4819193482398987,
        "z": -0.2007293552160263
    },
    "landmark_15": {
        "x": 0.7119442224502563,
        "y": 0.4158438742160797,
        "z": -0.4644872844219208
    },
    "landmark_16": {
        "x": 0.5419071912765503,
        "y": 0.486957848072052,
        "z": -0.4540203809738159
    },
    "landmark_17": {
        "x": 0.7092984318733215,
        "y": 0.39336803555488586,
        "z": -0.5338627099990845
    },
    "landmark_18": {
        "x": 0.5815102458000183,
        "y": 0.49938493967056274,
        "z": -0.5106188654899597
    },
    "landmark_19": {
        "x": 0.7065694332122803,
        "y": 0.3890295922756195,
        "z": -0.5087887048721313
    },
    "landmark_20": {
        "x": 0.5977594256401062,
        "y": 0.4924020767211914,
        "z": -0.4961124062538147
    },
    "landmark_21": {
        "x": 0.7030632495880127,
        "y": 0.39489832520484924,
        "z": -0.46361684799194336
    },
    "landmark_22": {
        "x": 0.5897384881973267,
        "y": 0.4877103865146637,
        "z": -0.4507666230201721
    },
    "landmark_23": {
        "x": 0.6136744022369385,
        "y": 0.5976070165634155,
        "z": -0.014699066057801247
    },
    "landmark_24": {
        "x": 0.497941792011261,
        "y": 0.5953854918479919,
        "z": 0.014910628087818623
    },
    "landmark_25": {
        "x": 0.6337841153144836,
        "y": 0.7129179239273071,
        "z": -0.08831621706485748
    },
    "landmark_26": {
        "x": 0.46185892820358276,
        "y": 0.7121232151985168,
        "z": -0.034913159906864166
    },
    "landmark_27": {
        "x": 0.6069706082344055,
        "y": 0.8338252902030945,
        "z": 0.07804723083972931
    },
    "landmark_28": {
        "x": 0.4680842459201813,
        "y": 0.8257239460945129,
        "z": 0.16443650424480438
    },
    "landmark_29": {
        "x": 0.5839912295341492,
        "y": 0.8457092046737671,
        "z": 0.07943876832723618
    },
    "landmark_30": {
        "x": 0.4915901720523834,
        "y": 0.8449712991714478,
        "z": 0.17107748985290527
    },
    "landmark_31": {
        "x": 0.6374383568763733,
        "y": 0.8788307309150696,
        "z": -0.13385099172592163
    },
    "landmark_32": {
        "x": 0.386772483587265,
        "y": 0.8563073873519897,
        "z": -0.018229246139526367
    }
}