{
    "landmark_0": {
        "x": 0.6553367972373962,
        "y": 0.41828685998916626,
        "z": -0.48126012086868286
    },
    "landmark_1": {
        "x": 0.6700918674468994,
        "y": 0.4089067578315735,
        "z": -0.43862974643707275
    },
    "landmark_2": {
        "x": 0.6769837737083435,
        "y": 0.4098150134086609,
        "z": -0.4386184811592102
    },
    "landmark_3": {
        "x": 0.6821423172950745,
        "y": 0.4105011820793152,
        "z": -0.43865126371383667
    },
    "landmark_4": {
        "x": 0.6469520330429077,
        "y": 0.4067326486110687,
        "z": -0.4410227835178375
    },
    "landmark_5": {
        "x": 0.6397714614868164,
        "y": 0.40626010298728943,
        "z": -0.4410375952720642
    },
    "landmark_6": {
        "x": 0.6327342391014099,
        "y": 0.40606585144996643,
        "z": -0.44108688831329346
    },
    "landmark_7": {
        "x": 0.6910106539726257,
        "y": 0.41748037934303284,
        "z": -0.19017505645751953
    },
    "landmark_8": {
        "x": 0.6219041347503662,
        "y": 0.41288813948631287,
        "z": -0.20265419781208038
    },
    "landmark_9": {
        "x": 0.6668094396591187,
        "y": 0.43287310004234314,
        "z": -0.3875753581523895
    },
    "landmark_10": {
        "x": 0.6399214267730713,
        "y": 0.430083692073822,
        "z": -0.3914422392845154
    },
    "landmark_11": {
        "x": 0.7256419062614441,
        "y": 0.49170106649398804,
        "z": -0.043089739978313446
    },
    "landmark_12": {
        "x": 0.5506983995437622,
        "y": 0.4738057553768158,
        "z": -0.1239989846944809
    },
    "landmark_13": {
        "x": 0.7618740797042847,
        "y": 0.5516144037246704,
        "z": -0.3356778621673584
    },
    "landmark_14": {
        "x": 0.466220885515213,
        "y": 0.5352584719657898,
        "z": -0.3921118974685669
    },
    "landmark_15": {
        "x": 0.7819738388061523,
        "y": 0.4701293408870697,
        "z": -0.7627196311950684
    },
    "landmark_16": {
        "x": 0.5966193675994873,
        "y": 0.5388467907905579,
        "z": -0.7199710607528687
    },
    "landmark_17": {
        "x": 0.7849633693695068,
        "y": 0.4479677081108093,
        "z": -0.8563193678855896
    },
    "landmark_18": {
        "x": 0.6409406661987305,
        "y": 0.5484681725502014,
        "z": -0.7961376905441284
    },
    "landmark_19": {
        "x": 0.7824697494506836,
        "y": 0.44221943616867065,
        "z": -0.8325637578964233
    },
    "landmark_20": {
        "x": 0.6560561060905457,
        "y": 0.541862428188324,
        "z": -0.7694566249847412
    },
    "landmark_21": {
        "x": 0.7771726846694946,
        "y": 0.4503421187400818,
        "z": -0.7663453221321106
    },
    "landmark_22": {
        "x": 0.6478042602539062,
        "y": 0.5395089983940125,
        "z": -0.7132726311683655
    },
    "landmark_23": {
        "x": 0.650580108165741,
        "y": 0.652603805065155,
        "z": 0.010189293883740902
    },
    "landmark_24": {
        "x": 0.5360112190246582,
        "y": 0.647508978843689,
        "z": -0.009978076443076134
    },
    "landmark_25": {
        "x": 0.6922124028205872,
        "y": 0.7493675351142883,
        "z": -0.2971711754798889
    },
    "landmark_26": {
        "x": 0.45366790890693665,
        "y": 0.755374550819397,
        "z": -0.2289792001247406
    },
    "landmark_27": {
        "x": 0.6336586475372314,
        "y": 0.849267840385437,
        "z": 0.027959465980529785
    },
    "landmark_28": {
        "x": 0.3779630959033966,
        "y": 0.8662574887275696,
        "z": 0.02397415041923523
    },
    "landmark_29": {
        "x": 0.5993906259536743,
        "y": 0.8632683753967285,
        "z": 0.0460498109459877
    },
    "landmark_30": {
        "x": 0.3860146105289459,
        "y": 0.8923308253288269,
        "z": 0.03244927152991295
    },
    "landmark_31": {
        "x": 0.6858861446380615,
        "y": 0.8869677782058716,
        "z": -0.1854286640882492
    },
    "landmark_32": {
        "x": 0.27101898193359375,
        "y": 0.8753297924995422,
        "z": -0.22789117693901062
    }
}