{
    "landmark_0": {
        "x": 0.6654200553894043,
        "y": 0.4280584752559662,
        "z": -0.4463278353214264
    },
    "landmark_1": {
        "x": 0.6789846420288086,
        "y": 0.41971150040626526,
        "z": -0.4030423164367676
    },
    "landmark_2": {
        "x": 0.685126543045044,
        "y": 0.4205113351345062,
        "z": -0.40305691957473755
    },
    "landmark_3": {
        "x": 0.6913021802902222,
        "y": 0.42146772146224976,
        "z": -0.40307047963142395
    },
    "landmark_4": {
        "x": 0.6549854874610901,
        "y": 0.41782325506210327,
        "z": -0.4076754152774811
    },
    "landmark_5": {
        "x": 0.64666348695755,
        "y": 0.4177454113960266,
        "z": -0.40768495202064514
    },
    "landmark_6": {
        "x": 0.6397585272789001,
        "y": 0.41781195998191833,
        "z": -0.40772801637649536
    },
    "landmark_7": {
        "x": 0.6997008919715881,
        "y": 0.42813411355018616,
        "z": -0.15761712193489075
    },
    "landmark_8": {
        "x": 0.6288743615150452,
        "y": 0.4248374104499817,
        "z": -0.17920620739459991
    },
    "landmark_9": {
        "x": 0.6772149801254272,
        "y": 0.4414965510368347,
        "z": -0.35437050461769104
    },
    "landmark_10": {
        "x": 0.6504126787185669,
        "y": 0.44014972448349,
        "z": -0.3608107268810272
    },
    "landmark_11": {
        "x": 0.7329524755477905,
        "y": 0.5048180222511292,
        "z": -0.012292633764445782
    },
    "landmark_12": {
        "x": 0.5595380067825317,
        "y": 0.4873460829257965,
        "z": -0.11128611862659454
    },
    "landmark_13": {
        "x": 0.7551851272583008,
        "y": 0.5674617886543274,
        "z": -0.2631566822528839
    },
    "landmark_14": {
        "x": 0.5039553642272949,
        "y": 0.5594488978385925,
        "z": -0.33241280913352966
    },
    "landmark_15": {
        "x": 0.7860428094863892,
        "y": 0.4927830696105957,
        "z": -0.6770886182785034
    },
    "landmark_16": {
        "x": 0.6339443922042847,
        "y": 0.5666130185127258,
        "z": -0.612099826335907
    },
    "landmark_17": {
        "x": 0.7953792810440063,
        "y": 0.47140389680862427,
        "z": -0.7683919072151184
    },
    "landmark_18": {
        "x": 0.6696627736091614,
        "y": 0.5749098062515259,
        "z": -0.6815098524093628
    },
    "landmark_19": {
        "x": 0.7923259139060974,
        "y": 0.4676160216331482,
        "z": -0.7541783452033997
    },
    "landmark_20": {
        "x": 0.6823127865791321,
        "y": 0.5687332153320312,
        "z": -0.6630536317825317
    },
    "landmark_21": {
        "x": 0.7859603762626648,
        "y": 0.47294750809669495,
        "z": -0.6843812465667725
    },
    "landmark_22": {
        "x": 0.6702526807785034,
        "y": 0.5654957890510559,
        "z": -0.6062037348747253
    },
    "landmark_23": {
        "x": 0.6575556397438049,
        "y": 0.6642175316810608,
        "z": 0.01426362618803978
    },
    "landmark_24": {
        "x": 0.5441609621047974,
        "y": 0.6557358503341675,
        "z": -0.014119770377874374
    },
    "landmark_25": {
        "x": 0.6996192932128906,
        "y": 0.7535152435302734,
        "z": -0.32603365182876587
    },
    "landmark_26": {
        "x": 0.46727997064590454,
        "y": 0.7605140805244446,
        "z": -0.29014351963996887
    },
    "landmark_27": {
        "x": 0.6356533765792847,
        "y": 0.8508779406547546,
        "z": -0.024024667218327522
    },
    "landmark_28": {
        "x": 0.3730196952819824,
        "y": 0.8753451108932495,
        "z": -0.08131470531225204
    },
    "landmark_29": {
        "x": 0.6033507585525513,
        "y": 0.8645197153091431,
        "z": -0.006651341449469328
    },
    "landmark_30": {
        "x": 0.3729885220527649,
        "y": 0.9030882120132446,
        "z": -0.07504132390022278
    },
    "landmark_31": {
        "x": 0.6900963187217712,
        "y": 0.8884396553039551,
        "z": -0.23149393498897552
    },
    "landmark_32": {
        "x": 0.28141817450523376,
        "y": 0.8722932934761047,
        "z": -0.33569803833961487
    }
}