{
    "landmark_0": {
        "x": 0.4888424277305603,
        "y": 0.39367368817329407,
        "z": -0.38497164845466614
    },
    "landmark_1": {
        "x": 0.5015724301338196,
        "y": 0.38407179713249207,
        "z": -0.3497009873390198
    },
    "landmark_2": {
        "x": 0.509239137172699,
        "y": 0.3844028413295746,
        "z": -0.34989985823631287
    },
    "landmark_3": {
        "x": 0.5151888728141785,
        "y": 0.38500669598579407,
        "z": -0.35001495480537415
    },
    "landmark_4": {
        "x": 0.479012668132782,
        "y": 0.3844597041606903,
        "z": -0.34013161063194275
    },
    "landmark_5": {
        "x": 0.47105926275253296,
        "y": 0.3851095736026764,
        "z": -0.34008002281188965
    },
    "landmark_6": {
        "x": 0.463940292596817,
        "y": 0.3857385218143463,
        "z": -0.3400128483772278
    },
    "landmark_7": {
        "x": 0.5283958911895752,
        "y": 0.39076748490333557,
        "z": -0.16059871017932892
    },
    "landmark_8": {
        "x": 0.4600827991962433,
        "y": 0.3920503854751587,
        "z": -0.11604627221822739
    },
    "landmark_9": {
        "x": 0.5050698518753052,
        "y": 0.4066470265388489,
        "z": -0.3158106505870819
    },
    "landmark_10": {
        "x": 0.47678235173225403,
        "y": 0.40689197182655334,
        "z": -0.3030650317668915
    },
    "landmark_11": {
        "x": 0.5870116949081421,
        "y": 0.4432500898838043,
        "z": -0.19894781708717346
    },
    "landmark_12": {
        "x": 0.4282234311103821,
        "y": 0.4566684663295746,
        "z": -0.02907620184123516
    },
    "landmark_13": {
        "x": 0.6328187584877014,
        "y": 0.48253050446510315,
        "z": -0.5627212524414062
    },
    "landmark_14": {
        "x": 0.3643268644809723,
        "y": 0.4668349325656891,
        "z": -0.4122898578643799
    },
    "landmark_15": {
        "x": 0.4969496726989746,
        "y": 0.4896227717399597,
        "z": -0.8356735110282898
    },
    "landmark_16": {
        "x": 0.3745678663253784,
        "y": 0.3895993232727051,
        "z": -0.8223752975463867
    },
    "landmark_17": {
        "x": 0.4577723741531372,
        "y": 0.4967881739139557,
        "z": -0.9258890748023987
    },
    "landmark_18": {
        "x": 0.37478992342948914,
        "y": 0.3695026934146881,
        "z": -0.9111713767051697
    },
    "landmark_19": {
        "x": 0.45064789056777954,
        "y": 0.49445638060569763,
        "z": -0.8948348760604858
    },
    "landmark_20": {
        "x": 0.37853309512138367,
        "y": 0.3671160638332367,
        "z": -0.8911327123641968
    },
    "landmark_21": {
        "x": 0.45906099677085876,
        "y": 0.49281540513038635,
        "z": -0.8286857604980469
    },
    "landmark_22": {
        "x": 0.3836071491241455,
        "y": 0.37483441829681396,
        "z": -0.8299678564071655
    },
    "landmark_23": {
        "x": 0.5788710117340088,
        "y": 0.6158278584480286,
        "z": -0.05281952768564224
    },
    "landmark_24": {
        "x": 0.47185438871383667,
        "y": 0.6184802651405334,
        "z": 0.052792444825172424
    },
    "landmark_25": {
        "x": 0.6110233068466187,
        "y": 0.7328873872756958,
        "z": -0.11060356348752975
    },
    "landmark_26": {
        "x": 0.4733678698539734,
        "y": 0.7260816097259521,
        "z": 0.10037938505411148
    },
    "landmark_27": {
        "x": 0.6389201283454895,
        "y": 0.8453018069267273,
        "z": 0.03832709416747093
    },
    "landmark_28": {
        "x": 0.5210258364677429,
        "y": 0.8191717863082886,
        "z": 0.38951823115348816
    },
    "landmark_29": {
        "x": 0.6267072558403015,
        "y": 0.87803715467453,
        "z": 0.038065310567617416
    },
    "landmark_30": {
        "x": 0.5418774485588074,
        "y": 0.8345325589179993,
        "z": 0.40486857295036316
    },
    "landmark_31": {
        "x": 0.7248028516769409,
        "y": 0.8471194505691528,
        "z": -0.1723674088716507
    },
    "landmark_32": {
        "x": 0.47826236486434937,
        "y": 0.8488006591796875,
        "z": 0.23467649519443512
    }
}