{
    "landmark_0": {
        "x": 0.5286916494369507,
        "y": 0.40746769309043884,
        "z": -0.44152429699897766
    },
    "landmark_1": {
        "x": 0.5408987402915955,
        "y": 0.39635521173477173,
        "z": -0.4088532030582428
    },
    "landmark_2": {
        "x": 0.5476160645484924,
        "y": 0.39633288979530334,
        "z": -0.4089485704898834
    },
    "landmark_3": {
        "x": 0.5553834438323975,
        "y": 0.39647412300109863,
        "z": -0.40899237990379333
    },
    "landmark_4": {
        "x": 0.5172137022018433,
        "y": 0.3975989818572998,
        "z": -0.40264177322387695
    },
    "landmark_5": {
        "x": 0.5084142684936523,
        "y": 0.3984185755252838,
        "z": -0.40266063809394836
    },
    "landmark_6": {
        "x": 0.5002967715263367,
        "y": 0.399446576833725,
        "z": -0.40266069769859314
    },
    "landmark_7": {
        "x": 0.567779004573822,
        "y": 0.4035085141658783,
        "z": -0.21372169256210327
    },
    "landmark_8": {
        "x": 0.4933522045612335,
        "y": 0.4071740210056305,
        "z": -0.18569354712963104
    },
    "landmark_9": {
        "x": 0.5441645979881287,
        "y": 0.42028266191482544,
        "z": -0.36903801560401917
    },
    "landmark_10": {
        "x": 0.5146324634552002,
        "y": 0.42102161049842834,
        "z": -0.36128729581832886
    },
    "landmark_11": {
        "x": 0.6298142671585083,
        "y": 0.46921485662460327,
        "z": -0.17562159895896912
    },
    "landmark_12": {
        "x": 0.45681318640708923,
        "y": 0.47103041410446167,
        "z": -0.06836964190006256
    },
    "landmark_13": {
        "x": 0.6511088609695435,
        "y": 0.5424231886863708,
        "z": -0.39613431692123413
    },
    "landmark_14": {
        "x": 0.36310485005378723,
        "y": 0.49377498030662537,
        "z": -0.3311046361923218
    },
    "landmark_15": {
        "x": 0.5188469886779785,
        "y": 0.5249423980712891,
        "z": -0.6583181023597717
    },
    "landmark_16": {
        "x": 0.38191744685173035,
        "y": 0.41036444902420044,
        "z": -0.6883922815322876
    },
    "landmark_17": {
        "x": 0.48201116919517517,
        "y": 0.5268455743789673,
        "z": -0.729353666305542
    },
    "landmark_18": {
        "x": 0.38160622119903564,
        "y": 0.38828036189079285,
        "z": -0.766270637512207
    },
    "landmark_19": {
        "x": 0.4743722677230835,
        "y": 0.5214827060699463,
        "z": -0.7067047953605652
    },
    "landmark_20": {
        "x": 0.387833833694458,
        "y": 0.3835757076740265,
        "z": -0.7450846433639526
    },
    "landmark_21": {
        "x": 0.4848640561103821,
        "y": 0.5206997394561768,
        "z": -0.6504009366035461
    },
    "landmark_22": {
        "x": 0.3936317563056946,
        "y": 0.3919057846069336,
        "z": -0.6923490762710571
    },
    "landmark_23": {
        "x": 0.6068307757377625,
        "y": 0.6427983045578003,
        "z": -0.025472642853856087
    },
    "landmark_24": {
        "x": 0.49641451239585876,
        "y": 0.6415520310401917,
        "z": 0.02542121149599552
    },
    "landmark_25": {
        "x": 0.655430257320404,
        "y": 0.7545548677444458,
        "z": -0.17188668251037598
    },
    "landmark_26": {
        "x": 0.49454590678215027,
        "y": 0.7434369921684265,
        "z": 0.2852016091346741
    },
    "landmark_27": {
        "x": 0.6886643171310425,
        "y": 0.8783568143844604,
        "z": -0.12757088243961334
    },
    "landmark_28": {
        "x": 0.5437327027320862,
        "y": 0.832275390625,
        "z": 0.7229565382003784
    },
    "landmark_29": {
        "x": 0.6853633522987366,
        "y": 0.9120172262191772,
        "z": -0.137173593044281
    },
    "landmark_30": {
        "x": 0.5698563456535339,
        "y": 0.8479620218276978,
        "z": 0.7543725967407227
    },
    "landmark_31": {
        "x": 0.7813618779182434,
        "y": 0.877804160118103,
        "z": -0.37756067514419556
    },
    "landmark_32": {
        "x": 0.5030548572540283,
        "y": 0.867778480052948,
        "z": 0.6008437871932983
    }
}