{
    "landmark_0": {
        "x": 0.5442409515380859,
        "y": 0.35993725061416626,
        "z": -0.3195611536502838
    },
    "landmark_1": {
        "x": 0.5551477074623108,
        "y": 0.3506847321987152,
        "z": -0.27704963088035583
    },
    "landmark_2": {
        "x": 0.561087429523468,
        "y": 0.35085752606391907,
        "z": -0.277021199464798
    },
    "landmark_3": {
        "x": 0.5683271288871765,
        "y": 0.3512793779373169,
        "z": -0.2771132290363312
    },
    "landmark_4": {
        "x": 0.5327054858207703,
        "y": 0.3506760597229004,
        "z": -0.2792205810546875
    },
    "landmark_5": {
        "x": 0.524564802646637,
        "y": 0.3510473668575287,
        "z": -0.279070109128952
    },
    "landmark_6": {
        "x": 0.5180615186691284,
        "y": 0.35135942697525024,
        "z": -0.2790510356426239
    },
    "landmark_7": {
        "x": 0.5802160501480103,
        "y": 0.3587341606616974,
        "z": -0.04554654285311699
    },
    "landmark_8": {
        "x": 0.5088254809379578,
        "y": 0.35823389887809753,
        "z": -0.057163238525390625
    },
    "landmark_9": {
        "x": 0.5583329200744629,
        "y": 0.3750165104866028,
        "z": -0.23346081376075745
    },
    "landmark_10": {
        "x": 0.5306444764137268,
        "y": 0.3747878074645996,
        "z": -0.23780953884124756
    },
    "landmark_11": {
        "x": 0.6320661902427673,
        "y": 0.42720356583595276,
        "z": 0.052067067474126816
    },
    "landmark_12": {
        "x": 0.46355319023132324,
        "y": 0.41753411293029785,
        "z": -0.026299024000763893
    },
    "landmark_13": {
        "x": 0.7230636477470398,
        "y": 0.470013290643692,
        "z": -0.27139464020729065
    },
    "landmark_14": {
        "x": 0.38601312041282654,
        "y": 0.45798444747924805,
        "z": -0.3650763928890228
    },
    "landmark_15": {
        "x": 0.6484086513519287,
        "y": 0.3951810598373413,
        "z": -0.5932068824768066
    },
    "landmark_16": {
        "x": 0.5103756785392761,
        "y": 0.4404784142971039,
        "z": -0.6582214832305908
    },
    "landmark_17": {
        "x": 0.6318448781967163,
        "y": 0.3763561248779297,
        "z": -0.6634626984596252
    },
    "landmark_18": {
        "x": 0.5526401400566101,
        "y": 0.4424259662628174,
        "z": -0.7330434322357178
    },
    "landmark_19": {
        "x": 0.627403736114502,
        "y": 0.37297186255455017,
        "z": -0.6164348721504211
    },
    "landmark_20": {
        "x": 0.5618925094604492,
        "y": 0.44063442945480347,
        "z": -0.6924596428871155
    },
    "landmark_21": {
        "x": 0.6274255514144897,
        "y": 0.3802725374698639,
        "z": -0.5828343033790588
    },
    "landmark_22": {
        "x": 0.5553650259971619,
        "y": 0.4403504729270935,
        "z": -0.6499171853065491
    },
    "landmark_23": {
        "x": 0.5937649011611938,
        "y": 0.5915594100952148,
        "z": 0.005902294535189867
    },
    "landmark_24": {
        "x": 0.48384803533554077,
        "y": 0.5922812223434448,
        "z": -0.005840929225087166
    },
    "landmark_25": {
        "x": 0.6224558353424072,
        "y": 0.7105503678321838,
        "z": -0.02701815962791443
    },
    "landmark_26": {
        "x": 0.4803357720375061,
        "y": 0.7152805328369141,
        "z": 0.034142348915338516
    },
    "landmark_27": {
        "x": 0.6282409429550171,
        "y": 0.829116940498352,
        "z": 0.2527938187122345
    },
    "landmark_28": {
        "x": 0.5124838352203369,
        "y": 0.8230981826782227,
        "z": 0.36365440487861633
    },
    "landmark_29": {
        "x": 0.6075098514556885,
        "y": 0.8444861173629761,
        "z": 0.2655446529388428
    },
    "landmark_30": {
        "x": 0.5359879732131958,
        "y": 0.8346720933914185,
        "z": 0.3836469054222107
    },
    "landmark_31": {
        "x": 0.6580933332443237,
        "y": 0.8689051866531372,
        "z": 0.006907552946358919
    },
    "landmark_32": {
        "x": 0.48908767104148865,
        "y": 0.8665827512741089,
        "z": 0.1554892510175705
    }
}