{
    "landmark_0": {
        "x": 0.5404433012008667,
        "y": 0.3520289659500122,
        "z": -0.4579216539859772
    },
    "landmark_1": {
        "x": 0.5538013577461243,
        "y": 0.34130364656448364,
        "z": -0.4090050160884857
    },
    "landmark_2": {
        "x": 0.5611892938613892,
        "y": 0.3413252532482147,
        "z": -0.4090977907180786
    },
    "landmark_3": {
        "x": 0.5685922503471375,
        "y": 0.3415029048919678,
        "z": -0.40914514660835266
    },
    "landmark_4": {
        "x": 0.5299292802810669,
        "y": 0.34209728240966797,
        "z": -0.3985656201839447
    },
    "landmark_5": {
        "x": 0.5224043726921082,
        "y": 0.34255513548851013,
        "z": -0.3986453115940094
    },
    "landmark_6": {
        "x": 0.5153955221176147,
        "y": 0.34337887167930603,
        "z": -0.3986639976501465
    },
    "landmark_7": {
        "x": 0.5840012431144714,
        "y": 0.3489031493663788,
        "z": -0.19547979533672333
    },
    "landmark_8": {
        "x": 0.5107949376106262,
        "y": 0.3500460684299469,
        "z": -0.14508232474327087
    },
    "landmark_9": {
        "x": 0.5571013689041138,
        "y": 0.3646884560585022,
        "z": -0.3854224383831024
    },
    "landmark_10": {
        "x": 0.5286687612533569,
        "y": 0.364907443523407,
        "z": -0.37062254548072815
    },
    "landmark_11": {
        "x": 0.6503386497497559,
        "y": 0.41094017028808594,
        "z": -0.19079455733299255
    },
    "landmark_12": {
        "x": 0.46563470363616943,
        "y": 0.417147696018219,
        "z": -0.0762428566813469
    },
    "landmark_13": {
        "x": 0.7348830103874207,
        "y": 0.4203859269618988,
        "z": -0.5452560782432556
    },
    "landmark_14": {
        "x": 0.3621111214160919,
        "y": 0.42860108613967896,
        "z": -0.43879181146621704
    },
    "landmark_15": {
        "x": 0.5852212905883789,
        "y": 0.4340227246284485,
        "z": -0.766038179397583
    },
    "landmark_16": {
        "x": 0.37787699699401855,
        "y": 0.3469517230987549,
        "z": -0.8340557813644409
    },
    "landmark_17": {
        "x": 0.5463624596595764,
        "y": 0.44603538513183594,
        "z": -0.8397016525268555
    },
    "landmark_18": {
        "x": 0.38112005591392517,
        "y": 0.324164479970932,
        "z": -0.9394313097000122
    },
    "landmark_19": {
        "x": 0.5329009294509888,
        "y": 0.44470205903053284,
        "z": -0.793103814125061
    },
    "landmark_20": {
        "x": 0.38620850443840027,
        "y": 0.3204987943172455,
        "z": -0.8931652307510376
    },
    "landmark_21": {
        "x": 0.5436455607414246,
        "y": 0.44319087266921997,
        "z": -0.7523847222328186
    },
    "landmark_22": {
        "x": 0.3900738060474396,
        "y": 0.33015328645706177,
        "z": -0.831936240196228
    },
    "landmark_23": {
        "x": 0.6127863526344299,
        "y": 0.5866836905479431,
        "z": -0.006882303860038519
    },
    "landmark_24": {
        "x": 0.49813541769981384,
        "y": 0.5818883776664734,
        "z": 0.006706744898110628
    },
    "landmark_25": {
        "x": 0.6154210567474365,
        "y": 0.7019112706184387,
        "z": -0.2007131427526474
    },
    "landmark_26": {
        "x": 0.4479374885559082,
        "y": 0.689366340637207,
        "z": -0.4559994041919708
    },
    "landmark_27": {
        "x": 0.5802049040794373,
        "y": 0.8122053146362305,
        "z": 0.2553435266017914
    },
    "landmark_28": {
        "x": 0.48522013425827026,
        "y": 0.810099720954895,
        "z": -0.07492853701114655
    },
    "landmark_29": {
        "x": 0.5598034858703613,
        "y": 0.8206108808517456,
        "z": 0.28804680705070496
    },
    "landmark_30": {
        "x": 0.5056670904159546,
        "y": 0.8201382756233215,
        "z": -0.048414196819067
    },
    "landmark_31": {
        "x": 0.6142736673355103,
        "y": 0.8595811128616333,
        "z": 0.049662034958601
    },
    "landmark_32": {
        "x": 0.45420002937316895,
        "y": 0.8593658208847046,
        "z": -0.30715426802635193
    }
}