{
    "landmark_0": {
        "x": 0.5906974673271179,
        "y": 0.4030669331550598,
        "z": -0.3949713408946991
    },
    "landmark_1": {
        "x": 0.603523850440979,
        "y": 0.39273110032081604,
        "z": -0.35312604904174805
    },
    "landmark_2": {
        "x": 0.6113359332084656,
        "y": 0.3936527669429779,
        "z": -0.353109747171402
    },
    "landmark_3": {
        "x": 0.6160086393356323,
        "y": 0.39450541138648987,
        "z": -0.35307419300079346
    },
    "landmark_4": {
        "x": 0.5806928277015686,
        "y": 0.3912111222743988,
        "z": -0.3586188554763794
    },
    "landmark_5": {
        "x": 0.573893129825592,
        "y": 0.3911302387714386,
        "z": -0.358611136674881
    },
    "landmark_6": {
        "x": 0.5658276081085205,
        "y": 0.3913388252258301,
        "z": -0.35867568850517273
    },
    "landmark_7": {
        "x": 0.6225079894065857,
        "y": 0.40186166763305664,
        "z": -0.10468018800020218
    },
    "landmark_8": {
        "x": 0.5568949580192566,
        "y": 0.3986116945743561,
        "z": -0.13448862731456757
    },
    "landmark_9": {
        "x": 0.6020454168319702,
        "y": 0.4179743826389313,
        "z": -0.30127376317977905
    },
    "landmark_10": {
        "x": 0.5756533145904541,
        "y": 0.4167710840702057,
        "z": -0.30999234318733215
    },
    "landmark_11": {
        "x": 0.662518322467804,
        "y": 0.47151651978492737,
        "z": 0.055473290383815765
    },
    "landmark_12": {
        "x": 0.4914209246635437,
        "y": 0.4590403139591217,
        "z": -0.07704944163560867
    },
    "landmark_13": {
        "x": 0.712888240814209,
        "y": 0.5227347016334534,
        "z": -0.18907354772090912
    },
    "landmark_14": {
        "x": 0.43513238430023193,
        "y": 0.5245032906532288,
        "z": -0.316768079996109
    },
    "landmark_15": {
        "x": 0.7321141362190247,
        "y": 0.44931888580322266,
        "z": -0.5578307509422302
    },
    "landmark_16": {
        "x": 0.5754193067550659,
        "y": 0.5327945351600647,
        "z": -0.5963357090950012
    },
    "landmark_17": {
        "x": 0.7353286743164062,
        "y": 0.4300455152988434,
        "z": -0.6378400325775146
    },
    "landmark_18": {
        "x": 0.6131861209869385,
        "y": 0.5382938385009766,
        "z": -0.6629939675331116
    },
    "landmark_19": {
        "x": 0.7330099940299988,
        "y": 0.42520689964294434,
        "z": -0.623396098613739
    },
    "landmark_20": {
        "x": 0.6242914795875549,
        "y": 0.531994104385376,
        "z": -0.6494221091270447
    },
    "landmark_21": {
        "x": 0.7275846004486084,
        "y": 0.4319824278354645,
        "z": -0.5639199614524841
    },
    "landmark_22": {
        "x": 0.6105256080627441,
        "y": 0.5303698182106018,
        "z": -0.5929017663002014
    },
    "landmark_23": {
        "x": 0.6034504175186157,
        "y": 0.6330161690711975,
        "z": 0.02663448080420494
    },
    "landmark_24": {
        "x": 0.4902990460395813,
        "y": 0.627577006816864,
        "z": -0.026286106556653976
    },
    "landmark_25": {
        "x": 0.5923363566398621,
        "y": 0.7327341437339783,
        "z": 0.16308188438415527
    },
    "landmark_26": {
        "x": 0.44537466764450073,
        "y": 0.7338293790817261,
        "z": -0.20011243224143982
    },
    "landmark_27": {
        "x": 0.5494377017021179,
        "y": 0.8275150060653687,
        "z": 0.48441603779792786
    },
    "landmark_28": {
        "x": 0.37738972902297974,
        "y": 0.8489187955856323,
        "z": -0.07264377176761627
    },
    "landmark_29": {
        "x": 0.527550458908081,
        "y": 0.8440492749214172,
        "z": 0.5007798075675964
    },
    "landmark_30": {
        "x": 0.3782821297645569,
        "y": 0.8796164393424988,
        "z": -0.07568489015102386
    },
    "landmark_31": {
        "x": 0.5896871089935303,
        "y": 0.8634827733039856,
        "z": 0.2881561815738678
    },
    "landmark_32": {
        "x": 0.28134337067604065,
        "y": 0.8478447198867798,
        "z": -0.34772786498069763
    }
}