{
    "landmark_0": {
        "x": 0.5484975576400757,
        "y": 0.352429062128067,
        "z": -0.45062559843063354
    },
    "landmark_1": {
        "x": 0.5631270408630371,
        "y": 0.3424929976463318,
        "z": -0.4027290642261505
    },
    "landmark_2": {
        "x": 0.5699895024299622,
        "y": 0.3426256477832794,
        "z": -0.402785986661911
    },
    "landmark_3": {
        "x": 0.576884925365448,
        "y": 0.34292107820510864,
        "z": -0.4028019309043884
    },
    "landmark_4": {
        "x": 0.5385802388191223,
        "y": 0.34311914443969727,
        "z": -0.39294761419296265
    },
    "landmark_5": {
        "x": 0.5301862955093384,
        "y": 0.3435286581516266,
        "z": -0.39300236105918884
    },
    "landmark_6": {
        "x": 0.5224523544311523,
        "y": 0.34424999356269836,
        "z": -0.39303767681121826
    },
    "landmark_7": {
        "x": 0.5921774506568909,
        "y": 0.3522292673587799,
        "z": -0.1982225477695465
    },
    "landmark_8": {
        "x": 0.5160028338432312,
        "y": 0.35278451442718506,
        "z": -0.15161831676959991
    },
    "landmark_9": {
        "x": 0.5644053220748901,
        "y": 0.36607229709625244,
        "z": -0.381788432598114
    },
    "landmark_10": {
        "x": 0.5351196527481079,
        "y": 0.3655621111392975,
        "z": -0.36807820200920105
    },
    "landmark_11": {
        "x": 0.6545886397361755,
        "y": 0.417459100484848,
        "z": -0.19896642863750458
    },
    "landmark_12": {
        "x": 0.471994012594223,
        "y": 0.4218434691429138,
        "z": -0.08504945784807205
    },
    "landmark_13": {
        "x": 0.7475133538246155,
        "y": 0.4298318922519684,
        "z": -0.578252911567688
    },
    "landmark_14": {
        "x": 0.3661899268627167,
        "y": 0.4357979893684387,
        "z": -0.4522014260292053
    },
    "landmark_15": {
        "x": 0.599388599395752,
        "y": 0.41264042258262634,
        "z": -0.7871496677398682
    },
    "landmark_16": {
        "x": 0.3945503234863281,
        "y": 0.3588087558746338,
        "z": -0.8442665338516235
    },
    "landmark_17": {
        "x": 0.564298152923584,
        "y": 0.41673606634140015,
        "z": -0.8565390110015869
    },
    "landmark_18": {
        "x": 0.40126144886016846,
        "y": 0.3387952446937561,
        "z": -0.9439445734024048
    },
    "landmark_19": {
        "x": 0.5531003475189209,
        "y": 0.41750630736351013,
        "z": -0.7957719564437866
    },
    "landmark_20": {
        "x": 0.40621238946914673,
        "y": 0.33758535981178284,
        "z": -0.9004011154174805
    },
    "landmark_21": {
        "x": 0.5670310258865356,
        "y": 0.41594475507736206,
        "z": -0.7677554488182068
    },
    "landmark_22": {
        "x": 0.4084143042564392,
        "y": 0.34442150592803955,
        "z": -0.8425089716911316
    },
    "landmark_23": {
        "x": 0.6125584244728088,
        "y": 0.591507613658905,
        "z": -0.023035425692796707
    },
    "landmark_24": {
        "x": 0.4968123137950897,
        "y": 0.5842658877372742,
        "z": 0.022832481190562248
    },
    "landmark_25": {
        "x": 0.6007814407348633,
        "y": 0.7095239162445068,
        "z": -0.1374197155237198
    },
    "landmark_26": {
        "x": 0.444945365190506,
        "y": 0.693996787071228,
        "z": -0.41431665420532227
    },
    "landmark_27": {
        "x": 0.5724226236343384,
        "y": 0.8173073530197144,
        "z": 0.27273887395858765
    },
    "landmark_28": {
        "x": 0.4592423439025879,
        "y": 0.817457377910614,
        "z": -0.08775447309017181
    },
    "landmark_29": {
        "x": 0.5521838665008545,
        "y": 0.8272144198417664,
        "z": 0.29960671067237854
    },
    "landmark_30": {
        "x": 0.4820924997329712,
        "y": 0.8304001092910767,
        "z": -0.06749819219112396
    },
    "landmark_31": {
        "x": 0.5918006300926208,
        "y": 0.8630274534225464,
        "z": 0.049575526267290115
    },
    "landmark_32": {
        "x": 0.42961880564689636,
        "y": 0.8592228889465332,
        "z": -0.3305874466896057
    }
}