{
    "landmark_0": {
        "x": 0.5114732384681702,
        "y": 0.38904839754104614,
        "z": -0.5170779824256897
    },
    "landmark_1": {
        "x": 0.5244841575622559,
        "y": 0.3793674111366272,
        "z": -0.4710235297679901
    },
    "landmark_2": {
        "x": 0.5322942137718201,
        "y": 0.3803832232952118,
        "z": -0.470994770526886
    },
    "landmark_3": {
        "x": 0.5370932221412659,
        "y": 0.381654292345047,
        "z": -0.4710027575492859
    },
    "landmark_4": {
        "x": 0.5019425749778748,
        "y": 0.37818458676338196,
        "z": -0.471726655960083
    },
    "landmark_5": {
        "x": 0.494889497756958,
        "y": 0.37842974066734314,
        "z": -0.47173136472702026
    },
    "landmark_6": {
        "x": 0.4871959388256073,
        "y": 0.3788272738456726,
        "z": -0.47178828716278076
    },
    "landmark_7": {
        "x": 0.5474352836608887,
        "y": 0.3896709084510803,
        "z": -0.2249556928873062
    },
    "landmark_8": {
        "x": 0.4786844849586487,
        "y": 0.3867180347442627,
        "z": -0.2342471033334732
    },
    "landmark_9": {
        "x": 0.5255921483039856,
        "y": 0.40374556183815,
        "z": -0.4279346168041229
    },
    "landmark_10": {
        "x": 0.49690330028533936,
        "y": 0.40265291929244995,
        "z": -0.43104442954063416
    },
    "landmark_11": {
        "x": 0.5976367592811584,
        "y": 0.4622379243373871,
        "z": -0.11516053229570389
    },
    "landmark_12": {
        "x": 0.4147581458091736,
        "y": 0.4533490538597107,
        "z": -0.14166535437107086
    },
    "landmark_13": {
        "x": 0.6833256483078003,
        "y": 0.5035621523857117,
        "z": -0.44649964570999146
    },
    "landmark_14": {
        "x": 0.3063468337059021,
        "y": 0.4930543005466461,
        "z": -0.4709536135196686
    },
    "landmark_15": {
        "x": 0.6376937031745911,
        "y": 0.4283013939857483,
        "z": -0.8226139545440674
    },
    "landmark_16": {
        "x": 0.4247719943523407,
        "y": 0.47814029455184937,
        "z": -0.8518317937850952
    },
    "landmark_17": {
        "x": 0.6192727088928223,
        "y": 0.4094659686088562,
        "z": -0.9059054851531982
    },
    "landmark_18": {
        "x": 0.4579712748527527,
        "y": 0.47925084829330444,
        "z": -0.9297192692756653
    },
    "landmark_19": {
        "x": 0.6145703792572021,
        "y": 0.4056491255760193,
        "z": -0.8661999106407166
    },
    "landmark_20": {
        "x": 0.47253087162971497,
        "y": 0.4757116436958313,
        "z": -0.8977263569831848
    },
    "landmark_21": {
        "x": 0.6140480041503906,
        "y": 0.412776380777359,
        "z": -0.8160173296928406
    },
    "landmark_22": {
        "x": 0.46501845121383667,
        "y": 0.4763779044151306,
        "z": -0.8463620543479919
    },
    "landmark_23": {
        "x": 0.5370879769325256,
        "y": 0.6284530162811279,
        "z": -0.012054424732923508
    },
    "landmark_24": {
        "x": 0.4231765866279602,
        "y": 0.6185162663459778,
        "z": 0.012201692909002304
    },
    "landmark_25": {
        "x": 0.527756929397583,
        "y": 0.7349361777305603,
        "z": 0.12422464042901993
    },
    "landmark_26": {
        "x": 0.3595554232597351,
        "y": 0.7318801283836365,
        "z": -0.025307228788733482
    },
    "landmark_27": {
        "x": 0.4776597023010254,
        "y": 0.8336561918258667,
        "z": 0.47518783807754517
    },
    "landmark_28": {
        "x": 0.30881404876708984,
        "y": 0.840787410736084,
        "z": 0.1948244869709015
    },
    "landmark_29": {
        "x": 0.4521327614784241,
        "y": 0.8489076495170593,
        "z": 0.49368157982826233
    },
    "landmark_30": {
        "x": 0.31714683771133423,
        "y": 0.8711479306221008,
        "z": 0.19918161630630493
    },
    "landmark_31": {
        "x": 0.5083931088447571,
        "y": 0.868128776550293,
        "z": 0.2765016257762909
    },
    "landmark_32": {
        "x": 0.20197400450706482,
        "y": 0.8405998349189758,
        "z": -0.050588835030794144
    }
}