{
    "landmark_0": {
        "x": 0.5236144065856934,
        "y": 0.3838769793510437,
        "z": -0.4216197431087494
    },
    "landmark_1": {
        "x": 0.5337806940078735,
        "y": 0.37295079231262207,
        "z": -0.3895680010318756
    },
    "landmark_2": {
        "x": 0.5432225465774536,
        "y": 0.3725424110889435,
        "z": -0.3896724283695221
    },
    "landmark_3": {
        "x": 0.5513842701911926,
        "y": 0.372301310300827,
        "z": -0.38971948623657227
    },
    "landmark_4": {
        "x": 0.5101568102836609,
        "y": 0.3748723268508911,
        "z": -0.3765302002429962
    },
    "landmark_5": {
        "x": 0.5029839277267456,
        "y": 0.3758735954761505,
        "z": -0.37649041414260864
    },
    "landmark_6": {
        "x": 0.49682584404945374,
        "y": 0.37700703740119934,
        "z": -0.3764128088951111
    },
    "landmark_7": {
        "x": 0.5662892460823059,
        "y": 0.37823328375816345,
        "z": -0.20759396255016327
    },
    "landmark_8": {
        "x": 0.4948637783527374,
        "y": 0.3838751018047333,
        "z": -0.14793798327445984
    },
    "landmark_9": {
        "x": 0.5431141257286072,
        "y": 0.3956238031387329,
        "z": -0.3556171953678131
    },
    "landmark_10": {
        "x": 0.5131528377532959,
        "y": 0.3965189754962921,
        "z": -0.3384477198123932
    },
    "landmark_11": {
        "x": 0.6380321383476257,
        "y": 0.4406372010707855,
        "z": -0.19459748268127441
    },
    "landmark_12": {
        "x": 0.46136632561683655,
        "y": 0.4465234875679016,
        "z": -0.03094317950308323
    },
    "landmark_13": {
        "x": 0.6878522634506226,
        "y": 0.49743786454200745,
        "z": -0.44207122921943665
    },
    "landmark_14": {
        "x": 0.36044028401374817,
        "y": 0.46040716767311096,
        "z": -0.2721346318721771
    },
    "landmark_15": {
        "x": 0.5451376438140869,
        "y": 0.5073137879371643,
        "z": -0.6881343722343445
    },
    "landmark_16": {
        "x": 0.37632015347480774,
        "y": 0.380473256111145,
        "z": -0.6467166543006897
    },
    "landmark_17": {
        "x": 0.499586284160614,
        "y": 0.5154162645339966,
        "z": -0.7629257440567017
    },
    "landmark_18": {
        "x": 0.3705073595046997,
        "y": 0.35833248496055603,
        "z": -0.7284107804298401
    },
    "landmark_19": {
        "x": 0.49294352531433105,
        "y": 0.5089071989059448,
        "z": -0.7430960536003113
    },
    "landmark_20": {
        "x": 0.37940990924835205,
        "y": 0.3553086817264557,
        "z": -0.7163276076316833
    },
    "landmark_21": {
        "x": 0.500281035900116,
        "y": 0.5058565735816956,
        "z": -0.6808689832687378
    },
    "landmark_22": {
        "x": 0.3869272768497467,
        "y": 0.36350834369659424,
        "z": -0.6561797857284546
    },
    "landmark_23": {
        "x": 0.6187587976455688,
        "y": 0.6173602342605591,
        "z": -0.016801757737994194
    },
    "landmark_24": {
        "x": 0.5035425424575806,
        "y": 0.6182268857955933,
        "z": 0.016844943165779114
    },
    "landmark_25": {
        "x": 0.6560201048851013,
        "y": 0.7293458580970764,
        "z": -0.06559339910745621
    },
    "landmark_26": {
        "x": 0.5070130825042725,
        "y": 0.7261161208152771,
        "z": 0.07736913114786148
    },
    "landmark_27": {
        "x": 0.6658936142921448,
        "y": 0.8547460436820984,
        "z": 0.06105456501245499
    },
    "landmark_28": {
        "x": 0.5341381430625916,
        "y": 0.824266791343689,
        "z": 0.3657396137714386
    },
    "landmark_29": {
        "x": 0.6520565748214722,
        "y": 0.8805208206176758,
        "z": 0.058446649461984634
    },
    "landmark_30": {
        "x": 0.5551789402961731,
        "y": 0.8378440141677856,
        "z": 0.38000425696372986
    },
    "landmark_31": {
        "x": 0.7567171454429626,
        "y": 0.8672978281974792,
        "z": -0.1678091138601303
    },
    "landmark_32": {
        "x": 0.5061108469963074,
        "y": 0.8610793948173523,
        "z": 0.19047702848911285
    }
}