{
    "landmark_0": {
        "x": 0.527938961982727,
        "y": 0.405867338180542,
        "z": -0.32961609959602356
    },
    "landmark_1": {
        "x": 0.5399155020713806,
        "y": 0.3964559733867645,
        "z": -0.3027958571910858
    },
    "landmark_2": {
        "x": 0.5480084419250488,
        "y": 0.3963591754436493,
        "z": -0.30293548107147217
    },
    "landmark_3": {
        "x": 0.5553569793701172,
        "y": 0.39646458625793457,
        "z": -0.3030041754245758
    },
    "landmark_4": {
        "x": 0.5194733142852783,
        "y": 0.39720770716667175,
        "z": -0.28612270951271057
    },
    "landmark_5": {
        "x": 0.5126705169677734,
        "y": 0.39772340655326843,
        "z": -0.28608474135398865
    },
    "landmark_6": {
        "x": 0.506227433681488,
        "y": 0.39834919571876526,
        "z": -0.2860477864742279
    },
    "landmark_7": {
        "x": 0.5712347626686096,
        "y": 0.40236395597457886,
        "z": -0.14318785071372986
    },
    "landmark_8": {
        "x": 0.5046506524085999,
        "y": 0.4045506417751312,
        "z": -0.06846140325069427
    },
    "landmark_9": {
        "x": 0.5443750619888306,
        "y": 0.4174146056175232,
        "z": -0.27110525965690613
    },
    "landmark_10": {
        "x": 0.5172796845436096,
        "y": 0.4174397885799408,
        "z": -0.24978478252887726
    },
    "landmark_11": {
        "x": 0.6382653713226318,
        "y": 0.4597872197628021,
        "z": -0.1395067721605301
    },
    "landmark_12": {
        "x": 0.47269517183303833,
        "y": 0.4646941125392914,
        "z": 0.07254499197006226
    },
    "landmark_13": {
        "x": 0.6979479789733887,
        "y": 0.5252411365509033,
        "z": -0.2420140653848648
    },
    "landmark_14": {
        "x": 0.3973693549633026,
        "y": 0.4994569420814514,
        "z": -0.08184214681386948
    },
    "landmark_15": {
        "x": 0.5655660033226013,
        "y": 0.5426429510116577,
        "z": -0.3363940119743347
    },
    "landmark_16": {
        "x": 0.4181801974773407,
        "y": 0.4190444052219391,
        "z": -0.35934656858444214
    },
    "landmark_17": {
        "x": 0.5272939205169678,
        "y": 0.5578319430351257,
        "z": -0.38190510869026184
    },
    "landmark_18": {
        "x": 0.41099902987480164,
        "y": 0.39802494645118713,
        "z": -0.4234878420829773
    },
    "landmark_19": {
        "x": 0.5152415633201599,
        "y": 0.5521954894065857,
        "z": -0.3781948983669281
    },
    "landmark_20": {
        "x": 0.41614359617233276,
        "y": 0.39538830518722534,
        "z": -0.3997928500175476
    },
    "landmark_21": {
        "x": 0.5215458869934082,
        "y": 0.5474964380264282,
        "z": -0.3294321298599243
    },
    "landmark_22": {
        "x": 0.4253142476081848,
        "y": 0.4039066433906555,
        "z": -0.3618219494819641
    },
    "landmark_23": {
        "x": 0.6103435754776001,
        "y": 0.6352052688598633,
        "z": -0.041442565619945526
    },
    "landmark_24": {
        "x": 0.5044865012168884,
        "y": 0.6342395544052124,
        "z": 0.04139089584350586
    },
    "landmark_25": {
        "x": 0.6432449817657471,
        "y": 0.746734082698822,
        "z": -0.11290668696165085
    },
    "landmark_26": {
        "x": 0.49422863125801086,
        "y": 0.7403588891029358,
        "z": 0.13435503840446472
    },
    "landmark_27": {
        "x": 0.6904436945915222,
        "y": 0.8657664060592651,
        "z": -0.007573612034320831
    },
    "landmark_28": {
        "x": 0.536307156085968,
        "y": 0.8291141390800476,
        "z": 0.4854452908039093
    },
    "landmark_29": {
        "x": 0.6831364035606384,
        "y": 0.8984369039535522,
        "z": -0.010443423874676228
    },
    "landmark_30": {
        "x": 0.5607270002365112,
        "y": 0.8438411951065063,
        "z": 0.5089369416236877
    },
    "landmark_31": {
        "x": 0.7859196066856384,
        "y": 0.8704755902290344,
        "z": -0.2181846648454666
    },
    "landmark_32": {
        "x": 0.49629655480384827,
        "y": 0.8633891940116882,
        "z": 0.363393098115921
    }
}