{
    "landmark_0": {
        "x": 0.5690631866455078,
        "y": 0.3971562385559082,
        "z": -0.6153992414474487
    },
    "landmark_1": {
        "x": 0.5867900252342224,
        "y": 0.38595274090766907,
        "z": -0.5890647172927856
    },
    "landmark_2": {
        "x": 0.5952360033988953,
        "y": 0.38669508695602417,
        "z": -0.5891076922416687
    },
    "landmark_3": {
        "x": 0.6011162400245667,
        "y": 0.38735005259513855,
        "z": -0.5891185998916626
    },
    "landmark_4": {
        "x": 0.563593327999115,
        "y": 0.3839499354362488,
        "z": -0.5890612006187439
    },
    "landmark_5": {
        "x": 0.5561944842338562,
        "y": 0.38292020559310913,
        "z": -0.5890868902206421
    },
    "landmark_6": {
        "x": 0.549552321434021,
        "y": 0.3820813000202179,
        "z": -0.5891268849372864
    },
    "landmark_7": {
        "x": 0.6141005158424377,
        "y": 0.3916332721710205,
        "z": -0.3766719400882721
    },
    "landmark_8": {
        "x": 0.5433744788169861,
        "y": 0.38528957962989807,
        "z": -0.37980207800865173
    },
    "landmark_9": {
        "x": 0.5827330350875854,
        "y": 0.410641610622406,
        "z": -0.5309382677078247
    },
    "landmark_10": {
        "x": 0.5538671016693115,
        "y": 0.4082246720790863,
        "z": -0.5319542288780212
    },
    "landmark_11": {
        "x": 0.6661487817764282,
        "y": 0.4630677103996277,
        "z": -0.2112891972064972
    },
    "landmark_12": {
        "x": 0.4661914110183716,
        "y": 0.449643075466156,
        "z": -0.20836813747882843
    },
    "landmark_13": {
        "x": 0.7000635266304016,
        "y": 0.5434642434120178,
        "z": -0.08807794749736786
    },
    "landmark_14": {
        "x": 0.4298640489578247,
        "y": 0.5271086096763611,
        "z": -0.10912793129682541
    },
    "landmark_15": {
        "x": 0.7130293846130371,
        "y": 0.6169772744178772,
        "z": -0.2747213542461395
    },
    "landmark_16": {
        "x": 0.41968998312950134,
        "y": 0.5992456078529358,
        "z": -0.2801376283168793
    },
    "landmark_17": {
        "x": 0.7195336818695068,
        "y": 0.6408688426017761,
        "z": -0.3298195004463196
    },
    "landmark_18": {
        "x": 0.4188710153102875,
        "y": 0.6213733553886414,
        "z": -0.3346942365169525
    },
    "landmark_19": {
        "x": 0.7119751572608948,
        "y": 0.640241801738739,
        "z": -0.40329188108444214
    },
    "landmark_20": {
        "x": 0.42910364270210266,
        "y": 0.6199327707290649,
        "z": -0.4044824242591858
    },
    "landmark_21": {
        "x": 0.706098198890686,
        "y": 0.6323944926261902,
        "z": -0.3058689832687378
    },
    "landmark_22": {
        "x": 0.4327179491519928,
        "y": 0.612519383430481,
        "z": -0.3113328814506531
    },
    "landmark_23": {
        "x": 0.6006290316581726,
        "y": 0.6260160207748413,
        "z": 0.0023543182760477066
    },
    "landmark_24": {
        "x": 0.4865263104438782,
        "y": 0.6184028387069702,
        "z": -0.002389676636084914
    },
    "landmark_25": {
        "x": 0.5758315920829773,
        "y": 0.7453893423080444,
        "z": -0.02001243457198143
    },
    "landmark_26": {
        "x": 0.46534982323646545,
        "y": 0.7395281791687012,
        "z": -0.009427451528608799
    },
    "landmark_27": {
        "x": 0.5467514395713806,
        "y": 0.8368636965751648,
        "z": 0.38113701343536377
    },
    "landmark_28": {
        "x": 0.4418793022632599,
        "y": 0.8417129516601562,
        "z": 0.3439786732196808
    },
    "landmark_29": {
        "x": 0.5353952050209045,
        "y": 0.8464171290397644,
        "z": 0.40626874566078186
    },
    "landmark_30": {
        "x": 0.45094799995422363,
        "y": 0.8533843755722046,
        "z": 0.3649405539035797
    },
    "landmark_31": {
        "x": 0.5526216626167297,
        "y": 0.876679539680481,
        "z": 0.17096386849880219
    },
    "landmark_32": {
        "x": 0.4265572726726532,
        "y": 0.8776095509529114,
        "z": 0.11630381643772125
    }
}