{
    "landmark_0": {
        "x": 0.5484845042228699,
        "y": 0.35244983434677124,
        "z": -0.4507228434085846
    },
    "landmark_1": {
        "x": 0.5630776286125183,
        "y": 0.3425001800060272,
        "z": -0.40288040041923523
    },
    "landmark_2": {
        "x": 0.569962739944458,
        "y": 0.34263426065444946,
        "z": -0.4029393196105957
    },
    "landmark_3": {
        "x": 0.5768934488296509,
        "y": 0.3429362177848816,
        "z": -0.402957022190094
    },
    "landmark_4": {
        "x": 0.5385686755180359,
        "y": 0.343121737241745,
        "z": -0.39297884702682495
    },
    "landmark_5": {
        "x": 0.530197262763977,
        "y": 0.3435307443141937,
        "z": -0.39302903413772583
    },
    "landmark_6": {
        "x": 0.5224695205688477,
        "y": 0.34427547454833984,
        "z": -0.39306139945983887
    },
    "landmark_7": {
        "x": 0.5922015309333801,
        "y": 0.35225287079811096,
        "z": -0.19866076111793518
    },
    "landmark_8": {
        "x": 0.5160017609596252,
        "y": 0.35280799865722656,
        "z": -0.1516495645046234
    },
    "landmark_9": {
        "x": 0.564417839050293,
        "y": 0.366069495677948,
        "z": -0.3819945752620697
    },
    "landmark_10": {
        "x": 0.5351403951644897,
        "y": 0.3655566871166229,
        "z": -0.3681473135948181
    },
    "landmark_11": {
        "x": 0.6547079086303711,
        "y": 0.417672723531723,
        "z": -0.19945403933525085
    },
    "landmark_12": {
        "x": 0.4720071256160736,
        "y": 0.421958863735199,
        "z": -0.08596930652856827
    },
    "landmark_13": {
        "x": 0.7473649978637695,
        "y": 0.4297243058681488,
        "z": -0.579460620880127
    },
    "landmark_14": {
        "x": 0.36607834696769714,
        "y": 0.43571463227272034,
        "z": -0.45517411828041077
    },
    "landmark_15": {
        "x": 0.5990734100341797,
        "y": 0.41293421387672424,
        "z": -0.7888374328613281
    },
    "landmark_16": {
        "x": 0.3945552408695221,
        "y": 0.35886847972869873,
        "z": -0.8486377000808716
    },
    "landmark_17": {
        "x": 0.5638378262519836,
        "y": 0.41713231801986694,
        "z": -0.858643114566803
    },
    "landmark_18": {
        "x": 0.40121352672576904,
        "y": 0.3388066291809082,
        "z": -0.9485965967178345
    },
    "landmark_19": {
        "x": 0.5524716973304749,
        "y": 0.4179581105709076,
        "z": -0.7978242039680481
    },
    "landmark_20": {
        "x": 0.40618351101875305,
        "y": 0.3376120924949646,
        "z": -0.905127227306366
    },
    "landmark_21": {
        "x": 0.5665867924690247,
        "y": 0.4163840413093567,
        "z": -0.7694534063339233
    },
    "landmark_22": {
        "x": 0.4084107577800751,
        "y": 0.344465434551239,
        "z": -0.8469498753547668
    },
    "landmark_23": {
        "x": 0.6120967268943787,
        "y": 0.5917580127716064,
        "z": -0.021701138466596603
    },
    "landmark_24": {
        "x": 0.49656936526298523,
        "y": 0.5844608545303345,
        "z": 0.021507827565073967
    },
    "landmark_25": {
        "x": 0.6009160280227661,
        "y": 0.7099862098693848,
        "z": -0.1321699470281601
    },
    "landmark_26": {
        "x": 0.4450187683105469,
        "y": 0.6940643191337585,
        "z": -0.4128609001636505
    },
    "landmark_27": {
        "x": 0.5725173354148865,
        "y": 0.8172956705093384,
        "z": 0.2817903161048889
    },
    "landmark_28": {
        "x": 0.45876482129096985,
        "y": 0.8169589042663574,
        "z": -0.08523017168045044
    },
    "landmark_29": {
        "x": 0.5519128441810608,
        "y": 0.8270447850227356,
        "z": 0.3090434968471527
    },
    "landmark_30": {
        "x": 0.48191162943840027,
        "y": 0.8297913670539856,
        "z": -0.06480713188648224
    },
    "landmark_31": {
        "x": 0.5924731492996216,
        "y": 0.8632473945617676,
        "z": 0.059835609048604965
    },
    "landmark_32": {
        "x": 0.4300293028354645,
        "y": 0.8588933944702148,
        "z": -0.3282659947872162
    }
}