{
    "landmark_0": {
        "x": 0.5713680982589722,
        "y": 0.3998159170150757,
        "z": -0.6424670815467834
    },
    "landmark_1": {
        "x": 0.5897745490074158,
        "y": 0.38850072026252747,
        "z": -0.6154115796089172
    },
    "landmark_2": {
        "x": 0.5982493758201599,
        "y": 0.38924267888069153,
        "z": -0.6154121160507202
    },
    "landmark_3": {
        "x": 0.6045156717300415,
        "y": 0.3896990716457367,
        "z": -0.6153537034988403
    },
    "landmark_4": {
        "x": 0.5638437271118164,
        "y": 0.38632115721702576,
        "z": -0.6172344088554382
    },
    "landmark_5": {
        "x": 0.5556315183639526,
        "y": 0.385315477848053,
        "z": -0.6172724366188049
    },
    "landmark_6": {
        "x": 0.5476627349853516,
        "y": 0.38435032963752747,
        "z": -0.6173637509346008
    },
    "landmark_7": {
        "x": 0.6166592836380005,
        "y": 0.3934692442417145,
        "z": -0.3941558301448822
    },
    "landmark_8": {
        "x": 0.5409005880355835,
        "y": 0.38674524426460266,
        "z": -0.40981054306030273
    },
    "landmark_9": {
        "x": 0.585026204586029,
        "y": 0.41441240906715393,
        "z": -0.5549851655960083
    },
    "landmark_10": {
        "x": 0.5561603307723999,
        "y": 0.41243305802345276,
        "z": -0.5595229864120483
    },
    "landmark_11": {
        "x": 0.6620249152183533,
        "y": 0.47333893179893494,
        "z": -0.21329788863658905
    },
    "landmark_12": {
        "x": 0.46191373467445374,
        "y": 0.4517296254634857,
        "z": -0.23224960267543793
    },
    "landmark_13": {
        "x": 0.699589192867279,
        "y": 0.5586982369422913,
        "z": -0.06888917088508606
    },
    "landmark_14": {
        "x": 0.4257320761680603,
        "y": 0.5330589413642883,
        "z": -0.1229531466960907
    },
    "landmark_15": {
        "x": 0.6930813193321228,
        "y": 0.6395341753959656,
        "z": -0.2504127323627472
    },
    "landmark_16": {
        "x": 0.41186264157295227,
        "y": 0.6016954779624939,
        "z": -0.3128972351551056
    },
    "landmark_17": {
        "x": 0.7006059288978577,
        "y": 0.6670349836349487,
        "z": -0.30261725187301636
    },
    "landmark_18": {
        "x": 0.40392395853996277,
        "y": 0.6231954097747803,
        "z": -0.3688100576400757
    },
    "landmark_19": {
        "x": 0.6866440176963806,
        "y": 0.6651505827903748,
        "z": -0.37569209933280945
    },
    "landmark_20": {
        "x": 0.4167291522026062,
        "y": 0.6227568984031677,
        "z": -0.44037118554115295
    },
    "landmark_21": {
        "x": 0.6790980696678162,
        "y": 0.6591026782989502,
        "z": -0.28054335713386536
    },
    "landmark_22": {
        "x": 0.4224133789539337,
        "y": 0.6165069341659546,
        "z": -0.3447352647781372
    },
    "landmark_23": {
        "x": 0.5923296213150024,
        "y": 0.6348076462745667,
        "z": 0.007154871243983507
    },
    "landmark_24": {
        "x": 0.48052188754081726,
        "y": 0.6272813081741333,
        "z": -0.0070708696730434895
    },
    "landmark_25": {
        "x": 0.5652837157249451,
        "y": 0.7540012001991272,
        "z": 0.09127426147460938
    },
    "landmark_26": {
        "x": 0.4889678955078125,
        "y": 0.7554149031639099,
        "z": -0.04853641614317894
    },
    "landmark_27": {
        "x": 0.5573980808258057,
        "y": 0.841751217842102,
        "z": 0.4904501736164093
    },
    "landmark_28": {
        "x": 0.48519277572631836,
        "y": 0.8771111369132996,
        "z": 0.16729842126369476
    },
    "landmark_29": {
        "x": 0.5539013147354126,
        "y": 0.849818229675293,
        "z": 0.5173576474189758
    },
    "landmark_30": {
        "x": 0.49338409304618835,
        "y": 0.8911578059196472,
        "z": 0.17351478338241577
    },
    "landmark_31": {
        "x": 0.5485156774520874,
        "y": 0.885412335395813,
        "z": 0.30368220806121826
    },
    "landmark_32": {
        "x": 0.47123727202415466,
        "y": 0.9199808239936829,
        "z": -0.10229361057281494
    }
}