{
    "landmark_0": {
        "x": 0.5771732926368713,
        "y": 0.39905864000320435,
        "z": -0.3749236762523651
    },
    "landmark_1": {
        "x": 0.5907143354415894,
        "y": 0.3907124698162079,
        "z": -0.33158135414123535
    },
    "landmark_2": {
        "x": 0.5986891388893127,
        "y": 0.3915095329284668,
        "z": -0.33155518770217896
    },
    "landmark_3": {
        "x": 0.6051421761512756,
        "y": 0.39251908659935,
        "z": -0.331562876701355
    },
    "landmark_4": {
        "x": 0.5682262778282166,
        "y": 0.389755517244339,
        "z": -0.33453497290611267
    },
    "landmark_5": {
        "x": 0.5605141520500183,
        "y": 0.38979873061180115,
        "z": -0.3345194458961487
    },
    "landmark_6": {
        "x": 0.5528746843338013,
        "y": 0.3899032473564148,
        "z": -0.33454465866088867
    },
    "landmark_7": {
        "x": 0.6136772632598877,
        "y": 0.39932507276535034,
        "z": -0.10205733776092529
    },
    "landmark_8": {
        "x": 0.5455095171928406,
        "y": 0.39654383063316345,
        "z": -0.11934574693441391
    },
    "landmark_9": {
        "x": 0.5917518734931946,
        "y": 0.41290658712387085,
        "z": -0.29132047295570374
    },
    "landmark_10": {
        "x": 0.5614086985588074,
        "y": 0.41144245862960815,
        "z": -0.29646024107933044
    },
    "landmark_11": {
        "x": 0.6599878668785095,
        "y": 0.4669002592563629,
        "z": -0.010270996019244194
    },
    "landmark_12": {
        "x": 0.4809064269065857,
        "y": 0.4563817083835602,
        "z": -0.08197524398565292
    },
    "landmark_13": {
        "x": 0.7352688908576965,
        "y": 0.4958248734474182,
        "z": -0.32531118392944336
    },
    "landmark_14": {
        "x": 0.41075679659843445,
        "y": 0.5051130056381226,
        "z": -0.39468103647232056
    },
    "landmark_15": {
        "x": 0.703174889087677,
        "y": 0.41615694761276245,
        "z": -0.6765178442001343
    },
    "landmark_16": {
        "x": 0.5367127656936646,
        "y": 0.49593061208724976,
        "z": -0.69478440284729
    },
    "landmark_17": {
        "x": 0.6896623969078064,
        "y": 0.3955519497394562,
        "z": -0.7586075067520142
    },
    "landmark_18": {
        "x": 0.5799859762191772,
        "y": 0.5012736916542053,
        "z": -0.7638019919395447
    },
    "landmark_19": {
        "x": 0.684888482093811,
        "y": 0.3935161530971527,
        "z": -0.7238062620162964
    },
    "landmark_20": {
        "x": 0.5960596799850464,
        "y": 0.4991081655025482,
        "z": -0.7326014041900635
    },
    "landmark_21": {
        "x": 0.6834635734558105,
        "y": 0.40118664503097534,
        "z": -0.6733123064041138
    },
    "landmark_22": {
        "x": 0.5883569121360779,
        "y": 0.4984213709831238,
        "z": -0.6870195865631104
    },
    "landmark_23": {
        "x": 0.6066827178001404,
        "y": 0.6344172954559326,
        "z": 0.012399195693433285
    },
    "landmark_24": {
        "x": 0.49129122495651245,
        "y": 0.62796550989151,
        "z": -0.012196610681712627
    },
    "landmark_25": {
        "x": 0.6228078603744507,
        "y": 0.7388944029808044,
        "z": -0.10156837850809097
    },
    "landmark_26": {
        "x": 0.4090619683265686,
        "y": 0.7383700609207153,
        "z": -0.0458444207906723
    },
    "landmark_27": {
        "x": 0.5733529925346375,
        "y": 0.838302731513977,
        "z": 0.15659429132938385
    },
    "landmark_28": {
        "x": 0.3645457923412323,
        "y": 0.8418439626693726,
        "z": 0.1734071671962738
    },
    "landmark_29": {
        "x": 0.5495479702949524,
        "y": 0.8532751202583313,
        "z": 0.16801482439041138
    },
    "landmark_30": {
        "x": 0.3754405677318573,
        "y": 0.863024115562439,
        "z": 0.17952226102352142
    },
    "landmark_31": {
        "x": 0.616791844367981,
        "y": 0.8739168047904968,
        "z": -0.04278310015797615
    },
    "landmark_32": {
        "x": 0.2711406648159027,
        "y": 0.8518955111503601,
        "z": -0.04306342452764511
    }
}