{
    "landmark_0": {
        "x": 0.5695351362228394,
        "y": 0.3950461447238922,
        "z": -0.5431581735610962
    },
    "landmark_1": {
        "x": 0.5869500637054443,
        "y": 0.38311970233917236,
        "z": -0.514445424079895
    },
    "landmark_2": {
        "x": 0.5957542061805725,
        "y": 0.3837979733943939,
        "z": -0.5145092606544495
    },
    "landmark_3": {
        "x": 0.6017963290214539,
        "y": 0.38454365730285645,
        "z": -0.5145044326782227
    },
    "landmark_4": {
        "x": 0.5637404322624207,
        "y": 0.38128143548965454,
        "z": -0.5129618048667908
    },
    "landmark_5": {
        "x": 0.5566542148590088,
        "y": 0.38066378235816956,
        "z": -0.5129482746124268
    },
    "landmark_6": {
        "x": 0.5493209958076477,
        "y": 0.38017916679382324,
        "z": -0.5129519104957581
    },
    "landmark_7": {
        "x": 0.6151535511016846,
        "y": 0.390157014131546,
        "z": -0.3072793483734131
    },
    "landmark_8": {
        "x": 0.5439669489860535,
        "y": 0.3836859464645386,
        "z": -0.3058186173439026
    },
    "landmark_9": {
        "x": 0.5832626223564148,
        "y": 0.4087356925010681,
        "z": -0.4630530774593353
    },
    "landmark_10": {
        "x": 0.5545862913131714,
        "y": 0.40694791078567505,
        "z": -0.4625518321990967
    },
    "landmark_11": {
        "x": 0.6672629714012146,
        "y": 0.46493950486183167,
        "z": -0.170138880610466
    },
    "landmark_12": {
        "x": 0.4670042395591736,
        "y": 0.44880563020706177,
        "z": -0.14687782526016235
    },
    "landmark_13": {
        "x": 0.7039039731025696,
        "y": 0.544402003288269,
        "z": -0.07077246159315109
    },
    "landmark_14": {
        "x": 0.4299349784851074,
        "y": 0.5225217342376709,
        "z": -0.06016504392027855
    },
    "landmark_15": {
        "x": 0.7151270508766174,
        "y": 0.6155497431755066,
        "z": -0.2721388339996338
    },
    "landmark_16": {
        "x": 0.4196084439754486,
        "y": 0.5891788005828857,
        "z": -0.2476450800895691
    },
    "landmark_17": {
        "x": 0.7188364863395691,
        "y": 0.6414669156074524,
        "z": -0.3329082131385803
    },
    "landmark_18": {
        "x": 0.4151116609573364,
        "y": 0.6095551252365112,
        "z": -0.30449292063713074
    },
    "landmark_19": {
        "x": 0.7065219879150391,
        "y": 0.6403073668479919,
        "z": -0.40331345796585083
    },
    "landmark_20": {
        "x": 0.42631271481513977,
        "y": 0.6097796559333801,
        "z": -0.3706282377243042
    },
    "landmark_21": {
        "x": 0.6995246410369873,
        "y": 0.6319969296455383,
        "z": -0.3023899495601654
    },
    "landmark_22": {
        "x": 0.4302898943424225,
        "y": 0.603935182094574,
        "z": -0.27862975001335144
    },
    "landmark_23": {
        "x": 0.5943584442138672,
        "y": 0.6261032223701477,
        "z": 0.0014621668960899115
    },
    "landmark_24": {
        "x": 0.4865134656429291,
        "y": 0.6185877323150635,
        "z": -0.0014678433071821928
    },
    "landmark_25": {
        "x": 0.5710082650184631,
        "y": 0.7476693391799927,
        "z": 0.004836678504943848
    },
    "landmark_26": {
        "x": 0.469147652387619,
        "y": 0.7390261292457581,
        "z": 0.00015622055798303336
    },
    "landmark_27": {
        "x": 0.5485450029373169,
        "y": 0.8364266157150269,
        "z": 0.39583349227905273
    },
    "landmark_28": {
        "x": 0.44733110070228577,
        "y": 0.8436325192451477,
        "z": 0.3396453559398651
    },
    "landmark_29": {
        "x": 0.5400078892707825,
        "y": 0.8447406888008118,
        "z": 0.4212048053741455
    },
    "landmark_30": {
        "x": 0.4556703269481659,
        "y": 0.8535463213920593,
        "z": 0.3601449728012085
    },
    "landmark_31": {
        "x": 0.5515969395637512,
        "y": 0.8762724995613098,
        "z": 0.19086074829101562
    },
    "landmark_32": {
        "x": 0.44042694568634033,
        "y": 0.8831875920295715,
        "z": 0.11223393678665161
    }
}