{
    "landmark_0": {
        "x": 0.5559025406837463,
        "y": 0.37795114517211914,
        "z": -0.5817762613296509
    },
    "landmark_1": {
        "x": 0.5681803822517395,
        "y": 0.3671242594718933,
        "z": -0.5486734509468079
    },
    "landmark_2": {
        "x": 0.5749024152755737,
        "y": 0.36728325486183167,
        "z": -0.5487721562385559
    },
    "landmark_3": {
        "x": 0.5811339020729065,
        "y": 0.36761659383773804,
        "z": -0.5489051342010498
    },
    "landmark_4": {
        "x": 0.5468697547912598,
        "y": 0.36753490567207336,
        "z": -0.5364747643470764
    },
    "landmark_5": {
        "x": 0.5393303632736206,
        "y": 0.3679331839084625,
        "z": -0.5364440083503723
    },
    "landmark_6": {
        "x": 0.5318566560745239,
        "y": 0.3684966266155243,
        "z": -0.5363773703575134
    },
    "landmark_7": {
        "x": 0.5945298671722412,
        "y": 0.3733169138431549,
        "z": -0.34675806760787964
    },
    "landmark_8": {
        "x": 0.5263773202896118,
        "y": 0.37454953789711,
        "z": -0.2887949049472809
    },
    "landmark_9": {
        "x": 0.5710710287094116,
        "y": 0.3891697824001312,
        "z": -0.507091224193573
    },
    "landmark_10": {
        "x": 0.5426620244979858,
        "y": 0.3898266553878784,
        "z": -0.49041885137557983
    },
    "landmark_11": {
        "x": 0.6583716869354248,
        "y": 0.4265841543674469,
        "z": -0.30380362272262573
    },
    "landmark_12": {
        "x": 0.48644810914993286,
        "y": 0.43356743454933167,
        "z": -0.14999687671661377
    },
    "landmark_13": {
        "x": 0.7503140568733215,
        "y": 0.47296977043151855,
        "z": -0.5602871775627136
    },
    "landmark_14": {
        "x": 0.39653804898262024,
        "y": 0.4632924199104309,
        "z": -0.44279322028160095
    },
    "landmark_15": {
        "x": 0.6025734543800354,
        "y": 0.50071781873703,
        "z": -0.7981650233268738
    },
    "landmark_16": {
        "x": 0.422868549823761,
        "y": 0.38976937532424927,
        "z": -0.8499153852462769
    },
    "landmark_17": {
        "x": 0.5673606395721436,
        "y": 0.5165783762931824,
        "z": -0.8812539577484131
    },
    "landmark_18": {
        "x": 0.41765883564949036,
        "y": 0.3654560446739197,
        "z": -0.9485753178596497
    },
    "landmark_19": {
        "x": 0.5456849932670593,
        "y": 0.5102094411849976,
        "z": -0.861018180847168
    },
    "landmark_20": {
        "x": 0.426321804523468,
        "y": 0.3624509871006012,
        "z": -0.9262979030609131
    },
    "landmark_21": {
        "x": 0.5521533489227295,
        "y": 0.5058643221855164,
        "z": -0.7916584610939026
    },
    "landmark_22": {
        "x": 0.43469077348709106,
        "y": 0.3725946545600891,
        "z": -0.8560776710510254
    },
    "landmark_23": {
        "x": 0.6144671440124512,
        "y": 0.608173131942749,
        "z": -0.02359619364142418
    },
    "landmark_24": {
        "x": 0.5036439895629883,
        "y": 0.608457088470459,
        "z": 0.023605527356266975
    },
    "landmark_25": {
        "x": 0.6458346247673035,
        "y": 0.720533013343811,
        "z": -0.03070700354874134
    },
    "landmark_26": {
        "x": 0.4787604808807373,
        "y": 0.7218580842018127,
        "z": 0.0950450450181961
    },
    "landmark_27": {
        "x": 0.6462439298629761,
        "y": 0.8386353254318237,
        "z": 0.2079729437828064
    },
    "landmark_28": {
        "x": 0.5211762189865112,
        "y": 0.8257914781570435,
        "z": 0.46510663628578186
    },
    "landmark_29": {
        "x": 0.6270893216133118,
        "y": 0.8599085807800293,
        "z": 0.21740101277828217
    },
    "landmark_30": {
        "x": 0.5466058254241943,
        "y": 0.8390220403671265,
        "z": 0.48923835158348083
    },
    "landmark_31": {
        "x": 0.7264079451560974,
        "y": 0.8672779202461243,
        "z": -0.02172715589404106
    },
    "landmark_32": {
        "x": 0.48202788829803467,
        "y": 0.8671613931655884,
        "z": 0.2897771894931793
    }
}