{
    "landmark_0": {
        "x": 0.575321614742279,
        "y": 0.3790752589702606,
        "z": -0.48761677742004395
    },
    "landmark_1": {
        "x": 0.5875492095947266,
        "y": 0.36866819858551025,
        "z": -0.44285914301872253
    },
    "landmark_2": {
        "x": 0.5947540402412415,
        "y": 0.36912572383880615,
        "z": -0.44289907813072205
    },
    "landmark_3": {
        "x": 0.5995003581047058,
        "y": 0.36956560611724854,
        "z": -0.4429744780063629
    },
    "landmark_4": {
        "x": 0.5643044114112854,
        "y": 0.36834728717803955,
        "z": -0.4418695569038391
    },
    "landmark_5": {
        "x": 0.5570968389511108,
        "y": 0.36842235922813416,
        "z": -0.44187694787979126
    },
    "landmark_6": {
        "x": 0.5499076247215271,
        "y": 0.36872729659080505,
        "z": -0.4419298768043518
    },
    "landmark_7": {
        "x": 0.6106992959976196,
        "y": 0.3767489492893219,
        "z": -0.20708851516246796
    },
    "landmark_8": {
        "x": 0.5414782762527466,
        "y": 0.37565863132476807,
        "z": -0.20585839450359344
    },
    "landmark_9": {
        "x": 0.5888646245002747,
        "y": 0.39318710565567017,
        "z": -0.4022369086742401
    },
    "landmark_10": {
        "x": 0.5615320801734924,
        "y": 0.39339202642440796,
        "z": -0.4025377929210663
    },
    "landmark_11": {
        "x": 0.6660681366920471,
        "y": 0.4471682608127594,
        "z": -0.10308679193258286
    },
    "landmark_12": {
        "x": 0.4839940071105957,
        "y": 0.4445367455482483,
        "z": -0.0967189222574234
    },
    "landmark_13": {
        "x": 0.7509514093399048,
        "y": 0.48517584800720215,
        "z": -0.3655707538127899
    },
    "landmark_14": {
        "x": 0.38455745577812195,
        "y": 0.480405330657959,
        "z": -0.38139069080352783
    },
    "landmark_15": {
        "x": 0.6863359212875366,
        "y": 0.4100109040737152,
        "z": -0.6176202893257141
    },
    "landmark_16": {
        "x": 0.4594889283180237,
        "y": 0.44046053290367126,
        "z": -0.718854546546936
    },
    "landmark_17": {
        "x": 0.6654031276702881,
        "y": 0.39281710982322693,
        "z": -0.6778374910354614
    },
    "landmark_18": {
        "x": 0.49140486121177673,
        "y": 0.4321111738681793,
        "z": -0.7924168705940247
    },
    "landmark_19": {
        "x": 0.6585000157356262,
        "y": 0.38989925384521484,
        "z": -0.6351016759872437
    },
    "landmark_20": {
        "x": 0.4982697665691376,
        "y": 0.4311966300010681,
        "z": -0.75724196434021
    },
    "landmark_21": {
        "x": 0.660301685333252,
        "y": 0.39679646492004395,
        "z": -0.6062952280044556
    },
    "landmark_22": {
        "x": 0.48983874917030334,
        "y": 0.4350559115409851,
        "z": -0.7138708233833313
    },
    "landmark_23": {
        "x": 0.6086664199829102,
        "y": 0.614661693572998,
        "z": -0.02031845599412918
    },
    "landmark_24": {
        "x": 0.4972054362297058,
        "y": 0.6047148108482361,
        "z": 0.020474648103117943
    },
    "landmark_25": {
        "x": 0.5964825749397278,
        "y": 0.7321532368659973,
        "z": 0.082673579454422
    },
    "landmark_26": {
        "x": 0.429191917181015,
        "y": 0.7124260663986206,
        "z": -0.11076334863901138
    },
    "landmark_27": {
        "x": 0.5595507621765137,
        "y": 0.8299129605293274,
        "z": 0.3943072557449341
    },
    "landmark_28": {
        "x": 0.4070054888725281,
        "y": 0.8299465179443359,
        "z": 0.10858980566263199
    },
    "landmark_29": {
        "x": 0.5353895425796509,
        "y": 0.8447768092155457,
        "z": 0.4090336263179779
    },
    "landmark_30": {
        "x": 0.42708057165145874,
        "y": 0.856983482837677,
        "z": 0.11501190066337585
    },
    "landmark_31": {
        "x": 0.5950910449028015,
        "y": 0.8649495840072632,
        "z": 0.1848498284816742
    },
    "landmark_32": {
        "x": 0.3126137852668762,
        "y": 0.8447552919387817,
        "z": -0.1296936422586441
    }
}