{
    "landmark_0": {
        "x": 0.50958251953125,
        "y": 0.36160069704055786,
        "z": -0.4300384521484375
    },
    "landmark_1": {
        "x": 0.5230571031570435,
        "y": 0.35077595710754395,
        "z": -0.3912866711616516
    },
    "landmark_2": {
        "x": 0.5306057333946228,
        "y": 0.35109683871269226,
        "z": -0.3914051055908203
    },
    "landmark_3": {
        "x": 0.5369210243225098,
        "y": 0.35149505734443665,
        "z": -0.3914739489555359
    },
    "landmark_4": {
        "x": 0.499154269695282,
        "y": 0.3512730896472931,
        "z": -0.38108837604522705
    },
    "landmark_5": {
        "x": 0.49094218015670776,
        "y": 0.3519447147846222,
        "z": -0.38103124499320984
    },
    "landmark_6": {
        "x": 0.4838500916957855,
        "y": 0.3525937795639038,
        "z": -0.3809302747249603
    },
    "landmark_7": {
        "x": 0.5529063940048218,
        "y": 0.3580761253833771,
        "z": -0.19571749866008759
    },
    "landmark_8": {
        "x": 0.47949570417404175,
        "y": 0.3596026301383972,
        "z": -0.1437465250492096
    },
    "landmark_9": {
        "x": 0.5263261795043945,
        "y": 0.3741701543331146,
        "z": -0.3599286675453186
    },
    "landmark_10": {
        "x": 0.4968422055244446,
        "y": 0.37512606382369995,
        "z": -0.34500396251678467
    },
    "landmark_11": {
        "x": 0.6141387820243835,
        "y": 0.4138595461845398,
        "z": -0.232848659157753
    },
    "landmark_12": {
        "x": 0.4421885907649994,
        "y": 0.42542925477027893,
        "z": -0.07655585557222366
    },
    "landmark_13": {
        "x": 0.6798959970474243,
        "y": 0.43496793508529663,
        "z": -0.6672656536102295
    },
    "landmark_14": {
        "x": 0.3605763614177704,
        "y": 0.4312184453010559,
        "z": -0.5094946026802063
    },
    "landmark_15": {
        "x": 0.5386543869972229,
        "y": 0.447867214679718,
        "z": -0.9637426733970642
    },
    "landmark_16": {
        "x": 0.35684889554977417,
        "y": 0.34965428709983826,
        "z": -0.9561675190925598
    },
    "landmark_17": {
        "x": 0.49831056594848633,
        "y": 0.45571786165237427,
        "z": -1.056337833404541
    },
    "landmark_18": {
        "x": 0.356873482465744,
        "y": 0.32751724123954773,
        "z": -1.0596024990081787
    },
    "landmark_19": {
        "x": 0.4901335537433624,
        "y": 0.45393458008766174,
        "z": -1.0116949081420898
    },
    "landmark_20": {
        "x": 0.3615717887878418,
        "y": 0.3239509165287018,
        "z": -1.0306918621063232
    },
    "landmark_21": {
        "x": 0.5003610849380493,
        "y": 0.452892005443573,
        "z": -0.9537762403488159
    },
    "landmark_22": {
        "x": 0.3655889332294464,
        "y": 0.3327770233154297,
        "z": -0.9631377458572388
    },
    "landmark_23": {
        "x": 0.5827720165252686,
        "y": 0.587505578994751,
        "z": -0.03916623443365097
    },
    "landmark_24": {
        "x": 0.4749622046947479,
        "y": 0.5888499617576599,
        "z": 0.038878608494997025
    },
    "landmark_25": {
        "x": 0.5988832116127014,
        "y": 0.7075197696685791,
        "z": -0.09522661566734314
    },
    "landmark_26": {
        "x": 0.46603211760520935,
        "y": 0.7028555274009705,
        "z": -0.060203034430742264
    },
    "landmark_27": {
        "x": 0.6211712956428528,
        "y": 0.8196817636489868,
        "z": 0.15191377699375153
    },
    "landmark_28": {
        "x": 0.5132769346237183,
        "y": 0.8094156384468079,
        "z": 0.23479683697223663
    },
    "landmark_29": {
        "x": 0.6019824743270874,
        "y": 0.838097870349884,
        "z": 0.16078993678092957
    },
    "landmark_30": {
        "x": 0.5323377847671509,
        "y": 0.8203210830688477,
        "z": 0.25068652629852295
    },
    "landmark_31": {
        "x": 0.6657291054725647,
        "y": 0.8507317304611206,
        "z": -0.08531180769205093
    },
    "landmark_32": {
        "x": 0.4774632453918457,
        "y": 0.8519291877746582,
        "z": 0.03302064165472984
    }
}