{
    "landmark_0": {
        "x": 0.5051597356796265,
        "y": 0.3710778057575226,
        "z": -0.45028331875801086
    },
    "landmark_1": {
        "x": 0.5180920362472534,
        "y": 0.3607167899608612,
        "z": -0.4118766486644745
    },
    "landmark_2": {
        "x": 0.5257297158241272,
        "y": 0.3608012795448303,
        "z": -0.4120664894580841
    },
    "landmark_3": {
        "x": 0.5316805243492126,
        "y": 0.360979288816452,
        "z": -0.41220393776893616
    },
    "landmark_4": {
        "x": 0.49428319931030273,
        "y": 0.3615299165248871,
        "z": -0.4037257432937622
    },
    "landmark_5": {
        "x": 0.4863819181919098,
        "y": 0.3620430827140808,
        "z": -0.40366455912590027
    },
    "landmark_6": {
        "x": 0.4788120985031128,
        "y": 0.36268696188926697,
        "z": -0.40357014536857605
    },
    "landmark_7": {
        "x": 0.5453581213951111,
        "y": 0.366792768239975,
        "z": -0.2060793936252594
    },
    "landmark_8": {
        "x": 0.4739985466003418,
        "y": 0.3684915006160736,
        "z": -0.16515955328941345
    },
    "landmark_9": {
        "x": 0.5221421718597412,
        "y": 0.3837924599647522,
        "z": -0.37472060322761536
    },
    "landmark_10": {
        "x": 0.49378398060798645,
        "y": 0.3852596879005432,
        "z": -0.3630354702472687
    },
    "landmark_11": {
        "x": 0.6062445044517517,
        "y": 0.4209980368614197,
        "z": -0.23269838094711304
    },
    "landmark_12": {
        "x": 0.4367365837097168,
        "y": 0.4337759017944336,
        "z": -0.08695274591445923
    },
    "landmark_13": {
        "x": 0.6600134372711182,
        "y": 0.4500444531440735,
        "z": -0.6486549377441406
    },
    "landmark_14": {
        "x": 0.3641299903392792,
        "y": 0.43756967782974243,
        "z": -0.5207503437995911
    },
    "landmark_15": {
        "x": 0.5209126472473145,
        "y": 0.4633427560329437,
        "z": -0.9552487134933472
    },
    "landmark_16": {
        "x": 0.3610280752182007,
        "y": 0.3594639003276825,
        "z": -0.9890049695968628
    },
    "landmark_17": {
        "x": 0.48125725984573364,
        "y": 0.47165384888648987,
        "z": -1.0535904169082642
    },
    "landmark_18": {
        "x": 0.36116135120391846,
        "y": 0.33805084228515625,
        "z": -1.090107798576355
    },
    "landmark_19": {
        "x": 0.47340065240859985,
        "y": 0.4695611894130707,
        "z": -1.0169533491134644
    },
    "landmark_20": {
        "x": 0.3656874895095825,
        "y": 0.3356119990348816,
        "z": -1.0721312761306763
    },
    "landmark_21": {
        "x": 0.48245999217033386,
        "y": 0.4675472676753998,
        "z": -0.9482520818710327
    },
    "landmark_22": {
        "x": 0.3692736029624939,
        "y": 0.34310832619667053,
        "z": -1.0000040531158447
    },
    "landmark_23": {
        "x": 0.5818343758583069,
        "y": 0.5957897305488586,
        "z": -0.03391392156481743
    },
    "landmark_24": {
        "x": 0.4734674096107483,
        "y": 0.5987122058868408,
        "z": 0.033813733607530594
    },
    "landmark_25": {
        "x": 0.6064192652702332,
        "y": 0.7130944728851318,
        "z": -0.07691407948732376
    },
    "landmark_26": {
        "x": 0.47634780406951904,
        "y": 0.714905321598053,
        "z": 0.05084243416786194
    },
    "landmark_27": {
        "x": 0.6295710802078247,
        "y": 0.8282936215400696,
        "z": 0.13937149941921234
    },
    "landmark_28": {
        "x": 0.520719051361084,
        "y": 0.8156865239143372,
        "z": 0.33833667635917664
    },
    "landmark_29": {
        "x": 0.6129558682441711,
        "y": 0.8507822751998901,
        "z": 0.14514504373073578
    },
    "landmark_30": {
        "x": 0.5427236557006836,
        "y": 0.8284934163093567,
        "z": 0.35210442543029785
    },
    "landmark_31": {
        "x": 0.6945421099662781,
        "y": 0.8498839139938354,
        "z": -0.08527280390262604
    },
    "landmark_32": {
        "x": 0.48239579796791077,
        "y": 0.8506439328193665,
        "z": 0.1410502940416336
    }
}