{
    "landmark_0": {
        "x": 0.42972296476364136,
        "y": 0.3681904077529907,
        "z": -0.5589795708656311
    },
    "landmark_1": {
        "x": 0.45180660486221313,
        "y": 0.35100996494293213,
        "z": -0.5499582290649414
    },
    "landmark_2": {
        "x": 0.4638668894767761,
        "y": 0.3507944941520691,
        "z": -0.5499424934387207
    },
    "landmark_3": {
        "x": 0.4762975871562958,
        "y": 0.3508632481098175,
        "z": -0.5499882102012634
    },
    "landmark_4": {
        "x": 0.4271703064441681,
        "y": 0.3511130213737488,
        "z": -0.5275734663009644
    },
    "landmark_5": {
        "x": 0.4213337004184723,
        "y": 0.35100558400154114,
        "z": -0.5275236368179321
    },
    "landmark_6": {
        "x": 0.4168747067451477,
        "y": 0.3507370948791504,
        "z": -0.5277231335639954
    },
    "landmark_7": {
        "x": 0.5054415464401245,
        "y": 0.3577732443809509,
        "z": -0.4081185758113861
    },
    "landmark_8": {
        "x": 0.42748159170150757,
        "y": 0.3559582531452179,
        "z": -0.3087177872657776
    },
    "landmark_9": {
        "x": 0.4553786814212799,
        "y": 0.3856199383735657,
        "z": -0.5011560320854187
    },
    "landmark_10": {
        "x": 0.42447230219841003,
        "y": 0.38463884592056274,
        "z": -0.47226381301879883
    },
    "landmark_11": {
        "x": 0.6088817715644836,
        "y": 0.4567038416862488,
        "z": -0.2969090938568115
    },
    "landmark_12": {
        "x": 0.3497844934463501,
        "y": 0.44498372077941895,
        "z": -0.1803455948829651
    },
    "landmark_13": {
        "x": 0.6748173832893372,
        "y": 0.5606830716133118,
        "z": -0.17295965552330017
    },
    "landmark_14": {
        "x": 0.29148155450820923,
        "y": 0.5473117828369141,
        "z": -0.05565877631306648
    },
    "landmark_15": {
        "x": 0.7040563225746155,
        "y": 0.6654399633407593,
        "z": -0.3113173544406891
    },
    "landmark_16": {
        "x": 0.2970064580440521,
        "y": 0.6487894654273987,
        "z": -0.2041616290807724
    },
    "landmark_17": {
        "x": 0.7192105054855347,
        "y": 0.6973802447319031,
        "z": -0.3639155626296997
    },
    "landmark_18": {
        "x": 0.2941076159477234,
        "y": 0.6846926212310791,
        "z": -0.2498881220817566
    },
    "landmark_19": {
        "x": 0.7072445154190063,
        "y": 0.6963130235671997,
        "z": -0.4373547434806824
    },
    "landmark_20": {
        "x": 0.31369543075561523,
        "y": 0.6819149255752563,
        "z": -0.32668983936309814
    },
    "landmark_21": {
        "x": 0.6985346078872681,
        "y": 0.6889000535011292,
        "z": -0.34015989303588867
    },
    "landmark_22": {
        "x": 0.32085683941841125,
        "y": 0.6711943745613098,
        "z": -0.2392418384552002
    },
    "landmark_23": {
        "x": 0.5311240553855896,
        "y": 0.6746681928634644,
        "z": -0.02596488781273365
    },
    "landmark_24": {
        "x": 0.3962462544441223,
        "y": 0.6701079607009888,
        "z": 0.025887684896588326
    },
    "landmark_25": {
        "x": 0.5103856325149536,
        "y": 0.8343497514724731,
        "z": 0.019048567861318588
    },
    "landmark_26": {
        "x": 0.43536829948425293,
        "y": 0.8185113072395325,
        "z": 0.1557815819978714
    },
    "landmark_27": {
        "x": 0.5255569815635681,
        "y": 0.9526711702346802,
        "z": 0.43840447068214417
    },
    "landmark_28": {
        "x": 0.48522505164146423,
        "y": 0.9290077090263367,
        "z": 0.5800018906593323
    },
    "landmark_29": {
        "x": 0.5240905284881592,
        "y": 0.9712904095649719,
        "z": 0.4654969871044159
    },
    "landmark_30": {
        "x": 0.5014604926109314,
        "y": 0.938266932964325,
        "z": 0.6122049689292908
    },
    "landmark_31": {
        "x": 0.5124224424362183,
        "y": 1.0211554765701294,
        "z": 0.22367945313453674
    },
    "landmark_32": {
        "x": 0.4541078209877014,
        "y": 0.9806574583053589,
        "z": 0.3966419994831085
    }
}