{
    "landmark_0": {
        "x": 0.5244935750961304,
        "y": 0.4025997519493103,
        "z": -0.4128897488117218
    },
    "landmark_1": {
        "x": 0.5380979776382446,
        "y": 0.39392560720443726,
        "z": -0.3712215721607208
    },
    "landmark_2": {
        "x": 0.5456376075744629,
        "y": 0.3950151801109314,
        "z": -0.37123337388038635
    },
    "landmark_3": {
        "x": 0.5506303906440735,
        "y": 0.39600467681884766,
        "z": -0.3711998760700226
    },
    "landmark_4": {
        "x": 0.5167597532272339,
        "y": 0.392323762178421,
        "z": -0.3746504485607147
    },
    "landmark_5": {
        "x": 0.5097823143005371,
        "y": 0.39218997955322266,
        "z": -0.37468597292900085
    },
    "landmark_6": {
        "x": 0.5027780532836914,
        "y": 0.3921110928058624,
        "z": -0.3747849464416504
    },
    "landmark_7": {
        "x": 0.5600765347480774,
        "y": 0.4032357633113861,
        "z": -0.13129176199436188
    },
    "landmark_8": {
        "x": 0.4941490888595581,
        "y": 0.3992575705051422,
        "z": -0.1515883058309555
    },
    "landmark_9": {
        "x": 0.5367406010627747,
        "y": 0.4167425036430359,
        "z": -0.32340604066848755
    },
    "landmark_10": {
        "x": 0.51046222448349,
        "y": 0.41511401534080505,
        "z": -0.32945895195007324
    },
    "landmark_11": {
        "x": 0.5985594391822815,
        "y": 0.46740850806236267,
        "z": 0.004894713405519724
    },
    "landmark_12": {
        "x": 0.4338305592536926,
        "y": 0.4568632245063782,
        "z": -0.07702955603599548
    },
    "landmark_13": {
        "x": 0.6690356731414795,
        "y": 0.5064699053764343,
        "z": -0.26160162687301636
    },
    "landmark_14": {
        "x": 0.3588762879371643,
        "y": 0.5122340321540833,
        "z": -0.29582273960113525
    },
    "landmark_15": {
        "x": 0.6643608212471008,
        "y": 0.4410375654697418,
        "z": -0.636873722076416
    },
    "landmark_16": {
        "x": 0.48952946066856384,
        "y": 0.5298762321472168,
        "z": -0.5750611424446106
    },
    "landmark_17": {
        "x": 0.66275954246521,
        "y": 0.4222298264503479,
        "z": -0.7205774188041687
    },
    "landmark_18": {
        "x": 0.5280916690826416,
        "y": 0.5388578772544861,
        "z": -0.6441943645477295
    },
    "landmark_19": {
        "x": 0.6580145955085754,
        "y": 0.41731253266334534,
        "z": -0.7015925049781799
    },
    "landmark_20": {
        "x": 0.5408687591552734,
        "y": 0.5322436690330505,
        "z": -0.6285474300384521
    },
    "landmark_21": {
        "x": 0.653969943523407,
        "y": 0.4242967665195465,
        "z": -0.6412927508354187
    },
    "landmark_22": {
        "x": 0.531326949596405,
        "y": 0.5291065573692322,
        "z": -0.5708836317062378
    },
    "landmark_23": {
        "x": 0.5468686819076538,
        "y": 0.6330131888389587,
        "z": 0.005590800661593676
    },
    "landmark_24": {
        "x": 0.4390277564525604,
        "y": 0.625648021697998,
        "z": -0.005292384419590235
    },
    "landmark_25": {
        "x": 0.5286809802055359,
        "y": 0.7368787527084351,
        "z": -0.08041852712631226
    },
    "landmark_26": {
        "x": 0.36343827843666077,
        "y": 0.7285858988761902,
        "z": -0.28946322202682495
    },
    "landmark_27": {
        "x": 0.4645012617111206,
        "y": 0.8341315984725952,
        "z": 0.10941818356513977
    },
    "landmark_28": {
        "x": 0.28209516406059265,
        "y": 0.8471502065658569,
        "z": -0.20902979373931885
    },
    "landmark_29": {
        "x": 0.43819400668144226,
        "y": 0.8491442799568176,
        "z": 0.1127995103597641
    },
    "landmark_30": {
        "x": 0.27818596363067627,
        "y": 0.8777428865432739,
        "z": -0.2162124216556549
    },
    "landmark_31": {
        "x": 0.5117716789245605,
        "y": 0.8669785261154175,
        "z": -0.1192755252122879
    },
    "landmark_32": {
        "x": 0.1815914362668991,
        "y": 0.8356073498725891,
        "z": -0.47976797819137573
    }
}