{
    "landmark_0": {
        "x": 0.58039391040802,
        "y": 0.38894277811050415,
        "z": -0.47065281867980957
    },
    "landmark_1": {
        "x": 0.592107892036438,
        "y": 0.379888117313385,
        "z": -0.42372816801071167
    },
    "landmark_2": {
        "x": 0.6007810235023499,
        "y": 0.3803234398365021,
        "z": -0.42371857166290283
    },
    "landmark_3": {
        "x": 0.606697678565979,
        "y": 0.38102295994758606,
        "z": -0.42373916506767273
    },
    "landmark_4": {
        "x": 0.5696195960044861,
        "y": 0.3797002136707306,
        "z": -0.4263511598110199
    },
    "landmark_5": {
        "x": 0.5633368492126465,
        "y": 0.3802197277545929,
        "z": -0.42634323239326477
    },
    "landmark_6": {
        "x": 0.555474579334259,
        "y": 0.3807429075241089,
        "z": -0.4263923168182373
    },
    "landmark_7": {
        "x": 0.6149914860725403,
        "y": 0.38758283853530884,
        "z": -0.16548274457454681
    },
    "landmark_8": {
        "x": 0.5468725562095642,
        "y": 0.3869360089302063,
        "z": -0.18286380171775818
    },
    "landmark_9": {
        "x": 0.5949425101280212,
        "y": 0.40391355752944946,
        "z": -0.3752395510673523
    },
    "landmark_10": {
        "x": 0.5677868723869324,
        "y": 0.4032973349094391,
        "z": -0.380566269159317
    },
    "landmark_11": {
        "x": 0.6693901419639587,
        "y": 0.4581168293952942,
        "z": -0.030408252030611038
    },
    "landmark_12": {
        "x": 0.48641353845596313,
        "y": 0.45062941312789917,
        "z": -0.09802067279815674
    },
    "landmark_13": {
        "x": 0.748734176158905,
        "y": 0.5028620958328247,
        "z": -0.31312987208366394
    },
    "landmark_14": {
        "x": 0.396199107170105,
        "y": 0.4976758360862732,
        "z": -0.41890713572502136
    },
    "landmark_15": {
        "x": 0.7202844619750977,
        "y": 0.42208385467529297,
        "z": -0.6626495122909546
    },
    "landmark_16": {
        "x": 0.5119779706001282,
        "y": 0.4772387444972992,
        "z": -0.7883998155593872
    },
    "landmark_17": {
        "x": 0.7078019976615906,
        "y": 0.398616760969162,
        "z": -0.7410761713981628
    },
    "landmark_18": {
        "x": 0.5516146421432495,
        "y": 0.47725504636764526,
        "z": -0.8697224855422974
    },
    "landmark_19": {
        "x": 0.7039074301719666,
        "y": 0.39550626277923584,
        "z": -0.7132847905158997
    },
    "landmark_20": {
        "x": 0.5659529566764832,
        "y": 0.4751647114753723,
        "z": -0.8357505798339844
    },
    "landmark_21": {
        "x": 0.70258629322052,
        "y": 0.4029100835323334,
        "z": -0.6610212922096252
    },
    "landmark_22": {
        "x": 0.5553244948387146,
        "y": 0.47503119707107544,
        "z": -0.7813971638679504
    },
    "landmark_23": {
        "x": 0.6119728684425354,
        "y": 0.624713659286499,
        "z": 0.0006018832791596651
    },
    "landmark_24": {
        "x": 0.4996876120567322,
        "y": 0.616139829158783,
        "z": -0.0002593534882180393
    },
    "landmark_25": {
        "x": 0.6036321520805359,
        "y": 0.7328371405601501,
        "z": 0.09734455496072769
    },
    "landmark_26": {
        "x": 0.4252776801586151,
        "y": 0.7242593169212341,
        "z": -0.09175492078065872
    },
    "landmark_27": {
        "x": 0.557242751121521,
        "y": 0.8307000398635864,
        "z": 0.4172285199165344
    },
    "landmark_28": {
        "x": 0.3874753415584564,
        "y": 0.8415231704711914,
        "z": 0.13123367726802826
    },
    "landmark_29": {
        "x": 0.5297843813896179,
        "y": 0.8474090695381165,
        "z": 0.43182510137557983
    },
    "landmark_30": {
        "x": 0.4052502512931824,
        "y": 0.8667036294937134,
        "z": 0.1362946778535843
    },
    "landmark_31": {
        "x": 0.5982787609100342,
        "y": 0.8657771348953247,
        "z": 0.20144802331924438
    },
    "landmark_32": {
        "x": 0.28723981976509094,
        "y": 0.8483216166496277,
        "z": -0.12254396826028824
    }
}