{
    "landmark_0": {
        "x": 0.6454764604568481,
        "y": 0.40471142530441284,
        "z": -0.3965996503829956
    },
    "landmark_1": {
        "x": 0.661793053150177,
        "y": 0.3955481946468353,
        "z": -0.35295265913009644
    },
    "landmark_2": {
        "x": 0.6682303547859192,
        "y": 0.3962119221687317,
        "z": -0.3529476225376129
    },
    "landmark_3": {
        "x": 0.6746240854263306,
        "y": 0.39717021584510803,
        "z": -0.35298365354537964
    },
    "landmark_4": {
        "x": 0.6388392448425293,
        "y": 0.3940791189670563,
        "z": -0.35295549035072327
    },
    "landmark_5": {
        "x": 0.6308166980743408,
        "y": 0.39399704337120056,
        "z": -0.35293442010879517
    },
    "landmark_6": {
        "x": 0.6240402460098267,
        "y": 0.39444732666015625,
        "z": -0.35294029116630554
    },
    "landmark_7": {
        "x": 0.686631977558136,
        "y": 0.4050871431827545,
        "z": -0.10746617615222931
    },
    "landmark_8": {
        "x": 0.6153377890586853,
        "y": 0.4005194306373596,
        "z": -0.11129620671272278
    },
    "landmark_9": {
        "x": 0.6581628918647766,
        "y": 0.4204086363315582,
        "z": -0.30550530552864075
    },
    "landmark_10": {
        "x": 0.6303344368934631,
        "y": 0.41787511110305786,
        "z": -0.30690985918045044
    },
    "landmark_11": {
        "x": 0.7239445447921753,
        "y": 0.4839569926261902,
        "z": 0.0239464920014143
    },
    "landmark_12": {
        "x": 0.5422598719596863,
        "y": 0.46341472864151,
        "z": -0.04161005839705467
    },
    "landmark_13": {
        "x": 0.7667127251625061,
        "y": 0.5396962761878967,
        "z": -0.2795100510120392
    },
    "landmark_14": {
        "x": 0.4529114067554474,
        "y": 0.5206958055496216,
        "z": -0.32828307151794434
    },
    "landmark_15": {
        "x": 0.7694379091262817,
        "y": 0.45540493726730347,
        "z": -0.7030758261680603
    },
    "landmark_16": {
        "x": 0.5781550407409668,
        "y": 0.5152990221977234,
        "z": -0.6799088716506958
    },
    "landmark_17": {
        "x": 0.7671295404434204,
        "y": 0.4340452253818512,
        "z": -0.7955201268196106
    },
    "landmark_18": {
        "x": 0.6185364723205566,
        "y": 0.5222359299659729,
        "z": -0.7568418979644775
    },
    "landmark_19": {
        "x": 0.7651906609535217,
        "y": 0.4278946816921234,
        "z": -0.7661798000335693
    },
    "landmark_20": {
        "x": 0.6346918344497681,
        "y": 0.5175880789756775,
        "z": -0.7283536195755005
    },
    "landmark_21": {
        "x": 0.7606121301651001,
        "y": 0.43586045503616333,
        "z": -0.703318178653717
    },
    "landmark_22": {
        "x": 0.6264484524726868,
        "y": 0.5148797035217285,
        "z": -0.6734492182731628
    },
    "landmark_23": {
        "x": 0.6444384455680847,
        "y": 0.645751953125,
        "z": 0.010079189203679562
    },
    "landmark_24": {
        "x": 0.5301687121391296,
        "y": 0.6397503614425659,
        "z": -0.009966954588890076
    },
    "landmark_25": {
        "x": 0.6838399767875671,
        "y": 0.7441529631614685,
        "z": -0.29261285066604614
    },
    "landmark_26": {
        "x": 0.4459293484687805,
        "y": 0.7515690326690674,
        "z": -0.1498727798461914
    },
    "landmark_27": {
        "x": 0.6339224576950073,
        "y": 0.8479493856430054,
        "z": 0.02075044810771942
    },
    "landmark_28": {
        "x": 0.3783618211746216,
        "y": 0.8606497049331665,
        "z": 0.0946965292096138
    },
    "landmark_29": {
        "x": 0.6018134355545044,
        "y": 0.861308217048645,
        "z": 0.0387718565762043
    },
    "landmark_30": {
        "x": 0.39052173495292664,
        "y": 0.8839411735534668,
        "z": 0.10265064984560013
    },
    "landmark_31": {
        "x": 0.6868728399276733,
        "y": 0.8879802823066711,
        "z": -0.19216999411582947
    },
    "landmark_32": {
        "x": 0.28623107075691223,
        "y": 0.880799412727356,
        "z": -0.14406846463680267
    }
}