{
    "landmark_0": {
        "x": 0.5564042329788208,
        "y": 0.3984389007091522,
        "z": -0.5792750716209412
    },
    "landmark_1": {
        "x": 0.5722607374191284,
        "y": 0.38711172342300415,
        "z": -0.5505114197731018
    },
    "landmark_2": {
        "x": 0.5803005695343018,
        "y": 0.3876536190509796,
        "z": -0.550571084022522
    },
    "landmark_3": {
        "x": 0.5858519077301025,
        "y": 0.38829225301742554,
        "z": -0.550586462020874
    },
    "landmark_4": {
        "x": 0.5493424534797668,
        "y": 0.38590049743652344,
        "z": -0.5523995161056519
    },
    "landmark_5": {
        "x": 0.5418065786361694,
        "y": 0.38534101843833923,
        "z": -0.5524218082427979
    },
    "landmark_6": {
        "x": 0.5349799394607544,
        "y": 0.3849414885044098,
        "z": -0.552442729473114
    },
    "landmark_7": {
        "x": 0.597572386264801,
        "y": 0.39224162697792053,
        "z": -0.3415428400039673
    },
    "landmark_8": {
        "x": 0.5280909538269043,
        "y": 0.3887937068939209,
        "z": -0.34967195987701416
    },
    "landmark_9": {
        "x": 0.571021318435669,
        "y": 0.41138869524002075,
        "z": -0.4969642758369446
    },
    "landmark_10": {
        "x": 0.5421991348266602,
        "y": 0.4102359414100647,
        "z": -0.49941858649253845
    },
    "landmark_11": {
        "x": 0.6546882390975952,
        "y": 0.46006783843040466,
        "z": -0.19192764163017273
    },
    "landmark_12": {
        "x": 0.4551306962966919,
        "y": 0.4546889662742615,
        "z": -0.18074940145015717
    },
    "landmark_13": {
        "x": 0.697425901889801,
        "y": 0.5372167825698853,
        "z": -0.07042604684829712
    },
    "landmark_14": {
        "x": 0.41482606530189514,
        "y": 0.5310280323028564,
        "z": -0.07885119318962097
    },
    "landmark_15": {
        "x": 0.7007689476013184,
        "y": 0.6078066229820251,
        "z": -0.24902091920375824
    },
    "landmark_16": {
        "x": 0.4155693054199219,
        "y": 0.5996347665786743,
        "z": -0.25240594148635864
    },
    "landmark_17": {
        "x": 0.7065788507461548,
        "y": 0.6314415335655212,
        "z": -0.3029303550720215
    },
    "landmark_18": {
        "x": 0.4100641906261444,
        "y": 0.625831663608551,
        "z": -0.3072468638420105
    },
    "landmark_19": {
        "x": 0.696333646774292,
        "y": 0.6309412717819214,
        "z": -0.3720085024833679
    },
    "landmark_20": {
        "x": 0.42389434576034546,
        "y": 0.6233760714530945,
        "z": -0.3759913146495819
    },
    "landmark_21": {
        "x": 0.6892372965812683,
        "y": 0.6221007704734802,
        "z": -0.27792614698410034
    },
    "landmark_22": {
        "x": 0.43039655685424805,
        "y": 0.6141305565834045,
        "z": -0.28316718339920044
    },
    "landmark_23": {
        "x": 0.5973305702209473,
        "y": 0.6272944211959839,
        "z": -0.010344882495701313
    },
    "landmark_24": {
        "x": 0.48035290837287903,
        "y": 0.6225507259368896,
        "z": 0.010293212719261646
    },
    "landmark_25": {
        "x": 0.5770596861839294,
        "y": 0.746276319026947,
        "z": -0.016836050897836685
    },
    "landmark_26": {
        "x": 0.4592704772949219,
        "y": 0.7375284433364868,
        "z": 0.020225444808602333
    },
    "landmark_27": {
        "x": 0.5499969124794006,
        "y": 0.8374360799789429,
        "z": 0.3653121590614319
    },
    "landmark_28": {
        "x": 0.45105433464050293,
        "y": 0.8336045145988464,
        "z": 0.3671724200248718
    },
    "landmark_29": {
        "x": 0.540793776512146,
        "y": 0.8471468687057495,
        "z": 0.38730552792549133
    },
    "landmark_30": {
        "x": 0.4651336967945099,
        "y": 0.8458371162414551,
        "z": 0.3873419165611267
    },
    "landmark_31": {
        "x": 0.5539106130599976,
        "y": 0.8764397501945496,
        "z": 0.15461896359920502
    },
    "landmark_32": {
        "x": 0.4141390919685364,
        "y": 0.865352988243103,
        "z": 0.15966738760471344
    }
}