{
    "landmark_0": {
        "x": 0.45372721552848816,
        "y": 0.4164976179599762,
        "z": -0.4289703667163849
    },
    "landmark_1": {
        "x": 0.46448490023612976,
        "y": 0.4063844680786133,
        "z": -0.391436904668808
    },
    "landmark_2": {
        "x": 0.47102105617523193,
        "y": 0.4068077504634857,
        "z": -0.391539603471756
    },
    "landmark_3": {
        "x": 0.47758400440216064,
        "y": 0.4073544144630432,
        "z": -0.39154574275016785
    },
    "landmark_4": {
        "x": 0.4419918954372406,
        "y": 0.40582475066185,
        "z": -0.3924649655818939
    },
    "landmark_5": {
        "x": 0.43475836515426636,
        "y": 0.4060298502445221,
        "z": -0.3924940824508667
    },
    "landmark_6": {
        "x": 0.42845743894577026,
        "y": 0.406413733959198,
        "z": -0.39253443479537964
    },
    "landmark_7": {
        "x": 0.48808589577674866,
        "y": 0.41269057989120483,
        "z": -0.17484049499034882
    },
    "landmark_8": {
        "x": 0.4224289357662201,
        "y": 0.4131353497505188,
        "z": -0.1779036819934845
    },
    "landmark_9": {
        "x": 0.4677348732948303,
        "y": 0.4286860525608063,
        "z": -0.3470490574836731
    },
    "landmark_10": {
        "x": 0.44226714968681335,
        "y": 0.42889755964279175,
        "z": -0.3482794761657715
    },
    "landmark_11": {
        "x": 0.5386348366737366,
        "y": 0.4715281128883362,
        "z": -0.11188971996307373
    },
    "landmark_12": {
        "x": 0.3696286082267761,
        "y": 0.4839983582496643,
        "z": -0.1239161416888237
    },
    "landmark_13": {
        "x": 0.5852237343788147,
        "y": 0.47485390305519104,
        "z": -0.49097907543182373
    },
    "landmark_14": {
        "x": 0.34437859058380127,
        "y": 0.5583149194717407,
        "z": -0.4433117210865021
    },
    "landmark_15": {
        "x": 0.5073838233947754,
        "y": 0.41152483224868774,
        "z": -0.8695307374000549
    },
    "landmark_16": {
        "x": 0.42514747381210327,
        "y": 0.5308789014816284,
        "z": -0.7963724136352539
    },
    "landmark_17": {
        "x": 0.48079192638397217,
        "y": 0.39251840114593506,
        "z": -0.9598237872123718
    },
    "landmark_18": {
        "x": 0.4601767659187317,
        "y": 0.5302975177764893,
        "z": -0.8741296529769897
    },
    "landmark_19": {
        "x": 0.48023277521133423,
        "y": 0.3918856978416443,
        "z": -0.9213759303092957
    },
    "landmark_20": {
        "x": 0.46558016538619995,
        "y": 0.5194295048713684,
        "z": -0.8483322262763977
    },
    "landmark_21": {
        "x": 0.4870698153972626,
        "y": 0.3991621434688568,
        "z": -0.8665936589241028
    },
    "landmark_22": {
        "x": 0.4557708203792572,
        "y": 0.519382119178772,
        "z": -0.7916815876960754
    },
    "landmark_23": {
        "x": 0.518149197101593,
        "y": 0.6339616179466248,
        "z": -0.026771418750286102
    },
    "landmark_24": {
        "x": 0.40825381875038147,
        "y": 0.638017475605011,
        "z": 0.026694366708397865
    },
    "landmark_25": {
        "x": 0.5667805671691895,
        "y": 0.7512655258178711,
        "z": -0.16051462292671204
    },
    "landmark_26": {
        "x": 0.39577504992485046,
        "y": 0.7485578060150146,
        "z": 0.17404596507549286
    },
    "landmark_27": {
        "x": 0.6309785842895508,
        "y": 0.8677800893783569,
        "z": -0.06367906183004379
    },
    "landmark_28": {
        "x": 0.45223644375801086,
        "y": 0.8367568850517273,
        "z": 0.5702304244041443
    },
    "landmark_29": {
        "x": 0.6285029053688049,
        "y": 0.8968709707260132,
        "z": -0.06965979188680649
    },
    "landmark_30": {
        "x": 0.4827796220779419,
        "y": 0.852268397808075,
        "z": 0.5987147092819214
    },
    "landmark_31": {
        "x": 0.7070796489715576,
        "y": 0.868261992931366,
        "z": -0.3049609363079071
    },
    "landmark_32": {
        "x": 0.4157792925834656,
        "y": 0.8687621355056763,
        "z": 0.4149993360042572
    }
}