{
    "landmark_0": {
        "x": 0.4541281759738922,
        "y": 0.41663217544555664,
        "z": -0.43454182147979736
    },
    "landmark_1": {
        "x": 0.4648800790309906,
        "y": 0.4063812792301178,
        "z": -0.3970274329185486
    },
    "landmark_2": {
        "x": 0.47133609652519226,
        "y": 0.40679603815078735,
        "z": -0.3971271812915802
    },
    "landmark_3": {
        "x": 0.47800904512405396,
        "y": 0.407357782125473,
        "z": -0.39713233709335327
    },
    "landmark_4": {
        "x": 0.44234979152679443,
        "y": 0.40588468313217163,
        "z": -0.3979954123497009
    },
    "landmark_5": {
        "x": 0.4349493384361267,
        "y": 0.4061151146888733,
        "z": -0.39802658557891846
    },
    "landmark_6": {
        "x": 0.42861229181289673,
        "y": 0.4065515398979187,
        "z": -0.3980650305747986
    },
    "landmark_7": {
        "x": 0.4882974922657013,
        "y": 0.4127019941806793,
        "z": -0.18008552491664886
    },
    "landmark_8": {
        "x": 0.42222756147384644,
        "y": 0.4132608473300934,
        "z": -0.18293872475624084
    },
    "landmark_9": {
        "x": 0.4679785370826721,
        "y": 0.4288054406642914,
        "z": -0.35245832800865173
    },
    "landmark_10": {
        "x": 0.4424000084400177,
        "y": 0.42909082770347595,
        "z": -0.35362884402275085
    },
    "landmark_11": {
        "x": 0.5385628938674927,
        "y": 0.4718426764011383,
        "z": -0.11687303334474564
    },
    "landmark_12": {
        "x": 0.3697623908519745,
        "y": 0.4841214120388031,
        "z": -0.12887102365493774
    },
    "landmark_13": {
        "x": 0.5848897695541382,
        "y": 0.4747481346130371,
        "z": -0.49740442633628845
    },
    "landmark_14": {
        "x": 0.3444446921348572,
        "y": 0.5582589507102966,
        "z": -0.44878822565078735
    },
    "landmark_15": {
        "x": 0.5070250034332275,
        "y": 0.4109162390232086,
        "z": -0.8766979575157166
    },
    "landmark_16": {
        "x": 0.42565837502479553,
        "y": 0.5308187007904053,
        "z": -0.802796483039856
    },
    "landmark_17": {
        "x": 0.48007360100746155,
        "y": 0.39170312881469727,
        "z": -0.9674002528190613
    },
    "landmark_18": {
        "x": 0.46051278710365295,
        "y": 0.5302793383598328,
        "z": -0.8806222677230835
    },
    "landmark_19": {
        "x": 0.4795825183391571,
        "y": 0.3910481631755829,
        "z": -0.9287886023521423
    },
    "landmark_20": {
        "x": 0.4660396873950958,
        "y": 0.5194117426872253,
        "z": -0.8550867438316345
    },
    "landmark_21": {
        "x": 0.4866695702075958,
        "y": 0.39833125472068787,
        "z": -0.8737601637840271
    },
    "landmark_22": {
        "x": 0.4562894105911255,
        "y": 0.5193813443183899,
        "z": -0.7982032895088196
    },
    "landmark_23": {
        "x": 0.5182368159294128,
        "y": 0.6341366767883301,
        "z": -0.026799354702234268
    },
    "landmark_24": {
        "x": 0.40816715359687805,
        "y": 0.6381274461746216,
        "z": 0.0267162062227726
    },
    "landmark_25": {
        "x": 0.5667030811309814,
        "y": 0.7514165639877319,
        "z": -0.1631864309310913
    },
    "landmark_26": {
        "x": 0.39564627408981323,
        "y": 0.7483971118927002,
        "z": 0.1737876981496811
    },
    "landmark_27": {
        "x": 0.6307139992713928,
        "y": 0.867667019367218,
        "z": -0.06729663163423538
    },
    "landmark_28": {
        "x": 0.451702743768692,
        "y": 0.8363868594169617,
        "z": 0.5735774040222168
    },
    "landmark_29": {
        "x": 0.6284239888191223,
        "y": 0.8969806432723999,
        "z": -0.07345478981733322
    },
    "landmark_30": {
        "x": 0.48188430070877075,
        "y": 0.8521350622177124,
        "z": 0.6024476885795593
    },
    "landmark_31": {
        "x": 0.7065677642822266,
        "y": 0.8682487607002258,
        "z": -0.31027817726135254
    },
    "landmark_32": {
        "x": 0.41635844111442566,
        "y": 0.8683303594589233,
        "z": 0.41809070110321045
    }
}