{
    "landmark_0": {
        "x": 0.528547465801239,
        "y": 0.4105193018913269,
        "z": -0.34650570154190063
    },
    "landmark_1": {
        "x": 0.540631115436554,
        "y": 0.40155521035194397,
        "z": -0.31596189737319946
    },
    "landmark_2": {
        "x": 0.5481423139572144,
        "y": 0.40179771184921265,
        "z": -0.3160856366157532
    },
    "landmark_3": {
        "x": 0.5543977618217468,
        "y": 0.40219050645828247,
        "z": -0.3161601126194
    },
    "landmark_4": {
        "x": 0.5198134779930115,
        "y": 0.4018639624118805,
        "z": -0.30301448702812195
    },
    "landmark_5": {
        "x": 0.5134598612785339,
        "y": 0.4023808538913727,
        "z": -0.30298125743865967
    },
    "landmark_6": {
        "x": 0.506485104560852,
        "y": 0.40289726853370667,
        "z": -0.3029428720474243
    },
    "landmark_7": {
        "x": 0.5696821808815002,
        "y": 0.40855494141578674,
        "z": -0.1414768099784851
    },
    "landmark_8": {
        "x": 0.5016491413116455,
        "y": 0.4091746211051941,
        "z": -0.0838782861828804
    },
    "landmark_9": {
        "x": 0.5444502830505371,
        "y": 0.4222923815250397,
        "z": -0.28251567482948303
    },
    "landmark_10": {
        "x": 0.5181801915168762,
        "y": 0.42203935980796814,
        "z": -0.26628103852272034
    },
    "landmark_11": {
        "x": 0.6331122517585754,
        "y": 0.4651769995689392,
        "z": -0.12803344428539276
    },
    "landmark_12": {
        "x": 0.4662742614746094,
        "y": 0.4717976450920105,
        "z": 0.0654202252626419
    },
    "landmark_13": {
        "x": 0.6933721899986267,
        "y": 0.5328980088233948,
        "z": -0.22785049676895142
    },
    "landmark_14": {
        "x": 0.3973798453807831,
        "y": 0.5081979036331177,
        "z": -0.10253991931676865
    },
    "landmark_15": {
        "x": 0.5600398182868958,
        "y": 0.5473145246505737,
        "z": -0.3431287705898285
    },
    "landmark_16": {
        "x": 0.4266720116138458,
        "y": 0.4257485866546631,
        "z": -0.39595168828964233
    },
    "landmark_17": {
        "x": 0.5213685631752014,
        "y": 0.5613337755203247,
        "z": -0.3949708640575409
    },
    "landmark_18": {
        "x": 0.4192628264427185,
        "y": 0.4046071171760559,
        "z": -0.46678003668785095
    },
    "landmark_19": {
        "x": 0.5091627836227417,
        "y": 0.5550572872161865,
        "z": -0.38890570402145386
    },
    "landmark_20": {
        "x": 0.42590153217315674,
        "y": 0.4021724760532379,
        "z": -0.44176486134529114
    },
    "landmark_21": {
        "x": 0.5146183967590332,
        "y": 0.5506830811500549,
        "z": -0.3364611864089966
    },
    "landmark_22": {
        "x": 0.43477025628089905,
        "y": 0.41061776876449585,
        "z": -0.3985886573791504
    },
    "landmark_23": {
        "x": 0.6080969572067261,
        "y": 0.6380203366279602,
        "z": -0.046105094254016876
    },
    "landmark_24": {
        "x": 0.5047069787979126,
        "y": 0.6384816765785217,
        "z": 0.04604411497712135
    },
    "landmark_25": {
        "x": 0.6455481052398682,
        "y": 0.7503588199615479,
        "z": -0.1209150105714798
    },
    "landmark_26": {
        "x": 0.48896801471710205,
        "y": 0.7441413998603821,
        "z": 0.1331789642572403
    },
    "landmark_27": {
        "x": 0.6870229840278625,
        "y": 0.8680664300918579,
        "z": 0.009014236740767956
    },
    "landmark_28": {
        "x": 0.5330339670181274,
        "y": 0.8306109309196472,
        "z": 0.5138567686080933
    },
    "landmark_29": {
        "x": 0.6794636845588684,
        "y": 0.9010820388793945,
        "z": 0.008245629258453846
    },
    "landmark_30": {
        "x": 0.557839035987854,
        "y": 0.8453661799430847,
        "z": 0.5401216745376587
    },
    "landmark_31": {
        "x": 0.7779747247695923,
        "y": 0.8746427297592163,
        "z": -0.20379945635795593
    },
    "landmark_32": {
        "x": 0.48846080899238586,
        "y": 0.8646798133850098,
        "z": 0.3926660418510437
    }
}