{
    "landmark_0": {
        "x": 0.6604433059692383,
        "y": 0.4252792298793793,
        "z": -0.4468587636947632
    },
    "landmark_1": {
        "x": 0.6737438440322876,
        "y": 0.41647443175315857,
        "z": -0.4026872515678406
    },
    "landmark_2": {
        "x": 0.6814005970954895,
        "y": 0.4174719750881195,
        "z": -0.4026990234851837
    },
    "landmark_3": {
        "x": 0.6869694590568542,
        "y": 0.41830167174339294,
        "z": -0.40270546078681946
    },
    "landmark_4": {
        "x": 0.650749146938324,
        "y": 0.41455158591270447,
        "z": -0.40689170360565186
    },
    "landmark_5": {
        "x": 0.6435747742652893,
        "y": 0.414271742105484,
        "z": -0.40691056847572327
    },
    "landmark_6": {
        "x": 0.6356329321861267,
        "y": 0.4141927659511566,
        "z": -0.4069656431674957
    },
    "landmark_7": {
        "x": 0.6956666111946106,
        "y": 0.4246649146080017,
        "z": -0.15226469933986664
    },
    "landmark_8": {
        "x": 0.6274847984313965,
        "y": 0.42094939947128296,
        "z": -0.17276395857334137
    },
    "landmark_9": {
        "x": 0.6726256608963013,
        "y": 0.43967801332473755,
        "z": -0.3533715605735779
    },
    "landmark_10": {
        "x": 0.6457564234733582,
        "y": 0.43802204728126526,
        "z": -0.35968518257141113
    },
    "landmark_11": {
        "x": 0.7266865372657776,
        "y": 0.5004310607910156,
        "z": -0.0006183070363476872
    },
    "landmark_12": {
        "x": 0.5570806860923767,
        "y": 0.483532577753067,
        "z": -0.11258377134799957
    },
    "landmark_13": {
        "x": 0.7576034665107727,
        "y": 0.5567256808280945,
        "z": -0.2567017674446106
    },
    "landmark_14": {
        "x": 0.49957484006881714,
        "y": 0.5515026450157166,
        "z": -0.32770147919654846
    },
    "landmark_15": {
        "x": 0.7844815850257874,
        "y": 0.48544225096702576,
        "z": -0.6697078347206116
    },
    "landmark_16": {
        "x": 0.6415373682975769,
        "y": 0.5662694573402405,
        "z": -0.5895561575889587
    },
    "landmark_17": {
        "x": 0.79231858253479,
        "y": 0.46382349729537964,
        "z": -0.7597639560699463
    },
    "landmark_18": {
        "x": 0.6760111451148987,
        "y": 0.5755847692489624,
        "z": -0.659459114074707
    },
    "landmark_19": {
        "x": 0.7901492714881897,
        "y": 0.45946964621543884,
        "z": -0.7487691044807434
    },
    "landmark_20": {
        "x": 0.6908230781555176,
        "y": 0.568922221660614,
        "z": -0.6404343247413635
    },
    "landmark_21": {
        "x": 0.784276008605957,
        "y": 0.4655235707759857,
        "z": -0.678154468536377
    },
    "landmark_22": {
        "x": 0.678961455821991,
        "y": 0.5653656721115112,
        "z": -0.5828709006309509
    },
    "landmark_23": {
        "x": 0.6584473252296448,
        "y": 0.658681333065033,
        "z": 0.022972576320171356
    },
    "landmark_24": {
        "x": 0.544608473777771,
        "y": 0.6515778303146362,
        "z": -0.022768087685108185
    },
    "landmark_25": {
        "x": 0.6972236633300781,
        "y": 0.7514137625694275,
        "z": -0.2531544864177704
    },
    "landmark_26": {
        "x": 0.4719945192337036,
        "y": 0.7605562210083008,
        "z": -0.3436274528503418
    },
    "landmark_27": {
        "x": 0.6335697174072266,
        "y": 0.8476870656013489,
        "z": 0.07355590909719467
    },
    "landmark_28": {
        "x": 0.36953824758529663,
        "y": 0.8739122152328491,
        "z": -0.18771035969257355
    },
    "landmark_29": {
        "x": 0.6008318066596985,
        "y": 0.8618227243423462,
        "z": 0.09271659702062607
    },
    "landmark_30": {
        "x": 0.367252379655838,
        "y": 0.9021531939506531,
        "z": -0.18681105971336365
    },
    "landmark_31": {
        "x": 0.686399519443512,
        "y": 0.8867970705032349,
        "z": -0.1311800330877304
    },
    "landmark_32": {
        "x": 0.2837257385253906,
        "y": 0.8664868474006653,
        "z": -0.46714067459106445
    }
}