{
    "landmark_0": {
        "x": 0.5702833533287048,
        "y": 0.39330345392227173,
        "z": -0.5811789035797119
    },
    "landmark_1": {
        "x": 0.5877653956413269,
        "y": 0.38315707445144653,
        "z": -0.5520282983779907
    },
    "landmark_2": {
        "x": 0.5966039299964905,
        "y": 0.3839343786239624,
        "z": -0.5520533323287964
    },
    "landmark_3": {
        "x": 0.6029008626937866,
        "y": 0.38454118371009827,
        "z": -0.5520052313804626
    },
    "landmark_4": {
        "x": 0.5635097622871399,
        "y": 0.38120147585868835,
        "z": -0.5516343116760254
    },
    "landmark_5": {
        "x": 0.5561046004295349,
        "y": 0.3803418278694153,
        "z": -0.5516220331192017
    },
    "landmark_6": {
        "x": 0.5486307144165039,
        "y": 0.37969568371772766,
        "z": -0.5516162514686584
    },
    "landmark_7": {
        "x": 0.6152873039245605,
        "y": 0.38957953453063965,
        "z": -0.33707356452941895
    },
    "landmark_8": {
        "x": 0.5434824228286743,
        "y": 0.3832683563232422,
        "z": -0.3415515124797821
    },
    "landmark_9": {
        "x": 0.5838915109634399,
        "y": 0.4082692265510559,
        "z": -0.49820300936698914
    },
    "landmark_10": {
        "x": 0.5556219220161438,
        "y": 0.40569883584976196,
        "z": -0.4993751645088196
    },
    "landmark_11": {
        "x": 0.6661370992660522,
        "y": 0.4661852717399597,
        "z": -0.18584351241588593
    },
    "landmark_12": {
        "x": 0.4705851376056671,
        "y": 0.44925370812416077,
        "z": -0.1771031767129898
    },
    "landmark_13": {
        "x": 0.7071719169616699,
        "y": 0.5466322302818298,
        "z": -0.06050090864300728
    },
    "landmark_14": {
        "x": 0.42743921279907227,
        "y": 0.5219030976295471,
        "z": -0.07762690633535385
    },
    "landmark_15": {
        "x": 0.7183765769004822,
        "y": 0.6206469535827637,
        "z": -0.2440493255853653
    },
    "landmark_16": {
        "x": 0.41759753227233887,
        "y": 0.5867300629615784,
        "z": -0.25740504264831543
    },
    "landmark_17": {
        "x": 0.7220912575721741,
        "y": 0.6465736031532288,
        "z": -0.2993916869163513
    },
    "landmark_18": {
        "x": 0.41243600845336914,
        "y": 0.6069599390029907,
        "z": -0.31313109397888184
    },
    "landmark_19": {
        "x": 0.7100321650505066,
        "y": 0.6457985639572144,
        "z": -0.3729597330093384
    },
    "landmark_20": {
        "x": 0.4243430197238922,
        "y": 0.6072583198547363,
        "z": -0.38374146819114685
    },
    "landmark_21": {
        "x": 0.703443169593811,
        "y": 0.6379361152648926,
        "z": -0.27547046542167664
    },
    "landmark_22": {
        "x": 0.42879027128219604,
        "y": 0.6015480160713196,
        "z": -0.2906785309314728
    },
    "landmark_23": {
        "x": 0.5949779748916626,
        "y": 0.6290912628173828,
        "z": 0.004212371073663235
    },
    "landmark_24": {
        "x": 0.4872380197048187,
        "y": 0.6215457320213318,
        "z": -0.004189727827906609
    },
    "landmark_25": {
        "x": 0.5716846585273743,
        "y": 0.7469123005867004,
        "z": 0.0437941811978817
    },
    "landmark_26": {
        "x": 0.47040680050849915,
        "y": 0.7406959533691406,
        "z": 0.015574236400425434
    },
    "landmark_27": {
        "x": 0.5497065782546997,
        "y": 0.8418247103691101,
        "z": 0.4045984148979187
    },
    "landmark_28": {
        "x": 0.45094382762908936,
        "y": 0.8467979431152344,
        "z": 0.342099666595459
    },
    "landmark_29": {
        "x": 0.5402212142944336,
        "y": 0.8504430651664734,
        "z": 0.4261452853679657
    },
    "landmark_30": {
        "x": 0.457675039768219,
        "y": 0.8558027148246765,
        "z": 0.36050111055374146
    },
    "landmark_31": {
        "x": 0.5518825650215149,
        "y": 0.8798726797103882,
        "z": 0.18514859676361084
    },
    "landmark_32": {
        "x": 0.4449557065963745,
        "y": 0.8861790895462036,
        "z": 0.10560686141252518
    }
}