{
    "landmark_0": {
        "x": 0.5507664680480957,
        "y": 0.417142778635025,
        "z": -0.46891340613365173
    },
    "landmark_1": {
        "x": 0.5620224475860596,
        "y": 0.40781670808792114,
        "z": -0.4312061667442322
    },
    "landmark_2": {
        "x": 0.5672199726104736,
        "y": 0.4081527590751648,
        "z": -0.4313575327396393
    },
    "landmark_3": {
        "x": 0.5732754468917847,
        "y": 0.4085571765899658,
        "z": -0.4314621090888977
    },
    "landmark_4": {
        "x": 0.5409702062606812,
        "y": 0.4077219069004059,
        "z": -0.42604318261146545
    },
    "landmark_5": {
        "x": 0.533275842666626,
        "y": 0.4079000949859619,
        "z": -0.4260339140892029
    },
    "landmark_6": {
        "x": 0.5253848433494568,
        "y": 0.40831923484802246,
        "z": -0.42600321769714355
    },
    "landmark_7": {
        "x": 0.583207368850708,
        "y": 0.414776474237442,
        "z": -0.2183639109134674
    },
    "landmark_8": {
        "x": 0.5136958360671997,
        "y": 0.41412657499313354,
        "z": -0.1921357661485672
    },
    "landmark_9": {
        "x": 0.5616118907928467,
        "y": 0.42846861481666565,
        "z": -0.3900635242462158
    },
    "landmark_10": {
        "x": 0.5356203317642212,
        "y": 0.4287189841270447,
        "z": -0.38279807567596436
    },
    "landmark_11": {
        "x": 0.6382005214691162,
        "y": 0.4703327715396881,
        "z": -0.18247254192829132
    },
    "landmark_12": {
        "x": 0.47207337617874146,
        "y": 0.4752395749092102,
        "z": -0.0905754417181015
    },
    "landmark_13": {
        "x": 0.7065816521644592,
        "y": 0.527095377445221,
        "z": -0.4592481851577759
    },
    "landmark_14": {
        "x": 0.4261019825935364,
        "y": 0.5108334422111511,
        "z": -0.3919449746608734
    },
    "landmark_15": {
        "x": 0.571119487285614,
        "y": 0.5229709148406982,
        "z": -0.7090778946876526
    },
    "landmark_16": {
        "x": 0.4628751575946808,
        "y": 0.4293164312839508,
        "z": -0.7651278376579285
    },
    "landmark_17": {
        "x": 0.529816210269928,
        "y": 0.5285576581954956,
        "z": -0.7830816507339478
    },
    "landmark_18": {
        "x": 0.4625917971134186,
        "y": 0.408604234457016,
        "z": -0.8542635440826416
    },
    "landmark_19": {
        "x": 0.5174639821052551,
        "y": 0.5227925777435303,
        "z": -0.7562112808227539
    },
    "landmark_20": {
        "x": 0.46644338965415955,
        "y": 0.40481868386268616,
        "z": -0.8370857238769531
    },
    "landmark_21": {
        "x": 0.5262947082519531,
        "y": 0.5207602977752686,
        "z": -0.7004684209823608
    },
    "landmark_22": {
        "x": 0.47110891342163086,
        "y": 0.4126889109611511,
        "z": -0.7712122797966003
    },
    "landmark_23": {
        "x": 0.6088047623634338,
        "y": 0.6459335088729858,
        "z": -0.01833426207304001
    },
    "landmark_24": {
        "x": 0.49714797735214233,
        "y": 0.6435300707817078,
        "z": 0.018358830362558365
    },
    "landmark_25": {
        "x": 0.6704999804496765,
        "y": 0.7567813396453857,
        "z": -0.1322987973690033
    },
    "landmark_26": {
        "x": 0.47036880254745483,
        "y": 0.7485072612762451,
        "z": -0.05971682444214821
    },
    "landmark_27": {
        "x": 0.71324622631073,
        "y": 0.8711138963699341,
        "z": 0.026131531223654747
    },
    "landmark_28": {
        "x": 0.5216168761253357,
        "y": 0.8351495862007141,
        "z": 0.3504354655742645
    },
    "landmark_29": {
        "x": 0.7033964991569519,
        "y": 0.9038366079330444,
        "z": 0.02707490883767605
    },
    "landmark_30": {
        "x": 0.5503960847854614,
        "y": 0.8516337275505066,
        "z": 0.37918511033058167
    },
    "landmark_31": {
        "x": 0.809145450592041,
        "y": 0.8821929693222046,
        "z": -0.21459414064884186
    },
    "landmark_32": {
        "x": 0.4746508002281189,
        "y": 0.8664037585258484,
        "z": 0.20078100264072418
    }
}