{
    "landmark_0": {
        "x": 0.5122275352478027,
        "y": 0.40742000937461853,
        "z": -0.441433846950531
    },
    "landmark_1": {
        "x": 0.5252049565315247,
        "y": 0.3980732262134552,
        "z": -0.4048542380332947
    },
    "landmark_2": {
        "x": 0.5321416854858398,
        "y": 0.39846712350845337,
        "z": -0.4049818217754364
    },
    "landmark_3": {
        "x": 0.538942277431488,
        "y": 0.39886656403541565,
        "z": -0.4050363004207611
    },
    "landmark_4": {
        "x": 0.5022980570793152,
        "y": 0.3986896574497223,
        "z": -0.3972703814506531
    },
    "landmark_5": {
        "x": 0.4943152070045471,
        "y": 0.3995615541934967,
        "z": -0.39726993441581726
    },
    "landmark_6": {
        "x": 0.48650166392326355,
        "y": 0.40041202306747437,
        "z": -0.39720553159713745
    },
    "landmark_7": {
        "x": 0.5511403679847717,
        "y": 0.4046887755393982,
        "z": -0.20590271055698395
    },
    "landmark_8": {
        "x": 0.48101136088371277,
        "y": 0.4066768288612366,
        "z": -0.1703413426876068
    },
    "landmark_9": {
        "x": 0.5280703902244568,
        "y": 0.42022600769996643,
        "z": -0.3689434826374054
    },
    "landmark_10": {
        "x": 0.500095009803772,
        "y": 0.4205560088157654,
        "z": -0.35883480310440063
    },
    "landmark_11": {
        "x": 0.613265335559845,
        "y": 0.46001189947128296,
        "z": -0.19714461266994476
    },
    "landmark_12": {
        "x": 0.44500261545181274,
        "y": 0.47393742203712463,
        "z": -0.07396208494901657
    },
    "landmark_13": {
        "x": 0.6690007448196411,
        "y": 0.5166277289390564,
        "z": -0.48775896430015564
    },
    "landmark_14": {
        "x": 0.3703017830848694,
        "y": 0.4859372675418854,
        "z": -0.3939579725265503
    },
    "landmark_15": {
        "x": 0.5267906188964844,
        "y": 0.5167517066001892,
        "z": -0.7493124008178711
    },
    "landmark_16": {
        "x": 0.3979739248752594,
        "y": 0.4043406844139099,
        "z": -0.7747570276260376
    },
    "landmark_17": {
        "x": 0.47993406653404236,
        "y": 0.5201257467269897,
        "z": -0.8306277990341187
    },
    "landmark_18": {
        "x": 0.39497122168540955,
        "y": 0.3838241696357727,
        "z": -0.8666975498199463
    },
    "landmark_19": {
        "x": 0.47150734066963196,
        "y": 0.5156635046005249,
        "z": -0.805516242980957
    },
    "landmark_20": {
        "x": 0.4001753628253937,
        "y": 0.38138100504875183,
        "z": -0.8438345789909363
    },
    "landmark_21": {
        "x": 0.47986212372779846,
        "y": 0.5150517821311951,
        "z": -0.7426299452781677
    },
    "landmark_22": {
        "x": 0.40687182545661926,
        "y": 0.3911687135696411,
        "z": -0.7801018357276917
    },
    "landmark_23": {
        "x": 0.598401665687561,
        "y": 0.6375654339790344,
        "z": -0.02194337174296379
    },
    "landmark_24": {
        "x": 0.48750442266464233,
        "y": 0.6389173269271851,
        "z": 0.021911220625042915
    },
    "landmark_25": {
        "x": 0.6601647138595581,
        "y": 0.7499603033065796,
        "z": -0.10682570934295654
    },
    "landmark_26": {
        "x": 0.47774437069892883,
        "y": 0.7453290820121765,
        "z": -0.01078359317034483
    },
    "landmark_27": {
        "x": 0.7010822296142578,
        "y": 0.8722907304763794,
        "z": 0.02777108922600746
    },
    "landmark_28": {
        "x": 0.5355204343795776,
        "y": 0.8343232870101929,
        "z": 0.33255812525749207
    },
    "landmark_29": {
        "x": 0.6945592164993286,
        "y": 0.898730456829071,
        "z": 0.02580915577709675
    },
    "landmark_30": {
        "x": 0.5653062462806702,
        "y": 0.8484467267990112,
        "z": 0.35322487354278564
    },
    "landmark_31": {
        "x": 0.7893016338348389,
        "y": 0.8690629005432129,
        "z": -0.20408399403095245
    },
    "landmark_32": {
        "x": 0.4941059947013855,
        "y": 0.8663929104804993,
        "z": 0.17473530769348145
    }
}