{
    "landmark_0": {
        "x": 0.5908079743385315,
        "y": 0.41725531220436096,
        "z": -0.3551773130893707
    },
    "landmark_1": {
        "x": 0.6038901209831238,
        "y": 0.40931397676467896,
        "z": -0.31080687046051025
    },
    "landmark_2": {
        "x": 0.6100971698760986,
        "y": 0.4099789261817932,
        "z": -0.31080901622772217
    },
    "landmark_3": {
        "x": 0.6155321002006531,
        "y": 0.4109152853488922,
        "z": -0.31077322363853455
    },
    "landmark_4": {
        "x": 0.5825018882751465,
        "y": 0.4082934856414795,
        "z": -0.3133617341518402
    },
    "landmark_5": {
        "x": 0.5748535990715027,
        "y": 0.4084867537021637,
        "z": -0.3133898079395294
    },
    "landmark_6": {
        "x": 0.5684567093849182,
        "y": 0.4091128408908844,
        "z": -0.313451886177063
    },
    "landmark_7": {
        "x": 0.6246553659439087,
        "y": 0.41866010427474976,
        "z": -0.07991785556077957
    },
    "landmark_8": {
        "x": 0.5579771399497986,
        "y": 0.4160977005958557,
        "z": -0.09087798744440079
    },
    "landmark_9": {
        "x": 0.6032284498214722,
        "y": 0.4314156174659729,
        "z": -0.2700915038585663
    },
    "landmark_10": {
        "x": 0.5770294666290283,
        "y": 0.4296819567680359,
        "z": -0.273549884557724
    },
    "landmark_11": {
        "x": 0.6638258695602417,
        "y": 0.4905032515525818,
        "z": 0.026319436728954315
    },
    "landmark_12": {
        "x": 0.49498656392097473,
        "y": 0.4812990128993988,
        "z": -0.047998204827308655
    },
    "landmark_13": {
        "x": 0.726140022277832,
        "y": 0.5326460003852844,
        "z": -0.24565114080905914
    },
    "landmark_14": {
        "x": 0.446363240480423,
        "y": 0.5503370761871338,
        "z": -0.28929874300956726
    },
    "landmark_15": {
        "x": 0.7204557657241821,
        "y": 0.4542137086391449,
        "z": -0.5942220687866211
    },
    "landmark_16": {
        "x": 0.5857475996017456,
        "y": 0.5490947961807251,
        "z": -0.547033965587616
    },
    "landmark_17": {
        "x": 0.7195116877555847,
        "y": 0.4349876046180725,
        "z": -0.6744787096977234
    },
    "landmark_18": {
        "x": 0.623227059841156,
        "y": 0.5525181293487549,
        "z": -0.614331066608429
    },
    "landmark_19": {
        "x": 0.7140932679176331,
        "y": 0.43182700872421265,
        "z": -0.6487010717391968
    },
    "landmark_20": {
        "x": 0.6326923966407776,
        "y": 0.5474449992179871,
        "z": -0.5857297778129578
    },
    "landmark_21": {
        "x": 0.7096661925315857,
        "y": 0.43906664848327637,
        "z": -0.595323383808136
    },
    "landmark_22": {
        "x": 0.6199917197227478,
        "y": 0.54590904712677,
        "z": -0.5371053814888
    },
    "landmark_23": {
        "x": 0.6153498888015747,
        "y": 0.6548572182655334,
        "z": 0.0005397599306888878
    },
    "landmark_24": {
        "x": 0.5072627663612366,
        "y": 0.6500651240348816,
        "z": -0.0003039725706912577
    },
    "landmark_25": {
        "x": 0.6315062046051025,
        "y": 0.7486171722412109,
        "z": -0.2581312358379364
    },
    "landmark_26": {
        "x": 0.4209524393081665,
        "y": 0.755321741104126,
        "z": -0.28415143489837646
    },
    "landmark_27": {
        "x": 0.5761675834655762,
        "y": 0.8381717801094055,
        "z": 0.02925691567361355
    },
    "landmark_28": {
        "x": 0.328002005815506,
        "y": 0.8631377220153809,
        "z": -0.1079678013920784
    },
    "landmark_29": {
        "x": 0.5494518280029297,
        "y": 0.8531841039657593,
        "z": 0.0452234260737896
    },
    "landmark_30": {
        "x": 0.32351598143577576,
        "y": 0.8948179483413696,
        "z": -0.10452011227607727
    },
    "landmark_31": {
        "x": 0.6185446977615356,
        "y": 0.8733474016189575,
        "z": -0.1748814433813095
    },
    "landmark_32": {
        "x": 0.2389901876449585,
        "y": 0.8527870178222656,
        "z": -0.35255566239356995
    }
}