{
    "landmark_0": {
        "x": 0.5684259533882141,
        "y": 0.36737295985221863,
        "z": -0.3207952380180359
    },
    "landmark_1": {
        "x": 0.5819306373596191,
        "y": 0.35743099451065063,
        "z": -0.2813931405544281
    },
    "landmark_2": {
        "x": 0.5894761681556702,
        "y": 0.358430951833725,
        "z": -0.28138402104377747
    },
    "landmark_3": {
        "x": 0.5944036245346069,
        "y": 0.35941895842552185,
        "z": -0.28144773840904236
    },
    "landmark_4": {
        "x": 0.5597125887870789,
        "y": 0.35609713196754456,
        "z": -0.2858932912349701
    },
    "landmark_5": {
        "x": 0.5517163276672363,
        "y": 0.35621774196624756,
        "z": -0.2858234643936157
    },
    "landmark_6": {
        "x": 0.5444285273551941,
        "y": 0.3563106060028076,
        "z": -0.2858786880970001
    },
    "landmark_7": {
        "x": 0.6046023368835449,
        "y": 0.3666467070579529,
        "z": -0.049390293657779694
    },
    "landmark_8": {
        "x": 0.5349200367927551,
        "y": 0.3632347583770752,
        "z": -0.07706645131111145
    },
    "landmark_9": {
        "x": 0.5812965631484985,
        "y": 0.3821357488632202,
        "z": -0.2324547916650772
    },
    "landmark_10": {
        "x": 0.5525506734848022,
        "y": 0.3809974491596222,
        "z": -0.24075192213058472
    },
    "landmark_11": {
        "x": 0.6498180031776428,
        "y": 0.4317959249019623,
        "z": 0.08760186284780502
    },
    "landmark_12": {
        "x": 0.4754156470298767,
        "y": 0.42317795753479004,
        "z": -0.016170013695955276
    },
    "landmark_13": {
        "x": 0.7169709205627441,
        "y": 0.48071518540382385,
        "z": -0.11046016216278076
    },
    "landmark_14": {
        "x": 0.4086497724056244,
        "y": 0.4773957133293152,
        "z": -0.25687938928604126
    },
    "landmark_15": {
        "x": 0.7249853610992432,
        "y": 0.4057548940181732,
        "z": -0.40196481347084045
    },
    "landmark_16": {
        "x": 0.5439038872718811,
        "y": 0.49198490381240845,
        "z": -0.5376160144805908
    },
    "landmark_17": {
        "x": 0.7299401164054871,
        "y": 0.3860877454280853,
        "z": -0.46879103779792786
    },
    "landmark_18": {
        "x": 0.5863968133926392,
        "y": 0.5046066641807556,
        "z": -0.6000518798828125
    },
    "landmark_19": {
        "x": 0.7266235947608948,
        "y": 0.3812616765499115,
        "z": -0.452175110578537
    },
    "landmark_20": {
        "x": 0.5976060628890991,
        "y": 0.49790292978286743,
        "z": -0.5830117464065552
    },
    "landmark_21": {
        "x": 0.721465528011322,
        "y": 0.3877588212490082,
        "z": -0.40506109595298767
    },
    "landmark_22": {
        "x": 0.5897108912467957,
        "y": 0.4940187335014343,
        "z": -0.5334985256195068
    },
    "landmark_23": {
        "x": 0.600852370262146,
        "y": 0.5976146459579468,
        "z": 0.003947993274778128
    },
    "landmark_24": {
        "x": 0.4893229901790619,
        "y": 0.5942978262901306,
        "z": -0.003609118750318885
    },
    "landmark_25": {
        "x": 0.5991531610488892,
        "y": 0.7152396440505981,
        "z": 0.029715724289417267
    },
    "landmark_26": {
        "x": 0.4541347622871399,
        "y": 0.7071942090988159,
        "z": -0.01858665980398655
    },
    "landmark_27": {
        "x": 0.5624183416366577,
        "y": 0.8235766291618347,
        "z": 0.2706964612007141
    },
    "landmark_28": {
        "x": 0.44737085700035095,
        "y": 0.8235145807266235,
        "z": 0.20600181818008423
    },
    "landmark_29": {
        "x": 0.5452802777290344,
        "y": 0.835615336894989,
        "z": 0.2795811891555786
    },
    "landmark_30": {
        "x": 0.4672695994377136,
        "y": 0.843589186668396,
        "z": 0.21338889002799988
    },
    "landmark_31": {
        "x": 0.5912825465202332,
        "y": 0.8665642738342285,
        "z": 0.07394124567508698
    },
    "landmark_32": {
        "x": 0.3579084277153015,
        "y": 0.849159836769104,
        "z": -0.010251442901790142
    }
}