{
    "landmark_0": {
        "x": 0.49083027243614197,
        "y": 0.3835200369358063,
        "z": -0.5150697827339172
    },
    "landmark_1": {
        "x": 0.5024198293685913,
        "y": 0.37185224890708923,
        "z": -0.4851863980293274
    },
    "landmark_2": {
        "x": 0.5110908150672913,
        "y": 0.3714871108531952,
        "z": -0.48514509201049805
    },
    "landmark_3": {
        "x": 0.5182509422302246,
        "y": 0.3714635372161865,
        "z": -0.48504769802093506
    },
    "landmark_4": {
        "x": 0.4781864583492279,
        "y": 0.37333065271377563,
        "z": -0.4764612317085266
    },
    "landmark_5": {
        "x": 0.4703328311443329,
        "y": 0.3741840720176697,
        "z": -0.4765317142009735
    },
    "landmark_6": {
        "x": 0.46463969349861145,
        "y": 0.3751072585582733,
        "z": -0.4765118956565857
    },
    "landmark_7": {
        "x": 0.5292805433273315,
        "y": 0.37712904810905457,
        "z": -0.29236283898353577
    },
    "landmark_8": {
        "x": 0.46070513129234314,
        "y": 0.3825076222419739,
        "z": -0.256003201007843
    },
    "landmark_9": {
        "x": 0.509665846824646,
        "y": 0.3958890736103058,
        "z": -0.44296297430992126
    },
    "landmark_10": {
        "x": 0.479507178068161,
        "y": 0.3976815640926361,
        "z": -0.432778537273407
    },
    "landmark_11": {
        "x": 0.6050919890403748,
        "y": 0.4503639340400696,
        "z": -0.18690626323223114
    },
    "landmark_12": {
        "x": 0.408086359500885,
        "y": 0.457226037979126,
        "z": -0.10126566141843796
    },
    "landmark_13": {
        "x": 0.6440763473510742,
        "y": 0.5212510228157043,
        "z": -0.09616266936063766
    },
    "landmark_14": {
        "x": 0.318180650472641,
        "y": 0.505147397518158,
        "z": -0.3069898784160614
    },
    "landmark_15": {
        "x": 0.6393858194351196,
        "y": 0.5918713808059692,
        "z": -0.17796863615512848
    },
    "landmark_16": {
        "x": 0.2975665032863617,
        "y": 0.4336360991001129,
        "z": -0.7636975049972534
    },
    "landmark_17": {
        "x": 0.6489750742912292,
        "y": 0.6126435399055481,
        "z": -0.19901996850967407
    },
    "landmark_18": {
        "x": 0.2883289158344269,
        "y": 0.41185539960861206,
        "z": -0.8469401597976685
    },
    "landmark_19": {
        "x": 0.6373605728149414,
        "y": 0.6113914847373962,
        "z": -0.24168039858341217
    },
    "landmark_20": {
        "x": 0.2953488528728485,
        "y": 0.4046315550804138,
        "z": -0.8450676202774048
    },
    "landmark_21": {
        "x": 0.6289703249931335,
        "y": 0.6045363545417786,
        "z": -0.19124381244182587
    },
    "landmark_22": {
        "x": 0.30307355523109436,
        "y": 0.412283331155777,
        "z": -0.7744626402854919
    },
    "landmark_23": {
        "x": 0.5694806575775146,
        "y": 0.6208575963973999,
        "z": -0.022806519642472267
    },
    "landmark_24": {
        "x": 0.46400895714759827,
        "y": 0.6189858317375183,
        "z": 0.022283373400568962
    },
    "landmark_25": {
        "x": 0.560989499092102,
        "y": 0.738283097743988,
        "z": -0.01008484698832035
    },
    "landmark_26": {
        "x": 0.45607367157936096,
        "y": 0.7358357310295105,
        "z": 0.05837110057473183
    },
    "landmark_27": {
        "x": 0.5501598715782166,
        "y": 0.8356643915176392,
        "z": 0.4507860541343689
    },
    "landmark_28": {
        "x": 0.4483429491519928,
        "y": 0.8328102231025696,
        "z": 0.46473804116249084
    },
    "landmark_29": {
        "x": 0.5426002144813538,
        "y": 0.8463486433029175,
        "z": 0.4832121431827545
    },
    "landmark_30": {
        "x": 0.45917457342147827,
        "y": 0.8442909121513367,
        "z": 0.49580472707748413
    },
    "landmark_31": {
        "x": 0.5525800585746765,
        "y": 0.8743802309036255,
        "z": 0.26000726222991943
    },
    "landmark_32": {
        "x": 0.43576157093048096,
        "y": 0.864806056022644,
        "z": 0.27678340673446655
    }
}