{
    "landmark_0": {
        "x": 0.5665638446807861,
        "y": 0.3969613313674927,
        "z": -0.6435112357139587
    },
    "landmark_1": {
        "x": 0.5843697190284729,
        "y": 0.3858437240123749,
        "z": -0.6178257465362549
    },
    "landmark_2": {
        "x": 0.5930830836296082,
        "y": 0.3865281641483307,
        "z": -0.6178640723228455
    },
    "landmark_3": {
        "x": 0.5990937948226929,
        "y": 0.3872855007648468,
        "z": -0.6178786158561707
    },
    "landmark_4": {
        "x": 0.5611591935157776,
        "y": 0.38397958874702454,
        "z": -0.6166359782218933
    },
    "landmark_5": {
        "x": 0.5536968111991882,
        "y": 0.382963627576828,
        "z": -0.6166734099388123
    },
    "landmark_6": {
        "x": 0.5472923517227173,
        "y": 0.3823114037513733,
        "z": -0.6167275309562683
    },
    "landmark_7": {
        "x": 0.6123006343841553,
        "y": 0.3916885256767273,
        "z": -0.40756717324256897
    },
    "landmark_8": {
        "x": 0.541728138923645,
        "y": 0.3858383893966675,
        "z": -0.40409237146377563
    },
    "landmark_9": {
        "x": 0.5800644159317017,
        "y": 0.4105502963066101,
        "z": -0.5596057176589966
    },
    "landmark_10": {
        "x": 0.5509629845619202,
        "y": 0.40797489881515503,
        "z": -0.5587605237960815
    },
    "landmark_11": {
        "x": 0.6648332476615906,
        "y": 0.46271616220474243,
        "z": -0.24200735986232758
    },
    "landmark_12": {
        "x": 0.46377822756767273,
        "y": 0.4499502182006836,
        "z": -0.22313937544822693
    },
    "landmark_13": {
        "x": 0.6991496682167053,
        "y": 0.5431241393089294,
        "z": -0.11436454206705093
    },
    "landmark_14": {
        "x": 0.42825019359588623,
        "y": 0.5293448567390442,
        "z": -0.10599267482757568
    },
    "landmark_15": {
        "x": 0.7119113206863403,
        "y": 0.6164990067481995,
        "z": -0.29866600036621094
    },
    "landmark_16": {
        "x": 0.418268084526062,
        "y": 0.6008852124214172,
        "z": -0.2701605558395386
    },
    "landmark_17": {
        "x": 0.7212600111961365,
        "y": 0.641057550907135,
        "z": -0.3530368506908417
    },
    "landmark_18": {
        "x": 0.41511934995651245,
        "y": 0.6261588931083679,
        "z": -0.3238680362701416
    },
    "landmark_19": {
        "x": 0.7156521081924438,
        "y": 0.6414190530776978,
        "z": -0.42808249592781067
    },
    "landmark_20": {
        "x": 0.42580080032348633,
        "y": 0.624632716178894,
        "z": -0.3957015872001648
    },
    "landmark_21": {
        "x": 0.7092555165290833,
        "y": 0.6332600116729736,
        "z": -0.33025190234184265
    },
    "landmark_22": {
        "x": 0.43066930770874023,
        "y": 0.6158007383346558,
        "z": -0.30226048827171326
    },
    "landmark_23": {
        "x": 0.6001946330070496,
        "y": 0.6263638734817505,
        "z": -0.00511064613237977
    },
    "landmark_24": {
        "x": 0.4829387664794922,
        "y": 0.6203178763389587,
        "z": 0.005049767438322306
    },
    "landmark_25": {
        "x": 0.577403724193573,
        "y": 0.7472618222236633,
        "z": -0.011148853227496147
    },
    "landmark_26": {
        "x": 0.4620734751224518,
        "y": 0.740676999092102,
        "z": 0.017517393454909325
    },
    "landmark_27": {
        "x": 0.5469627380371094,
        "y": 0.837202250957489,
        "z": 0.4162294268608093
    },
    "landmark_28": {
        "x": 0.44226744771003723,
        "y": 0.8405054211616516,
        "z": 0.38923728466033936
    },
    "landmark_29": {
        "x": 0.5366828441619873,
        "y": 0.8464453816413879,
        "z": 0.443715363740921
    },
    "landmark_30": {
        "x": 0.45410263538360596,
        "y": 0.8524764180183411,
        "z": 0.4120901823043823
    },
    "landmark_31": {
        "x": 0.5528779029846191,
        "y": 0.8767984509468079,
        "z": 0.20762227475643158
    },
    "landmark_32": {
        "x": 0.4165566861629486,
        "y": 0.8754984140396118,
        "z": 0.16867321729660034
    }
}