{
    "landmark_0": {
        "x": 0.593891441822052,
        "y": 0.4172033667564392,
        "z": -0.45823830366134644
    },
    "landmark_1": {
        "x": 0.6064408421516418,
        "y": 0.40828222036361694,
        "z": -0.41717931628227234
    },
    "landmark_2": {
        "x": 0.6117684841156006,
        "y": 0.409102201461792,
        "z": -0.41719600558280945
    },
    "landmark_3": {
        "x": 0.6176849007606506,
        "y": 0.4100291132926941,
        "z": -0.4171878397464752
    },
    "landmark_4": {
        "x": 0.5845147371292114,
        "y": 0.4065651297569275,
        "z": -0.4246813952922821
    },
    "landmark_5": {
        "x": 0.5763833522796631,
        "y": 0.406554639339447,
        "z": -0.4246959686279297
    },
    "landmark_6": {
        "x": 0.5697633028030396,
        "y": 0.40698832273483276,
        "z": -0.424746572971344
    },
    "landmark_7": {
        "x": 0.6242992877960205,
        "y": 0.4171094000339508,
        "z": -0.17238663136959076
    },
    "landmark_8": {
        "x": 0.5575084090232849,
        "y": 0.4150608479976654,
        "z": -0.21004296839237213
    },
    "landmark_9": {
        "x": 0.6043130159378052,
        "y": 0.43154364824295044,
        "z": -0.36602354049682617
    },
    "landmark_10": {
        "x": 0.5782502293586731,
        "y": 0.42992061376571655,
        "z": -0.3770008385181427
    },
    "landmark_11": {
        "x": 0.6632280349731445,
        "y": 0.48780545592308044,
        "z": -0.01489634532481432
    },
    "landmark_12": {
        "x": 0.49337515234947205,
        "y": 0.47770506143569946,
        "z": -0.12439846247434616
    },
    "landmark_13": {
        "x": 0.708187460899353,
        "y": 0.545491635799408,
        "z": -0.24894128739833832
    },
    "landmark_14": {
        "x": 0.4508669674396515,
        "y": 0.5512374043464661,
        "z": -0.32284194231033325
    },
    "landmark_15": {
        "x": 0.7250962257385254,
        "y": 0.4700809419155121,
        "z": -0.6303431391716003
    },
    "landmark_16": {
        "x": 0.5777738094329834,
        "y": 0.5507673621177673,
        "z": -0.610393226146698
    },
    "landmark_17": {
        "x": 0.7305055260658264,
        "y": 0.4499123692512512,
        "z": -0.7153664231300354
    },
    "landmark_18": {
        "x": 0.6083649396896362,
        "y": 0.5537311434745789,
        "z": -0.6812326908111572
    },
    "landmark_19": {
        "x": 0.7269063591957092,
        "y": 0.4468969404697418,
        "z": -0.7009941935539246
    },
    "landmark_20": {
        "x": 0.6197366118431091,
        "y": 0.5465001463890076,
        "z": -0.6721981763839722
    },
    "landmark_21": {
        "x": 0.7213547825813293,
        "y": 0.4522522985935211,
        "z": -0.6366175413131714
    },
    "landmark_22": {
        "x": 0.6082574725151062,
        "y": 0.5449538826942444,
        "z": -0.60882967710495
    },
    "landmark_23": {
        "x": 0.6110274195671082,
        "y": 0.6444621086120605,
        "z": 0.009873242117464542
    },
    "landmark_24": {
        "x": 0.5020236372947693,
        "y": 0.6397536993026733,
        "z": -0.009519821964204311
    },
    "landmark_25": {
        "x": 0.6148220896720886,
        "y": 0.7437750101089478,
        "z": 0.13249851763248444
    },
    "landmark_26": {
        "x": 0.4300994873046875,
        "y": 0.7463054060935974,
        "z": -0.2633354663848877
    },
    "landmark_27": {
        "x": 0.5514479279518127,
        "y": 0.8311970829963684,
        "z": 0.4886344075202942
    },
    "landmark_28": {
        "x": 0.3580378293991089,
        "y": 0.8588444590568542,
        "z": -0.12684759497642517
    },
    "landmark_29": {
        "x": 0.5277666449546814,
        "y": 0.8458126783370972,
        "z": 0.5101219415664673
    },
    "landmark_30": {
        "x": 0.3574996590614319,
        "y": 0.8901015520095825,
        "z": -0.12769173085689545
    },
    "landmark_31": {
        "x": 0.596795916557312,
        "y": 0.8632992506027222,
        "z": 0.31004735827445984
    },
    "landmark_32": {
        "x": 0.2644181549549103,
        "y": 0.8535345792770386,
        "z": -0.3968583047389984
    }
}