{
    "landmark_0": {
        "x": 0.5284885168075562,
        "y": 0.3661983907222748,
        "z": -0.4415528178215027
    },
    "landmark_1": {
        "x": 0.5421386361122131,
        "y": 0.35405129194259644,
        "z": -0.4032546877861023
    },
    "landmark_2": {
        "x": 0.5503481030464172,
        "y": 0.3540491759777069,
        "z": -0.4033529460430145
    },
    "landmark_3": {
        "x": 0.5569625496864319,
        "y": 0.3541859984397888,
        "z": -0.4034077227115631
    },
    "landmark_4": {
        "x": 0.5193095207214355,
        "y": 0.3547757565975189,
        "z": -0.3884696662425995
    },
    "landmark_5": {
        "x": 0.5118982195854187,
        "y": 0.35538923740386963,
        "z": -0.388474702835083
    },
    "landmark_6": {
        "x": 0.5050199031829834,
        "y": 0.35615649819374084,
        "z": -0.38848164677619934
    },
    "landmark_7": {
        "x": 0.5731742978096008,
        "y": 0.3604189455509186,
        "z": -0.20889581739902496
    },
    "landmark_8": {
        "x": 0.5026312470436096,
        "y": 0.3623361885547638,
        "z": -0.13730986416339874
    },
    "landmark_9": {
        "x": 0.5456852912902832,
        "y": 0.378964364528656,
        "z": -0.37177249789237976
    },
    "landmark_10": {
        "x": 0.5186828374862671,
        "y": 0.3789006471633911,
        "z": -0.35110798478126526
    },
    "landmark_11": {
        "x": 0.6410579681396484,
        "y": 0.4187822937965393,
        "z": -0.2051912099123001
    },
    "landmark_12": {
        "x": 0.4670943021774292,
        "y": 0.42658597230911255,
        "z": -0.06329313665628433
    },
    "landmark_13": {
        "x": 0.7221873998641968,
        "y": 0.45124873518943787,
        "z": -0.590080976486206
    },
    "landmark_14": {
        "x": 0.38355496525764465,
        "y": 0.4576803147792816,
        "z": -0.43753597140312195
    },
    "landmark_15": {
        "x": 0.5740775465965271,
        "y": 0.44980889558792114,
        "z": -0.8538462519645691
    },
    "landmark_16": {
        "x": 0.3958419859409332,
        "y": 0.3762388527393341,
        "z": -0.8664534091949463
    },
    "landmark_17": {
        "x": 0.5307489037513733,
        "y": 0.4582641124725342,
        "z": -0.9332337975502014
    },
    "landmark_18": {
        "x": 0.39384904503822327,
        "y": 0.35427382588386536,
        "z": -0.9685004949569702
    },
    "landmark_19": {
        "x": 0.5205618739128113,
        "y": 0.4554823338985443,
        "z": -0.8819612264633179
    },
    "landmark_20": {
        "x": 0.3997321128845215,
        "y": 0.35164955258369446,
        "z": -0.9317243695259094
    },
    "landmark_21": {
        "x": 0.5309118628501892,
        "y": 0.4543772339820862,
        "z": -0.8375905156135559
    },
    "landmark_22": {
        "x": 0.4049535393714905,
        "y": 0.3586549758911133,
        "z": -0.8675855994224548
    },
    "landmark_23": {
        "x": 0.6019574999809265,
        "y": 0.594031572341919,
        "z": -0.016628354787826538
    },
    "landmark_24": {
        "x": 0.49256718158721924,
        "y": 0.5924322605133057,
        "z": 0.01639939285814762
    },
    "landmark_25": {
        "x": 0.6182065010070801,
        "y": 0.7078981995582581,
        "z": -0.16627107560634613
    },
    "landmark_26": {
        "x": 0.46114301681518555,
        "y": 0.6978297233581543,
        "z": -0.3005048632621765
    },
    "landmark_27": {
        "x": 0.6011538505554199,
        "y": 0.826485812664032,
        "z": 0.1749829351902008
    },
    "landmark_28": {
        "x": 0.5007834434509277,
        "y": 0.819748044013977,
        "z": 0.06551112979650497
    },
    "landmark_29": {
        "x": 0.5780031681060791,
        "y": 0.8384044766426086,
        "z": 0.19504287838935852
    },
    "landmark_30": {
        "x": 0.5210883617401123,
        "y": 0.8325336575508118,
        "z": 0.08959029614925385
    },
    "landmark_31": {
        "x": 0.6517277359962463,
        "y": 0.8689821362495422,
        "z": -0.05464748293161392
    },
    "landmark_32": {
        "x": 0.47586894035339355,
        "y": 0.8635786175727844,
        "z": -0.15646708011627197
    }
}