{
    "landmark_0": {
        "x": 0.5034103989601135,
        "y": 0.37855765223503113,
        "z": -0.4898163974285126
    },
    "landmark_1": {
        "x": 0.5159985423088074,
        "y": 0.36805179715156555,
        "z": -0.4392925202846527
    },
    "landmark_2": {
        "x": 0.5219326615333557,
        "y": 0.3688671290874481,
        "z": -0.4392871558666229
    },
    "landmark_3": {
        "x": 0.5281122326850891,
        "y": 0.3698697090148926,
        "z": -0.43934088945388794
    },
    "landmark_4": {
        "x": 0.49161410331726074,
        "y": 0.36712175607681274,
        "z": -0.4404052793979645
    },
    "landmark_5": {
        "x": 0.483688086271286,
        "y": 0.3673577606678009,
        "z": -0.44040706753730774
    },
    "landmark_6": {
        "x": 0.477155476808548,
        "y": 0.36789408326148987,
        "z": -0.44041284918785095
    },
    "landmark_7": {
        "x": 0.5388853549957275,
        "y": 0.3779902458190918,
        "z": -0.1989433765411377
    },
    "landmark_8": {
        "x": 0.46710553765296936,
        "y": 0.37717652320861816,
        "z": -0.20686662197113037
    },
    "landmark_9": {
        "x": 0.5171229243278503,
        "y": 0.3938048183917999,
        "z": -0.4046192169189453
    },
    "landmark_10": {
        "x": 0.48891422152519226,
        "y": 0.39292705059051514,
        "z": -0.407439649105072
    },
    "landmark_11": {
        "x": 0.5897030830383301,
        "y": 0.4501919150352478,
        "z": -0.13107819855213165
    },
    "landmark_12": {
        "x": 0.40810734033584595,
        "y": 0.4473040699958801,
        "z": -0.12676885724067688
    },
    "landmark_13": {
        "x": 0.686438798904419,
        "y": 0.488270103931427,
        "z": -0.466824471950531
    },
    "landmark_14": {
        "x": 0.3005712926387787,
        "y": 0.47908610105514526,
        "z": -0.47694525122642517
    },
    "landmark_15": {
        "x": 0.6158936023712158,
        "y": 0.41987934708595276,
        "z": -0.7589222192764282
    },
    "landmark_16": {
        "x": 0.4081627428531647,
        "y": 0.4389299750328064,
        "z": -0.814842164516449
    },
    "landmark_17": {
        "x": 0.5907570123672485,
        "y": 0.4044724404811859,
        "z": -0.8323678970336914
    },
    "landmark_18": {
        "x": 0.4474228024482727,
        "y": 0.4326748251914978,
        "z": -0.8930883407592773
    },
    "landmark_19": {
        "x": 0.5832040309906006,
        "y": 0.403634637594223,
        "z": -0.7825761437416077
    },
    "landmark_20": {
        "x": 0.4570595920085907,
        "y": 0.4343262314796448,
        "z": -0.8474768996238708
    },
    "landmark_21": {
        "x": 0.5852120518684387,
        "y": 0.40862923860549927,
        "z": -0.7466462254524231
    },
    "landmark_22": {
        "x": 0.45029687881469727,
        "y": 0.43823131918907166,
        "z": -0.8057044744491577
    },
    "landmark_23": {
        "x": 0.5369194746017456,
        "y": 0.6160817742347717,
        "z": -0.024336671456694603
    },
    "landmark_24": {
        "x": 0.42256277799606323,
        "y": 0.6065406203269958,
        "z": 0.024507809430360794
    },
    "landmark_25": {
        "x": 0.5181704759597778,
        "y": 0.7314865589141846,
        "z": 0.04302067309617996
    },
    "landmark_26": {
        "x": 0.3680558204650879,
        "y": 0.7213199138641357,
        "z": -0.026255471631884575
    },
    "landmark_27": {
        "x": 0.48710471391677856,
        "y": 0.83165442943573,
        "z": 0.35313212871551514
    },
    "landmark_28": {
        "x": 0.33610573410987854,
        "y": 0.8306177854537964,
        "z": 0.21938985586166382
    },
    "landmark_29": {
        "x": 0.47138819098472595,
        "y": 0.8465517163276672,
        "z": 0.36724916100502014
    },
    "landmark_30": {
        "x": 0.3509359359741211,
        "y": 0.8599867820739746,
        "z": 0.2273736149072647
    },
    "landmark_31": {
        "x": 0.5000017285346985,
        "y": 0.8667557835578918,
        "z": 0.1427185833454132
    },
    "landmark_32": {
        "x": 0.23592130839824677,
        "y": 0.8372002840042114,
        "z": -0.012090884149074554
    }
}