{
    "landmark_0": {
        "x": 0.5721707940101624,
        "y": 0.35904547572135925,
        "z": -0.18952149152755737
    },
    "landmark_1": {
        "x": 0.586735725402832,
        "y": 0.349786639213562,
        "z": -0.15503577888011932
    },
    "landmark_2": {
        "x": 0.5945098996162415,
        "y": 0.35050684213638306,
        "z": -0.1550074815750122
    },
    "landmark_3": {
        "x": 0.600050151348114,
        "y": 0.3512316942214966,
        "z": -0.15509261190891266
    },
    "landmark_4": {
        "x": 0.5642927289009094,
        "y": 0.34864723682403564,
        "z": -0.1551261842250824
    },
    "landmark_5": {
        "x": 0.5566240549087524,
        "y": 0.34895941615104675,
        "z": -0.155001699924469
    },
    "landmark_6": {
        "x": 0.5493282675743103,
        "y": 0.3493274748325348,
        "z": -0.1549774557352066
    },
    "landmark_7": {
        "x": 0.6088687181472778,
        "y": 0.35759368538856506,
        "z": 0.04134954512119293
    },
    "landmark_8": {
        "x": 0.5402390956878662,
        "y": 0.35519999265670776,
        "z": 0.037173543125391006
    },
    "landmark_9": {
        "x": 0.5861569046974182,
        "y": 0.37275877594947815,
        "z": -0.11444094032049179
    },
    "landmark_10": {
        "x": 0.5565392374992371,
        "y": 0.36967530846595764,
        "z": -0.11620637029409409
    },
    "landmark_11": {
        "x": 0.654429018497467,
        "y": 0.422917902469635,
        "z": 0.13923516869544983
    },
    "landmark_12": {
        "x": 0.48219960927963257,
        "y": 0.4103313088417053,
        "z": 0.0829557329416275
    },
    "landmark_13": {
        "x": 0.72495436668396,
        "y": 0.4720826745033264,
        "z": -0.05940169841051102
    },
    "landmark_14": {
        "x": 0.40171486139297485,
        "y": 0.453993022441864,
        "z": -0.13738805055618286
    },
    "landmark_15": {
        "x": 0.72870272397995,
        "y": 0.39474985003471375,
        "z": -0.2911507785320282
    },
    "landmark_16": {
        "x": 0.5151994228363037,
        "y": 0.4625168740749359,
        "z": -0.3860943615436554
    },
    "landmark_17": {
        "x": 0.7345324754714966,
        "y": 0.37511956691741943,
        "z": -0.34786456823349
    },
    "landmark_18": {
        "x": 0.5446275472640991,
        "y": 0.47254085540771484,
        "z": -0.44341692328453064
    },
    "landmark_19": {
        "x": 0.7301896214485168,
        "y": 0.37078097462654114,
        "z": -0.32673925161361694
    },
    "landmark_20": {
        "x": 0.5625408887863159,
        "y": 0.4702262878417969,
        "z": -0.41675615310668945
    },
    "landmark_21": {
        "x": 0.724383533000946,
        "y": 0.3777911961078644,
        "z": -0.29049625992774963
    },
    "landmark_22": {
        "x": 0.551966667175293,
        "y": 0.4661394953727722,
        "z": -0.37895897030830383
    },
    "landmark_23": {
        "x": 0.6037369966506958,
        "y": 0.58775794506073,
        "z": 7.6091214396001305e-06
    },
    "landmark_24": {
        "x": 0.48800912499427795,
        "y": 0.5847286581993103,
        "z": 0.00021545035997405648
    },
    "landmark_25": {
        "x": 0.6218171119689941,
        "y": 0.7126157283782959,
        "z": -0.05815114080905914
    },
    "landmark_26": {
        "x": 0.461587131023407,
        "y": 0.7087599635124207,
        "z": -0.0329546220600605
    },
    "landmark_27": {
        "x": 0.5927718877792358,
        "y": 0.8254556655883789,
        "z": 0.10070020705461502
    },
    "landmark_28": {
        "x": 0.46000292897224426,
        "y": 0.8260537385940552,
        "z": 0.13388416171073914
    },
    "landmark_29": {
        "x": 0.5717092752456665,
        "y": 0.8378145098686218,
        "z": 0.10223667323589325
    },
    "landmark_30": {
        "x": 0.4841129779815674,
        "y": 0.8443287014961243,
        "z": 0.1373571902513504
    },
    "landmark_31": {
        "x": 0.623078465461731,
        "y": 0.8707230687141418,
        "z": -0.10928921401500702
    },
    "landmark_32": {
        "x": 0.3912509083747864,
        "y": 0.8550707101821899,
        "z": -0.06435899436473846
    }
}