{
    "landmark_0": {
        "x": 0.5660246014595032,
        "y": 0.3985725939273834,
        "z": -0.6507703065872192
    },
    "landmark_1": {
        "x": 0.5844470858573914,
        "y": 0.38616448640823364,
        "z": -0.6173062920570374
    },
    "landmark_2": {
        "x": 0.5927853584289551,
        "y": 0.3867764174938202,
        "z": -0.6173309087753296
    },
    "landmark_3": {
        "x": 0.5995646119117737,
        "y": 0.38754603266716003,
        "z": -0.617281973361969
    },
    "landmark_4": {
        "x": 0.5573474168777466,
        "y": 0.3843294382095337,
        "z": -0.6203386783599854
    },
    "landmark_5": {
        "x": 0.5489290356636047,
        "y": 0.3837893307209015,
        "z": -0.6203657388687134
    },
    "landmark_6": {
        "x": 0.5405300259590149,
        "y": 0.38333940505981445,
        "z": -0.6204613447189331
    },
    "landmark_7": {
        "x": 0.6116209626197815,
        "y": 0.3943774104118347,
        "z": -0.37490010261535645
    },
    "landmark_8": {
        "x": 0.5312743782997131,
        "y": 0.3868263363838196,
        "z": -0.3967936933040619
    },
    "landmark_9": {
        "x": 0.5804657340049744,
        "y": 0.4141947627067566,
        "z": -0.5569007992744446
    },
    "landmark_10": {
        "x": 0.5490460991859436,
        "y": 0.4119204878807068,
        "z": -0.5632779002189636
    },
    "landmark_11": {
        "x": 0.6602684855461121,
        "y": 0.47769373655319214,
        "z": -0.21446534991264343
    },
    "landmark_12": {
        "x": 0.4495762586593628,
        "y": 0.4579445719718933,
        "z": -0.2254190891981125
    },
    "landmark_13": {
        "x": 0.6862757205963135,
        "y": 0.569875955581665,
        "z": -0.10477332770824432
    },
    "landmark_14": {
        "x": 0.4101252555847168,
        "y": 0.5424418449401855,
        "z": -0.1645815521478653
    },
    "landmark_15": {
        "x": 0.6511068940162659,
        "y": 0.6557336449623108,
        "z": -0.30278995633125305
    },
    "landmark_16": {
        "x": 0.4165904223918915,
        "y": 0.6169328689575195,
        "z": -0.3801541328430176
    },
    "landmark_17": {
        "x": 0.6466675400733948,
        "y": 0.6829982995986938,
        "z": -0.36374300718307495
    },
    "landmark_18": {
        "x": 0.4167381823062897,
        "y": 0.6417316198348999,
        "z": -0.44456037878990173
    },
    "landmark_19": {
        "x": 0.6302609443664551,
        "y": 0.6800796985626221,
        "z": -0.43543171882629395
    },
    "landmark_20": {
        "x": 0.43127188086509705,
        "y": 0.6410185694694519,
        "z": -0.5052763819694519
    },
    "landmark_21": {
        "x": 0.6262302398681641,
        "y": 0.6738806366920471,
        "z": -0.3316939175128937
    },
    "landmark_22": {
        "x": 0.43469828367233276,
        "y": 0.6329613327980042,
        "z": -0.40746253728866577
    },
    "landmark_23": {
        "x": 0.5894008874893188,
        "y": 0.6482898592948914,
        "z": 0.006190525367856026
    },
    "landmark_24": {
        "x": 0.4754815697669983,
        "y": 0.6434052586555481,
        "z": -0.006053747143596411
    },
    "landmark_25": {
        "x": 0.5671308040618896,
        "y": 0.7630575299263,
        "z": 0.1360369622707367
    },
    "landmark_26": {
        "x": 0.4908885061740875,
        "y": 0.7726715207099915,
        "z": -0.08496435731649399
    },
    "landmark_27": {
        "x": 0.5586314797401428,
        "y": 0.8393000364303589,
        "z": 0.6826295256614685
    },
    "landmark_28": {
        "x": 0.49814465641975403,
        "y": 0.9024755358695984,
        "z": 0.09812307357788086
    },
    "landmark_29": {
        "x": 0.5533626675605774,
        "y": 0.8460904359817505,
        "z": 0.7263227105140686
    },
    "landmark_30": {
        "x": 0.5120344758033752,
        "y": 0.9177302122116089,
        "z": 0.10053916275501251
    },
    "landmark_31": {
        "x": 0.5503619909286499,
        "y": 0.8894384503364563,
        "z": 0.5338774919509888
    },
    "landmark_32": {
        "x": 0.4766177833080292,
        "y": 0.9486823081970215,
        "z": -0.18876458704471588
    }
}