{
    "landmark_0": {
        "x": 0.4545135796070099,
        "y": 0.3749465048313141,
        "z": -0.4253207743167877
    },
    "landmark_1": {
        "x": 0.46873974800109863,
        "y": 0.3647822141647339,
        "z": -0.3870570659637451
    },
    "landmark_2": {
        "x": 0.47722071409225464,
        "y": 0.3651972711086273,
        "z": -0.3870472013950348
    },
    "landmark_3": {
        "x": 0.4843426048755646,
        "y": 0.3658977746963501,
        "z": -0.3870573341846466
    },
    "landmark_4": {
        "x": 0.4454707205295563,
        "y": 0.36481428146362305,
        "z": -0.38421502709388733
    },
    "landmark_5": {
        "x": 0.43838027119636536,
        "y": 0.36492928862571716,
        "z": -0.3841707408428192
    },
    "landmark_6": {
        "x": 0.4314853250980377,
        "y": 0.3653789758682251,
        "z": -0.3842085599899292
    },
    "landmark_7": {
        "x": 0.49852630496025085,
        "y": 0.37199926376342773,
        "z": -0.1770322173833847
    },
    "landmark_8": {
        "x": 0.42822960019111633,
        "y": 0.37183788418769836,
        "z": -0.1674390286207199
    },
    "landmark_9": {
        "x": 0.4717385470867157,
        "y": 0.38825514912605286,
        "z": -0.34812214970588684
    },
    "landmark_10": {
        "x": 0.4427303373813629,
        "y": 0.38751959800720215,
        "z": -0.3455900549888611
    },
    "landmark_11": {
        "x": 0.5601165890693665,
        "y": 0.4356380105018616,
        "z": -0.1077064648270607
    },
    "landmark_12": {
        "x": 0.38132795691490173,
        "y": 0.43355029821395874,
        "z": -0.15093427896499634
    },
    "landmark_13": {
        "x": 0.6469528079032898,
        "y": 0.44455480575561523,
        "z": -0.48282626271247864
    },
    "landmark_14": {
        "x": 0.2942793071269989,
        "y": 0.47488126158714294,
        "z": -0.5196309685707092
    },
    "landmark_15": {
        "x": 0.5701745748519897,
        "y": 0.3675614297389984,
        "z": -0.7965425252914429
    },
    "landmark_16": {
        "x": 0.41523489356040955,
        "y": 0.45865026116371155,
        "z": -0.8319620490074158
    },
    "landmark_17": {
        "x": 0.5446380376815796,
        "y": 0.35032927989959717,
        "z": -0.8748712539672852
    },
    "landmark_18": {
        "x": 0.4571080505847931,
        "y": 0.466224730014801,
        "z": -0.9073723554611206
    },
    "landmark_19": {
        "x": 0.5392498970031738,
        "y": 0.3498852849006653,
        "z": -0.8273756504058838
    },
    "landmark_20": {
        "x": 0.4732414782047272,
        "y": 0.4640631079673767,
        "z": -0.867547333240509
    },
    "landmark_21": {
        "x": 0.5435886383056641,
        "y": 0.3563840389251709,
        "z": -0.7875351905822754
    },
    "landmark_22": {
        "x": 0.46117931604385376,
        "y": 0.46103817224502563,
        "z": -0.8232282996177673
    },
    "landmark_23": {
        "x": 0.5247655510902405,
        "y": 0.6063867211341858,
        "z": 0.01385931670665741
    },
    "landmark_24": {
        "x": 0.4117075502872467,
        "y": 0.6096028089523315,
        "z": -0.014001425355672836
    },
    "landmark_25": {
        "x": 0.555076539516449,
        "y": 0.7235004901885986,
        "z": 0.013934370130300522
    },
    "landmark_26": {
        "x": 0.40783029794692993,
        "y": 0.7220464944839478,
        "z": 0.022888805717229843
    },
    "landmark_27": {
        "x": 0.5703606009483337,
        "y": 0.8401915431022644,
        "z": 0.2276630401611328
    },
    "landmark_28": {
        "x": 0.4542590379714966,
        "y": 0.8262885808944702,
        "z": 0.3208296597003937
    },
    "landmark_29": {
        "x": 0.5613279938697815,
        "y": 0.8656874895095825,
        "z": 0.23410838842391968
    },
    "landmark_30": {
        "x": 0.4804738461971283,
        "y": 0.8413422703742981,
        "z": 0.33738216757774353
    },
    "landmark_31": {
        "x": 0.6581056118011475,
        "y": 0.8534528017044067,
        "z": 0.018879979848861694
    },
    "landmark_32": {
        "x": 0.4170083701610565,
        "y": 0.8655039072036743,
        "z": 0.12922391295433044
    }
}