{
    "landmark_0": {
        "x": 0.5698833465576172,
        "y": 0.3972043991088867,
        "z": -0.5853148698806763
    },
    "landmark_1": {
        "x": 0.587489902973175,
        "y": 0.3854908049106598,
        "z": -0.5572446584701538
    },
    "landmark_2": {
        "x": 0.5963019728660583,
        "y": 0.38615456223487854,
        "z": -0.5573115944862366
    },
    "landmark_3": {
        "x": 0.6020089387893677,
        "y": 0.3868279755115509,
        "z": -0.5573303699493408
    },
    "landmark_4": {
        "x": 0.5641311407089233,
        "y": 0.3835810422897339,
        "z": -0.5576612949371338
    },
    "landmark_5": {
        "x": 0.5569868683815002,
        "y": 0.38266801834106445,
        "z": -0.5576655864715576
    },
    "landmark_6": {
        "x": 0.5498943328857422,
        "y": 0.38191652297973633,
        "z": -0.5576902627944946
    },
    "landmark_7": {
        "x": 0.6149137020111084,
        "y": 0.3914082944393158,
        "z": -0.33967357873916626
    },
    "landmark_8": {
        "x": 0.5435352921485901,
        "y": 0.3849533796310425,
        "z": -0.34553274512290955
    },
    "landmark_9": {
        "x": 0.5838068127632141,
        "y": 0.4106352925300598,
        "z": -0.4994361400604248
    },
    "landmark_10": {
        "x": 0.5545790195465088,
        "y": 0.4086456894874573,
        "z": -0.5011659264564514
    },
    "landmark_11": {
        "x": 0.6669543981552124,
        "y": 0.46321138739585876,
        "z": -0.1743149608373642
    },
    "landmark_12": {
        "x": 0.46705323457717896,
        "y": 0.448503315448761,
        "z": -0.17827098071575165
    },
    "landmark_13": {
        "x": 0.702633798122406,
        "y": 0.543367326259613,
        "z": -0.05453728511929512
    },
    "landmark_14": {
        "x": 0.4300740659236908,
        "y": 0.5243314504623413,
        "z": -0.07907509058713913
    },
    "landmark_15": {
        "x": 0.716215968132019,
        "y": 0.6177041530609131,
        "z": -0.25517070293426514
    },
    "landmark_16": {
        "x": 0.4192472994327545,
        "y": 0.5944257378578186,
        "z": -0.2559872567653656
    },
    "landmark_17": {
        "x": 0.7202049493789673,
        "y": 0.641181468963623,
        "z": -0.31487447023391724
    },
    "landmark_18": {
        "x": 0.41667142510414124,
        "y": 0.6144008040428162,
        "z": -0.31288373470306396
    },
    "landmark_19": {
        "x": 0.710331916809082,
        "y": 0.6397523880004883,
        "z": -0.38890698552131653
    },
    "landmark_20": {
        "x": 0.42789894342422485,
        "y": 0.613662838935852,
        "z": -0.38291773200035095
    },
    "landmark_21": {
        "x": 0.7051379680633545,
        "y": 0.6321725845336914,
        "z": -0.28715163469314575
    },
    "landmark_22": {
        "x": 0.43151596188545227,
        "y": 0.6077587604522705,
        "z": -0.2876627445220947
    },
    "landmark_23": {
        "x": 0.5988514423370361,
        "y": 0.6257630586624146,
        "z": 0.007574826013296843
    },
    "landmark_24": {
        "x": 0.48650842905044556,
        "y": 0.6181000471115112,
        "z": -0.007539122831076384
    },
    "landmark_25": {
        "x": 0.5742796063423157,
        "y": 0.7456877827644348,
        "z": -0.008307786658406258
    },
    "landmark_26": {
        "x": 0.4656413495540619,
        "y": 0.7394466400146484,
        "z": -0.01418411172926426
    },
    "landmark_27": {
        "x": 0.5486010909080505,
        "y": 0.8343731760978699,
        "z": 0.4023791551589966
    },
    "landmark_28": {
        "x": 0.4461095929145813,
        "y": 0.8409323692321777,
        "z": 0.3451016843318939
    },
    "landmark_29": {
        "x": 0.5374733209609985,
        "y": 0.843029797077179,
        "z": 0.42904967069625854
    },
    "landmark_30": {
        "x": 0.45495104789733887,
        "y": 0.8512552380561829,
        "z": 0.36681538820266724
    },
    "landmark_31": {
        "x": 0.555697500705719,
        "y": 0.8761398196220398,
        "z": 0.1939600557088852
    },
    "landmark_32": {
        "x": 0.4373273253440857,
        "y": 0.8787254095077515,
        "z": 0.11113937944173813
    }
}