{
    "landmark_0": {
        "x": 0.5785990953445435,
        "y": 0.3652441203594208,
        "z": -0.2485690414905548
    },
    "landmark_1": {
        "x": 0.5931763648986816,
        "y": 0.3562640845775604,
        "z": -0.21042634546756744
    },
    "landmark_2": {
        "x": 0.6013922691345215,
        "y": 0.3572191894054413,
        "z": -0.21041274070739746
    },
    "landmark_3": {
        "x": 0.6064879298210144,
        "y": 0.3581586480140686,
        "z": -0.21048353612422943
    },
    "landmark_4": {
        "x": 0.570949912071228,
        "y": 0.35475456714630127,
        "z": -0.213857963681221
    },
    "landmark_5": {
        "x": 0.5630211234092712,
        "y": 0.3545611500740051,
        "z": -0.21379008889198303
    },
    "landmark_6": {
        "x": 0.5550503134727478,
        "y": 0.3545871078968048,
        "z": -0.21378673613071442
    },
    "landmark_7": {
        "x": 0.6147171854972839,
        "y": 0.3651334345340729,
        "z": 0.01040690578520298
    },
    "landmark_8": {
        "x": 0.5463160872459412,
        "y": 0.3610202968120575,
        "z": -0.009104457683861256
    },
    "landmark_9": {
        "x": 0.5914371013641357,
        "y": 0.3795059323310852,
        "z": -0.16417860984802246
    },
    "landmark_10": {
        "x": 0.5620220899581909,
        "y": 0.37719088792800903,
        "z": -0.17046700417995453
    },
    "landmark_11": {
        "x": 0.6538081169128418,
        "y": 0.4303812086582184,
        "z": 0.12606361508369446
    },
    "landmark_12": {
        "x": 0.4844040870666504,
        "y": 0.4179764688014984,
        "z": 0.053666576743125916
    },
    "landmark_13": {
        "x": 0.7172824144363403,
        "y": 0.478703111410141,
        "z": -0.07893780618906021
    },
    "landmark_14": {
        "x": 0.4097205400466919,
        "y": 0.46427303552627563,
        "z": -0.17780467867851257
    },
    "landmark_15": {
        "x": 0.7331364154815674,
        "y": 0.4063072204589844,
        "z": -0.3622773587703705
    },
    "landmark_16": {
        "x": 0.5431262254714966,
        "y": 0.47989287972450256,
        "z": -0.46939247846603394
    },
    "landmark_17": {
        "x": 0.7384462356567383,
        "y": 0.3865531384944916,
        "z": -0.4297662377357483
    },
    "landmark_18": {
        "x": 0.5860347151756287,
        "y": 0.49354106187820435,
        "z": -0.5356373190879822
    },
    "landmark_19": {
        "x": 0.7348670363426208,
        "y": 0.38190948963165283,
        "z": -0.41501298546791077
    },
    "landmark_20": {
        "x": 0.5992226004600525,
        "y": 0.48803824186325073,
        "z": -0.5157835483551025
    },
    "landmark_21": {
        "x": 0.7296008467674255,
        "y": 0.38790133595466614,
        "z": -0.36624252796173096
    },
    "landmark_22": {
        "x": 0.5909557342529297,
        "y": 0.4843277037143707,
        "z": -0.46508458256721497
    },
    "landmark_23": {
        "x": 0.6035391092300415,
        "y": 0.5948764681816101,
        "z": -0.007359013892710209
    },
    "landmark_24": {
        "x": 0.48798781633377075,
        "y": 0.5921007394790649,
        "z": 0.007700300309807062
    },
    "landmark_25": {
        "x": 0.6160271167755127,
        "y": 0.7178915143013,
        "z": -0.050144851207733154
    },
    "landmark_26": {
        "x": 0.4560701549053192,
        "y": 0.7121174335479736,
        "z": -0.03375089913606644
    },
    "landmark_27": {
        "x": 0.5910242795944214,
        "y": 0.8271784782409668,
        "z": 0.14483556151390076
    },
    "landmark_28": {
        "x": 0.4315277636051178,
        "y": 0.8300382494926453,
        "z": 0.13565586507320404
    },
    "landmark_29": {
        "x": 0.5705572962760925,
        "y": 0.8364344835281372,
        "z": 0.14880481362342834
    },
    "landmark_30": {
        "x": 0.45017245411872864,
        "y": 0.8508063554763794,
        "z": 0.1377459615468979
    },
    "landmark_31": {
        "x": 0.607492983341217,
        "y": 0.8732808828353882,
        "z": -0.06966021656990051
    },
    "landmark_32": {
        "x": 0.349579781293869,
        "y": 0.8473740816116333,
        "z": -0.08405409753322601
    }
}