{
    "landmark_0": {
        "x": 0.518993079662323,
        "y": 0.38656002283096313,
        "z": -0.6871641874313354
    },
    "landmark_1": {
        "x": 0.5371527671813965,
        "y": 0.37158918380737305,
        "z": -0.6529917120933533
    },
    "landmark_2": {
        "x": 0.5483962893486023,
        "y": 0.3715210556983948,
        "z": -0.6530689001083374
    },
    "landmark_3": {
        "x": 0.5567241311073303,
        "y": 0.3718762993812561,
        "z": -0.653067946434021
    },
    "landmark_4": {
        "x": 0.5059366226196289,
        "y": 0.37151822447776794,
        "z": -0.6487430334091187
    },
    "landmark_5": {
        "x": 0.49617505073547363,
        "y": 0.3714139759540558,
        "z": -0.6487816572189331
    },
    "landmark_6": {
        "x": 0.48897841572761536,
        "y": 0.37166827917099,
        "z": -0.6489471793174744
    },
    "landmark_7": {
        "x": 0.5717402696609497,
        "y": 0.37667548656463623,
        "z": -0.4059341549873352
    },
    "landmark_8": {
        "x": 0.48414960503578186,
        "y": 0.3746294379234314,
        "z": -0.3905509114265442
    },
    "landmark_9": {
        "x": 0.5408415198326111,
        "y": 0.40187352895736694,
        "z": -0.5913552641868591
    },
    "landmark_10": {
        "x": 0.503973662853241,
        "y": 0.4022989869117737,
        "z": -0.5868543982505798
    },
    "landmark_11": {
        "x": 0.6430696845054626,
        "y": 0.46521371603012085,
        "z": -0.25676479935646057
    },
    "landmark_12": {
        "x": 0.39990535378456116,
        "y": 0.4539615511894226,
        "z": -0.1971897929906845
    },
    "landmark_13": {
        "x": 0.6703479290008545,
        "y": 0.5624032020568848,
        "z": -0.17794665694236755
    },
    "landmark_14": {
        "x": 0.3367782533168793,
        "y": 0.5435665249824524,
        "z": -0.0894390344619751
    },
    "landmark_15": {
        "x": 0.6272688508033752,
        "y": 0.650780975818634,
        "z": -0.41249245405197144
    },
    "landmark_16": {
        "x": 0.32597219944000244,
        "y": 0.6289533972740173,
        "z": -0.3057030141353607
    },
    "landmark_17": {
        "x": 0.6186575889587402,
        "y": 0.6827582716941833,
        "z": -0.48323577642440796
    },
    "landmark_18": {
        "x": 0.3172028958797455,
        "y": 0.6572242975234985,
        "z": -0.36855798959732056
    },
    "landmark_19": {
        "x": 0.5998833775520325,
        "y": 0.6781578660011292,
        "z": -0.5489796996116638
    },
    "landmark_20": {
        "x": 0.3353615403175354,
        "y": 0.65533447265625,
        "z": -0.43973076343536377
    },
    "landmark_21": {
        "x": 0.5970339179039001,
        "y": 0.67076575756073,
        "z": -0.43933606147766113
    },
    "landmark_22": {
        "x": 0.3442414104938507,
        "y": 0.6462686657905579,
        "z": -0.338318407535553
    },
    "landmark_23": {
        "x": 0.5752491354942322,
        "y": 0.6572069525718689,
        "z": -0.001099474262446165
    },
    "landmark_24": {
        "x": 0.4477856457233429,
        "y": 0.6613695025444031,
        "z": 0.0013154788175597787
    },
    "landmark_25": {
        "x": 0.586550235748291,
        "y": 0.7746694684028625,
        "z": 0.06515245884656906
    },
    "landmark_26": {
        "x": 0.46312251687049866,
        "y": 0.7936725616455078,
        "z": -0.08704327046871185
    },
    "landmark_27": {
        "x": 0.5487580299377441,
        "y": 0.8574141263961792,
        "z": 0.7406545281410217
    },
    "landmark_28": {
        "x": 0.4957254230976105,
        "y": 0.9120839238166809,
        "z": 0.3181661069393158
    },
    "landmark_29": {
        "x": 0.5312888622283936,
        "y": 0.8643651008605957,
        "z": 0.7969720363616943
    },
    "landmark_30": {
        "x": 0.5083362460136414,
        "y": 0.9264014959335327,
        "z": 0.34395745396614075
    },
    "landmark_31": {
        "x": 0.5565741062164307,
        "y": 0.9063868522644043,
        "z": 0.5918577909469604
    },
    "landmark_32": {
        "x": 0.48189079761505127,
        "y": 0.9631511569023132,
        "z": 0.06654778122901917
    }
}