{
    "landmark_0": {
        "x": 0.5930830836296082,
        "y": 0.4121933877468109,
        "z": -0.45309028029441833
    },
    "landmark_1": {
        "x": 0.6058290004730225,
        "y": 0.4018844962120056,
        "z": -0.41038811206817627
    },
    "landmark_2": {
        "x": 0.613092839717865,
        "y": 0.4027148187160492,
        "z": -0.4103981554508209
    },
    "landmark_3": {
        "x": 0.6176212430000305,
        "y": 0.403571218252182,
        "z": -0.41042545437812805
    },
    "landmark_4": {
        "x": 0.5830045938491821,
        "y": 0.4005843997001648,
        "z": -0.4124968945980072
    },
    "landmark_5": {
        "x": 0.5760131478309631,
        "y": 0.4007602632045746,
        "z": -0.41251084208488464
    },
    "landmark_6": {
        "x": 0.5682604312896729,
        "y": 0.40121278166770935,
        "z": -0.4125784635543823
    },
    "landmark_7": {
        "x": 0.6252365708351135,
        "y": 0.41116994619369507,
        "z": -0.1677396446466446
    },
    "landmark_8": {
        "x": 0.5582113265991211,
        "y": 0.40956002473831177,
        "z": -0.18023230135440826
    },
    "landmark_9": {
        "x": 0.6056009531021118,
        "y": 0.42673999071121216,
        "z": -0.3626314699649811
    },
    "landmark_10": {
        "x": 0.5779926180839539,
        "y": 0.42581549286842346,
        "z": -0.3665202558040619
    },
    "landmark_11": {
        "x": 0.6662874817848206,
        "y": 0.48277145624160767,
        "z": -0.024969294667243958
    },
    "landmark_12": {
        "x": 0.49311938881874084,
        "y": 0.4700024724006653,
        "z": -0.1024625152349472
    },
    "landmark_13": {
        "x": 0.7351061701774597,
        "y": 0.5350136756896973,
        "z": -0.300017774105072
    },
    "landmark_14": {
        "x": 0.42238444089889526,
        "y": 0.5342047810554504,
        "z": -0.36045175790786743
    },
    "landmark_15": {
        "x": 0.7390502691268921,
        "y": 0.45586958527565,
        "z": -0.6977420449256897
    },
    "landmark_16": {
        "x": 0.5443680286407471,
        "y": 0.5309197306632996,
        "z": -0.6905415654182434
    },
    "landmark_17": {
        "x": 0.7388818264007568,
        "y": 0.435263454914093,
        "z": -0.7848958373069763
    },
    "landmark_18": {
        "x": 0.5873653888702393,
        "y": 0.5375685691833496,
        "z": -0.7620194554328918
    },
    "landmark_19": {
        "x": 0.7350963950157166,
        "y": 0.42999449372291565,
        "z": -0.757443904876709
    },
    "landmark_20": {
        "x": 0.6021873950958252,
        "y": 0.5303585529327393,
        "z": -0.7402817606925964
    },
    "landmark_21": {
        "x": 0.7306703329086304,
        "y": 0.43774470686912537,
        "z": -0.6987119317054749
    },
    "landmark_22": {
        "x": 0.5936472415924072,
        "y": 0.5293412804603577,
        "z": -0.6857910752296448
    },
    "landmark_23": {
        "x": 0.6070168614387512,
        "y": 0.645361602306366,
        "z": 0.004592604469507933
    },
    "landmark_24": {
        "x": 0.497039258480072,
        "y": 0.6390695571899414,
        "z": -0.00435327272862196
    },
    "landmark_25": {
        "x": 0.6198694109916687,
        "y": 0.7414657473564148,
        "z": -0.19801439344882965
    },
    "landmark_26": {
        "x": 0.4235936403274536,
        "y": 0.7452519536018372,
        "z": -0.20057852566242218
    },
    "landmark_27": {
        "x": 0.5536699295043945,
        "y": 0.8311689496040344,
        "z": 0.1210017129778862
    },
    "landmark_28": {
        "x": 0.3631276488304138,
        "y": 0.8575469255447388,
        "z": 0.007036691065877676
    },
    "landmark_29": {
        "x": 0.5296515822410583,
        "y": 0.8454159498214722,
        "z": 0.13930673897266388
    },
    "landmark_30": {
        "x": 0.36355483531951904,
        "y": 0.8894109725952148,
        "z": 0.01241907849907875
    },
    "landmark_31": {
        "x": 0.5940244793891907,
        "y": 0.8663832545280457,
        "z": -0.07931876927614212
    },
    "landmark_32": {
        "x": 0.2586914300918579,
        "y": 0.8543306589126587,
        "z": -0.23856545984745026
    }
}