{
    "landmark_0": {
        "x": 0.591033399105072,
        "y": 0.4205576479434967,
        "z": -0.38328343629837036
    },
    "landmark_1": {
        "x": 0.6048476099967957,
        "y": 0.4124833643436432,
        "z": -0.33918336033821106
    },
    "landmark_2": {
        "x": 0.6111335158348083,
        "y": 0.41319212317466736,
        "z": -0.3391810655593872
    },
    "landmark_3": {
        "x": 0.6175327897071838,
        "y": 0.413968950510025,
        "z": -0.3391530513763428
    },
    "landmark_4": {
        "x": 0.5820353627204895,
        "y": 0.4107016623020172,
        "z": -0.342892050743103
    },
    "landmark_5": {
        "x": 0.5739118456840515,
        "y": 0.41044655442237854,
        "z": -0.3428988456726074
    },
    "landmark_6": {
        "x": 0.5677279233932495,
        "y": 0.4104589521884918,
        "z": -0.3429352641105652
    },
    "landmark_7": {
        "x": 0.6265045404434204,
        "y": 0.4207760691642761,
        "z": -0.10472095012664795
    },
    "landmark_8": {
        "x": 0.5576267242431641,
        "y": 0.4167887568473816,
        "z": -0.1235303059220314
    },
    "landmark_9": {
        "x": 0.6026617884635925,
        "y": 0.4342705309391022,
        "z": -0.2970832586288452
    },
    "landmark_10": {
        "x": 0.5766032934188843,
        "y": 0.43254002928733826,
        "z": -0.302765816450119
    },
    "landmark_11": {
        "x": 0.6618771553039551,
        "y": 0.49027079343795776,
        "z": 0.022873112931847572
    },
    "landmark_12": {
        "x": 0.49423977732658386,
        "y": 0.48114603757858276,
        "z": -0.08101290464401245
    },
    "landmark_13": {
        "x": 0.7212285995483398,
        "y": 0.5317010283470154,
        "z": -0.22623063623905182
    },
    "landmark_14": {
        "x": 0.4456801116466522,
        "y": 0.5488141775131226,
        "z": -0.30947694182395935
    },
    "landmark_15": {
        "x": 0.7228244543075562,
        "y": 0.4524897038936615,
        "z": -0.575326681137085
    },
    "landmark_16": {
        "x": 0.5888186693191528,
        "y": 0.5506196618080139,
        "z": -0.554796576499939
    },
    "landmark_17": {
        "x": 0.7214486002922058,
        "y": 0.4328276515007019,
        "z": -0.6545703411102295
    },
    "landmark_18": {
        "x": 0.6247897744178772,
        "y": 0.5549940466880798,
        "z": -0.6222077012062073
    },
    "landmark_19": {
        "x": 0.716263473033905,
        "y": 0.42949333786964417,
        "z": -0.6349412798881531
    },
    "landmark_20": {
        "x": 0.634703516960144,
        "y": 0.5484079122543335,
        "z": -0.5938256978988647
    },
    "landmark_21": {
        "x": 0.7123457789421082,
        "y": 0.4367532730102539,
        "z": -0.5786676406860352
    },
    "landmark_22": {
        "x": 0.6225524544715881,
        "y": 0.5467005372047424,
        "z": -0.5438821911811829
    },
    "landmark_23": {
        "x": 0.6143696904182434,
        "y": 0.6507148742675781,
        "z": 0.020267989486455917
    },
    "landmark_24": {
        "x": 0.5054859519004822,
        "y": 0.6458626985549927,
        "z": -0.02004210278391838
    },
    "landmark_25": {
        "x": 0.6279141306877136,
        "y": 0.7472970485687256,
        "z": -0.12470666319131851
    },
    "landmark_26": {
        "x": 0.4275296628475189,
        "y": 0.7521066069602966,
        "z": -0.276298850774765
    },
    "landmark_27": {
        "x": 0.5740134119987488,
        "y": 0.8377336263656616,
        "z": 0.20093941688537598
    },
    "landmark_28": {
        "x": 0.3296666741371155,
        "y": 0.861781895160675,
        "z": -0.13880321383476257
    },
    "landmark_29": {
        "x": 0.5495666861534119,
        "y": 0.8513888120651245,
        "z": 0.22026808559894562
    },
    "landmark_30": {
        "x": 0.32341399788856506,
        "y": 0.8915603756904602,
        "z": -0.13861867785453796
    },
    "landmark_31": {
        "x": 0.616705596446991,
        "y": 0.8730209469795227,
        "z": 0.013661433942615986
    },
    "landmark_32": {
        "x": 0.24686573445796967,
        "y": 0.8552033305168152,
        "z": -0.39655250310897827
    }
}