{
    "landmark_0": {
        "x": 0.6155479550361633,
        "y": 0.4201280176639557,
        "z": -0.37733039259910583
    },
    "landmark_1": {
        "x": 0.6296941637992859,
        "y": 0.4123820662498474,
        "z": -0.33099526166915894
    },
    "landmark_2": {
        "x": 0.6374094486236572,
        "y": 0.41334572434425354,
        "z": -0.3309934735298157
    },
    "landmark_3": {
        "x": 0.6429649591445923,
        "y": 0.41422075033187866,
        "z": -0.33098408579826355
    },
    "landmark_4": {
        "x": 0.6074167490005493,
        "y": 0.41080594062805176,
        "z": -0.33406373858451843
    },
    "landmark_5": {
        "x": 0.6007484793663025,
        "y": 0.41080546379089355,
        "z": -0.33405038714408875
    },
    "landmark_6": {
        "x": 0.5933231115341187,
        "y": 0.410850465297699,
        "z": -0.33406442403793335
    },
    "landmark_7": {
        "x": 0.6528770327568054,
        "y": 0.4212694764137268,
        "z": -0.09138684719800949
    },
    "landmark_8": {
        "x": 0.5856829881668091,
        "y": 0.41739946603775024,
        "z": -0.10738293081521988
    },
    "landmark_9": {
        "x": 0.6281200647354126,
        "y": 0.4347377419471741,
        "z": -0.28951022028923035
    },
    "landmark_10": {
        "x": 0.6009026169776917,
        "y": 0.4328993856906891,
        "z": -0.2943667769432068
    },
    "landmark_11": {
        "x": 0.6865988373756409,
        "y": 0.49398431181907654,
        "z": 0.01889091543853283
    },
    "landmark_12": {
        "x": 0.5174104571342468,
        "y": 0.48096925020217896,
        "z": -0.042784981429576874
    },
    "landmark_13": {
        "x": 0.7264171838760376,
        "y": 0.5477699637413025,
        "z": -0.25086379051208496
    },
    "landmark_14": {
        "x": 0.44641387462615967,
        "y": 0.5454961061477661,
        "z": -0.28253114223480225
    },
    "landmark_15": {
        "x": 0.7343936562538147,
        "y": 0.46775540709495544,
        "z": -0.628535807132721
    },
    "landmark_16": {
        "x": 0.5753574967384338,
        "y": 0.5461175441741943,
        "z": -0.5694040656089783
    },
    "landmark_17": {
        "x": 0.7312465906143188,
        "y": 0.44703659415245056,
        "z": -0.7145543694496155
    },
    "landmark_18": {
        "x": 0.618565022945404,
        "y": 0.5533639788627625,
        "z": -0.6401363611221313
    },
    "landmark_19": {
        "x": 0.729215681552887,
        "y": 0.4415772557258606,
        "z": -0.6883280277252197
    },
    "landmark_20": {
        "x": 0.6316562294960022,
        "y": 0.5471404790878296,
        "z": -0.6118828058242798
    },
    "landmark_21": {
        "x": 0.7256208062171936,
        "y": 0.44929829239845276,
        "z": -0.6296850442886353
    },
    "landmark_22": {
        "x": 0.6217672228813171,
        "y": 0.5451043844223022,
        "z": -0.5607262849807739
    },
    "landmark_23": {
        "x": 0.6305756568908691,
        "y": 0.6522911190986633,
        "z": 0.0009358364040963352
    },
    "landmark_24": {
        "x": 0.520961344242096,
        "y": 0.6483379006385803,
        "z": -0.0007381206378340721
    },
    "landmark_25": {
        "x": 0.6557424068450928,
        "y": 0.7532410025596619,
        "z": -0.2344980090856552
    },
    "landmark_26": {
        "x": 0.438184916973114,
        "y": 0.7539348602294922,
        "z": -0.24996715784072876
    },
    "landmark_27": {
        "x": 0.5911422967910767,
        "y": 0.8405975103378296,
        "z": 0.11077074706554413
    },
    "landmark_28": {
        "x": 0.3555073142051697,
        "y": 0.8658143281936646,
        "z": -0.019209465011954308
    },
    "landmark_29": {
        "x": 0.5623906254768372,
        "y": 0.8518689274787903,
        "z": 0.1329316645860672
    },
    "landmark_30": {
        "x": 0.3565196692943573,
        "y": 0.896601676940918,
        "z": -0.010691136121749878
    },
    "landmark_31": {
        "x": 0.628109335899353,
        "y": 0.8803671598434448,
        "z": -0.08080900460481644
    },
    "landmark_32": {
        "x": 0.25019121170043945,
        "y": 0.8588474988937378,
        "z": -0.2597399652004242
    }
}