{
    "landmark_0": {
        "x": 0.5653773546218872,
        "y": 0.39286643266677856,
        "z": -0.5502427816390991
    },
    "landmark_1": {
        "x": 0.5828800201416016,
        "y": 0.3825209438800812,
        "z": -0.5234273076057434
    },
    "landmark_2": {
        "x": 0.5918287634849548,
        "y": 0.38343578577041626,
        "z": -0.5234774947166443
    },
    "landmark_3": {
        "x": 0.5995582342147827,
        "y": 0.38443833589553833,
        "z": -0.523466944694519
    },
    "landmark_4": {
        "x": 0.5597743391990662,
        "y": 0.3797470033168793,
        "z": -0.518623948097229
    },
    "landmark_5": {
        "x": 0.5528685450553894,
        "y": 0.37909162044525146,
        "z": -0.5185990333557129
    },
    "landmark_6": {
        "x": 0.5463693141937256,
        "y": 0.3785439133644104,
        "z": -0.5185983777046204
    },
    "landmark_7": {
        "x": 0.6128171682357788,
        "y": 0.38943225145339966,
        "z": -0.3237385153770447
    },
    "landmark_8": {
        "x": 0.5443853139877319,
        "y": 0.38288360834121704,
        "z": -0.3077710270881653
    },
    "landmark_9": {
        "x": 0.5783194899559021,
        "y": 0.40751656889915466,
        "z": -0.4731478691101074
    },
    "landmark_10": {
        "x": 0.5512400269508362,
        "y": 0.40421396493911743,
        "z": -0.4684390127658844
    },
    "landmark_11": {
        "x": 0.6664660573005676,
        "y": 0.4663553237915039,
        "z": -0.19749175012111664
    },
    "landmark_12": {
        "x": 0.4681873321533203,
        "y": 0.44944867491722107,
        "z": -0.1433698832988739
    },
    "landmark_13": {
        "x": 0.7065327763557434,
        "y": 0.5469422340393066,
        "z": -0.10374947637319565
    },
    "landmark_14": {
        "x": 0.42342981696128845,
        "y": 0.5203596353530884,
        "z": -0.05954213812947273
    },
    "landmark_15": {
        "x": 0.7173521518707275,
        "y": 0.6203588843345642,
        "z": -0.2970521152019501
    },
    "landmark_16": {
        "x": 0.41735976934432983,
        "y": 0.5860095024108887,
        "z": -0.26064568758010864
    },
    "landmark_17": {
        "x": 0.7211182713508606,
        "y": 0.6471644639968872,
        "z": -0.35786816477775574
    },
    "landmark_18": {
        "x": 0.41170263290405273,
        "y": 0.6061027646064758,
        "z": -0.3179413676261902
    },
    "landmark_19": {
        "x": 0.7073929905891418,
        "y": 0.6461677551269531,
        "z": -0.4278615415096283
    },
    "landmark_20": {
        "x": 0.4237365424633026,
        "y": 0.6060692667961121,
        "z": -0.3833218812942505
    },
    "landmark_21": {
        "x": 0.7002498507499695,
        "y": 0.6379584670066833,
        "z": -0.32652711868286133
    },
    "landmark_22": {
        "x": 0.42858201265335083,
        "y": 0.6003616452217102,
        "z": -0.292298287153244
    },
    "landmark_23": {
        "x": 0.5930821895599365,
        "y": 0.6301430463790894,
        "z": -0.005152384750545025
    },
    "landmark_24": {
        "x": 0.4850523769855499,
        "y": 0.6226974129676819,
        "z": 0.005125000141561031
    },
    "landmark_25": {
        "x": 0.5682551264762878,
        "y": 0.752469003200531,
        "z": 0.035093650221824646
    },
    "landmark_26": {
        "x": 0.47231626510620117,
        "y": 0.7447598576545715,
        "z": 0.03561973571777344
    },
    "landmark_27": {
        "x": 0.5476378202438354,
        "y": 0.842734158039093,
        "z": 0.424971342086792
    },
    "landmark_28": {
        "x": 0.45157623291015625,
        "y": 0.8502955436706543,
        "z": 0.37196090817451477
    },
    "landmark_29": {
        "x": 0.5405424237251282,
        "y": 0.8509994745254517,
        "z": 0.4501190483570099
    },
    "landmark_30": {
        "x": 0.4589920938014984,
        "y": 0.8591948747634888,
        "z": 0.39254090189933777
    },
    "landmark_31": {
        "x": 0.5463556051254272,
        "y": 0.8801361918449402,
        "z": 0.2173910290002823
    },
    "landmark_32": {
        "x": 0.44369909167289734,
        "y": 0.8923600912094116,
        "z": 0.14837297797203064
    }
}