{
    "landmark_0": {
        "x": 0.5400838851928711,
        "y": 0.390611469745636,
        "z": -0.35933104157447815
    },
    "landmark_1": {
        "x": 0.5524592995643616,
        "y": 0.3814052939414978,
        "z": -0.31835320591926575
    },
    "landmark_2": {
        "x": 0.5589361190795898,
        "y": 0.38164636492729187,
        "z": -0.31839805841445923
    },
    "landmark_3": {
        "x": 0.5650778412818909,
        "y": 0.3819616734981537,
        "z": -0.3184613883495331
    },
    "landmark_4": {
        "x": 0.5295482873916626,
        "y": 0.381153404712677,
        "z": -0.3141648471355438
    },
    "landmark_5": {
        "x": 0.5216197967529297,
        "y": 0.38143444061279297,
        "z": -0.3141240179538727
    },
    "landmark_6": {
        "x": 0.5143886804580688,
        "y": 0.38175731897354126,
        "z": -0.314125120639801
    },
    "landmark_7": {
        "x": 0.5746796727180481,
        "y": 0.38908442854881287,
        "z": -0.11336173862218857
    },
    "landmark_8": {
        "x": 0.5040425062179565,
        "y": 0.38907256722450256,
        "z": -0.0932808369398117
    },
    "landmark_9": {
        "x": 0.5528034567832947,
        "y": 0.4057026505470276,
        "z": -0.2867521345615387
    },
    "landmark_10": {
        "x": 0.5284105539321899,
        "y": 0.4045562148094177,
        "z": -0.2814987897872925
    },
    "landmark_11": {
        "x": 0.6298612952232361,
        "y": 0.452216237783432,
        "z": -0.052955761551856995
    },
    "landmark_12": {
        "x": 0.4627647399902344,
        "y": 0.4567953050136566,
        "z": -0.0438905693590641
    },
    "landmark_13": {
        "x": 0.7028982043266296,
        "y": 0.4991726279258728,
        "z": -0.31091174483299255
    },
    "landmark_14": {
        "x": 0.37828192114830017,
        "y": 0.4918559193611145,
        "z": -0.3310548961162567
    },
    "landmark_15": {
        "x": 0.575265645980835,
        "y": 0.4673529267311096,
        "z": -0.527554988861084
    },
    "landmark_16": {
        "x": 0.4409649670124054,
        "y": 0.4164658188819885,
        "z": -0.5935622453689575
    },
    "landmark_17": {
        "x": 0.5377959609031677,
        "y": 0.45914798974990845,
        "z": -0.5863592624664307
    },
    "landmark_18": {
        "x": 0.46023356914520264,
        "y": 0.3972852826118469,
        "z": -0.6677373647689819
    },
    "landmark_19": {
        "x": 0.5334110856056213,
        "y": 0.45428457856178284,
        "z": -0.5472968220710754
    },
    "landmark_20": {
        "x": 0.46890291571617126,
        "y": 0.39622431993484497,
        "z": -0.6275743246078491
    },
    "landmark_21": {
        "x": 0.5436906218528748,
        "y": 0.4573071002960205,
        "z": -0.5154609084129333
    },
    "landmark_22": {
        "x": 0.46721839904785156,
        "y": 0.40295201539993286,
        "z": -0.5876978635787964
    },
    "landmark_23": {
        "x": 0.6046427488327026,
        "y": 0.6258615851402283,
        "z": 0.006909364368766546
    },
    "landmark_24": {
        "x": 0.49527713656425476,
        "y": 0.6292658448219299,
        "z": -0.006955138873308897
    },
    "landmark_25": {
        "x": 0.660068690776825,
        "y": 0.7421026825904846,
        "z": -0.05451437458395958
    },
    "landmark_26": {
        "x": 0.48319345712661743,
        "y": 0.7419658899307251,
        "z": 0.07767979055643082
    },
    "landmark_27": {
        "x": 0.6817947626113892,
        "y": 0.8636914491653442,
        "z": 0.09097945690155029
    },
    "landmark_28": {
        "x": 0.5249942541122437,
        "y": 0.8325173258781433,
        "z": 0.4393468499183655
    },
    "landmark_29": {
        "x": 0.6667397618293762,
        "y": 0.8890587091445923,
        "z": 0.09175736457109451
    },
    "landmark_30": {
        "x": 0.5502326488494873,
        "y": 0.8451367616653442,
        "z": 0.46392330527305603
    },
    "landmark_31": {
        "x": 0.7778517007827759,
        "y": 0.8719004392623901,
        "z": -0.13755154609680176
    },
    "landmark_32": {
        "x": 0.4979633688926697,
        "y": 0.8669517636299133,
        "z": 0.28305068612098694
    }
}