{
    "landmark_0": {
        "x": 0.450644850730896,
        "y": 0.3973217010498047,
        "z": -0.38719862699508667
    },
    "landmark_1": {
        "x": 0.46298983693122864,
        "y": 0.387180894613266,
        "z": -0.3530386984348297
    },
    "landmark_2": {
        "x": 0.4715278744697571,
        "y": 0.3873277008533478,
        "z": -0.353024959564209
    },
    "landmark_3": {
        "x": 0.4786759316921234,
        "y": 0.3876936435699463,
        "z": -0.3529277443885803
    },
    "landmark_4": {
        "x": 0.44073665142059326,
        "y": 0.38783276081085205,
        "z": -0.3513405919075012
    },
    "landmark_5": {
        "x": 0.43342387676239014,
        "y": 0.38853320479393005,
        "z": -0.3513038456439972
    },
    "landmark_6": {
        "x": 0.42704471945762634,
        "y": 0.3894147276878357,
        "z": -0.35126563906669617
    },
    "landmark_7": {
        "x": 0.49147558212280273,
        "y": 0.3933170437812805,
        "z": -0.15653586387634277
    },
    "landmark_8": {
        "x": 0.42433977127075195,
        "y": 0.39554232358932495,
        "z": -0.1512167602777481
    },
    "landmark_9": {
        "x": 0.46812471747398376,
        "y": 0.40907931327819824,
        "z": -0.31290245056152344
    },
    "landmark_10": {
        "x": 0.4383140206336975,
        "y": 0.4089329242706299,
        "z": -0.31137317419052124
    },
    "landmark_11": {
        "x": 0.5490548014640808,
        "y": 0.45168811082839966,
        "z": -0.08962956815958023
    },
    "landmark_12": {
        "x": 0.3811262249946594,
        "y": 0.46042752265930176,
        "z": -0.13113507628440857
    },
    "landmark_13": {
        "x": 0.6014735698699951,
        "y": 0.43243709206581116,
        "z": -0.44229206442832947
    },
    "landmark_14": {
        "x": 0.320036917924881,
        "y": 0.5162495970726013,
        "z": -0.4841706454753876
    },
    "landmark_15": {
        "x": 0.5656994581222534,
        "y": 0.37089937925338745,
        "z": -0.7881813645362854
    },
    "landmark_16": {
        "x": 0.44006839394569397,
        "y": 0.4942602515220642,
        "z": -0.8382498621940613
    },
    "landmark_17": {
        "x": 0.5509430170059204,
        "y": 0.3520600497722626,
        "z": -0.871122419834137
    },
    "landmark_18": {
        "x": 0.48504379391670227,
        "y": 0.4969312250614166,
        "z": -0.9196123480796814
    },
    "landmark_19": {
        "x": 0.5456752181053162,
        "y": 0.3528071641921997,
        "z": -0.8442942500114441
    },
    "landmark_20": {
        "x": 0.4949244260787964,
        "y": 0.4887455403804779,
        "z": -0.8838310837745667
    },
    "landmark_21": {
        "x": 0.5458499193191528,
        "y": 0.359943687915802,
        "z": -0.7902478575706482
    },
    "landmark_22": {
        "x": 0.48349815607070923,
        "y": 0.486412912607193,
        "z": -0.8301594853401184
    },
    "landmark_23": {
        "x": 0.5222018957138062,
        "y": 0.618733823299408,
        "z": -0.003364580450579524
    },
    "landmark_24": {
        "x": 0.41394495964050293,
        "y": 0.625277042388916,
        "z": 0.0034710655454546213
    },
    "landmark_25": {
        "x": 0.5636723041534424,
        "y": 0.7312237024307251,
        "z": -0.08732660114765167
    },
    "landmark_26": {
        "x": 0.41406121850013733,
        "y": 0.7356736660003662,
        "z": 0.08421599119901657
    },
    "landmark_27": {
        "x": 0.6092864871025085,
        "y": 0.8505910634994507,
        "z": 0.009971552528440952
    },
    "landmark_28": {
        "x": 0.45556992292404175,
        "y": 0.8290539979934692,
        "z": 0.3409940302371979
    },
    "landmark_29": {
        "x": 0.6026079058647156,
        "y": 0.8822005391120911,
        "z": 0.0032265305053442717
    },
    "landmark_30": {
        "x": 0.48143067955970764,
        "y": 0.8430929183959961,
        "z": 0.35260194540023804
    },
    "landmark_31": {
        "x": 0.692330539226532,
        "y": 0.8507707715034485,
        "z": -0.1978435069322586
    },
    "landmark_32": {
        "x": 0.423906147480011,
        "y": 0.8647160530090332,
        "z": 0.1725698858499527
    }
}