{
    "landmark_0": {
        "x": 0.5997203588485718,
        "y": 0.41330528259277344,
        "z": -0.4231265187263489
    },
    "landmark_1": {
        "x": 0.6130750179290771,
        "y": 0.40474551916122437,
        "z": -0.3785072863101959
    },
    "landmark_2": {
        "x": 0.6207678318023682,
        "y": 0.4056932330131531,
        "z": -0.3784797787666321
    },
    "landmark_3": {
        "x": 0.6268938779830933,
        "y": 0.4067266583442688,
        "z": -0.3784157633781433
    },
    "landmark_4": {
        "x": 0.5916627645492554,
        "y": 0.4033406674861908,
        "z": -0.3816796541213989
    },
    "landmark_5": {
        "x": 0.5846781134605408,
        "y": 0.40325823426246643,
        "z": -0.38166600465774536
    },
    "landmark_6": {
        "x": 0.5771259665489197,
        "y": 0.40329569578170776,
        "z": -0.3817152976989746
    },
    "landmark_7": {
        "x": 0.6335719227790833,
        "y": 0.4146824777126312,
        "z": -0.12372526526451111
    },
    "landmark_8": {
        "x": 0.5693444013595581,
        "y": 0.41064199805259705,
        "z": -0.14453423023223877
    },
    "landmark_9": {
        "x": 0.6118977069854736,
        "y": 0.42745059728622437,
        "z": -0.32863327860832214
    },
    "landmark_10": {
        "x": 0.5848739743232727,
        "y": 0.42580050230026245,
        "z": -0.3348115384578705
    },
    "landmark_11": {
        "x": 0.6749224662780762,
        "y": 0.4873303771018982,
        "z": 0.024838656187057495
    },
    "landmark_12": {
        "x": 0.5041190981864929,
        "y": 0.46958908438682556,
        "z": -0.07701121270656586
    },
    "landmark_13": {
        "x": 0.7070220708847046,
        "y": 0.5462971329689026,
        "z": -0.2314997762441635
    },
    "landmark_14": {
        "x": 0.4437348544597626,
        "y": 0.5322540998458862,
        "z": -0.29525405168533325
    },
    "landmark_15": {
        "x": 0.7296932935714722,
        "y": 0.47892922163009644,
        "z": -0.6356301307678223
    },
    "landmark_16": {
        "x": 0.5792807340621948,
        "y": 0.5512230396270752,
        "z": -0.5682848691940308
    },
    "landmark_17": {
        "x": 0.7377984523773193,
        "y": 0.4575057625770569,
        "z": -0.7246497869491577
    },
    "landmark_18": {
        "x": 0.6128683686256409,
        "y": 0.5626377463340759,
        "z": -0.6401816606521606
    },
    "landmark_19": {
        "x": 0.737203061580658,
        "y": 0.4540431499481201,
        "z": -0.7189015746116638
    },
    "landmark_20": {
        "x": 0.6289816498756409,
        "y": 0.5584707260131836,
        "z": -0.6293962001800537
    },
    "landmark_21": {
        "x": 0.7301887273788452,
        "y": 0.4600130617618561,
        "z": -0.6452659964561462
    },
    "landmark_22": {
        "x": 0.6156713962554932,
        "y": 0.5530823469161987,
        "z": -0.5661589503288269
    },
    "landmark_23": {
        "x": 0.616756796836853,
        "y": 0.6475850343704224,
        "z": 0.02231447957456112
    },
    "landmark_24": {
        "x": 0.506966769695282,
        "y": 0.6404181718826294,
        "z": -0.02204393967986107
    },
    "landmark_25": {
        "x": 0.6166663765907288,
        "y": 0.7491354942321777,
        "z": 0.20998817682266235
    },
    "landmark_26": {
        "x": 0.42848458886146545,
        "y": 0.7418447136878967,
        "z": -0.2315603643655777
    },
    "landmark_27": {
        "x": 0.5696452856063843,
        "y": 0.8367454409599304,
        "z": 0.6107664108276367
    },
    "landmark_28": {
        "x": 0.35128867626190186,
        "y": 0.8609462976455688,
        "z": -0.12327730655670166
    },
    "landmark_29": {
        "x": 0.541161060333252,
        "y": 0.8523459434509277,
        "z": 0.6358960270881653
    },
    "landmark_30": {
        "x": 0.3547581136226654,
        "y": 0.8911484479904175,
        "z": -0.12838158011436462
    },
    "landmark_31": {
        "x": 0.6165878176689148,
        "y": 0.8739217519760132,
        "z": 0.43425241112709045
    },
    "landmark_32": {
        "x": 0.24674446880817413,
        "y": 0.85383540391922,
        "z": -0.4032824635505676
    }
}