{
    "landmark_0": {
        "x": 0.561267614364624,
        "y": 0.40087199211120605,
        "z": -0.5803217887878418
    },
    "landmark_1": {
        "x": 0.5794761180877686,
        "y": 0.388229101896286,
        "z": -0.545333981513977
    },
    "landmark_2": {
        "x": 0.5878478288650513,
        "y": 0.388766348361969,
        "z": -0.5454054474830627
    },
    "landmark_3": {
        "x": 0.5950004458427429,
        "y": 0.3895251750946045,
        "z": -0.5453578233718872
    },
    "landmark_4": {
        "x": 0.552483856678009,
        "y": 0.3864673674106598,
        "z": -0.5463681221008301
    },
    "landmark_5": {
        "x": 0.5441523194313049,
        "y": 0.38596010208129883,
        "z": -0.5463882088661194
    },
    "landmark_6": {
        "x": 0.5359364151954651,
        "y": 0.38545680046081543,
        "z": -0.5465107560157776
    },
    "landmark_7": {
        "x": 0.6076542139053345,
        "y": 0.3957487940788269,
        "z": -0.3058045506477356
    },
    "landmark_8": {
        "x": 0.5270931124687195,
        "y": 0.38828667998313904,
        "z": -0.31878983974456787
    },
    "landmark_9": {
        "x": 0.5757627487182617,
        "y": 0.4163132607936859,
        "z": -0.4884823262691498
    },
    "landmark_10": {
        "x": 0.5451746582984924,
        "y": 0.4143013060092926,
        "z": -0.49227139353752136
    },
    "landmark_11": {
        "x": 0.6572574973106384,
        "y": 0.47825056314468384,
        "z": -0.15846818685531616
    },
    "landmark_12": {
        "x": 0.44520556926727295,
        "y": 0.4593009352684021,
        "z": -0.15955543518066406
    },
    "landmark_13": {
        "x": 0.6794712543487549,
        "y": 0.5721011161804199,
        "z": -0.0699533224105835
    },
    "landmark_14": {
        "x": 0.4057680666446686,
        "y": 0.5439033508300781,
        "z": -0.11585032939910889
    },
    "landmark_15": {
        "x": 0.6388466954231262,
        "y": 0.6545486450195312,
        "z": -0.2868332862854004
    },
    "landmark_16": {
        "x": 0.4051057696342468,
        "y": 0.6159898638725281,
        "z": -0.37174850702285767
    },
    "landmark_17": {
        "x": 0.6331677436828613,
        "y": 0.6836259961128235,
        "z": -0.3519979417324066
    },
    "landmark_18": {
        "x": 0.40466827154159546,
        "y": 0.6404247879981995,
        "z": -0.44147464632987976
    },
    "landmark_19": {
        "x": 0.6155455708503723,
        "y": 0.6805411577224731,
        "z": -0.422685444355011
    },
    "landmark_20": {
        "x": 0.4193246066570282,
        "y": 0.6396750211715698,
        "z": -0.5039227604866028
    },
    "landmark_21": {
        "x": 0.6106035113334656,
        "y": 0.6743360757827759,
        "z": -0.31516000628471375
    },
    "landmark_22": {
        "x": 0.42263275384902954,
        "y": 0.6317630410194397,
        "z": -0.4010559022426605
    },
    "landmark_23": {
        "x": 0.5879271626472473,
        "y": 0.6527538299560547,
        "z": 0.01644706539809704
    },
    "landmark_24": {
        "x": 0.4735722839832306,
        "y": 0.6482462882995605,
        "z": -0.016247617080807686
    },
    "landmark_25": {
        "x": 0.5685869455337524,
        "y": 0.7661617398262024,
        "z": 0.11109542101621628
    },
    "landmark_26": {
        "x": 0.48760053515434265,
        "y": 0.7777318358421326,
        "z": -0.11981941759586334
    },
    "landmark_27": {
        "x": 0.5573723316192627,
        "y": 0.8430228233337402,
        "z": 0.6676026582717896
    },
    "landmark_28": {
        "x": 0.5011395215988159,
        "y": 0.9091833829879761,
        "z": 0.08450980484485626
    },
    "landmark_29": {
        "x": 0.5502902269363403,
        "y": 0.8498862981796265,
        "z": 0.7122491002082825
    },
    "landmark_30": {
        "x": 0.5129964351654053,
        "y": 0.923815906047821,
        "z": 0.08966967463493347
    },
    "landmark_31": {
        "x": 0.5549890398979187,
        "y": 0.8949130773544312,
        "z": 0.5258058309555054
    },
    "landmark_32": {
        "x": 0.4792306125164032,
        "y": 0.9561275243759155,
        "z": -0.19690090417861938
    }
}