{
    "landmark_0": {
        "x": 0.4855785667896271,
        "y": 0.38429751992225647,
        "z": -0.7375990748405457
    },
    "landmark_1": {
        "x": 0.5055463314056396,
        "y": 0.3673410415649414,
        "z": -0.7150688171386719
    },
    "landmark_2": {
        "x": 0.5173124670982361,
        "y": 0.36710870265960693,
        "z": -0.7151070237159729
    },
    "landmark_3": {
        "x": 0.528176486492157,
        "y": 0.3669927716255188,
        "z": -0.715139627456665
    },
    "landmark_4": {
        "x": 0.4783041775226593,
        "y": 0.36770495772361755,
        "z": -0.7039008140563965
    },
    "landmark_5": {
        "x": 0.4717150330543518,
        "y": 0.36783474683761597,
        "z": -0.7039693593978882
    },
    "landmark_6": {
        "x": 0.46606287360191345,
        "y": 0.3678203523159027,
        "z": -0.7041288614273071
    },
    "landmark_7": {
        "x": 0.5472694635391235,
        "y": 0.37148287892341614,
        "z": -0.5026428699493408
    },
    "landmark_8": {
        "x": 0.4694806933403015,
        "y": 0.3712187707424164,
        "z": -0.45486050844192505
    },
    "landmark_9": {
        "x": 0.5095922946929932,
        "y": 0.3995455801486969,
        "z": -0.651962161064148
    },
    "landmark_10": {
        "x": 0.47687527537345886,
        "y": 0.3991737961769104,
        "z": -0.6382113695144653
    },
    "landmark_11": {
        "x": 0.6383063197135925,
        "y": 0.4616768956184387,
        "z": -0.3460307717323303
    },
    "landmark_12": {
        "x": 0.38610175251960754,
        "y": 0.4504151940345764,
        "z": -0.25998184084892273
    },
    "landmark_13": {
        "x": 0.6743113398551941,
        "y": 0.5623261332511902,
        "z": -0.22583797574043274
    },
    "landmark_14": {
        "x": 0.320059210062027,
        "y": 0.5426927208900452,
        "z": -0.12305615842342377
    },
    "landmark_15": {
        "x": 0.6585123538970947,
        "y": 0.6550408005714417,
        "z": -0.38814598321914673
    },
    "landmark_16": {
        "x": 0.30294257402420044,
        "y": 0.6348123550415039,
        "z": -0.27658283710479736
    },
    "landmark_17": {
        "x": 0.6627413630485535,
        "y": 0.6843363642692566,
        "z": -0.4422302544116974
    },
    "landmark_18": {
        "x": 0.2951219081878662,
        "y": 0.666631817817688,
        "z": -0.3257680833339691
    },
    "landmark_19": {
        "x": 0.6433233022689819,
        "y": 0.6816913485527039,
        "z": -0.5107318758964539
    },
    "landmark_20": {
        "x": 0.3093883991241455,
        "y": 0.6653209924697876,
        "z": -0.3956775963306427
    },
    "landmark_21": {
        "x": 0.6368178129196167,
        "y": 0.6752254366874695,
        "z": -0.4137328267097473
    },
    "landmark_22": {
        "x": 0.3165397346019745,
        "y": 0.6552786827087402,
        "z": -0.30840224027633667
    },
    "landmark_23": {
        "x": 0.5627360939979553,
        "y": 0.6546397805213928,
        "z": -0.008833792060613632
    },
    "landmark_24": {
        "x": 0.42981457710266113,
        "y": 0.656506359577179,
        "z": 0.008752918802201748
    },
    "landmark_25": {
        "x": 0.5686529278755188,
        "y": 0.7856053709983826,
        "z": 0.15875597298145294
    },
    "landmark_26": {
        "x": 0.45797908306121826,
        "y": 0.7927190661430359,
        "z": 0.07861719280481339
    },
    "landmark_27": {
        "x": 0.579679012298584,
        "y": 0.8646009564399719,
        "z": 0.771429181098938
    },
    "landmark_28": {
        "x": 0.4940250515937805,
        "y": 0.9117549061775208,
        "z": 0.49327442049980164
    },
    "landmark_29": {
        "x": 0.5745429396629333,
        "y": 0.8744500875473022,
        "z": 0.8224399089813232
    },
    "landmark_30": {
        "x": 0.5096426010131836,
        "y": 0.9219306707382202,
        "z": 0.5233621001243591
    },
    "landmark_31": {
        "x": 0.5757870078086853,
        "y": 0.9141234159469604,
        "z": 0.6118519306182861
    },
    "landmark_32": {
        "x": 0.4812169671058655,
        "y": 0.9607490301132202,
        "z": 0.2654961347579956
    }
}