{
    "landmark_0": {
        "x": 0.4780888855457306,
        "y": 0.3570035398006439,
        "z": -0.44145140051841736
    },
    "landmark_1": {
        "x": 0.4907473623752594,
        "y": 0.3455576002597809,
        "z": -0.3968382179737091
    },
    "landmark_2": {
        "x": 0.49840226769447327,
        "y": 0.34584811329841614,
        "z": -0.39682537317276
    },
    "landmark_3": {
        "x": 0.5040518045425415,
        "y": 0.34639227390289307,
        "z": -0.396859347820282
    },
    "landmark_4": {
        "x": 0.4675484597682953,
        "y": 0.3455324172973633,
        "z": -0.39020437002182007
    },
    "landmark_5": {
        "x": 0.46054917573928833,
        "y": 0.34581947326660156,
        "z": -0.39022916555404663
    },
    "landmark_6": {
        "x": 0.4530937671661377,
        "y": 0.3463982343673706,
        "z": -0.3902903199195862
    },
    "landmark_7": {
        "x": 0.5192743539810181,
        "y": 0.35391661524772644,
        "z": -0.17880049347877502
    },
    "landmark_8": {
        "x": 0.4473085105419159,
        "y": 0.3547133803367615,
        "z": -0.14680710434913635
    },
    "landmark_9": {
        "x": 0.4939194917678833,
        "y": 0.3718920946121216,
        "z": -0.3641115725040436
    },
    "landmark_10": {
        "x": 0.4663650393486023,
        "y": 0.3715548515319824,
        "z": -0.3553846776485443
    },
    "landmark_11": {
        "x": 0.5802713632583618,
        "y": 0.4242885112762451,
        "z": -0.10870609432458878
    },
    "landmark_12": {
        "x": 0.39995482563972473,
        "y": 0.4207492470741272,
        "z": -0.06599271297454834
    },
    "landmark_13": {
        "x": 0.6799185872077942,
        "y": 0.4580748975276947,
        "z": -0.4498394727706909
    },
    "landmark_14": {
        "x": 0.29249414801597595,
        "y": 0.4516403079032898,
        "z": -0.3947650194168091
    },
    "landmark_15": {
        "x": 0.5842247605323792,
        "y": 0.41900163888931274,
        "z": -0.7655270099639893
    },
    "landmark_16": {
        "x": 0.37534549832344055,
        "y": 0.3874163329601288,
        "z": -0.7435328364372253
    },
    "landmark_17": {
        "x": 0.5556384325027466,
        "y": 0.41337403655052185,
        "z": -0.839185357093811
    },
    "landmark_18": {
        "x": 0.4002618193626404,
        "y": 0.3742932081222534,
        "z": -0.8307136297225952
    },
    "landmark_19": {
        "x": 0.5463289618492126,
        "y": 0.41190022230148315,
        "z": -0.7813243269920349
    },
    "landmark_20": {
        "x": 0.4085066020488739,
        "y": 0.37354063987731934,
        "z": -0.7820621728897095
    },
    "landmark_21": {
        "x": 0.5512884259223938,
        "y": 0.41460055112838745,
        "z": -0.7497979998588562
    },
    "landmark_22": {
        "x": 0.4035344123840332,
        "y": 0.37947410345077515,
        "z": -0.7356109023094177
    },
    "landmark_23": {
        "x": 0.5332164764404297,
        "y": 0.5889875888824463,
        "z": -0.027829241007566452
    },
    "landmark_24": {
        "x": 0.42061370611190796,
        "y": 0.5851013660430908,
        "z": 0.027594394981861115
    },
    "landmark_25": {
        "x": 0.5285624265670776,
        "y": 0.7047082185745239,
        "z": -0.1381990760564804
    },
    "landmark_26": {
        "x": 0.3818695545196533,
        "y": 0.7022448182106018,
        "z": -0.11393655091524124
    },
    "landmark_27": {
        "x": 0.49477195739746094,
        "y": 0.8176266551017761,
        "z": 0.22455798089504242
    },
    "landmark_28": {
        "x": 0.38819923996925354,
        "y": 0.813799262046814,
        "z": 0.22616532444953918
    },
    "landmark_29": {
        "x": 0.47170716524124146,
        "y": 0.8293010592460632,
        "z": 0.24678580462932587
    },
    "landmark_30": {
        "x": 0.4077427387237549,
        "y": 0.8303197622299194,
        "z": 0.24732902646064758
    },
    "landmark_31": {
        "x": 0.5171995162963867,
        "y": 0.866045355796814,
        "z": 0.005938381422311068
    },
    "landmark_32": {
        "x": 0.3336566984653473,
        "y": 0.8524957895278931,
        "z": 0.018604502081871033
    }
}