{
    "landmark_0": {
        "x": 0.5857095718383789,
        "y": 0.401024729013443,
        "z": -0.433091938495636
    },
    "landmark_1": {
        "x": 0.5998625755310059,
        "y": 0.39242076873779297,
        "z": -0.39279472827911377
    },
    "landmark_2": {
        "x": 0.6082226037979126,
        "y": 0.3931640684604645,
        "z": -0.39279988408088684
    },
    "landmark_3": {
        "x": 0.616162121295929,
        "y": 0.39418742060661316,
        "z": -0.3927677273750305
    },
    "landmark_4": {
        "x": 0.5772536993026733,
        "y": 0.3921004831790924,
        "z": -0.3924853503704071
    },
    "landmark_5": {
        "x": 0.5695092678070068,
        "y": 0.39247480034828186,
        "z": -0.392471045255661
    },
    "landmark_6": {
        "x": 0.5626848936080933,
        "y": 0.3930315673351288,
        "z": -0.39254456758499146
    },
    "landmark_7": {
        "x": 0.6258901953697205,
        "y": 0.4015621244907379,
        "z": -0.15408657491207123
    },
    "landmark_8": {
        "x": 0.5559085607528687,
        "y": 0.39973700046539307,
        "z": -0.15782096982002258
    },
    "landmark_9": {
        "x": 0.6011046171188354,
        "y": 0.4164043962955475,
        "z": -0.34403765201568604
    },
    "landmark_10": {
        "x": 0.5716388821601868,
        "y": 0.41523751616477966,
        "z": -0.34528300166130066
    },
    "landmark_11": {
        "x": 0.6729305386543274,
        "y": 0.47787076234817505,
        "z": -0.02186984196305275
    },
    "landmark_12": {
        "x": 0.4935729503631592,
        "y": 0.4621380865573883,
        "z": -0.08171937614679337
    },
    "landmark_13": {
        "x": 0.7147525548934937,
        "y": 0.5335555076599121,
        "z": -0.31250715255737305
    },
    "landmark_14": {
        "x": 0.41790643334388733,
        "y": 0.5242009162902832,
        "z": -0.34499481320381165
    },
    "landmark_15": {
        "x": 0.7221585512161255,
        "y": 0.45608049631118774,
        "z": -0.7074927687644958
    },
    "landmark_16": {
        "x": 0.5485379695892334,
        "y": 0.5242982506752014,
        "z": -0.6797051429748535
    },
    "landmark_17": {
        "x": 0.7216007709503174,
        "y": 0.43542084097862244,
        "z": -0.7938501238822937
    },
    "landmark_18": {
        "x": 0.5945135354995728,
        "y": 0.5321762561798096,
        "z": -0.7568496465682983
    },
    "landmark_19": {
        "x": 0.7194685935974121,
        "y": 0.4286463260650635,
        "z": -0.773624062538147
    },
    "landmark_20": {
        "x": 0.6083335280418396,
        "y": 0.5286705493927002,
        "z": -0.7363389730453491
    },
    "landmark_21": {
        "x": 0.7152583599090576,
        "y": 0.43626290559768677,
        "z": -0.710283100605011
    },
    "landmark_22": {
        "x": 0.601001501083374,
        "y": 0.5261068940162659,
        "z": -0.6759546995162964
    },
    "landmark_23": {
        "x": 0.612710177898407,
        "y": 0.6415567994117737,
        "z": 0.006172900553792715
    },
    "landmark_24": {
        "x": 0.49840104579925537,
        "y": 0.6348140239715576,
        "z": -0.005902748089283705
    },
    "landmark_25": {
        "x": 0.6236699819564819,
        "y": 0.742860734462738,
        "z": 0.08822250366210938
    },
    "landmark_26": {
        "x": 0.4170740246772766,
        "y": 0.7377410531044006,
        "z": -0.22729000449180603
    },
    "landmark_27": {
        "x": 0.5684139728546143,
        "y": 0.8374110460281372,
        "z": 0.4276619851589203
    },
    "landmark_28": {
        "x": 0.3518602252006531,
        "y": 0.8530527353286743,
        "z": -0.04217104613780975
    },
    "landmark_29": {
        "x": 0.5399314165115356,
        "y": 0.8543963432312012,
        "z": 0.44550979137420654
    },
    "landmark_30": {
        "x": 0.3591361939907074,
        "y": 0.8811153173446655,
        "z": -0.03974265977740288
    },
    "landmark_31": {
        "x": 0.6170790791511536,
        "y": 0.874047577381134,
        "z": 0.22690632939338684
    },
    "landmark_32": {
        "x": 0.25609928369522095,
        "y": 0.8591278791427612,
        "z": -0.303078293800354
    }
}