{
    "landmark_0": {
        "x": 0.528865396976471,
        "y": 0.41286617517471313,
        "z": -0.4332107603549957
    },
    "landmark_1": {
        "x": 0.5427690744400024,
        "y": 0.4041762948036194,
        "z": -0.3902584910392761
    },
    "landmark_2": {
        "x": 0.5484101176261902,
        "y": 0.4052795469760895,
        "z": -0.3902543783187866
    },
    "landmark_3": {
        "x": 0.5541054606437683,
        "y": 0.40648144483566284,
        "z": -0.39022523164749146
    },
    "landmark_4": {
        "x": 0.5210182666778564,
        "y": 0.402066171169281,
        "z": -0.3944424092769623
    },
    "landmark_5": {
        "x": 0.5137894749641418,
        "y": 0.4019545614719391,
        "z": -0.39447635412216187
    },
    "landmark_6": {
        "x": 0.5074060559272766,
        "y": 0.4022425711154938,
        "z": -0.3945358395576477
    },
    "landmark_7": {
        "x": 0.5632601976394653,
        "y": 0.41460150480270386,
        "z": -0.14337877929210663
    },
    "landmark_8": {
        "x": 0.49584701657295227,
        "y": 0.41059932112693787,
        "z": -0.16637952625751495
    },
    "landmark_9": {
        "x": 0.5393746495246887,
        "y": 0.4275534749031067,
        "z": -0.3412911295890808
    },
    "landmark_10": {
        "x": 0.5134177207946777,
        "y": 0.42525070905685425,
        "z": -0.3482111990451813
    },
    "landmark_11": {
        "x": 0.5990352630615234,
        "y": 0.48103150725364685,
        "z": -0.0030813803896307945
    },
    "landmark_12": {
        "x": 0.4340648353099823,
        "y": 0.4694214463233948,
        "z": -0.08486343175172806
    },
    "landmark_13": {
        "x": 0.6701874732971191,
        "y": 0.5230319499969482,
        "z": -0.26929980516433716
    },
    "landmark_14": {
        "x": 0.35880059003829956,
        "y": 0.5282268524169922,
        "z": -0.30873072147369385
    },
    "landmark_15": {
        "x": 0.6611810922622681,
        "y": 0.45270150899887085,
        "z": -0.6475644707679749
    },
    "landmark_16": {
        "x": 0.4928051829338074,
        "y": 0.541806697845459,
        "z": -0.60551917552948
    },
    "landmark_17": {
        "x": 0.6580220460891724,
        "y": 0.43402594327926636,
        "z": -0.7331536412239075
    },
    "landmark_18": {
        "x": 0.5310391187667847,
        "y": 0.5515467524528503,
        "z": -0.6763631701469421
    },
    "landmark_19": {
        "x": 0.6534604430198669,
        "y": 0.4292284846305847,
        "z": -0.7124091386795044
    },
    "landmark_20": {
        "x": 0.5450549125671387,
        "y": 0.5456166863441467,
        "z": -0.6602097153663635
    },
    "landmark_21": {
        "x": 0.6494499444961548,
        "y": 0.4363163411617279,
        "z": -0.6511486768722534
    },
    "landmark_22": {
        "x": 0.5336631536483765,
        "y": 0.5412209033966064,
        "z": -0.6013770699501038
    },
    "landmark_23": {
        "x": 0.544191300868988,
        "y": 0.6431835293769836,
        "z": 0.0048259710893034935
    },
    "landmark_24": {
        "x": 0.43546026945114136,
        "y": 0.6362699270248413,
        "z": -0.0044972593896090984
    },
    "landmark_25": {
        "x": 0.5321027636528015,
        "y": 0.743998646736145,
        "z": -0.03221498802304268
    },
    "landmark_26": {
        "x": 0.3563462197780609,
        "y": 0.7425678372383118,
        "z": -0.24695643782615662
    },
    "landmark_27": {
        "x": 0.4672206938266754,
        "y": 0.8376001119613647,
        "z": 0.21335947513580322
    },
    "landmark_28": {
        "x": 0.26401323080062866,
        "y": 0.85310298204422,
        "z": -0.15615980327129364
    },
    "landmark_29": {
        "x": 0.44318607449531555,
        "y": 0.8531074523925781,
        "z": 0.22298355400562286
    },
    "landmark_30": {
        "x": 0.2550158202648163,
        "y": 0.8892114758491516,
        "z": -0.16334809362888336
    },
    "landmark_31": {
        "x": 0.5102033019065857,
        "y": 0.8637492060661316,
        "z": -0.0071401470340788364
    },
    "landmark_32": {
        "x": 0.1653754860162735,
        "y": 0.8377984166145325,
        "z": -0.44030100107192993
    }
}