{
    "landmark_0": {
        "x": 0.6020750403404236,
        "y": 0.42077797651290894,
        "z": -0.45804187655448914
    },
    "landmark_1": {
        "x": 0.614112913608551,
        "y": 0.41081395745277405,
        "z": -0.41811710596084595
    },
    "landmark_2": {
        "x": 0.6211970448493958,
        "y": 0.41164007782936096,
        "z": -0.4181290566921234
    },
    "landmark_3": {
        "x": 0.6256974339485168,
        "y": 0.4123753607273102,
        "z": -0.418102890253067
    },
    "landmark_4": {
        "x": 0.591461718082428,
        "y": 0.40935391187667847,
        "z": -0.4196375906467438
    },
    "landmark_5": {
        "x": 0.5845396518707275,
        "y": 0.409400075674057,
        "z": -0.41962072253227234
    },
    "landmark_6": {
        "x": 0.5769219398498535,
        "y": 0.4098096489906311,
        "z": -0.4197060763835907
    },
    "landmark_7": {
        "x": 0.6329840421676636,
        "y": 0.41984137892723083,
        "z": -0.1750517338514328
    },
    "landmark_8": {
        "x": 0.5665963292121887,
        "y": 0.41801127791404724,
        "z": -0.18673646450042725
    },
    "landmark_9": {
        "x": 0.6136648654937744,
        "y": 0.43516549468040466,
        "z": -0.36636054515838623
    },
    "landmark_10": {
        "x": 0.5873599052429199,
        "y": 0.4341467320919037,
        "z": -0.36993977427482605
    },
    "landmark_11": {
        "x": 0.6763310432434082,
        "y": 0.49305182695388794,
        "z": -0.026896020397543907
    },
    "landmark_12": {
        "x": 0.5040960907936096,
        "y": 0.47732463479042053,
        "z": -0.10486961901187897
    },
    "landmark_13": {
        "x": 0.6979961395263672,
        "y": 0.5554033517837524,
        "z": -0.27041304111480713
    },
    "landmark_14": {
        "x": 0.4437342882156372,
        "y": 0.5440731048583984,
        "z": -0.32976269721984863
    },
    "landmark_15": {
        "x": 0.727357804775238,
        "y": 0.4811337888240814,
        "z": -0.6560041308403015
    },
    "landmark_16": {
        "x": 0.5718720555305481,
        "y": 0.5541488528251648,
        "z": -0.6361725330352783
    },
    "landmark_17": {
        "x": 0.7345489263534546,
        "y": 0.4606137275695801,
        "z": -0.7392847537994385
    },
    "landmark_18": {
        "x": 0.6112400889396667,
        "y": 0.5633452534675598,
        "z": -0.7093091011047363
    },
    "landmark_19": {
        "x": 0.7335745692253113,
        "y": 0.4572698175907135,
        "z": -0.7298908829689026
    },
    "landmark_20": {
        "x": 0.6244023442268372,
        "y": 0.5572099089622498,
        "z": -0.694512128829956
    },
    "landmark_21": {
        "x": 0.7277352809906006,
        "y": 0.4626665711402893,
        "z": -0.6632039546966553
    },
    "landmark_22": {
        "x": 0.6140701770782471,
        "y": 0.5544883012771606,
        "z": -0.6333832740783691
    },
    "landmark_23": {
        "x": 0.6151771545410156,
        "y": 0.6536688804626465,
        "z": 0.009850931353867054
    },
    "landmark_24": {
        "x": 0.5013412833213806,
        "y": 0.6469601988792419,
        "z": -0.009555048309266567
    },
    "landmark_25": {
        "x": 0.6296709179878235,
        "y": 0.7508678436279297,
        "z": 0.14840157330036163
    },
    "landmark_26": {
        "x": 0.4156462848186493,
        "y": 0.7478671073913574,
        "z": -0.2158626914024353
    },
    "landmark_27": {
        "x": 0.572452962398529,
        "y": 0.8380409479141235,
        "z": 0.5534744262695312
    },
    "landmark_28": {
        "x": 0.3449938893318176,
        "y": 0.8616874814033508,
        "z": -0.04471207782626152
    },
    "landmark_29": {
        "x": 0.5391269326210022,
        "y": 0.852481484413147,
        "z": 0.5793928503990173
    },
    "landmark_30": {
        "x": 0.35120275616645813,
        "y": 0.8899637460708618,
        "z": -0.04239878058433533
    },
    "landmark_31": {
        "x": 0.6170833110809326,
        "y": 0.8756676912307739,
        "z": 0.3807153105735779
    },
    "landmark_32": {
        "x": 0.24062810838222504,
        "y": 0.8604694604873657,
        "z": -0.30729642510414124
    }
}