{
    "landmark_0": {
        "x": 0.5189939737319946,
        "y": 0.41032394766807556,
        "z": -0.44651657342910767
    },
    "landmark_1": {
        "x": 0.5327413082122803,
        "y": 0.40264421701431274,
        "z": -0.4048055410385132
    },
    "landmark_2": {
        "x": 0.5394551157951355,
        "y": 0.4033339023590088,
        "z": -0.40480515360832214
    },
    "landmark_3": {
        "x": 0.5462115406990051,
        "y": 0.40403857827186584,
        "z": -0.40482407808303833
    },
    "landmark_4": {
        "x": 0.5102089643478394,
        "y": 0.4013725221157074,
        "z": -0.40544065833091736
    },
    "landmark_5": {
        "x": 0.5024990439414978,
        "y": 0.40144938230514526,
        "z": -0.4054456353187561
    },
    "landmark_6": {
        "x": 0.49607938528060913,
        "y": 0.40159010887145996,
        "z": -0.40550535917282104
    },
    "landmark_7": {
        "x": 0.5567105412483215,
        "y": 0.41108283400535583,
        "z": -0.16563428938388824
    },
    "landmark_8": {
        "x": 0.48747456073760986,
        "y": 0.4084920883178711,
        "z": -0.17063656449317932
    },
    "landmark_9": {
        "x": 0.5322762727737427,
        "y": 0.4245639443397522,
        "z": -0.3569738268852234
    },
    "landmark_10": {
        "x": 0.5053355693817139,
        "y": 0.4232519567012787,
        "z": -0.35876086354255676
    },
    "landmark_11": {
        "x": 0.5995123982429504,
        "y": 0.4857146143913269,
        "z": -0.032396163791418076
    },
    "landmark_12": {
        "x": 0.4263041615486145,
        "y": 0.4687487483024597,
        "z": -0.08620389550924301
    },
    "landmark_13": {
        "x": 0.6738765835762024,
        "y": 0.5294724106788635,
        "z": -0.3309391140937805
    },
    "landmark_14": {
        "x": 0.33433064818382263,
        "y": 0.5263247489929199,
        "z": -0.3426518440246582
    },
    "landmark_15": {
        "x": 0.6529211401939392,
        "y": 0.4556517004966736,
        "z": -0.7359781265258789
    },
    "landmark_16": {
        "x": 0.4587726294994354,
        "y": 0.5332715511322021,
        "z": -0.6770984530448914
    },
    "landmark_17": {
        "x": 0.6454025506973267,
        "y": 0.43540507555007935,
        "z": -0.8243353366851807
    },
    "landmark_18": {
        "x": 0.4907267391681671,
        "y": 0.5440447330474854,
        "z": -0.7499364018440247
    },
    "landmark_19": {
        "x": 0.6395654678344727,
        "y": 0.43040236830711365,
        "z": -0.7929579019546509
    },
    "landmark_20": {
        "x": 0.5083383917808533,
        "y": 0.53785640001297,
        "z": -0.727600634098053
    },
    "landmark_21": {
        "x": 0.6368038058280945,
        "y": 0.43834394216537476,
        "z": -0.7347859144210815
    },
    "landmark_22": {
        "x": 0.49907928705215454,
        "y": 0.5343223810195923,
        "z": -0.6721151471138
    },
    "landmark_23": {
        "x": 0.5323573350906372,
        "y": 0.6462167501449585,
        "z": -0.00253086700104177
    },
    "landmark_24": {
        "x": 0.4248107075691223,
        "y": 0.6388222575187683,
        "z": 0.002694598166272044
    },
    "landmark_25": {
        "x": 0.5451611280441284,
        "y": 0.7462673783302307,
        "z": -0.21979697048664093
    },
    "landmark_26": {
        "x": 0.35192081332206726,
        "y": 0.7507421970367432,
        "z": -0.18701237440109253
    },
    "landmark_27": {
        "x": 0.46861517429351807,
        "y": 0.8366259336471558,
        "z": 0.06169750913977623
    },
    "landmark_28": {
        "x": 0.27409544587135315,
        "y": 0.8610860705375671,
        "z": -0.0072371759451925755
    },
    "landmark_29": {
        "x": 0.44218888878822327,
        "y": 0.8519466519355774,
        "z": 0.07625334709882736
    },
    "landmark_30": {
        "x": 0.271651953458786,
        "y": 0.8939238786697388,
        "z": -0.00530092092230916
    },
    "landmark_31": {
        "x": 0.5102277994155884,
        "y": 0.8664239645004272,
        "z": -0.14849507808685303
    },
    "landmark_32": {
        "x": 0.17052067816257477,
        "y": 0.8473547101020813,
        "z": -0.26026228070259094
    }
}