{
    "landmark_0": {
        "x": 0.5202764868736267,
        "y": 0.36659058928489685,
        "z": -0.40011152625083923
    },
    "landmark_1": {
        "x": 0.5335485339164734,
        "y": 0.356358140707016,
        "z": -0.35494163632392883
    },
    "landmark_2": {
        "x": 0.5410691499710083,
        "y": 0.35652631521224976,
        "z": -0.35506391525268555
    },
    "landmark_3": {
        "x": 0.547936737537384,
        "y": 0.35680511593818665,
        "z": -0.35513317584991455
    },
    "landmark_4": {
        "x": 0.511272668838501,
        "y": 0.3571386933326721,
        "z": -0.346405029296875
    },
    "landmark_5": {
        "x": 0.5042686462402344,
        "y": 0.35760894417762756,
        "z": -0.3464186489582062
    },
    "landmark_6": {
        "x": 0.4971124529838562,
        "y": 0.3579438030719757,
        "z": -0.34636813402175903
    },
    "landmark_7": {
        "x": 0.5643684267997742,
        "y": 0.3635006844997406,
        "z": -0.14713525772094727
    },
    "landmark_8": {
        "x": 0.49545490741729736,
        "y": 0.36410313844680786,
        "z": -0.1063992902636528
    },
    "landmark_9": {
        "x": 0.5381572842597961,
        "y": 0.3787725269794464,
        "z": -0.3288833498954773
    },
    "landmark_10": {
        "x": 0.5093273520469666,
        "y": 0.3796832859516144,
        "z": -0.3168587386608124
    },
    "landmark_11": {
        "x": 0.6278758645057678,
        "y": 0.4175373911857605,
        "z": -0.16227859258651733
    },
    "landmark_12": {
        "x": 0.4547441303730011,
        "y": 0.4282568395137787,
        "z": -0.0514320470392704
    },
    "landmark_13": {
        "x": 0.7031304240226746,
        "y": 0.4479560852050781,
        "z": -0.5145460963249207
    },
    "landmark_14": {
        "x": 0.36510157585144043,
        "y": 0.42657655477523804,
        "z": -0.4347052276134491
    },
    "landmark_15": {
        "x": 0.5649397969245911,
        "y": 0.47135764360427856,
        "z": -0.7627534866333008
    },
    "landmark_16": {
        "x": 0.36136454343795776,
        "y": 0.3480568528175354,
        "z": -0.8264111876487732
    },
    "landmark_17": {
        "x": 0.5303215980529785,
        "y": 0.4876488745212555,
        "z": -0.845176637172699
    },
    "landmark_18": {
        "x": 0.355211466550827,
        "y": 0.3276672959327698,
        "z": -0.9276319146156311
    },
    "landmark_19": {
        "x": 0.5138624310493469,
        "y": 0.486203134059906,
        "z": -0.8130612969398499
    },
    "landmark_20": {
        "x": 0.3612901568412781,
        "y": 0.32360827922821045,
        "z": -0.896058201789856
    },
    "landmark_21": {
        "x": 0.5202848315238953,
        "y": 0.48158079385757446,
        "z": -0.7540149092674255
    },
    "landmark_22": {
        "x": 0.3679875135421753,
        "y": 0.33130308985710144,
        "z": -0.8312569260597229
    },
    "landmark_23": {
        "x": 0.6114487051963806,
        "y": 0.5946357250213623,
        "z": -0.000180529328645207
    },
    "landmark_24": {
        "x": 0.4988144040107727,
        "y": 0.5955852270126343,
        "z": 0.00012643038644455373
    },
    "landmark_25": {
        "x": 0.636947512626648,
        "y": 0.7071694135665894,
        "z": -0.14538301527500153
    },
    "landmark_26": {
        "x": 0.47407007217407227,
        "y": 0.7063525319099426,
        "z": -0.3461742699146271
    },
    "landmark_27": {
        "x": 0.6316455602645874,
        "y": 0.8317710161209106,
        "z": 0.07972797006368637
    },
    "landmark_28": {
        "x": 0.5208338499069214,
        "y": 0.8184378743171692,
        "z": -0.07421550154685974
    },
    "landmark_29": {
        "x": 0.6159927248954773,
        "y": 0.8541163206100464,
        "z": 0.08764123916625977
    },
    "landmark_30": {
        "x": 0.5425431132316589,
        "y": 0.8318178057670593,
        "z": -0.0597442165017128
    },
    "landmark_31": {
        "x": 0.7239384055137634,
        "y": 0.8544109463691711,
        "z": -0.14413930475711823
    },
    "landmark_32": {
        "x": 0.4928652048110962,
        "y": 0.8612207174301147,
        "z": -0.2870977818965912
    }
}