{
    "landmark_0": {
        "x": 0.5590834021568298,
        "y": 0.3657700717449188,
        "z": -0.372040718793869
    },
    "landmark_1": {
        "x": 0.5725767612457275,
        "y": 0.35576194524765015,
        "z": -0.33096519112586975
    },
    "landmark_2": {
        "x": 0.5800744295120239,
        "y": 0.3560626804828644,
        "z": -0.33099132776260376
    },
    "landmark_3": {
        "x": 0.5854437947273254,
        "y": 0.35627615451812744,
        "z": -0.3310699760913849
    },
    "landmark_4": {
        "x": 0.5487704873085022,
        "y": 0.35553109645843506,
        "z": -0.3288479745388031
    },
    "landmark_5": {
        "x": 0.5412850379943848,
        "y": 0.35568705201148987,
        "z": -0.32872089743614197
    },
    "landmark_6": {
        "x": 0.534166693687439,
        "y": 0.3559868633747101,
        "z": -0.32871201634407043
    },
    "landmark_7": {
        "x": 0.5988714098930359,
        "y": 0.36332273483276367,
        "z": -0.10505058616399765
    },
    "landmark_8": {
        "x": 0.5262261033058167,
        "y": 0.3616780936717987,
        "z": -0.09805091470479965
    },
    "landmark_9": {
        "x": 0.5729923248291016,
        "y": 0.3807619512081146,
        "z": -0.2888719439506531
    },
    "landmark_10": {
        "x": 0.5455707311630249,
        "y": 0.3806833326816559,
        "z": -0.2874622642993927
    },
    "landmark_11": {
        "x": 0.6456692218780518,
        "y": 0.4323570132255554,
        "z": -0.012651056982576847
    },
    "landmark_12": {
        "x": 0.47336751222610474,
        "y": 0.42380696535110474,
        "z": -0.04638991504907608
    },
    "landmark_13": {
        "x": 0.7281969785690308,
        "y": 0.4818928837776184,
        "z": -0.3379316031932831
    },
    "landmark_14": {
        "x": 0.39166009426116943,
        "y": 0.4750696122646332,
        "z": -0.36752718687057495
    },
    "landmark_15": {
        "x": 0.6466808915138245,
        "y": 0.41692471504211426,
        "z": -0.6935439705848694
    },
    "landmark_16": {
        "x": 0.5118217468261719,
        "y": 0.4462103843688965,
        "z": -0.7018730640411377
    },
    "landmark_17": {
        "x": 0.6287721991539001,
        "y": 0.4001213610172272,
        "z": -0.7694019675254822
    },
    "landmark_18": {
        "x": 0.5470244288444519,
        "y": 0.4404755234718323,
        "z": -0.7828816175460815
    },
    "landmark_19": {
        "x": 0.6249029040336609,
        "y": 0.400499165058136,
        "z": -0.7235172986984253
    },
    "landmark_20": {
        "x": 0.555153489112854,
        "y": 0.43855252861976624,
        "z": -0.7364146113395691
    },
    "landmark_21": {
        "x": 0.6237519979476929,
        "y": 0.4093497395515442,
        "z": -0.682794988155365
    },
    "landmark_22": {
        "x": 0.5490830540657043,
        "y": 0.4402911067008972,
        "z": -0.6900237798690796
    },
    "landmark_23": {
        "x": 0.6053669452667236,
        "y": 0.5964725613594055,
        "z": 0.004392328672111034
    },
    "landmark_24": {
        "x": 0.4943041205406189,
        "y": 0.5971240401268005,
        "z": -0.004413782153278589
    },
    "landmark_25": {
        "x": 0.6296675801277161,
        "y": 0.7135979533195496,
        "z": -0.08355510979890823
    },
    "landmark_26": {
        "x": 0.4846785366535187,
        "y": 0.7167990803718567,
        "z": 0.02631327509880066
    },
    "landmark_27": {
        "x": 0.6404932737350464,
        "y": 0.8377608060836792,
        "z": 0.17223481833934784
    },
    "landmark_28": {
        "x": 0.5188241004943848,
        "y": 0.8227430582046509,
        "z": 0.4181502163410187
    },
    "landmark_29": {
        "x": 0.6190856099128723,
        "y": 0.8526895642280579,
        "z": 0.1842290312051773
    },
    "landmark_30": {
        "x": 0.5431827306747437,
        "y": 0.8337578773498535,
        "z": 0.44552138447761536
    },
    "landmark_31": {
        "x": 0.6922098398208618,
        "y": 0.8771478533744812,
        "z": -0.06603740155696869
    },
    "landmark_32": {
        "x": 0.49234509468078613,
        "y": 0.8671810030937195,
        "z": 0.23193137347698212
    }
}