{
    "landmark_0": {
        "x": 0.5480270385742188,
        "y": 0.3972492218017578,
        "z": -0.5540856719017029
    },
    "landmark_1": {
        "x": 0.5628463625907898,
        "y": 0.385098397731781,
        "z": -0.5212482213973999
    },
    "landmark_2": {
        "x": 0.5707920789718628,
        "y": 0.3852887451648712,
        "z": -0.5213243365287781
    },
    "landmark_3": {
        "x": 0.5761325359344482,
        "y": 0.3855975270271301,
        "z": -0.5213321447372437
    },
    "landmark_4": {
        "x": 0.5391371250152588,
        "y": 0.38487690687179565,
        "z": -0.5202117562294006
    },
    "landmark_5": {
        "x": 0.5315682291984558,
        "y": 0.3846868872642517,
        "z": -0.5202290415763855
    },
    "landmark_6": {
        "x": 0.5243673920631409,
        "y": 0.38457414507865906,
        "z": -0.5202099680900574
    },
    "landmark_7": {
        "x": 0.588301420211792,
        "y": 0.38991838693618774,
        "z": -0.29957786202430725
    },
    "landmark_8": {
        "x": 0.5171107649803162,
        "y": 0.38888201117515564,
        "z": -0.29596707224845886
    },
    "landmark_9": {
        "x": 0.5640249252319336,
        "y": 0.40939292311668396,
        "z": -0.4688076972961426
    },
    "landmark_10": {
        "x": 0.5348637700080872,
        "y": 0.4095678925514221,
        "z": -0.4680078625679016
    },
    "landmark_11": {
        "x": 0.6502401232719421,
        "y": 0.4589577317237854,
        "z": -0.14554303884506226
    },
    "landmark_12": {
        "x": 0.44833123683929443,
        "y": 0.4571326673030853,
        "z": -0.11955336481332779
    },
    "landmark_13": {
        "x": 0.7014203071594238,
        "y": 0.531965970993042,
        "z": -0.007760663982480764
    },
    "landmark_14": {
        "x": 0.3998311758041382,
        "y": 0.5232153534889221,
        "z": -0.04291028156876564
    },
    "landmark_15": {
        "x": 0.6922314167022705,
        "y": 0.6023305058479309,
        "z": -0.1706361323595047
    },
    "landmark_16": {
        "x": 0.4024706482887268,
        "y": 0.5699584484100342,
        "z": -0.2789550721645355
    },
    "landmark_17": {
        "x": 0.6929216980934143,
        "y": 0.6282153129577637,
        "z": -0.2196776568889618
    },
    "landmark_18": {
        "x": 0.39863067865371704,
        "y": 0.5921178460121155,
        "z": -0.34039506316185
    },
    "landmark_19": {
        "x": 0.6804648637771606,
        "y": 0.6260979175567627,
        "z": -0.28889229893684387
    },
    "landmark_20": {
        "x": 0.4111986756324768,
        "y": 0.588329553604126,
        "z": -0.39964544773101807
    },
    "landmark_21": {
        "x": 0.6747554540634155,
        "y": 0.6170753836631775,
        "z": -0.19803644716739655
    },
    "landmark_22": {
        "x": 0.4166855216026306,
        "y": 0.580498456954956,
        "z": -0.30755415558815
    },
    "landmark_23": {
        "x": 0.5977475643157959,
        "y": 0.6252625584602356,
        "z": -0.007098191883414984
    },
    "landmark_24": {
        "x": 0.4836166501045227,
        "y": 0.6231754422187805,
        "z": 0.007040533237159252
    },
    "landmark_25": {
        "x": 0.5783111453056335,
        "y": 0.7467436790466309,
        "z": -0.023678671568632126
    },
    "landmark_26": {
        "x": 0.459511935710907,
        "y": 0.7380244731903076,
        "z": 0.008947131223976612
    },
    "landmark_27": {
        "x": 0.5512775778770447,
        "y": 0.8381673097610474,
        "z": 0.4250345528125763
    },
    "landmark_28": {
        "x": 0.4479779005050659,
        "y": 0.8333036303520203,
        "z": 0.40197324752807617
    },
    "landmark_29": {
        "x": 0.5407038927078247,
        "y": 0.8482266664505005,
        "z": 0.45364829897880554
    },
    "landmark_30": {
        "x": 0.4611678123474121,
        "y": 0.8446749448776245,
        "z": 0.42626523971557617
    },
    "landmark_31": {
        "x": 0.5551157593727112,
        "y": 0.8758909106254578,
        "z": 0.20857959985733032
    },
    "landmark_32": {
        "x": 0.42462652921676636,
        "y": 0.8666609525680542,
        "z": 0.18021509051322937
    }
}