{
    "landmark_0": {
        "x": 0.5929303765296936,
        "y": 0.41931357979774475,
        "z": -0.4673808515071869
    },
    "landmark_1": {
        "x": 0.6064314246177673,
        "y": 0.4094417095184326,
        "z": -0.4269990622997284
    },
    "landmark_2": {
        "x": 0.6130202412605286,
        "y": 0.4100407660007477,
        "z": -0.4270145297050476
    },
    "landmark_3": {
        "x": 0.6184362173080444,
        "y": 0.4107134938240051,
        "z": -0.42702704668045044
    },
    "landmark_4": {
        "x": 0.5824076533317566,
        "y": 0.4080323576927185,
        "z": -0.42921364307403564
    },
    "landmark_5": {
        "x": 0.5751175880432129,
        "y": 0.40793266892433167,
        "z": -0.4292431175708771
    },
    "landmark_6": {
        "x": 0.567733645439148,
        "y": 0.40823063254356384,
        "z": -0.4293256402015686
    },
    "landmark_7": {
        "x": 0.6267409920692444,
        "y": 0.41741570830345154,
        "z": -0.18493075668811798
    },
    "landmark_8": {
        "x": 0.5578954815864563,
        "y": 0.4157695174217224,
        "z": -0.19694216549396515
    },
    "landmark_9": {
        "x": 0.6056742668151855,
        "y": 0.4333743155002594,
        "z": -0.3756416440010071
    },
    "landmark_10": {
        "x": 0.5782338976860046,
        "y": 0.43242502212524414,
        "z": -0.3793972134590149
    },
    "landmark_11": {
        "x": 0.6672412157058716,
        "y": 0.48693156242370605,
        "z": -0.028631355613470078
    },
    "landmark_12": {
        "x": 0.4960169196128845,
        "y": 0.4766026437282562,
        "z": -0.11016285419464111
    },
    "landmark_13": {
        "x": 0.7250982522964478,
        "y": 0.5456942319869995,
        "z": -0.2839619815349579
    },
    "landmark_14": {
        "x": 0.435031920671463,
        "y": 0.5465980768203735,
        "z": -0.34296688437461853
    },
    "landmark_15": {
        "x": 0.7367406487464905,
        "y": 0.46448907256126404,
        "z": -0.6695653200149536
    },
    "landmark_16": {
        "x": 0.5671957731246948,
        "y": 0.5442888140678406,
        "z": -0.6584427356719971
    },
    "landmark_17": {
        "x": 0.7379613518714905,
        "y": 0.44457846879959106,
        "z": -0.7532793879508972
    },
    "landmark_18": {
        "x": 0.606131374835968,
        "y": 0.549511194229126,
        "z": -0.7310502529144287
    },
    "landmark_19": {
        "x": 0.7331520318984985,
        "y": 0.4396730065345764,
        "z": -0.7315440773963928
    },
    "landmark_20": {
        "x": 0.616436779499054,
        "y": 0.540544867515564,
        "z": -0.7077381610870361
    },
    "landmark_21": {
        "x": 0.7289272546768188,
        "y": 0.4465425908565521,
        "z": -0.6723909974098206
    },
    "landmark_22": {
        "x": 0.6061002016067505,
        "y": 0.5391048789024353,
        "z": -0.6520047187805176
    },
    "landmark_23": {
        "x": 0.6107459664344788,
        "y": 0.6473938226699829,
        "z": 0.004901096224784851
    },
    "landmark_24": {
        "x": 0.4994032680988312,
        "y": 0.6412162184715271,
        "z": -0.004577768500894308
    },
    "landmark_25": {
        "x": 0.618496835231781,
        "y": 0.7442176342010498,
        "z": -0.11046355217695236
    },
    "landmark_26": {
        "x": 0.42665860056877136,
        "y": 0.7446668148040771,
        "z": -0.28649306297302246
    },
    "landmark_27": {
        "x": 0.5520960092544556,
        "y": 0.828443706035614,
        "z": 0.2314155101776123
    },
    "landmark_28": {
        "x": 0.3562919497489929,
        "y": 0.8583307266235352,
        "z": -0.10663563758134842
    },
    "landmark_29": {
        "x": 0.5269099473953247,
        "y": 0.8427602648735046,
        "z": 0.25170406699180603
    },
    "landmark_30": {
        "x": 0.35656338930130005,
        "y": 0.8889291882514954,
        "z": -0.10362090170383453
    },
    "landmark_31": {
        "x": 0.593360960483551,
        "y": 0.8639644384384155,
        "z": 0.034293174743652344
    },
    "landmark_32": {
        "x": 0.2575934827327728,
        "y": 0.8533803820610046,
        "z": -0.3711874186992645
    }
}