{
    "landmark_0": {
        "x": 0.5334888100624084,
        "y": 0.40655335783958435,
        "z": -0.42638248205184937
    },
    "landmark_1": {
        "x": 0.5461990833282471,
        "y": 0.3967963755130768,
        "z": -0.3911304473876953
    },
    "landmark_2": {
        "x": 0.5534821152687073,
        "y": 0.39688044786453247,
        "z": -0.39120110869407654
    },
    "landmark_3": {
        "x": 0.5586862564086914,
        "y": 0.3970780372619629,
        "z": -0.3912544548511505
    },
    "landmark_4": {
        "x": 0.5237312316894531,
        "y": 0.3970435857772827,
        "z": -0.38432449102401733
    },
    "landmark_5": {
        "x": 0.5163818597793579,
        "y": 0.39733976125717163,
        "z": -0.3843207061290741
    },
    "landmark_6": {
        "x": 0.5089152455329895,
        "y": 0.39772236347198486,
        "z": -0.38432765007019043
    },
    "landmark_7": {
        "x": 0.5702264308929443,
        "y": 0.40350762009620667,
        "z": -0.19479727745056152
    },
    "landmark_8": {
        "x": 0.5024622678756714,
        "y": 0.4033587574958801,
        "z": -0.16412627696990967
    },
    "landmark_9": {
        "x": 0.5480921864509583,
        "y": 0.41908711194992065,
        "z": -0.3545156419277191
    },
    "landmark_10": {
        "x": 0.5228641033172607,
        "y": 0.4184648394584656,
        "z": -0.3460237383842468
    },
    "landmark_11": {
        "x": 0.6328182816505432,
        "y": 0.4661096930503845,
        "z": -0.15079179406166077
    },
    "landmark_12": {
        "x": 0.46214473247528076,
        "y": 0.47050195932388306,
        "z": -0.050668712705373764
    },
    "landmark_13": {
        "x": 0.7106109261512756,
        "y": 0.5257337689399719,
        "z": -0.327431857585907
    },
    "landmark_14": {
        "x": 0.3895013928413391,
        "y": 0.5053562521934509,
        "z": -0.3052985966205597
    },
    "landmark_15": {
        "x": 0.5685073733329773,
        "y": 0.5311619639396667,
        "z": -0.5181214809417725
    },
    "landmark_16": {
        "x": 0.43435657024383545,
        "y": 0.42446058988571167,
        "z": -0.6268026232719421
    },
    "landmark_17": {
        "x": 0.5223004817962646,
        "y": 0.540112316608429,
        "z": -0.5815143585205078
    },
    "landmark_18": {
        "x": 0.43720075488090515,
        "y": 0.4025445580482483,
        "z": -0.706153154373169
    },
    "landmark_19": {
        "x": 0.5115174651145935,
        "y": 0.5331862568855286,
        "z": -0.5579559803009033
    },
    "landmark_20": {
        "x": 0.44530755281448364,
        "y": 0.40034565329551697,
        "z": -0.6771771907806396
    },
    "landmark_21": {
        "x": 0.5201821327209473,
        "y": 0.5300701260566711,
        "z": -0.5073688626289368
    },
    "landmark_22": {
        "x": 0.4501784145832062,
        "y": 0.40753620862960815,
        "z": -0.6265081167221069
    },
    "landmark_23": {
        "x": 0.6141297817230225,
        "y": 0.6365423202514648,
        "z": -0.027204016223549843
    },
    "landmark_24": {
        "x": 0.5001081228256226,
        "y": 0.6368388533592224,
        "z": 0.027159234508872032
    },
    "landmark_25": {
        "x": 0.6494083404541016,
        "y": 0.7510690093040466,
        "z": -0.09499268233776093
    },
    "landmark_26": {
        "x": 0.4834904074668884,
        "y": 0.7460406422615051,
        "z": 0.13958805799484253
    },
    "landmark_27": {
        "x": 0.6690229773521423,
        "y": 0.8757659792900085,
        "z": 0.05264166370034218
    },
    "landmark_28": {
        "x": 0.5383077263832092,
        "y": 0.8325468301773071,
        "z": 0.5535076856613159
    },
    "landmark_29": {
        "x": 0.6542595624923706,
        "y": 0.9014230966567993,
        "z": 0.053660113364458084
    },
    "landmark_30": {
        "x": 0.563531756401062,
        "y": 0.8462671041488647,
        "z": 0.583101749420166
    },
    "landmark_31": {
        "x": 0.7607008218765259,
        "y": 0.8878797292709351,
        "z": -0.1670544296503067
    },
    "landmark_32": {
        "x": 0.48977839946746826,
        "y": 0.8675333857536316,
        "z": 0.42877689003944397
    }
}