{
    "landmark_0": {
        "x": 0.5403518080711365,
        "y": 0.36733001470565796,
        "z": -0.38234370946884155
    },
    "landmark_1": {
        "x": 0.5510460138320923,
        "y": 0.35827288031578064,
        "z": -0.3372017443180084
    },
    "landmark_2": {
        "x": 0.5571228265762329,
        "y": 0.3583167791366577,
        "z": -0.33720043301582336
    },
    "landmark_3": {
        "x": 0.5634422898292542,
        "y": 0.358498215675354,
        "z": -0.33726274967193604
    },
    "landmark_4": {
        "x": 0.5284672379493713,
        "y": 0.35862356424331665,
        "z": -0.34001439809799194
    },
    "landmark_5": {
        "x": 0.5204957723617554,
        "y": 0.3592228889465332,
        "z": -0.33989307284355164
    },
    "landmark_6": {
        "x": 0.5138759613037109,
        "y": 0.3597148656845093,
        "z": -0.3398812711238861
    },
    "landmark_7": {
        "x": 0.5758234262466431,
        "y": 0.3641471564769745,
        "z": -0.10805444419384003
    },
    "landmark_8": {
        "x": 0.5037282109260559,
        "y": 0.3664080798625946,
        "z": -0.12072265148162842
    },
    "landmark_9": {
        "x": 0.5552387237548828,
        "y": 0.38172388076782227,
        "z": -0.2987630367279053
    },
    "landmark_10": {
        "x": 0.5281277894973755,
        "y": 0.3822745680809021,
        "z": -0.3031241297721863
    },
    "landmark_11": {
        "x": 0.6282249689102173,
        "y": 0.43327587842941284,
        "z": -0.025860967114567757
    },
    "landmark_12": {
        "x": 0.4570598304271698,
        "y": 0.42896777391433716,
        "z": -0.09656679630279541
    },
    "landmark_13": {
        "x": 0.7200427651405334,
        "y": 0.47573596239089966,
        "z": -0.3795461058616638
    },
    "landmark_14": {
        "x": 0.3801165819168091,
        "y": 0.46781378984451294,
        "z": -0.4521421194076538
    },
    "landmark_15": {
        "x": 0.6303665041923523,
        "y": 0.42145174741744995,
        "z": -0.6929190158843994
    },
    "landmark_16": {
        "x": 0.5016418695449829,
        "y": 0.42814749479293823,
        "z": -0.7275822162628174
    },
    "landmark_17": {
        "x": 0.6060308218002319,
        "y": 0.40827369689941406,
        "z": -0.7639946937561035
    },
    "landmark_18": {
        "x": 0.5409592986106873,
        "y": 0.42219996452331543,
        "z": -0.8005717992782593
    },
    "landmark_19": {
        "x": 0.6004921793937683,
        "y": 0.4080668091773987,
        "z": -0.7090439796447754
    },
    "landmark_20": {
        "x": 0.5480806231498718,
        "y": 0.419412225484848,
        "z": -0.7546497583389282
    },
    "landmark_21": {
        "x": 0.6027888655662537,
        "y": 0.4134015440940857,
        "z": -0.6785514950752258
    },
    "landmark_22": {
        "x": 0.5398688316345215,
        "y": 0.4228273034095764,
        "z": -0.7158578038215637
    },
    "landmark_23": {
        "x": 0.5953577160835266,
        "y": 0.6006160378456116,
        "z": 0.011655389331281185
    },
    "landmark_24": {
        "x": 0.4851945638656616,
        "y": 0.6022372841835022,
        "z": -0.011598305776715279
    },
    "landmark_25": {
        "x": 0.6360359191894531,
        "y": 0.7209121584892273,
        "z": -0.006344328168779612
    },
    "landmark_26": {
        "x": 0.48721423745155334,
        "y": 0.7218865156173706,
        "z": 0.0725659504532814
    },
    "landmark_27": {
        "x": 0.6408480405807495,
        "y": 0.8374517560005188,
        "z": 0.2245207279920578
    },
    "landmark_28": {
        "x": 0.5163729190826416,
        "y": 0.8304374814033508,
        "z": 0.3865430951118469
    },
    "landmark_29": {
        "x": 0.6199437379837036,
        "y": 0.8559382557868958,
        "z": 0.23252147436141968
    },
    "landmark_30": {
        "x": 0.5386343598365784,
        "y": 0.8426998853683472,
        "z": 0.4039626121520996
    },
    "landmark_31": {
        "x": 0.6933534145355225,
        "y": 0.8703139424324036,
        "z": -0.008186171762645245
    },
    "landmark_32": {
        "x": 0.4900420010089874,
        "y": 0.8696586489677429,
        "z": 0.18040239810943604
    }
}