{
    "landmark_0": {
        "x": 0.4462457299232483,
        "y": 0.3706960380077362,
        "z": -0.6258935928344727
    },
    "landmark_1": {
        "x": 0.46760398149490356,
        "y": 0.35274460911750793,
        "z": -0.6073945164680481
    },
    "landmark_2": {
        "x": 0.4800603985786438,
        "y": 0.35264337062835693,
        "z": -0.6074644327163696
    },
    "landmark_3": {
        "x": 0.4919781982898712,
        "y": 0.3529699742794037,
        "z": -0.6075536012649536
    },
    "landmark_4": {
        "x": 0.44314658641815186,
        "y": 0.35339051485061646,
        "z": -0.5900475978851318
    },
    "landmark_5": {
        "x": 0.43762481212615967,
        "y": 0.3534643054008484,
        "z": -0.5899937748908997
    },
    "landmark_6": {
        "x": 0.4309510886669159,
        "y": 0.35359013080596924,
        "z": -0.5900755524635315
    },
    "landmark_7": {
        "x": 0.5182769894599915,
        "y": 0.3603239059448242,
        "z": -0.43430447578430176
    },
    "landmark_8": {
        "x": 0.4396452307701111,
        "y": 0.35922467708587646,
        "z": -0.3481275141239166
    },
    "landmark_9": {
        "x": 0.4720190763473511,
        "y": 0.38759252429008484,
        "z": -0.5562785863876343
    },
    "landmark_10": {
        "x": 0.4402141869068146,
        "y": 0.38641345500946045,
        "z": -0.5318112373352051
    },
    "landmark_11": {
        "x": 0.6192466020584106,
        "y": 0.4577025771141052,
        "z": -0.33291909098625183
    },
    "landmark_12": {
        "x": 0.35977903008461,
        "y": 0.4469815194606781,
        "z": -0.18200843036174774
    },
    "landmark_13": {
        "x": 0.672522783279419,
        "y": 0.5628874897956848,
        "z": -0.25116902589797974
    },
    "landmark_14": {
        "x": 0.30483928322792053,
        "y": 0.5495172142982483,
        "z": -0.07116750627756119
    },
    "landmark_15": {
        "x": 0.697436511516571,
        "y": 0.666711151599884,
        "z": -0.44086164236068726
    },
    "landmark_16": {
        "x": 0.29237794876098633,
        "y": 0.6476788520812988,
        "z": -0.2715776264667511
    },
    "landmark_17": {
        "x": 0.7110053896903992,
        "y": 0.6981117129325867,
        "z": -0.5105569958686829
    },
    "landmark_18": {
        "x": 0.2785089612007141,
        "y": 0.6837924122810364,
        "z": -0.33015766739845276
    },
    "landmark_19": {
        "x": 0.7005860805511475,
        "y": 0.6965852975845337,
        "z": -0.5813260674476624
    },
    "landmark_20": {
        "x": 0.29649537801742554,
        "y": 0.6824067234992981,
        "z": -0.4169313311576843
    },
    "landmark_21": {
        "x": 0.6934794187545776,
        "y": 0.6890954375267029,
        "z": -0.47068095207214355
    },
    "landmark_22": {
        "x": 0.30801087617874146,
        "y": 0.6714743375778198,
        "z": -0.31230413913726807
    },
    "landmark_23": {
        "x": 0.5349094867706299,
        "y": 0.6664420962333679,
        "z": -0.0629454106092453
    },
    "landmark_24": {
        "x": 0.40010103583335876,
        "y": 0.6654888391494751,
        "z": 0.06274262070655823
    },
    "landmark_25": {
        "x": 0.522208034992218,
        "y": 0.8183083534240723,
        "z": -0.06085282564163208
    },
    "landmark_26": {
        "x": 0.4346269965171814,
        "y": 0.8106862902641296,
        "z": 0.1925073266029358
    },
    "landmark_27": {
        "x": 0.5826977491378784,
        "y": 0.932595431804657,
        "z": 0.39220139384269714
    },
    "landmark_28": {
        "x": 0.48822546005249023,
        "y": 0.9161346554756165,
        "z": 0.6647741198539734
    },
    "landmark_29": {
        "x": 0.600395143032074,
        "y": 0.9445813894271851,
        "z": 0.4184710681438446
    },
    "landmark_30": {
        "x": 0.5085672736167908,
        "y": 0.9258848428726196,
        "z": 0.7006191611289978
    },
    "landmark_31": {
        "x": 0.554410994052887,
        "y": 0.9851996302604675,
        "z": 0.1382495015859604
    },
    "landmark_32": {
        "x": 0.46507009863853455,
        "y": 0.9702492952346802,
        "z": 0.4852960705757141
    }
}