{
    "landmark_0": {
        "x": 0.4935823082923889,
        "y": 0.3843074142932892,
        "z": -0.40524595975875854
    },
    "landmark_1": {
        "x": 0.5069260597229004,
        "y": 0.3731546401977539,
        "z": -0.368271142244339
    },
    "landmark_2": {
        "x": 0.5145712494850159,
        "y": 0.3734918236732483,
        "z": -0.36844804883003235
    },
    "landmark_3": {
        "x": 0.5202345848083496,
        "y": 0.3739390969276428,
        "z": -0.36857035756111145
    },
    "landmark_4": {
        "x": 0.48355844616889954,
        "y": 0.37343400716781616,
        "z": -0.35687363147735596
    },
    "landmark_5": {
        "x": 0.47562360763549805,
        "y": 0.3740352988243103,
        "z": -0.35681551694869995
    },
    "landmark_6": {
        "x": 0.4686740040779114,
        "y": 0.37467360496520996,
        "z": -0.356702595949173
    },
    "landmark_7": {
        "x": 0.535283088684082,
        "y": 0.3800838887691498,
        "z": -0.16867725551128387
    },
    "landmark_8": {
        "x": 0.46557679772377014,
        "y": 0.38043081760406494,
        "z": -0.11415047943592072
    },
    "landmark_9": {
        "x": 0.5095975399017334,
        "y": 0.39665487408638,
        "z": -0.3321476876735687
    },
    "landmark_10": {
        "x": 0.47907528281211853,
        "y": 0.3972399830818176,
        "z": -0.31654101610183716
    },
    "landmark_11": {
        "x": 0.5970463156700134,
        "y": 0.435499906539917,
        "z": -0.20848162472248077
    },
    "landmark_12": {
        "x": 0.4315081834793091,
        "y": 0.44645458459854126,
        "z": -0.0342324934899807
    },
    "landmark_13": {
        "x": 0.644504725933075,
        "y": 0.46920186281204224,
        "z": -0.6264956593513489
    },
    "landmark_14": {
        "x": 0.3642466962337494,
        "y": 0.45454755425453186,
        "z": -0.4720131754875183
    },
    "landmark_15": {
        "x": 0.5081469416618347,
        "y": 0.4780774712562561,
        "z": -0.9194682836532593
    },
    "landmark_16": {
        "x": 0.36566683650016785,
        "y": 0.376537561416626,
        "z": -0.9388994574546814
    },
    "landmark_17": {
        "x": 0.4683467447757721,
        "y": 0.48363977670669556,
        "z": -1.0182799100875854
    },
    "landmark_18": {
        "x": 0.36660557985305786,
        "y": 0.356301486492157,
        "z": -1.0378851890563965
    },
    "landmark_19": {
        "x": 0.4606683552265167,
        "y": 0.48112326860427856,
        "z": -0.9791153073310852
    },
    "landmark_20": {
        "x": 0.37151721119880676,
        "y": 0.3530963361263275,
        "z": -1.0173323154449463
    },
    "landmark_21": {
        "x": 0.46931737661361694,
        "y": 0.47980552911758423,
        "z": -0.9109742045402527
    },
    "landmark_22": {
        "x": 0.3764069378376007,
        "y": 0.361011803150177,
        "z": -0.9488041400909424
    },
    "landmark_23": {
        "x": 0.5827419757843018,
        "y": 0.606286346912384,
        "z": -0.04941992834210396
    },
    "landmark_24": {
        "x": 0.47296711802482605,
        "y": 0.6098255515098572,
        "z": 0.04938356205821037
    },
    "landmark_25": {
        "x": 0.6090877652168274,
        "y": 0.7226718068122864,
        "z": -0.09209556877613068
    },
    "landmark_26": {
        "x": 0.4809335172176361,
        "y": 0.7236120700836182,
        "z": 0.059455908834934235
    },
    "landmark_27": {
        "x": 0.6401450634002686,
        "y": 0.8388177156448364,
        "z": 0.09517499804496765
    },
    "landmark_28": {
        "x": 0.5180675387382507,
        "y": 0.8198250532150269,
        "z": 0.35087308287620544
    },
    "landmark_29": {
        "x": 0.6286312937736511,
        "y": 0.8683403134346008,
        "z": 0.09805293381214142
    },
    "landmark_30": {
        "x": 0.537737250328064,
        "y": 0.8347312808036804,
        "z": 0.36488479375839233
    },
    "landmark_31": {
        "x": 0.7139161229133606,
        "y": 0.847542405128479,
        "z": -0.13067273795604706
    },
    "landmark_32": {
        "x": 0.48071348667144775,
        "y": 0.8487563133239746,
        "z": 0.1603778749704361
    }
}