{
    "landmark_0": {
        "x": 0.4856393039226532,
        "y": 0.36124053597450256,
        "z": -0.4976540505886078
    },
    "landmark_1": {
        "x": 0.49829453229904175,
        "y": 0.3500220775604248,
        "z": -0.45683151483535767
    },
    "landmark_2": {
        "x": 0.5063030123710632,
        "y": 0.35032954812049866,
        "z": -0.4568238854408264
    },
    "landmark_3": {
        "x": 0.511419951915741,
        "y": 0.35081639885902405,
        "z": -0.45686182379722595
    },
    "landmark_4": {
        "x": 0.47525960206985474,
        "y": 0.3498268723487854,
        "z": -0.4492180347442627
    },
    "landmark_5": {
        "x": 0.46874940395355225,
        "y": 0.34989774227142334,
        "z": -0.4492418169975281
    },
    "landmark_6": {
        "x": 0.4616282284259796,
        "y": 0.350338339805603,
        "z": -0.4493046998977661
    },
    "landmark_7": {
        "x": 0.5246652960777283,
        "y": 0.3581722676753998,
        "z": -0.2466510385274887
    },
    "landmark_8": {
        "x": 0.4548419415950775,
        "y": 0.3587813079357147,
        "z": -0.2080528289079666
    },
    "landmark_9": {
        "x": 0.5009996891021729,
        "y": 0.37626388669013977,
        "z": -0.4215165078639984
    },
    "landmark_10": {
        "x": 0.47401586174964905,
        "y": 0.37559717893600464,
        "z": -0.41097381711006165
    },
    "landmark_11": {
        "x": 0.58575838804245,
        "y": 0.4293263554573059,
        "z": -0.1779470592737198
    },
    "landmark_12": {
        "x": 0.40243884921073914,
        "y": 0.42430153489112854,
        "z": -0.11919191479682922
    },
    "landmark_13": {
        "x": 0.6861903667449951,
        "y": 0.46655553579330444,
        "z": -0.5417128205299377
    },
    "landmark_14": {
        "x": 0.2982974648475647,
        "y": 0.4577176570892334,
        "z": -0.4613531231880188
    },
    "landmark_15": {
        "x": 0.5893031358718872,
        "y": 0.4219103753566742,
        "z": -0.872899055480957
    },
    "landmark_16": {
        "x": 0.3812783658504486,
        "y": 0.39444977045059204,
        "z": -0.8383258581161499
    },
    "landmark_17": {
        "x": 0.5613398551940918,
        "y": 0.41333046555519104,
        "z": -0.9517620801925659
    },
    "landmark_18": {
        "x": 0.4075804352760315,
        "y": 0.3810606598854065,
        "z": -0.9271151423454285
    },
    "landmark_19": {
        "x": 0.5520405769348145,
        "y": 0.4127421975135803,
        "z": -0.8966125249862671
    },
    "landmark_20": {
        "x": 0.41545870900154114,
        "y": 0.3802787661552429,
        "z": -0.8845885396003723
    },
    "landmark_21": {
        "x": 0.5563533306121826,
        "y": 0.41674861311912537,
        "z": -0.8587334752082825
    },
    "landmark_22": {
        "x": 0.4103385806083679,
        "y": 0.386096328496933,
        "z": -0.8329740762710571
    },
    "landmark_23": {
        "x": 0.5329023599624634,
        "y": 0.5965431332588196,
        "z": -0.0390179269015789
    },
    "landmark_24": {
        "x": 0.4186938405036926,
        "y": 0.5905065536499023,
        "z": 0.03887561336159706
    },
    "landmark_25": {
        "x": 0.5143314003944397,
        "y": 0.714881181716919,
        "z": -0.03286496549844742
    },
    "landmark_26": {
        "x": 0.3746147155761719,
        "y": 0.708595871925354,
        "z": 0.007822345942258835
    },
    "landmark_27": {
        "x": 0.48876965045928955,
        "y": 0.8236570358276367,
        "z": 0.2815820872783661
    },
    "landmark_28": {
        "x": 0.3683600425720215,
        "y": 0.8207432627677917,
        "z": 0.30401262640953064
    },
    "landmark_29": {
        "x": 0.4730982780456543,
        "y": 0.8343710899353027,
        "z": 0.29647332429885864
    },
    "landmark_30": {
        "x": 0.3899601697921753,
        "y": 0.8410018086433411,
        "z": 0.3185107707977295
    },
    "landmark_31": {
        "x": 0.5009586811065674,
        "y": 0.8672254681587219,
        "z": 0.052643246948719025
    },
    "landmark_32": {
        "x": 0.2832900583744049,
        "y": 0.8434642553329468,
        "z": 0.08524730801582336
    }
}