{
    "landmark_0": {
        "x": 0.5178752541542053,
        "y": 0.35685914754867554,
        "z": -0.27084872126579285
    },
    "landmark_1": {
        "x": 0.5313351154327393,
        "y": 0.34741663932800293,
        "z": -0.23842157423496246
    },
    "landmark_2": {
        "x": 0.5391892790794373,
        "y": 0.3482317328453064,
        "z": -0.23840433359146118
    },
    "landmark_3": {
        "x": 0.5437781810760498,
        "y": 0.3488164246082306,
        "z": -0.2384587973356247
    },
    "landmark_4": {
        "x": 0.5085068941116333,
        "y": 0.3464188873767853,
        "z": -0.2372981160879135
    },
    "landmark_5": {
        "x": 0.5016694664955139,
        "y": 0.3464234471321106,
        "z": -0.23718340694904327
    },
    "landmark_6": {
        "x": 0.4939117431640625,
        "y": 0.346736341714859,
        "z": -0.237189382314682
    },
    "landmark_7": {
        "x": 0.5532321333885193,
        "y": 0.3561555743217468,
        "z": -0.03922434151172638
    },
    "landmark_8": {
        "x": 0.4869154095649719,
        "y": 0.35282573103904724,
        "z": -0.03497444838285446
    },
    "landmark_9": {
        "x": 0.5313516855239868,
        "y": 0.3712449371814728,
        "z": -0.19369633495807648
    },
    "landmark_10": {
        "x": 0.5035231113433838,
        "y": 0.3705466091632843,
        "z": -0.1931791454553604
    },
    "landmark_11": {
        "x": 0.5995622277259827,
        "y": 0.422380268573761,
        "z": 0.052678368985652924
    },
    "landmark_12": {
        "x": 0.42736533284187317,
        "y": 0.4115333557128906,
        "z": 0.017280250787734985
    },
    "landmark_13": {
        "x": 0.6639267206192017,
        "y": 0.4633055329322815,
        "z": -0.19950968027114868
    },
    "landmark_14": {
        "x": 0.3517632782459259,
        "y": 0.4618913531303406,
        "z": -0.24280554056167603
    },
    "landmark_15": {
        "x": 0.6605948209762573,
        "y": 0.3941476047039032,
        "z": -0.5056302547454834
    },
    "landmark_16": {
        "x": 0.4748431444168091,
        "y": 0.4583762288093567,
        "z": -0.5456262826919556
    },
    "landmark_17": {
        "x": 0.659037709236145,
        "y": 0.37640267610549927,
        "z": -0.575045108795166
    },
    "landmark_18": {
        "x": 0.5179594159126282,
        "y": 0.4648290276527405,
        "z": -0.6149178743362427
    },
    "landmark_19": {
        "x": 0.6551805138587952,
        "y": 0.37194499373435974,
        "z": -0.5550853610038757
    },
    "landmark_20": {
        "x": 0.5310620069503784,
        "y": 0.461838960647583,
        "z": -0.589531421661377
    },
    "landmark_21": {
        "x": 0.6515589356422424,
        "y": 0.37896081805229187,
        "z": -0.5069154500961304
    },
    "landmark_22": {
        "x": 0.5204660892486572,
        "y": 0.45959383249282837,
        "z": -0.5409136414527893
    },
    "landmark_23": {
        "x": 0.5446391701698303,
        "y": 0.5829110145568848,
        "z": -0.018190057948231697
    },
    "landmark_24": {
        "x": 0.42982372641563416,
        "y": 0.5784711241722107,
        "z": 0.018285110592842102
    },
    "landmark_25": {
        "x": 0.5560230016708374,
        "y": 0.7055087685585022,
        "z": -0.10726848244667053
    },
    "landmark_26": {
        "x": 0.4061281979084015,
        "y": 0.6993913650512695,
        "z": -0.009876450523734093
    },
    "landmark_27": {
        "x": 0.5193439722061157,
        "y": 0.8184019327163696,
        "z": 0.12548856437206268
    },
    "landmark_28": {
        "x": 0.4128260016441345,
        "y": 0.8101636171340942,
        "z": 0.2283278852701187
    },
    "landmark_29": {
        "x": 0.5026077628135681,
        "y": 0.830764889717102,
        "z": 0.1337464153766632
    },
    "landmark_30": {
        "x": 0.42904800176620483,
        "y": 0.8254680633544922,
        "z": 0.23939871788024902
    },
    "landmark_31": {
        "x": 0.5207821130752563,
        "y": 0.8634050488471985,
        "z": -0.09624429047107697
    },
    "landmark_32": {
        "x": 0.34529027342796326,
        "y": 0.8482111692428589,
        "z": 0.03602870926260948
    }
}