{
    "landmark_0": {
        "x": 0.513678252696991,
        "y": 0.35562530159950256,
        "z": -0.3353147804737091
    },
    "landmark_1": {
        "x": 0.5264492630958557,
        "y": 0.34626737236976624,
        "z": -0.2955658733844757
    },
    "landmark_2": {
        "x": 0.5344429016113281,
        "y": 0.34683647751808167,
        "z": -0.2955682873725891
    },
    "landmark_3": {
        "x": 0.5397112965583801,
        "y": 0.34726792573928833,
        "z": -0.2956937253475189
    },
    "landmark_4": {
        "x": 0.5035347938537598,
        "y": 0.345518559217453,
        "z": -0.29404956102371216
    },
    "landmark_5": {
        "x": 0.49670442938804626,
        "y": 0.34544891119003296,
        "z": -0.29394274950027466
    },
    "landmark_6": {
        "x": 0.4892004728317261,
        "y": 0.3457464575767517,
        "z": -0.29390591382980347
    },
    "landmark_7": {
        "x": 0.5491045117378235,
        "y": 0.3534601330757141,
        "z": -0.07587984949350357
    },
    "landmark_8": {
        "x": 0.4814748466014862,
        "y": 0.3511233329772949,
        "z": -0.06868165731430054
    },
    "landmark_9": {
        "x": 0.5270673632621765,
        "y": 0.3707611858844757,
        "z": -0.2529720366001129
    },
    "landmark_10": {
        "x": 0.5001530051231384,
        "y": 0.36958345770835876,
        "z": -0.2520052194595337
    },
    "landmark_11": {
        "x": 0.5941053032875061,
        "y": 0.41940540075302124,
        "z": 0.01022273674607277
    },
    "landmark_12": {
        "x": 0.423857718706131,
        "y": 0.40910109877586365,
        "z": 0.010623627342283726
    },
    "landmark_13": {
        "x": 0.6829462051391602,
        "y": 0.45361971855163574,
        "z": -0.26275867223739624
    },
    "landmark_14": {
        "x": 0.34089866280555725,
        "y": 0.45455431938171387,
        "z": -0.2916909456253052
    },
    "landmark_15": {
        "x": 0.6444764137268066,
        "y": 0.3820343017578125,
        "z": -0.5563182234764099
    },
    "landmark_16": {
        "x": 0.459694504737854,
        "y": 0.4285798668861389,
        "z": -0.6464032530784607
    },
    "landmark_17": {
        "x": 0.6319783926010132,
        "y": 0.36147862672805786,
        "z": -0.6263066530227661
    },
    "landmark_18": {
        "x": 0.4939626157283783,
        "y": 0.4253343641757965,
        "z": -0.7324597835540771
    },
    "landmark_19": {
        "x": 0.6273290514945984,
        "y": 0.3591955900192261,
        "z": -0.5886829495429993
    },
    "landmark_20": {
        "x": 0.503215491771698,
        "y": 0.42268285155296326,
        "z": -0.6887607574462891
    },
    "landmark_21": {
        "x": 0.6254528164863586,
        "y": 0.36632218956947327,
        "z": -0.5486049652099609
    },
    "landmark_22": {
        "x": 0.49403002858161926,
        "y": 0.42457762360572815,
        "z": -0.639064371585846
    },
    "landmark_23": {
        "x": 0.5482514500617981,
        "y": 0.5775059461593628,
        "z": -0.029826153069734573
    },
    "landmark_24": {
        "x": 0.4362947344779968,
        "y": 0.5772490501403809,
        "z": 0.029797587543725967
    },
    "landmark_25": {
        "x": 0.5725693106651306,
        "y": 0.6991157531738281,
        "z": -0.13046236336231232
    },
    "landmark_26": {
        "x": 0.42741426825523376,
        "y": 0.6991475820541382,
        "z": -0.028577083721756935
    },
    "landmark_27": {
        "x": 0.5639250874519348,
        "y": 0.815661609172821,
        "z": 0.2201254516839981
    },
    "landmark_28": {
        "x": 0.47071439027786255,
        "y": 0.8036683797836304,
        "z": 0.3401196599006653
    },
    "landmark_29": {
        "x": 0.5522150993347168,
        "y": 0.828015923500061,
        "z": 0.2408495843410492
    },
    "landmark_30": {
        "x": 0.4924842119216919,
        "y": 0.815000057220459,
        "z": 0.36635395884513855
    },
    "landmark_31": {
        "x": 0.5642303228378296,
        "y": 0.8654014468193054,
        "z": -0.011538553051650524
    },
    "landmark_32": {
        "x": 0.4330521821975708,
        "y": 0.8518864512443542,
        "z": 0.1627339869737625
    }
}