{
    "landmark_0": {
        "x": 0.5055131912231445,
        "y": 0.3913199007511139,
        "z": -0.4101530611515045
    },
    "landmark_1": {
        "x": 0.5174934267997742,
        "y": 0.38107430934906006,
        "z": -0.37532225251197815
    },
    "landmark_2": {
        "x": 0.5248483419418335,
        "y": 0.38110193610191345,
        "z": -0.375474750995636
    },
    "landmark_3": {
        "x": 0.5316150188446045,
        "y": 0.38117149472236633,
        "z": -0.3755589723587036
    },
    "landmark_4": {
        "x": 0.49717047810554504,
        "y": 0.3816763758659363,
        "z": -0.3628975450992584
    },
    "landmark_5": {
        "x": 0.49064093828201294,
        "y": 0.3821514844894409,
        "z": -0.36284729838371277
    },
    "landmark_6": {
        "x": 0.4841110110282898,
        "y": 0.38260501623153687,
        "z": -0.36279046535491943
    },
    "landmark_7": {
        "x": 0.5466052889823914,
        "y": 0.38609352707862854,
        "z": -0.17628714442253113
    },
    "landmark_8": {
        "x": 0.48344939947128296,
        "y": 0.3869912326335907,
        "z": -0.11826547235250473
    },
    "landmark_9": {
        "x": 0.5221737623214722,
        "y": 0.4020577073097229,
        "z": -0.33705392479896545
    },
    "landmark_10": {
        "x": 0.49608394503593445,
        "y": 0.4023602604866028,
        "z": -0.32046395540237427
    },
    "landmark_11": {
        "x": 0.6125397086143494,
        "y": 0.43676358461380005,
        "z": -0.17317870259284973
    },
    "landmark_12": {
        "x": 0.44909048080444336,
        "y": 0.4479740560054779,
        "z": -0.019191881641745567
    },
    "landmark_13": {
        "x": 0.6780955195426941,
        "y": 0.48395591974258423,
        "z": -0.5130560398101807
    },
    "landmark_14": {
        "x": 0.3877464234828949,
        "y": 0.47437673807144165,
        "z": -0.37005433440208435
    },
    "landmark_15": {
        "x": 0.5390359163284302,
        "y": 0.500912606716156,
        "z": -0.8066945672035217
    },
    "landmark_16": {
        "x": 0.3913688361644745,
        "y": 0.39882081747055054,
        "z": -0.8068544268608093
    },
    "landmark_17": {
        "x": 0.4971470832824707,
        "y": 0.5156310200691223,
        "z": -0.8954275250434875
    },
    "landmark_18": {
        "x": 0.3838353753089905,
        "y": 0.3776783347129822,
        "z": -0.8988857865333557
    },
    "landmark_19": {
        "x": 0.48717090487480164,
        "y": 0.5101023316383362,
        "z": -0.8704735636711121
    },
    "landmark_20": {
        "x": 0.3886372745037079,
        "y": 0.3748609721660614,
        "z": -0.8824869990348816
    },
    "landmark_21": {
        "x": 0.49213460087776184,
        "y": 0.5061405897140503,
        "z": -0.8003184199333191
    },
    "landmark_22": {
        "x": 0.39638328552246094,
        "y": 0.3817952275276184,
        "z": -0.8149955868721008
    },
    "landmark_23": {
        "x": 0.5958555340766907,
        "y": 0.6111180782318115,
        "z": -0.03799993917346001
    },
    "landmark_24": {
        "x": 0.48607879877090454,
        "y": 0.6158871650695801,
        "z": 0.03803641349077225
    },
    "landmark_25": {
        "x": 0.6258180141448975,
        "y": 0.7294151782989502,
        "z": -0.1307011991739273
    },
    "landmark_26": {
        "x": 0.48288315534591675,
        "y": 0.7285975813865662,
        "z": 0.11739500612020493
    },
    "landmark_27": {
        "x": 0.6596975922584534,
        "y": 0.8487465977668762,
        "z": -0.018950406461954117
    },
    "landmark_28": {
        "x": 0.5221104621887207,
        "y": 0.8264152407646179,
        "z": 0.43002429604530334
    },
    "landmark_29": {
        "x": 0.6442540287971497,
        "y": 0.8778446316719055,
        "z": -0.023790527135133743
    },
    "landmark_30": {
        "x": 0.543890118598938,
        "y": 0.8408769369125366,
        "z": 0.44639554619789124
    },
    "landmark_31": {
        "x": 0.7386057376861572,
        "y": 0.8586468696594238,
        "z": -0.263209730386734
    },
    "landmark_32": {
        "x": 0.4808638393878937,
        "y": 0.862923264503479,
        "z": 0.25136640667915344
    }
}