{
    "landmark_0": {
        "x": 0.556792676448822,
        "y": 0.3686695992946625,
        "z": -0.3859482705593109
    },
    "landmark_1": {
        "x": 0.5687941908836365,
        "y": 0.35752835869789124,
        "z": -0.3475525379180908
    },
    "landmark_2": {
        "x": 0.576565682888031,
        "y": 0.3578213155269623,
        "z": -0.3475341200828552
    },
    "landmark_3": {
        "x": 0.5831524729728699,
        "y": 0.3580016791820526,
        "z": -0.34756147861480713
    },
    "landmark_4": {
        "x": 0.5465956926345825,
        "y": 0.3578387200832367,
        "z": -0.33981624245643616
    },
    "landmark_5": {
        "x": 0.53913813829422,
        "y": 0.3585101366043091,
        "z": -0.33974990248680115
    },
    "landmark_6": {
        "x": 0.531613826751709,
        "y": 0.3591393232345581,
        "z": -0.33978283405303955
    },
    "landmark_7": {
        "x": 0.5953326225280762,
        "y": 0.3640845715999603,
        "z": -0.1465291678905487
    },
    "landmark_8": {
        "x": 0.5262824296951294,
        "y": 0.3652358055114746,
        "z": -0.1086471900343895
    },
    "landmark_9": {
        "x": 0.5727869272232056,
        "y": 0.38152188062667847,
        "z": -0.313366174697876
    },
    "landmark_10": {
        "x": 0.5445087552070618,
        "y": 0.38078388571739197,
        "z": -0.30309855937957764
    },
    "landmark_11": {
        "x": 0.6551612615585327,
        "y": 0.431216299533844,
        "z": -0.06535690277814865
    },
    "landmark_12": {
        "x": 0.4832272529602051,
        "y": 0.42817845940589905,
        "z": -0.02871289849281311
    },
    "landmark_13": {
        "x": 0.7476986646652222,
        "y": 0.4682178497314453,
        "z": -0.3660716712474823
    },
    "landmark_14": {
        "x": 0.38628676533699036,
        "y": 0.47448307275772095,
        "z": -0.31942182779312134
    },
    "landmark_15": {
        "x": 0.6515664458274841,
        "y": 0.4133571982383728,
        "z": -0.6056905388832092
    },
    "landmark_16": {
        "x": 0.4627986550331116,
        "y": 0.41037821769714355,
        "z": -0.6206266283988953
    },
    "landmark_17": {
        "x": 0.6238593459129333,
        "y": 0.3996485769748688,
        "z": -0.6625117063522339
    },
    "landmark_18": {
        "x": 0.47691699862480164,
        "y": 0.3969368040561676,
        "z": -0.6963852643966675
    },
    "landmark_19": {
        "x": 0.6161230802536011,
        "y": 0.398867666721344,
        "z": -0.6050608158111572
    },
    "landmark_20": {
        "x": 0.48591652512550354,
        "y": 0.39496687054634094,
        "z": -0.650684654712677
    },
    "landmark_21": {
        "x": 0.6190138459205627,
        "y": 0.4043143391609192,
        "z": -0.5874984860420227
    },
    "landmark_22": {
        "x": 0.48555123805999756,
        "y": 0.400333970785141,
        "z": -0.6125137805938721
    },
    "landmark_23": {
        "x": 0.6013220548629761,
        "y": 0.6012072563171387,
        "z": -0.02103610150516033
    },
    "landmark_24": {
        "x": 0.489382266998291,
        "y": 0.5960075259208679,
        "z": 0.020864399150013924
    },
    "landmark_25": {
        "x": 0.5913233160972595,
        "y": 0.7211341857910156,
        "z": -0.008494957350194454
    },
    "landmark_26": {
        "x": 0.43961286544799805,
        "y": 0.714198648929596,
        "z": -0.010779612697660923
    },
    "landmark_27": {
        "x": 0.577098548412323,
        "y": 0.8328755497932434,
        "z": 0.3196040987968445
    },
    "landmark_28": {
        "x": 0.4431532025337219,
        "y": 0.8292523622512817,
        "z": 0.2883472442626953
    },
    "landmark_29": {
        "x": 0.5559114217758179,
        "y": 0.8427063822746277,
        "z": 0.33823105692863464
    },
    "landmark_30": {
        "x": 0.4712085425853729,
        "y": 0.8419359922409058,
        "z": 0.3065667450428009
    },
    "landmark_31": {
        "x": 0.5993499159812927,
        "y": 0.8741819262504578,
        "z": 0.10124467313289642
    },
    "landmark_32": {
        "x": 0.39981502294540405,
        "y": 0.8691505193710327,
        "z": 0.08421165496110916
    }
}