{
    "landmark_0": {
        "x": 0.5370700359344482,
        "y": 0.38842859864234924,
        "z": -0.6017049551010132
    },
    "landmark_1": {
        "x": 0.5549618601799011,
        "y": 0.3748477101325989,
        "z": -0.567124605178833
    },
    "landmark_2": {
        "x": 0.5643840432167053,
        "y": 0.37535178661346436,
        "z": -0.5672493577003479
    },
    "landmark_3": {
        "x": 0.5717213749885559,
        "y": 0.3757210075855255,
        "z": -0.567264199256897
    },
    "landmark_4": {
        "x": 0.5250765085220337,
        "y": 0.37416934967041016,
        "z": -0.563978374004364
    },
    "landmark_5": {
        "x": 0.5152646899223328,
        "y": 0.3737049102783203,
        "z": -0.5639771819114685
    },
    "landmark_6": {
        "x": 0.5059506893157959,
        "y": 0.37346744537353516,
        "z": -0.5641408562660217
    },
    "landmark_7": {
        "x": 0.5842877626419067,
        "y": 0.3802541494369507,
        "z": -0.32924824953079224
    },
    "landmark_8": {
        "x": 0.4972332715988159,
        "y": 0.37632039189338684,
        "z": -0.3187294900417328
    },
    "landmark_9": {
        "x": 0.5557659268379211,
        "y": 0.4038601517677307,
        "z": -0.5097665190696716
    },
    "landmark_10": {
        "x": 0.5202136039733887,
        "y": 0.40360182523727417,
        "z": -0.5068120956420898
    },
    "landmark_11": {
        "x": 0.6485835313796997,
        "y": 0.46420469880104065,
        "z": -0.20457684993743896
    },
    "landmark_12": {
        "x": 0.4112916588783264,
        "y": 0.4535243511199951,
        "z": -0.13536861538887024
    },
    "landmark_13": {
        "x": 0.6663544178009033,
        "y": 0.5619279146194458,
        "z": -0.12627370655536652
    },
    "landmark_14": {
        "x": 0.35834720730781555,
        "y": 0.5409991145133972,
        "z": -0.038787294179201126
    },
    "landmark_15": {
        "x": 0.6150643825531006,
        "y": 0.6475057005882263,
        "z": -0.35098016262054443
    },
    "landmark_16": {
        "x": 0.3472539782524109,
        "y": 0.6247751712799072,
        "z": -0.25857412815093994
    },
    "landmark_17": {
        "x": 0.6079632043838501,
        "y": 0.6790648698806763,
        "z": -0.4239194989204407
    },
    "landmark_18": {
        "x": 0.33792251348495483,
        "y": 0.6546832323074341,
        "z": -0.3241106867790222
    },
    "landmark_19": {
        "x": 0.5863968133926392,
        "y": 0.6734387278556824,
        "z": -0.4908718168735504
    },
    "landmark_20": {
        "x": 0.35627222061157227,
        "y": 0.6531370282173157,
        "z": -0.3964865505695343
    },
    "landmark_21": {
        "x": 0.5824263095855713,
        "y": 0.6658490896224976,
        "z": -0.3780267834663391
    },
    "landmark_22": {
        "x": 0.36364275217056274,
        "y": 0.6445436477661133,
        "z": -0.292030930519104
    },
    "landmark_23": {
        "x": 0.5840943455696106,
        "y": 0.6539510488510132,
        "z": -0.008612087927758694
    },
    "landmark_24": {
        "x": 0.46072277426719666,
        "y": 0.6575003266334534,
        "z": 0.008932488970458508
    },
    "landmark_25": {
        "x": 0.5809299349784851,
        "y": 0.7726519107818604,
        "z": 0.060586053878068924
    },
    "landmark_26": {
        "x": 0.46968895196914673,
        "y": 0.7935830354690552,
        "z": -0.03798123076558113
    },
    "landmark_27": {
        "x": 0.5527737736701965,
        "y": 0.8535765409469604,
        "z": 0.7134180068969727
    },
    "landmark_28": {
        "x": 0.49612700939178467,
        "y": 0.9082239866256714,
        "z": 0.32175105810165405
    },
    "landmark_29": {
        "x": 0.5408645272254944,
        "y": 0.8608196377754211,
        "z": 0.7674970030784607
    },
    "landmark_30": {
        "x": 0.5089178681373596,
        "y": 0.9181674718856812,
        "z": 0.34388312697410583
    },
    "landmark_31": {
        "x": 0.5476840138435364,
        "y": 0.9024456143379211,
        "z": 0.5594226717948914
    },
    "landmark_32": {
        "x": 0.48305821418762207,
        "y": 0.9608217477798462,
        "z": 0.06642401963472366
    }
}