{
    "landmark_0": {
        "x": 0.5770386457443237,
        "y": 0.37788471579551697,
        "z": -0.320300430059433
    },
    "landmark_1": {
        "x": 0.589206874370575,
        "y": 0.36703649163246155,
        "z": -0.2808536887168884
    },
    "landmark_2": {
        "x": 0.5963056087493896,
        "y": 0.3678065836429596,
        "z": -0.2808096706867218
    },
    "landmark_3": {
        "x": 0.6007835268974304,
        "y": 0.3687237501144409,
        "z": -0.28082138299942017
    },
    "landmark_4": {
        "x": 0.5669519901275635,
        "y": 0.36619165539741516,
        "z": -0.2874019145965576
    },
    "landmark_5": {
        "x": 0.5596097707748413,
        "y": 0.36619892716407776,
        "z": -0.28735652565956116
    },
    "landmark_6": {
        "x": 0.5522300004959106,
        "y": 0.36680418252944946,
        "z": -0.28742608428001404
    },
    "landmark_7": {
        "x": 0.6104445457458496,
        "y": 0.3761972486972809,
        "z": -0.04394092038273811
    },
    "landmark_8": {
        "x": 0.5413253307342529,
        "y": 0.3731994032859802,
        "z": -0.0810684785246849
    },
    "landmark_9": {
        "x": 0.5888685584068298,
        "y": 0.39286211133003235,
        "z": -0.22976253926753998
    },
    "landmark_10": {
        "x": 0.5619847774505615,
        "y": 0.39211106300354004,
        "z": -0.24069622159004211
    },
    "landmark_11": {
        "x": 0.6572181582450867,
        "y": 0.4431372284889221,
        "z": 0.1058393344283104
    },
    "landmark_12": {
        "x": 0.4792947471141815,
        "y": 0.43342652916908264,
        "z": -0.026934534311294556
    },
    "landmark_13": {
        "x": 0.7169287204742432,
        "y": 0.49304699897766113,
        "z": -0.09669411182403564
    },
    "landmark_14": {
        "x": 0.41491425037384033,
        "y": 0.48974043130874634,
        "z": -0.27504923939704895
    },
    "landmark_15": {
        "x": 0.7331951856613159,
        "y": 0.418752521276474,
        "z": -0.4072510898113251
    },
    "landmark_16": {
        "x": 0.5494619607925415,
        "y": 0.5045355558395386,
        "z": -0.5521999001502991
    },
    "landmark_17": {
        "x": 0.7384086847305298,
        "y": 0.39972302317619324,
        "z": -0.47557300329208374
    },
    "landmark_18": {
        "x": 0.591552734375,
        "y": 0.5153794288635254,
        "z": -0.611859917640686
    },
    "landmark_19": {
        "x": 0.7361889481544495,
        "y": 0.3949359953403473,
        "z": -0.45903173089027405
    },
    "landmark_20": {
        "x": 0.6037934422492981,
        "y": 0.5077468752861023,
        "z": -0.5970796346664429
    },
    "landmark_21": {
        "x": 0.7304564714431763,
        "y": 0.40148282051086426,
        "z": -0.4108887016773224
    },
    "landmark_22": {
        "x": 0.5941529273986816,
        "y": 0.5043350458145142,
        "z": -0.5480467081069946
    },
    "landmark_23": {
        "x": 0.6027853488922119,
        "y": 0.6092450618743896,
        "z": 0.0122195053845644
    },
    "landmark_24": {
        "x": 0.4920683205127716,
        "y": 0.6046795845031738,
        "z": -0.011875580064952374
    },
    "landmark_25": {
        "x": 0.5925211310386658,
        "y": 0.7219687700271606,
        "z": 0.07584314793348312
    },
    "landmark_26": {
        "x": 0.4525820314884186,
        "y": 0.7130492925643921,
        "z": -0.0745801255106926
    },
    "landmark_27": {
        "x": 0.5524393916130066,
        "y": 0.8274291753768921,
        "z": 0.33773279190063477
    },
    "landmark_28": {
        "x": 0.4213385283946991,
        "y": 0.8291671872138977,
        "z": 0.09710061550140381
    },
    "landmark_29": {
        "x": 0.5344457626342773,
        "y": 0.8420770764350891,
        "z": 0.3484645485877991
    },
    "landmark_30": {
        "x": 0.43226224184036255,
        "y": 0.8560589551925659,
        "z": 0.09894931316375732
    },
    "landmark_31": {
        "x": 0.5928755402565002,
        "y": 0.8651319742202759,
        "z": 0.1448276787996292
    },
    "landmark_32": {
        "x": 0.3206638693809509,
        "y": 0.8439757227897644,
        "z": -0.13778607547283173
    }
}