{
    "landmark_0": {
        "x": 0.5614993572235107,
        "y": 0.3556341528892517,
        "z": -0.39658716320991516
    },
    "landmark_1": {
        "x": 0.5750771760940552,
        "y": 0.3437637984752655,
        "z": -0.3645714223384857
    },
    "landmark_2": {
        "x": 0.583973228931427,
        "y": 0.34374016523361206,
        "z": -0.3646279573440552
    },
    "landmark_3": {
        "x": 0.5911439657211304,
        "y": 0.34384825825691223,
        "z": -0.3646461069583893
    },
    "landmark_4": {
        "x": 0.5506104826927185,
        "y": 0.3449462056159973,
        "z": -0.34760603308677673
    },
    "landmark_5": {
        "x": 0.5427361726760864,
        "y": 0.345741868019104,
        "z": -0.34761935472488403
    },
    "landmark_6": {
        "x": 0.5356916189193726,
        "y": 0.34646719694137573,
        "z": -0.3476530611515045
    },
    "landmark_7": {
        "x": 0.6055706739425659,
        "y": 0.3504977226257324,
        "z": -0.1923884004354477
    },
    "landmark_8": {
        "x": 0.5325976014137268,
        "y": 0.35415273904800415,
        "z": -0.11047758162021637
    },
    "landmark_9": {
        "x": 0.5792189836502075,
        "y": 0.3684421181678772,
        "z": -0.33431756496429443
    },
    "landmark_10": {
        "x": 0.5489699840545654,
        "y": 0.3692343235015869,
        "z": -0.31110450625419617
    },
    "landmark_11": {
        "x": 0.677147626876831,
        "y": 0.41334861516952515,
        "z": -0.16629944741725922
    },
    "landmark_12": {
        "x": 0.4897361397743225,
        "y": 0.4191361367702484,
        "z": -0.01927213929593563
    },
    "landmark_13": {
        "x": 0.7627912759780884,
        "y": 0.4610428214073181,
        "z": -0.47908490896224976
    },
    "landmark_14": {
        "x": 0.38416588306427,
        "y": 0.44833460450172424,
        "z": -0.32889601588249207
    },
    "landmark_15": {
        "x": 0.6105655431747437,
        "y": 0.4534083902835846,
        "z": -0.742178201675415
    },
    "landmark_16": {
        "x": 0.41093939542770386,
        "y": 0.3712155818939209,
        "z": -0.7167683839797974
    },
    "landmark_17": {
        "x": 0.5694695115089417,
        "y": 0.45433706045150757,
        "z": -0.8122425675392151
    },
    "landmark_18": {
        "x": 0.4203314781188965,
        "y": 0.3467789590358734,
        "z": -0.8075686693191528
    },
    "landmark_19": {
        "x": 0.5602864623069763,
        "y": 0.44895419478416443,
        "z": -0.7702527642250061
    },
    "landmark_20": {
        "x": 0.4265047609806061,
        "y": 0.3442322611808777,
        "z": -0.7708369493484497
    },
    "landmark_21": {
        "x": 0.5720739960670471,
        "y": 0.4489174783229828,
        "z": -0.7278634905815125
    },
    "landmark_22": {
        "x": 0.4283398985862732,
        "y": 0.35280945897102356,
        "z": -0.715886116027832
    },
    "landmark_23": {
        "x": 0.6253527998924255,
        "y": 0.5952696204185486,
        "z": -0.029652219265699387
    },
    "landmark_24": {
        "x": 0.507843017578125,
        "y": 0.5890076160430908,
        "z": 0.029469754546880722
    },
    "landmark_25": {
        "x": 0.6228255033493042,
        "y": 0.71363365650177,
        "z": -0.026084480807185173
    },
    "landmark_26": {
        "x": 0.47097840905189514,
        "y": 0.7035838961601257,
        "z": -0.06758686155080795
    },
    "landmark_27": {
        "x": 0.6045594811439514,
        "y": 0.8303192257881165,
        "z": 0.30850228667259216
    },
    "landmark_28": {
        "x": 0.4715021252632141,
        "y": 0.8222571611404419,
        "z": 0.23372164368629456
    },
    "landmark_29": {
        "x": 0.5824059844017029,
        "y": 0.8415741920471191,
        "z": 0.32674601674079895
    },
    "landmark_30": {
        "x": 0.4979172646999359,
        "y": 0.8378604054450989,
        "z": 0.250430166721344
    },
    "landmark_31": {
        "x": 0.6238879561424255,
        "y": 0.8744106292724609,
        "z": 0.07625314593315125
    },
    "landmark_32": {
        "x": 0.43068355321884155,
        "y": 0.8623046875,
        "z": 0.01076740026473999
    }
}