{
    "landmark_0": {
        "x": 0.5691914558410645,
        "y": 0.39438876509666443,
        "z": -0.557787299156189
    },
    "landmark_1": {
        "x": 0.5866619944572449,
        "y": 0.3837319314479828,
        "z": -0.5317254662513733
    },
    "landmark_2": {
        "x": 0.5959357619285583,
        "y": 0.3842827081680298,
        "z": -0.5317664742469788
    },
    "landmark_3": {
        "x": 0.6034562587738037,
        "y": 0.3849424719810486,
        "z": -0.5317590832710266
    },
    "landmark_4": {
        "x": 0.5624650120735168,
        "y": 0.38202980160713196,
        "z": -0.5278576612472534
    },
    "landmark_5": {
        "x": 0.555174708366394,
        "y": 0.38129478693008423,
        "z": -0.5278236269950867
    },
    "landmark_6": {
        "x": 0.5483278036117554,
        "y": 0.38083991408348083,
        "z": -0.527815043926239
    },
    "landmark_7": {
        "x": 0.6146940588951111,
        "y": 0.3894804120063782,
        "z": -0.33219680190086365
    },
    "landmark_8": {
        "x": 0.545261800289154,
        "y": 0.38364511728286743,
        "z": -0.32070380449295044
    },
    "landmark_9": {
        "x": 0.5839479565620422,
        "y": 0.40935182571411133,
        "z": -0.48025596141815186
    },
    "landmark_10": {
        "x": 0.5555835962295532,
        "y": 0.4069054126739502,
        "z": -0.4767955243587494
    },
    "landmark_11": {
        "x": 0.6655066609382629,
        "y": 0.4673951268196106,
        "z": -0.20206819474697113
    },
    "landmark_12": {
        "x": 0.47018158435821533,
        "y": 0.44832196831703186,
        "z": -0.15642303228378296
    },
    "landmark_13": {
        "x": 0.7083726525306702,
        "y": 0.5482001304626465,
        "z": -0.10463707149028778
    },
    "landmark_14": {
        "x": 0.42426198720932007,
        "y": 0.5206537246704102,
        "z": -0.07316356152296066
    },
    "landmark_15": {
        "x": 0.7166595458984375,
        "y": 0.6229855418205261,
        "z": -0.2935914099216461
    },
    "landmark_16": {
        "x": 0.41405096650123596,
        "y": 0.587333619594574,
        "z": -0.27093085646629333
    },
    "landmark_17": {
        "x": 0.7212616205215454,
        "y": 0.649212658405304,
        "z": -0.3525125980377197
    },
    "landmark_18": {
        "x": 0.4112582206726074,
        "y": 0.6082310080528259,
        "z": -0.32628974318504333
    },
    "landmark_19": {
        "x": 0.7080551981925964,
        "y": 0.648103654384613,
        "z": -0.4227047860622406
    },
    "landmark_20": {
        "x": 0.42467498779296875,
        "y": 0.6083327531814575,
        "z": -0.3920021951198578
    },
    "landmark_21": {
        "x": 0.7008634209632874,
        "y": 0.6402386426925659,
        "z": -0.3232364058494568
    },
    "landmark_22": {
        "x": 0.4280364215373993,
        "y": 0.602247416973114,
        "z": -0.302784264087677
    },
    "landmark_23": {
        "x": 0.5911267995834351,
        "y": 0.6296992301940918,
        "z": -0.0014347966061905026
    },
    "landmark_24": {
        "x": 0.48303574323654175,
        "y": 0.6215144395828247,
        "z": 0.0014569677878171206
    },
    "landmark_25": {
        "x": 0.5679261088371277,
        "y": 0.7494778037071228,
        "z": 0.051466744393110275
    },
    "landmark_26": {
        "x": 0.4730856716632843,
        "y": 0.7457485198974609,
        "z": 0.03353910148143768
    },
    "landmark_27": {
        "x": 0.550435483455658,
        "y": 0.8423744440078735,
        "z": 0.41871675848960876
    },
    "landmark_28": {
        "x": 0.45375320315361023,
        "y": 0.8521991968154907,
        "z": 0.3538748621940613
    },
    "landmark_29": {
        "x": 0.5430730581283569,
        "y": 0.8511260151863098,
        "z": 0.4415648281574249
    },
    "landmark_30": {
        "x": 0.4602638781070709,
        "y": 0.8606580495834351,
        "z": 0.37254947423934937
    },
    "landmark_31": {
        "x": 0.5507075190544128,
        "y": 0.8810652494430542,
        "z": 0.20950117707252502
    },
    "landmark_32": {
        "x": 0.44935911893844604,
        "y": 0.8946884870529175,
        "z": 0.12504398822784424
    }
}