{
    "landmark_0": {
        "x": 0.565723180770874,
        "y": 0.3951565623283386,
        "z": -0.6218918561935425
    },
    "landmark_1": {
        "x": 0.5828511118888855,
        "y": 0.38362210988998413,
        "z": -0.5941276550292969
    },
    "landmark_2": {
        "x": 0.5914862751960754,
        "y": 0.3845215439796448,
        "z": -0.5941846370697021
    },
    "landmark_3": {
        "x": 0.5973875522613525,
        "y": 0.3855232894420624,
        "z": -0.594194233417511
    },
    "landmark_4": {
        "x": 0.5591068267822266,
        "y": 0.3817387521266937,
        "z": -0.594142735004425
    },
    "landmark_5": {
        "x": 0.5517625212669373,
        "y": 0.3814442455768585,
        "z": -0.5941854119300842
    },
    "landmark_6": {
        "x": 0.5447731614112854,
        "y": 0.38114288449287415,
        "z": -0.5942467451095581
    },
    "landmark_7": {
        "x": 0.6093920469284058,
        "y": 0.3915441036224365,
        "z": -0.38605839014053345
    },
    "landmark_8": {
        "x": 0.5387969017028809,
        "y": 0.3860594630241394,
        "z": -0.38653382658958435
    },
    "landmark_9": {
        "x": 0.5809857845306396,
        "y": 0.4082457423210144,
        "z": -0.5398678183555603
    },
    "landmark_10": {
        "x": 0.5498915314674377,
        "y": 0.40542545914649963,
        "z": -0.5401929020881653
    },
    "landmark_11": {
        "x": 0.6629387736320496,
        "y": 0.4622802138328552,
        "z": -0.24020248651504517
    },
    "landmark_12": {
        "x": 0.4610980451107025,
        "y": 0.4533543586730957,
        "z": -0.2097209095954895
    },
    "landmark_13": {
        "x": 0.6979602575302124,
        "y": 0.5419827699661255,
        "z": -0.13452795147895813
    },
    "landmark_14": {
        "x": 0.4297180473804474,
        "y": 0.5342032313346863,
        "z": -0.09962233155965805
    },
    "landmark_15": {
        "x": 0.7078446745872498,
        "y": 0.6138709187507629,
        "z": -0.335753470659256
    },
    "landmark_16": {
        "x": 0.4212566912174225,
        "y": 0.6055814027786255,
        "z": -0.2732183039188385
    },
    "landmark_17": {
        "x": 0.718817412853241,
        "y": 0.6372906565666199,
        "z": -0.3939165771007538
    },
    "landmark_18": {
        "x": 0.4148702025413513,
        "y": 0.6320410370826721,
        "z": -0.3276667892932892
    },
    "landmark_19": {
        "x": 0.7106688022613525,
        "y": 0.6377533674240112,
        "z": -0.466632217168808
    },
    "landmark_20": {
        "x": 0.42459434270858765,
        "y": 0.6298916935920715,
        "z": -0.40080124139785767
    },
    "landmark_21": {
        "x": 0.7026731967926025,
        "y": 0.628961443901062,
        "z": -0.3667137622833252
    },
    "landmark_22": {
        "x": 0.43047651648521423,
        "y": 0.6204859614372253,
        "z": -0.3060038685798645
    },
    "landmark_23": {
        "x": 0.6026442050933838,
        "y": 0.6271658539772034,
        "z": -0.014688527211546898
    },
    "landmark_24": {
        "x": 0.48720628023147583,
        "y": 0.6223371624946594,
        "z": 0.014612778089940548
    },
    "landmark_25": {
        "x": 0.5770797729492188,
        "y": 0.7475237250328064,
        "z": -0.025750186294317245
    },
    "landmark_26": {
        "x": 0.4616753160953522,
        "y": 0.7400228977203369,
        "z": 0.020672503858804703
    },
    "landmark_27": {
        "x": 0.549039900302887,
        "y": 0.8380143046379089,
        "z": 0.38475489616394043
    },
    "landmark_28": {
        "x": 0.4452242851257324,
        "y": 0.8385676145553589,
        "z": 0.38130924105644226
    },
    "landmark_29": {
        "x": 0.5405897498130798,
        "y": 0.8474084734916687,
        "z": 0.40971413254737854
    },
    "landmark_30": {
        "x": 0.45798459649086,
        "y": 0.8508593440055847,
        "z": 0.4027250409126282
    },
    "landmark_31": {
        "x": 0.5508123636245728,
        "y": 0.8763607144355774,
        "z": 0.17215542495250702
    },
    "landmark_32": {
        "x": 0.41306954622268677,
        "y": 0.8709562420845032,
        "z": 0.166941300034523
    }
}