{
    "landmark_0": {
        "x": 0.49005258083343506,
        "y": 0.36865440011024475,
        "z": -0.42873191833496094
    },
    "landmark_1": {
        "x": 0.5038918256759644,
        "y": 0.3583008646965027,
        "z": -0.3841191232204437
    },
    "landmark_2": {
        "x": 0.5108160376548767,
        "y": 0.35888296365737915,
        "z": -0.3841196596622467
    },
    "landmark_3": {
        "x": 0.5167403817176819,
        "y": 0.3596365749835968,
        "z": -0.3841606080532074
    },
    "landmark_4": {
        "x": 0.48035499453544617,
        "y": 0.3581128716468811,
        "z": -0.3788725435733795
    },
    "landmark_5": {
        "x": 0.47266528010368347,
        "y": 0.358500212430954,
        "z": -0.37889212369918823
    },
    "landmark_6": {
        "x": 0.466565877199173,
        "y": 0.35911086201667786,
        "z": -0.37895092368125916
    },
    "landmark_7": {
        "x": 0.5315073132514954,
        "y": 0.3682478964328766,
        "z": -0.17243431508541107
    },
    "landmark_8": {
        "x": 0.4589700400829315,
        "y": 0.36773303151130676,
        "z": -0.1486721932888031
    },
    "landmark_9": {
        "x": 0.5048902034759521,
        "y": 0.3832128643989563,
        "z": -0.3541434705257416
    },
    "landmark_10": {
        "x": 0.4766900837421417,
        "y": 0.3821040391921997,
        "z": -0.34766337275505066
    },
    "landmark_11": {
        "x": 0.5880827903747559,
        "y": 0.4371863305568695,
        "z": -0.12291093170642853
    },
    "landmark_12": {
        "x": 0.40399929881095886,
        "y": 0.43312960863113403,
        "z": -0.07111979275941849
    },
    "landmark_13": {
        "x": 0.684488832950592,
        "y": 0.4737771451473236,
        "z": -0.4566163420677185
    },
    "landmark_14": {
        "x": 0.2962283790111542,
        "y": 0.4665018916130066,
        "z": -0.4056917726993561
    },
    "landmark_15": {
        "x": 0.5976217985153198,
        "y": 0.41725072264671326,
        "z": -0.7180024981498718
    },
    "landmark_16": {
        "x": 0.38595351576805115,
        "y": 0.4114336371421814,
        "z": -0.7284215092658997
    },
    "landmark_17": {
        "x": 0.5742653608322144,
        "y": 0.40377920866012573,
        "z": -0.7864047288894653
    },
    "landmark_18": {
        "x": 0.4185900092124939,
        "y": 0.4025058150291443,
        "z": -0.8069928288459778
    },
    "landmark_19": {
        "x": 0.5653888583183289,
        "y": 0.4040469527244568,
        "z": -0.7286494970321655
    },
    "landmark_20": {
        "x": 0.427274227142334,
        "y": 0.40301457047462463,
        "z": -0.7595903873443604
    },
    "landmark_21": {
        "x": 0.5687838792800903,
        "y": 0.4096643030643463,
        "z": -0.7017273306846619
    },
    "landmark_22": {
        "x": 0.4208054542541504,
        "y": 0.4074501395225525,
        "z": -0.7201696038246155
    },
    "landmark_23": {
        "x": 0.5348106622695923,
        "y": 0.60467129945755,
        "z": -0.0397023968398571
    },
    "landmark_24": {
        "x": 0.4215286374092102,
        "y": 0.5982556343078613,
        "z": 0.03970130532979965
    },
    "landmark_25": {
        "x": 0.5116608738899231,
        "y": 0.7206348180770874,
        "z": -0.022279784083366394
    },
    "landmark_26": {
        "x": 0.3736746609210968,
        "y": 0.7119312882423401,
        "z": -0.020081905648112297
    },
    "landmark_27": {
        "x": 0.4854294955730438,
        "y": 0.828703761100769,
        "z": 0.2230118066072464
    },
    "landmark_28": {
        "x": 0.3547806441783905,
        "y": 0.8194648623466492,
        "z": 0.25319892168045044
    },
    "landmark_29": {
        "x": 0.469766229391098,
        "y": 0.8427940607070923,
        "z": 0.23120161890983582
    },
    "landmark_30": {
        "x": 0.3731015622615814,
        "y": 0.8427712321281433,
        "z": 0.26660996675491333
    },
    "landmark_31": {
        "x": 0.4914994537830353,
        "y": 0.8675932884216309,
        "z": -0.001325686345808208
    },
    "landmark_32": {
        "x": 0.2785164415836334,
        "y": 0.8381644487380981,
        "z": 0.050879500806331635
    }
}