{
    "landmark_0": {
        "x": 0.5674086213111877,
        "y": 0.3611656427383423,
        "z": -0.3175860047340393
    },
    "landmark_1": {
        "x": 0.5805020332336426,
        "y": 0.3503683805465698,
        "z": -0.28120315074920654
    },
    "landmark_2": {
        "x": 0.5882195234298706,
        "y": 0.3509763777256012,
        "z": -0.28120678663253784
    },
    "landmark_3": {
        "x": 0.5928909182548523,
        "y": 0.3515944182872772,
        "z": -0.28125935792922974
    },
    "landmark_4": {
        "x": 0.5569218397140503,
        "y": 0.34988901019096375,
        "z": -0.28185924887657166
    },
    "landmark_5": {
        "x": 0.5497925281524658,
        "y": 0.34987974166870117,
        "z": -0.28172430396080017
    },
    "landmark_6": {
        "x": 0.5422294735908508,
        "y": 0.3501322865486145,
        "z": -0.2817271947860718
    },
    "landmark_7": {
        "x": 0.6046300530433655,
        "y": 0.35901007056236267,
        "z": -0.07251206040382385
    },
    "landmark_8": {
        "x": 0.5347991585731506,
        "y": 0.3564613461494446,
        "z": -0.07992793619632721
    },
    "landmark_9": {
        "x": 0.5803502202033997,
        "y": 0.3757970333099365,
        "z": -0.2391221523284912
    },
    "landmark_10": {
        "x": 0.5522185564041138,
        "y": 0.37538304924964905,
        "z": -0.2417808473110199
    },
    "landmark_11": {
        "x": 0.6504083871841431,
        "y": 0.4260792136192322,
        "z": 0.017900055274367332
    },
    "landmark_12": {
        "x": 0.4761362671852112,
        "y": 0.41983479261398315,
        "z": -0.015010016039013863
    },
    "landmark_13": {
        "x": 0.7246173620223999,
        "y": 0.4819055497646332,
        "z": -0.23642362654209137
    },
    "landmark_14": {
        "x": 0.3968715965747833,
        "y": 0.4764326512813568,
        "z": -0.27313390374183655
    },
    "landmark_15": {
        "x": 0.6676565408706665,
        "y": 0.40683817863464355,
        "z": -0.5621755719184875
    },
    "landmark_16": {
        "x": 0.5132223963737488,
        "y": 0.46228665113449097,
        "z": -0.57709139585495
    },
    "landmark_17": {
        "x": 0.6586716771125793,
        "y": 0.38566383719444275,
        "z": -0.6321711540222168
    },
    "landmark_18": {
        "x": 0.5529837608337402,
        "y": 0.4664369523525238,
        "z": -0.6436983942985535
    },
    "landmark_19": {
        "x": 0.6549301743507385,
        "y": 0.3827095627784729,
        "z": -0.5944012999534607
    },
    "landmark_20": {
        "x": 0.5708098411560059,
        "y": 0.4630051255226135,
        "z": -0.6123621463775635
    },
    "landmark_21": {
        "x": 0.6526235938072205,
        "y": 0.3907124400138855,
        "z": -0.5546662211418152
    },
    "landmark_22": {
        "x": 0.5613327622413635,
        "y": 0.4599117338657379,
        "z": -0.5694302320480347
    },
    "landmark_23": {
        "x": 0.609636127948761,
        "y": 0.5904795527458191,
        "z": -0.0040424116887152195
    },
    "landmark_24": {
        "x": 0.49639537930488586,
        "y": 0.5916852355003357,
        "z": 0.003982150927186012
    },
    "landmark_25": {
        "x": 0.6315826773643494,
        "y": 0.7074511647224426,
        "z": -0.10868581384420395
    },
    "landmark_26": {
        "x": 0.47298765182495117,
        "y": 0.7073390483856201,
        "z": -0.12606215476989746
    },
    "landmark_27": {
        "x": 0.6223408579826355,
        "y": 0.8313628435134888,
        "z": 0.11329356580972672
    },
    "landmark_28": {
        "x": 0.5095254778862,
        "y": 0.8183013200759888,
        "z": 0.15072304010391235
    },
    "landmark_29": {
        "x": 0.6018102765083313,
        "y": 0.8441756367683411,
        "z": 0.1211320161819458
    },
    "landmark_30": {
        "x": 0.5340884923934937,
        "y": 0.8312845230102539,
        "z": 0.16637969017028809
    },
    "landmark_31": {
        "x": 0.6660754084587097,
        "y": 0.8740947842597961,
        "z": -0.10945618897676468
    },
    "landmark_32": {
        "x": 0.4655141234397888,
        "y": 0.863296389579773,
        "z": -0.029938146471977234
    }
}