{
    "landmark_0": {
        "x": 0.5359020829200745,
        "y": 0.3563292920589447,
        "z": -0.37721213698387146
    },
    "landmark_1": {
        "x": 0.5483829379081726,
        "y": 0.3458435535430908,
        "z": -0.3319704532623291
    },
    "landmark_2": {
        "x": 0.5559332370758057,
        "y": 0.3459271192550659,
        "z": -0.33203762769699097
    },
    "landmark_3": {
        "x": 0.56351637840271,
        "y": 0.3462679982185364,
        "z": -0.33203208446502686
    },
    "landmark_4": {
        "x": 0.5258364081382751,
        "y": 0.3466077148914337,
        "z": -0.32466447353363037
    },
    "landmark_5": {
        "x": 0.5190223455429077,
        "y": 0.3470679223537445,
        "z": -0.3247525990009308
    },
    "landmark_6": {
        "x": 0.512240469455719,
        "y": 0.34782055020332336,
        "z": -0.3247659504413605
    },
    "landmark_7": {
        "x": 0.5791935324668884,
        "y": 0.3529702126979828,
        "z": -0.12748196721076965
    },
    "landmark_8": {
        "x": 0.508629560470581,
        "y": 0.35389280319213867,
        "z": -0.09211979806423187
    },
    "landmark_9": {
        "x": 0.5518596172332764,
        "y": 0.36763855814933777,
        "z": -0.3070289194583893
    },
    "landmark_10": {
        "x": 0.5237335562705994,
        "y": 0.3682975172996521,
        "z": -0.2964678108692169
    },
    "landmark_11": {
        "x": 0.6444680094718933,
        "y": 0.40991219878196716,
        "z": -0.12195472419261932
    },
    "landmark_12": {
        "x": 0.4646606743335724,
        "y": 0.41518306732177734,
        "z": -0.016553837805986404
    },
    "landmark_13": {
        "x": 0.7263765335083008,
        "y": 0.42504972219467163,
        "z": -0.39287757873535156
    },
    "landmark_14": {
        "x": 0.3612254559993744,
        "y": 0.4248564839363098,
        "z": -0.3219623863697052
    },
    "landmark_15": {
        "x": 0.5849837064743042,
        "y": 0.44830960035324097,
        "z": -0.6100391745567322
    },
    "landmark_16": {
        "x": 0.3651505708694458,
        "y": 0.34238535165786743,
        "z": -0.6554783582687378
    },
    "landmark_17": {
        "x": 0.5541509389877319,
        "y": 0.46132421493530273,
        "z": -0.6755557656288147
    },
    "landmark_18": {
        "x": 0.36308732628822327,
        "y": 0.319424569606781,
        "z": -0.7468556761741638
    },
    "landmark_19": {
        "x": 0.5387436747550964,
        "y": 0.4593280851840973,
        "z": -0.6476402282714844
    },
    "landmark_20": {
        "x": 0.36903682351112366,
        "y": 0.31473085284233093,
        "z": -0.7067663669586182
    },
    "landmark_21": {
        "x": 0.5473429560661316,
        "y": 0.456441730260849,
        "z": -0.6010468006134033
    },
    "landmark_22": {
        "x": 0.374539852142334,
        "y": 0.32426825165748596,
        "z": -0.6540183424949646
    },
    "landmark_23": {
        "x": 0.6138517260551453,
        "y": 0.5836527347564697,
        "z": -0.006748494692146778
    },
    "landmark_24": {
        "x": 0.5002574920654297,
        "y": 0.5818139910697937,
        "z": 0.006635844707489014
    },
    "landmark_25": {
        "x": 0.6325781941413879,
        "y": 0.6971777677536011,
        "z": -0.26400434970855713
    },
    "landmark_26": {
        "x": 0.45450976490974426,
        "y": 0.690902054309845,
        "z": -0.4175660312175751
    },
    "landmark_27": {
        "x": 0.5904093980789185,
        "y": 0.8093613386154175,
        "z": 0.0932805985212326
    },
    "landmark_28": {
        "x": 0.5021793246269226,
        "y": 0.8136416673660278,
        "z": -0.10381219536066055
    },
    "landmark_29": {
        "x": 0.5686501860618591,
        "y": 0.8197842836380005,
        "z": 0.11640844494104385
    },
    "landmark_30": {
        "x": 0.5250120759010315,
        "y": 0.8243322372436523,
        "z": -0.08381284773349762
    },
    "landmark_31": {
        "x": 0.6420519948005676,
        "y": 0.8587959408760071,
        "z": -0.09617436677217484
    },
    "landmark_32": {
        "x": 0.4717555046081543,
        "y": 0.8625147938728333,
        "z": -0.30393150448799133
    }
}