{
    "landmark_0": {
        "x": 0.5293811559677124,
        "y": 0.41897231340408325,
        "z": -0.40695109963417053
    },
    "landmark_1": {
        "x": 0.5426622033119202,
        "y": 0.4102419912815094,
        "z": -0.36297279596328735
    },
    "landmark_2": {
        "x": 0.548015832901001,
        "y": 0.4111209809780121,
        "z": -0.3629719316959381
    },
    "landmark_3": {
        "x": 0.5539398789405823,
        "y": 0.41214674711227417,
        "z": -0.36296001076698303
    },
    "landmark_4": {
        "x": 0.5209843516349792,
        "y": 0.4085814356803894,
        "z": -0.3696480095386505
    },
    "landmark_5": {
        "x": 0.5133775472640991,
        "y": 0.4086028039455414,
        "z": -0.3696672320365906
    },
    "landmark_6": {
        "x": 0.506929337978363,
        "y": 0.4090551435947418,
        "z": -0.36972758173942566
    },
    "landmark_7": {
        "x": 0.561966061592102,
        "y": 0.42020314931869507,
        "z": -0.12246574461460114
    },
    "landmark_8": {
        "x": 0.4949647784233093,
        "y": 0.41714105010032654,
        "z": -0.15586066246032715
    },
    "landmark_9": {
        "x": 0.5394293665885925,
        "y": 0.43368372321128845,
        "z": -0.31783822178840637
    },
    "landmark_10": {
        "x": 0.5139499306678772,
        "y": 0.43183666467666626,
        "z": -0.32770031690597534
    },
    "landmark_11": {
        "x": 0.5985848903656006,
        "y": 0.4921441972255707,
        "z": 0.01738460175693035
    },
    "landmark_12": {
        "x": 0.43125665187835693,
        "y": 0.47807592153549194,
        "z": -0.08871755003929138
    },
    "landmark_13": {
        "x": 0.6605216860771179,
        "y": 0.5419982671737671,
        "z": -0.23611204326152802
    },
    "landmark_14": {
        "x": 0.36379292607307434,
        "y": 0.5419830679893494,
        "z": -0.29458820819854736
    },
    "landmark_15": {
        "x": 0.6557438969612122,
        "y": 0.4673193097114563,
        "z": -0.6277256011962891
    },
    "landmark_16": {
        "x": 0.4963019788265228,
        "y": 0.5546380877494812,
        "z": -0.548883318901062
    },
    "landmark_17": {
        "x": 0.6542006731033325,
        "y": 0.44672107696533203,
        "z": -0.7149847149848938
    },
    "landmark_18": {
        "x": 0.5311956405639648,
        "y": 0.5649534463882446,
        "z": -0.6131951212882996
    },
    "landmark_19": {
        "x": 0.6490809917449951,
        "y": 0.4421992897987366,
        "z": -0.6884375214576721
    },
    "landmark_20": {
        "x": 0.5464298725128174,
        "y": 0.5584397912025452,
        "z": -0.5942584872245789
    },
    "landmark_21": {
        "x": 0.6454559564590454,
        "y": 0.4487583637237549,
        "z": -0.6296584606170654
    },
    "landmark_22": {
        "x": 0.5373056530952454,
        "y": 0.5540633201599121,
        "z": -0.5418365001678467
    },
    "landmark_23": {
        "x": 0.5383786559104919,
        "y": 0.6503888368606567,
        "z": 0.01194097101688385
    },
    "landmark_24": {
        "x": 0.4307197034358978,
        "y": 0.6438193321228027,
        "z": -0.011705262586474419
    },
    "landmark_25": {
        "x": 0.542668342590332,
        "y": 0.7446247339248657,
        "z": -0.1694515496492386
    },
    "landmark_26": {
        "x": 0.35128501057624817,
        "y": 0.7475200891494751,
        "z": -0.2626052498817444
    },
    "landmark_27": {
        "x": 0.47196802496910095,
        "y": 0.8362748026847839,
        "z": 0.09935995936393738
    },
    "landmark_28": {
        "x": 0.2601841688156128,
        "y": 0.8618329763412476,
        "z": -0.12688402831554413
    },
    "landmark_29": {
        "x": 0.4474029242992401,
        "y": 0.8512632250785828,
        "z": 0.11342199891805649
    },
    "landmark_30": {
        "x": 0.2523078918457031,
        "y": 0.8941365480422974,
        "z": -0.12818023562431335
    },
    "landmark_31": {
        "x": 0.5080430507659912,
        "y": 0.8667913675308228,
        "z": -0.1078549399971962
    },
    "landmark_32": {
        "x": 0.1680368185043335,
        "y": 0.8494051694869995,
        "z": -0.3937230408191681
    }
}