{
    "landmark_0": {
        "x": 0.5683109164237976,
        "y": 0.39908212423324585,
        "z": -0.6148950457572937
    },
    "landmark_1": {
        "x": 0.5869261622428894,
        "y": 0.386296808719635,
        "z": -0.5859737396240234
    },
    "landmark_2": {
        "x": 0.5957490801811218,
        "y": 0.3869534432888031,
        "z": -0.5859713554382324
    },
    "landmark_3": {
        "x": 0.6021050810813904,
        "y": 0.38779547810554504,
        "z": -0.5858941674232483
    },
    "landmark_4": {
        "x": 0.5608375668525696,
        "y": 0.38436976075172424,
        "z": -0.5880159139633179
    },
    "landmark_5": {
        "x": 0.5529677271842957,
        "y": 0.3838300108909607,
        "z": -0.5880469083786011
    },
    "landmark_6": {
        "x": 0.5446347594261169,
        "y": 0.3834954500198364,
        "z": -0.5881405472755432
    },
    "landmark_7": {
        "x": 0.6148583889007568,
        "y": 0.39453110098838806,
        "z": -0.3634815216064453
    },
    "landmark_8": {
        "x": 0.5369424223899841,
        "y": 0.38667166233062744,
        "z": -0.3802250623703003
    },
    "landmark_9": {
        "x": 0.5825323462486267,
        "y": 0.41458290815353394,
        "z": -0.527781069278717
    },
    "landmark_10": {
        "x": 0.5515300035476685,
        "y": 0.4122135043144226,
        "z": -0.5325713157653809
    },
    "landmark_11": {
        "x": 0.6629946231842041,
        "y": 0.4760356545448303,
        "z": -0.1932227462530136
    },
    "landmark_12": {
        "x": 0.45885545015335083,
        "y": 0.45523232221603394,
        "z": -0.21627381443977356
    },
    "landmark_13": {
        "x": 0.6940810680389404,
        "y": 0.5664613842964172,
        "z": -0.05939195305109024
    },
    "landmark_14": {
        "x": 0.4183703660964966,
        "y": 0.536666214466095,
        "z": -0.12460297346115112
    },
    "landmark_15": {
        "x": 0.6745408773422241,
        "y": 0.6469077467918396,
        "z": -0.2377162128686905
    },
    "landmark_16": {
        "x": 0.4101373553276062,
        "y": 0.6091409921646118,
        "z": -0.31777557730674744
    },
    "landmark_17": {
        "x": 0.6761005520820618,
        "y": 0.6756654977798462,
        "z": -0.28941720724105835
    },
    "landmark_18": {
        "x": 0.4037330746650696,
        "y": 0.6326267123222351,
        "z": -0.3753730356693268
    },
    "landmark_19": {
        "x": 0.6625048518180847,
        "y": 0.6731741428375244,
        "z": -0.36111459136009216
    },
    "landmark_20": {
        "x": 0.41731345653533936,
        "y": 0.6324036121368408,
        "z": -0.4421672523021698
    },
    "landmark_21": {
        "x": 0.6571845412254333,
        "y": 0.6669625639915466,
        "z": -0.267097145318985
    },
    "landmark_22": {
        "x": 0.42289987206459045,
        "y": 0.6243956089019775,
        "z": -0.3477553725242615
    },
    "landmark_23": {
        "x": 0.5920299887657166,
        "y": 0.6407883763313293,
        "z": 0.0037833324167877436
    },
    "landmark_24": {
        "x": 0.47762489318847656,
        "y": 0.6347541213035583,
        "z": -0.0036731124855577946
    },
    "landmark_25": {
        "x": 0.5635792016983032,
        "y": 0.7574372291564941,
        "z": 0.13578157126903534
    },
    "landmark_26": {
        "x": 0.4900567829608917,
        "y": 0.760917067527771,
        "z": -0.0693022608757019
    },
    "landmark_27": {
        "x": 0.557508111000061,
        "y": 0.8400419354438782,
        "z": 0.5609019994735718
    },
    "landmark_28": {
        "x": 0.49478110671043396,
        "y": 0.890418529510498,
        "z": 0.1030043363571167
    },
    "landmark_29": {
        "x": 0.5526567697525024,
        "y": 0.8489343523979187,
        "z": 0.591414213180542
    },
    "landmark_30": {
        "x": 0.5061661005020142,
        "y": 0.9077901840209961,
        "z": 0.1043977215886116
    },
    "landmark_31": {
        "x": 0.5516034364700317,
        "y": 0.8855840563774109,
        "z": 0.38593947887420654
    },
    "landmark_32": {
        "x": 0.47799864411354065,
        "y": 0.9313000440597534,
        "z": -0.17821067571640015
    }
}