{
    "landmark_0": {
        "x": 0.5544848442077637,
        "y": 0.35814082622528076,
        "z": -0.47009435296058655
    },
    "landmark_1": {
        "x": 0.5685070753097534,
        "y": 0.348509281873703,
        "z": -0.42522573471069336
    },
    "landmark_2": {
        "x": 0.5759273767471313,
        "y": 0.3488444685935974,
        "z": -0.4252038598060608
    },
    "landmark_3": {
        "x": 0.5820972323417664,
        "y": 0.34925377368927,
        "z": -0.4252033233642578
    },
    "landmark_4": {
        "x": 0.5445910096168518,
        "y": 0.348471462726593,
        "z": -0.41932329535484314
    },
    "landmark_5": {
        "x": 0.5369726419448853,
        "y": 0.34867537021636963,
        "z": -0.41927605867385864
    },
    "landmark_6": {
        "x": 0.5295705199241638,
        "y": 0.3491305410861969,
        "z": -0.41928309202194214
    },
    "landmark_7": {
        "x": 0.5970611572265625,
        "y": 0.35773882269859314,
        "z": -0.21754391491413116
    },
    "landmark_8": {
        "x": 0.5215179920196533,
        "y": 0.3582688868045807,
        "z": -0.18715380132198334
    },
    "landmark_9": {
        "x": 0.5699537992477417,
        "y": 0.3728463351726532,
        "z": -0.3973897695541382
    },
    "landmark_10": {
        "x": 0.5425823926925659,
        "y": 0.3717115521430969,
        "z": -0.3887113034725189
    },
    "landmark_11": {
        "x": 0.6525835394859314,
        "y": 0.42560285329818726,
        "z": -0.18518474698066711
    },
    "landmark_12": {
        "x": 0.47385546565055847,
        "y": 0.42548832297325134,
        "z": -0.12969206273555756
    },
    "landmark_13": {
        "x": 0.7491204142570496,
        "y": 0.4462757110595703,
        "z": -0.6015328764915466
    },
    "landmark_14": {
        "x": 0.3690148591995239,
        "y": 0.44776231050491333,
        "z": -0.5230893492698669
    },
    "landmark_15": {
        "x": 0.639492392539978,
        "y": 0.4098295569419861,
        "z": -0.923879086971283
    },
    "landmark_16": {
        "x": 0.4216296374797821,
        "y": 0.3805297911167145,
        "z": -0.9045770168304443
    },
    "landmark_17": {
        "x": 0.6088812351226807,
        "y": 0.40281495451927185,
        "z": -1.0041707754135132
    },
    "landmark_18": {
        "x": 0.43368029594421387,
        "y": 0.36043936014175415,
        "z": -0.9989734888076782
    },
    "landmark_19": {
        "x": 0.6015080213546753,
        "y": 0.401989221572876,
        "z": -0.9433571100234985
    },
    "landmark_20": {
        "x": 0.4393002688884735,
        "y": 0.3599770963191986,
        "z": -0.9554182887077332
    },
    "landmark_21": {
        "x": 0.6070160865783691,
        "y": 0.4048677086830139,
        "z": -0.9086474776268005
    },
    "landmark_22": {
        "x": 0.4403494596481323,
        "y": 0.3680572509765625,
        "z": -0.9008712768554688
    },
    "landmark_23": {
        "x": 0.6089200377464294,
        "y": 0.5913106203079224,
        "z": -0.023190485313534737
    },
    "landmark_24": {
        "x": 0.4933672547340393,
        "y": 0.5869250893592834,
        "z": 0.022836361080408096
    },
    "landmark_25": {
        "x": 0.5901232361793518,
        "y": 0.7144474387168884,
        "z": -0.015243417583405972
    },
    "landmark_26": {
        "x": 0.440177321434021,
        "y": 0.7050358057022095,
        "z": -0.016300780698657036
    },
    "landmark_27": {
        "x": 0.5698122382164001,
        "y": 0.8251653909683228,
        "z": 0.3089921772480011
    },
    "landmark_28": {
        "x": 0.438813179731369,
        "y": 0.8204572796821594,
        "z": 0.29909005761146545
    },
    "landmark_29": {
        "x": 0.5505259037017822,
        "y": 0.8346239328384399,
        "z": 0.3246588706970215
    },
    "landmark_30": {
        "x": 0.46133536100387573,
        "y": 0.8352552652359009,
        "z": 0.3157835900783539
    },
    "landmark_31": {
        "x": 0.5860982537269592,
        "y": 0.8675306439399719,
        "z": 0.06743592768907547
    },
    "landmark_32": {
        "x": 0.38695448637008667,
        "y": 0.8559221029281616,
        "z": 0.07507803291082382
    }
}