{
    "landmark_0": {
        "x": 0.5508146286010742,
        "y": 0.3894394040107727,
        "z": -0.5100741386413574
    },
    "landmark_1": {
        "x": 0.5609422922134399,
        "y": 0.3790918290615082,
        "z": -0.46866828203201294
    },
    "landmark_2": {
        "x": 0.5663432478904724,
        "y": 0.37915128469467163,
        "z": -0.46870964765548706
    },
    "landmark_3": {
        "x": 0.5721118450164795,
        "y": 0.3794371485710144,
        "z": -0.4687846004962921
    },
    "landmark_4": {
        "x": 0.5408056974411011,
        "y": 0.3791499137878418,
        "z": -0.4677913784980774
    },
    "landmark_5": {
        "x": 0.5331726670265198,
        "y": 0.37937483191490173,
        "z": -0.46779665350914
    },
    "landmark_6": {
        "x": 0.5252057313919067,
        "y": 0.3796759247779846,
        "z": -0.46778035163879395
    },
    "landmark_7": {
        "x": 0.5802083015441895,
        "y": 0.38633832335472107,
        "z": -0.23862634599208832
    },
    "landmark_8": {
        "x": 0.5138578414916992,
        "y": 0.3864607512950897,
        "z": -0.23347172141075134
    },
    "landmark_9": {
        "x": 0.5611886978149414,
        "y": 0.4023853838443756,
        "z": -0.4262799918651581
    },
    "landmark_10": {
        "x": 0.5388534069061279,
        "y": 0.40268078446388245,
        "z": -0.42529305815696716
    },
    "landmark_11": {
        "x": 0.6408131718635559,
        "y": 0.44996553659439087,
        "z": -0.14920203387737274
    },
    "landmark_12": {
        "x": 0.46584731340408325,
        "y": 0.45412009954452515,
        "z": -0.12634944915771484
    },
    "landmark_13": {
        "x": 0.7312493324279785,
        "y": 0.5000262260437012,
        "z": -0.392874538898468
    },
    "landmark_14": {
        "x": 0.3854541778564453,
        "y": 0.4826163351535797,
        "z": -0.4122677743434906
    },
    "landmark_15": {
        "x": 0.5940728187561035,
        "y": 0.49402350187301636,
        "z": -0.6655747294425964
    },
    "landmark_16": {
        "x": 0.4565841257572174,
        "y": 0.4064858555793762,
        "z": -0.7274214625358582
    },
    "landmark_17": {
        "x": 0.5572449564933777,
        "y": 0.4956238269805908,
        "z": -0.7408087253570557
    },
    "landmark_18": {
        "x": 0.4743596911430359,
        "y": 0.38483738899230957,
        "z": -0.8122221231460571
    },
    "landmark_19": {
        "x": 0.5451135039329529,
        "y": 0.4906478524208069,
        "z": -0.7092834115028381
    },
    "landmark_20": {
        "x": 0.4805242717266083,
        "y": 0.38440507650375366,
        "z": -0.7777857184410095
    },
    "landmark_21": {
        "x": 0.556027352809906,
        "y": 0.48913413286209106,
        "z": -0.656420111656189
    },
    "landmark_22": {
        "x": 0.4810968041419983,
        "y": 0.39161568880081177,
        "z": -0.7244031429290771
    },
    "landmark_23": {
        "x": 0.6087381839752197,
        "y": 0.6197566390037537,
        "z": -0.003778217127546668
    },
    "landmark_24": {
        "x": 0.4958176016807556,
        "y": 0.6213803887367249,
        "z": 0.0038718916475772858
    },
    "landmark_25": {
        "x": 0.6489109396934509,
        "y": 0.7333885431289673,
        "z": -0.05556710436940193
    },
    "landmark_26": {
        "x": 0.49078086018562317,
        "y": 0.7417013645172119,
        "z": 0.22414462268352509
    },
    "landmark_27": {
        "x": 0.641539454460144,
        "y": 0.8582452535629272,
        "z": 0.09282059967517853
    },
    "landmark_28": {
        "x": 0.5288801193237305,
        "y": 0.8318579792976379,
        "z": 0.6344444751739502
    },
    "landmark_29": {
        "x": 0.6163522601127625,
        "y": 0.87608402967453,
        "z": 0.09348548948764801
    },
    "landmark_30": {
        "x": 0.5490687489509583,
        "y": 0.8451640009880066,
        "z": 0.6625941395759583
    },
    "landmark_31": {
        "x": 0.7149115800857544,
        "y": 0.8888789415359497,
        "z": -0.1516575962305069
    },
    "landmark_32": {
        "x": 0.49696895480155945,
        "y": 0.8678424954414368,
        "z": 0.47202011942863464
    }
}