{
    "landmark_0": {
        "x": 0.5038360357284546,
        "y": 0.38574108481407166,
        "z": -0.5027108192443848
    },
    "landmark_1": {
        "x": 0.5157092213630676,
        "y": 0.3732563257217407,
        "z": -0.472465842962265
    },
    "landmark_2": {
        "x": 0.5245223641395569,
        "y": 0.37287437915802,
        "z": -0.4724556505680084
    },
    "landmark_3": {
        "x": 0.5303751826286316,
        "y": 0.37291452288627625,
        "z": -0.47236761450767517
    },
    "landmark_4": {
        "x": 0.49150550365448,
        "y": 0.3745606541633606,
        "z": -0.4618145823478699
    },
    "landmark_5": {
        "x": 0.4834892749786377,
        "y": 0.375289648771286,
        "z": -0.46185335516929626
    },
    "landmark_6": {
        "x": 0.4764029085636139,
        "y": 0.3764474391937256,
        "z": -0.46180352568626404
    },
    "landmark_7": {
        "x": 0.5436314344406128,
        "y": 0.3783901035785675,
        "z": -0.2775675058364868
    },
    "landmark_8": {
        "x": 0.4726428985595703,
        "y": 0.38328397274017334,
        "z": -0.23121681809425354
    },
    "landmark_9": {
        "x": 0.522022008895874,
        "y": 0.39852631092071533,
        "z": -0.43030908703804016
    },
    "landmark_10": {
        "x": 0.49254941940307617,
        "y": 0.4001207947731018,
        "z": -0.41711917519569397
    },
    "landmark_11": {
        "x": 0.620839536190033,
        "y": 0.45073312520980835,
        "z": -0.17298895120620728
    },
    "landmark_12": {
        "x": 0.42189666628837585,
        "y": 0.45496663451194763,
        "z": -0.0704214796423912
    },
    "landmark_13": {
        "x": 0.6686042547225952,
        "y": 0.5246259570121765,
        "z": -0.09387791156768799
    },
    "landmark_14": {
        "x": 0.34477439522743225,
        "y": 0.5146381855010986,
        "z": -0.26427605748176575
    },
    "landmark_15": {
        "x": 0.6603398323059082,
        "y": 0.5953686237335205,
        "z": -0.20495742559432983
    },
    "landmark_16": {
        "x": 0.33200159668922424,
        "y": 0.44957631826400757,
        "z": -0.7386502623558044
    },
    "landmark_17": {
        "x": 0.6574252247810364,
        "y": 0.6211426854133606,
        "z": -0.23713618516921997
    },
    "landmark_18": {
        "x": 0.32361140847206116,
        "y": 0.43003392219543457,
        "z": -0.8289530277252197
    },
    "landmark_19": {
        "x": 0.6422269344329834,
        "y": 0.617626965045929,
        "z": -0.2831769585609436
    },
    "landmark_20": {
        "x": 0.331585556268692,
        "y": 0.4257816672325134,
        "z": -0.8288472294807434
    },
    "landmark_21": {
        "x": 0.6364091038703918,
        "y": 0.6095232963562012,
        "z": -0.21990039944648743
    },
    "landmark_22": {
        "x": 0.3383099138736725,
        "y": 0.43018633127212524,
        "z": -0.7507134079933167
    },
    "landmark_23": {
        "x": 0.5758134126663208,
        "y": 0.6200798153877258,
        "z": -0.0251243244856596
    },
    "landmark_24": {
        "x": 0.4655563235282898,
        "y": 0.618201494216919,
        "z": 0.02471471019089222
    },
    "landmark_25": {
        "x": 0.5658357739448547,
        "y": 0.7371123433113098,
        "z": -0.02062561921775341
    },
    "landmark_26": {
        "x": 0.45621952414512634,
        "y": 0.732731282711029,
        "z": 0.09757936000823975
    },
    "landmark_27": {
        "x": 0.5502033233642578,
        "y": 0.832667350769043,
        "z": 0.43789559602737427
    },
    "landmark_28": {
        "x": 0.44792675971984863,
        "y": 0.83025062084198,
        "z": 0.5315374135971069
    },
    "landmark_29": {
        "x": 0.5414199829101562,
        "y": 0.8439277410507202,
        "z": 0.46907126903533936
    },
    "landmark_30": {
        "x": 0.45705774426460266,
        "y": 0.8416595458984375,
        "z": 0.5646959543228149
    },
    "landmark_31": {
        "x": 0.552959144115448,
        "y": 0.8737584352493286,
        "z": 0.23346136510372162
    },
    "landmark_32": {
        "x": 0.433191180229187,
        "y": 0.8644281625747681,
        "z": 0.3430393636226654
    }
}