{
    "landmark_0": {
        "x": 0.5903202891349792,
        "y": 0.3767595887184143,
        "z": -0.4369054436683655
    },
    "landmark_1": {
        "x": 0.6045305728912354,
        "y": 0.3656911849975586,
        "z": -0.39551958441734314
    },
    "landmark_2": {
        "x": 0.6128503084182739,
        "y": 0.36599981784820557,
        "z": -0.3955446779727936
    },
    "landmark_3": {
        "x": 0.619276225566864,
        "y": 0.36663109064102173,
        "z": -0.3955993950366974
    },
    "landmark_4": {
        "x": 0.580936849117279,
        "y": 0.3657218813896179,
        "z": -0.39274945855140686
    },
    "landmark_5": {
        "x": 0.573042631149292,
        "y": 0.3660774230957031,
        "z": -0.3927236795425415
    },
    "landmark_6": {
        "x": 0.5658397078514099,
        "y": 0.36657845973968506,
        "z": -0.39277270436286926
    },
    "landmark_7": {
        "x": 0.6311327219009399,
        "y": 0.3742111623287201,
        "z": -0.1690520942211151
    },
    "landmark_8": {
        "x": 0.5615960955619812,
        "y": 0.3723824620246887,
        "z": -0.15815703570842743
    },
    "landmark_9": {
        "x": 0.6058661341667175,
        "y": 0.3903227150440216,
        "z": -0.35421907901763916
    },
    "landmark_10": {
        "x": 0.5775362253189087,
        "y": 0.39005324244499207,
        "z": -0.35166221857070923
    },
    "landmark_11": {
        "x": 0.6852284073829651,
        "y": 0.4458910822868347,
        "z": -0.0660925954580307
    },
    "landmark_12": {
        "x": 0.5050498247146606,
        "y": 0.44069409370422363,
        "z": -0.06670571863651276
    },
    "landmark_13": {
        "x": 0.7697910070419312,
        "y": 0.4952085614204407,
        "z": -0.4008399248123169
    },
    "landmark_14": {
        "x": 0.39093217253685,
        "y": 0.48191729187965393,
        "z": -0.3660655915737152
    },
    "landmark_15": {
        "x": 0.6839132308959961,
        "y": 0.4398069977760315,
        "z": -0.7497628331184387
    },
    "landmark_16": {
        "x": 0.47080108523368835,
        "y": 0.44178351759910583,
        "z": -0.7001082897186279
    },
    "landmark_17": {
        "x": 0.6589561104774475,
        "y": 0.4252917170524597,
        "z": -0.8210287094116211
    },
    "landmark_18": {
        "x": 0.5040130615234375,
        "y": 0.43743619322776794,
        "z": -0.773310661315918
    },
    "landmark_19": {
        "x": 0.6502355933189392,
        "y": 0.4237242639064789,
        "z": -0.7695004940032959
    },
    "landmark_20": {
        "x": 0.5151628851890564,
        "y": 0.4345613121986389,
        "z": -0.7368252873420715
    },
    "landmark_21": {
        "x": 0.6538092494010925,
        "y": 0.42908430099487305,
        "z": -0.7361748814582825
    },
    "landmark_22": {
        "x": 0.5080101490020752,
        "y": 0.4377768635749817,
        "z": -0.6934713125228882
    },
    "landmark_23": {
        "x": 0.627732515335083,
        "y": 0.6165046095848083,
        "z": -0.003587002633139491
    },
    "landmark_24": {
        "x": 0.5126979351043701,
        "y": 0.6075651049613953,
        "z": 0.0035875998437404633
    },
    "landmark_25": {
        "x": 0.6290033459663391,
        "y": 0.7404815554618835,
        "z": 0.10699637979269028
    },
    "landmark_26": {
        "x": 0.4500822424888611,
        "y": 0.7241519093513489,
        "z": 0.023809876292943954
    },
    "landmark_27": {
        "x": 0.5907677412033081,
        "y": 0.8408920168876648,
        "z": 0.43398746848106384
    },
    "landmark_28": {
        "x": 0.403714120388031,
        "y": 0.8365651965141296,
        "z": 0.2571100890636444
    },
    "landmark_29": {
        "x": 0.5686405301094055,
        "y": 0.8534544706344604,
        "z": 0.45196202397346497
    },
    "landmark_30": {
        "x": 0.4135929048061371,
        "y": 0.8586193919181824,
        "z": 0.2651171088218689
    },
    "landmark_31": {
        "x": 0.6291486620903015,
        "y": 0.8801556825637817,
        "z": 0.22526416182518005
    },
    "landmark_32": {
        "x": 0.3136604130268097,
        "y": 0.855800986289978,
        "z": 0.01943867653608322
    }
}