{
    "landmark_0": {
        "x": 0.49240976572036743,
        "y": 0.4024904668331146,
        "z": -0.32945406436920166
    },
    "landmark_1": {
        "x": 0.5032539367675781,
        "y": 0.39397376775741577,
        "z": -0.29251840710639954
    },
    "landmark_2": {
        "x": 0.5093050599098206,
        "y": 0.3942030668258667,
        "z": -0.2926245629787445
    },
    "landmark_3": {
        "x": 0.5157312750816345,
        "y": 0.39445239305496216,
        "z": -0.2926650047302246
    },
    "landmark_4": {
        "x": 0.4817327857017517,
        "y": 0.3945954740047455,
        "z": -0.2884106934070587
    },
    "landmark_5": {
        "x": 0.4742022752761841,
        "y": 0.3953261077404022,
        "z": -0.28841477632522583
    },
    "landmark_6": {
        "x": 0.4664657711982727,
        "y": 0.3960804045200348,
        "z": -0.2884231507778168
    },
    "landmark_7": {
        "x": 0.5245031714439392,
        "y": 0.4000209867954254,
        "z": -0.10705937445163727
    },
    "landmark_8": {
        "x": 0.4573625922203064,
        "y": 0.40240317583084106,
        "z": -0.08783647418022156
    },
    "landmark_9": {
        "x": 0.5051835179328918,
        "y": 0.41431331634521484,
        "z": -0.2629762589931488
    },
    "landmark_10": {
        "x": 0.47970497608184814,
        "y": 0.4148987829685211,
        "z": -0.2577205300331116
    },
    "landmark_11": {
        "x": 0.5789548754692078,
        "y": 0.45624667406082153,
        "z": -0.11077512055635452
    },
    "landmark_12": {
        "x": 0.421938955783844,
        "y": 0.46837592124938965,
        "z": -0.02171575091779232
    },
    "landmark_13": {
        "x": 0.6366382241249084,
        "y": 0.5028696060180664,
        "z": -0.37947607040405273
    },
    "landmark_14": {
        "x": 0.35528138279914856,
        "y": 0.4872961938381195,
        "z": -0.3335184156894684
    },
    "landmark_15": {
        "x": 0.500148594379425,
        "y": 0.4887223243713379,
        "z": -0.5999150276184082
    },
    "landmark_16": {
        "x": 0.38290151953697205,
        "y": 0.4102934002876282,
        "z": -0.628973662853241
    },
    "landmark_17": {
        "x": 0.4578191936016083,
        "y": 0.49122995138168335,
        "z": -0.6663563251495361
    },
    "landmark_18": {
        "x": 0.38670241832733154,
        "y": 0.3907111585140228,
        "z": -0.702798068523407
    },
    "landmark_19": {
        "x": 0.452101469039917,
        "y": 0.48861733078956604,
        "z": -0.636579155921936
    },
    "landmark_20": {
        "x": 0.39182060956954956,
        "y": 0.3872241973876953,
        "z": -0.6713067293167114
    },
    "landmark_21": {
        "x": 0.46136999130249023,
        "y": 0.48823851346969604,
        "z": -0.5910071730613708
    },
    "landmark_22": {
        "x": 0.39612823724746704,
        "y": 0.3947003483772278,
        "z": -0.6278470158576965
    },
    "landmark_23": {
        "x": 0.5724042057991028,
        "y": 0.6234491467475891,
        "z": -0.030788464471697807
    },
    "landmark_24": {
        "x": 0.4689805209636688,
        "y": 0.6291985511779785,
        "z": 0.030748892575502396
    },
    "landmark_25": {
        "x": 0.6150578856468201,
        "y": 0.734470784664154,
        "z": -0.11495701223611832
    },
    "landmark_26": {
        "x": 0.4597247540950775,
        "y": 0.7391408085823059,
        "z": 0.1556592881679535
    },
    "landmark_27": {
        "x": 0.6403294205665588,
        "y": 0.8519514799118042,
        "z": -0.019454529508948326
    },
    "landmark_28": {
        "x": 0.5207668542861938,
        "y": 0.8244692087173462,
        "z": 0.46623122692108154
    },
    "landmark_29": {
        "x": 0.6267980933189392,
        "y": 0.8812531232833862,
        "z": -0.023695209994912148
    },
    "landmark_30": {
        "x": 0.5477396845817566,
        "y": 0.8401963114738464,
        "z": 0.4851762652397156
    },
    "landmark_31": {
        "x": 0.719337522983551,
        "y": 0.864179790019989,
        "z": -0.22716212272644043
    },
    "landmark_32": {
        "x": 0.4794483482837677,
        "y": 0.8547244071960449,
        "z": 0.33449220657348633
    }
}