{
    "landmark_0": {
        "x": 0.5902845859527588,
        "y": 0.37148556113243103,
        "z": -0.3721100687980652
    },
    "landmark_1": {
        "x": 0.6041814684867859,
        "y": 0.3610795736312866,
        "z": -0.3344036638736725
    },
    "landmark_2": {
        "x": 0.6122247576713562,
        "y": 0.36186304688453674,
        "z": -0.33444660902023315
    },
    "landmark_3": {
        "x": 0.6177854537963867,
        "y": 0.3626035451889038,
        "z": -0.3345048725605011
    },
    "landmark_4": {
        "x": 0.5815992951393127,
        "y": 0.35966557264328003,
        "z": -0.3371816575527191
    },
    "landmark_5": {
        "x": 0.573945939540863,
        "y": 0.35975679755210876,
        "z": -0.33709409832954407
    },
    "landmark_6": {
        "x": 0.5664269328117371,
        "y": 0.35982972383499146,
        "z": -0.3371507525444031
    },
    "landmark_7": {
        "x": 0.6261322498321533,
        "y": 0.36936336755752563,
        "z": -0.1049167662858963
    },
    "landmark_8": {
        "x": 0.5586987137794495,
        "y": 0.36652183532714844,
        "z": -0.1215374544262886
    },
    "landmark_9": {
        "x": 0.6034448742866516,
        "y": 0.38549700379371643,
        "z": -0.28421109914779663
    },
    "landmark_10": {
        "x": 0.5757363438606262,
        "y": 0.38483184576034546,
        "z": -0.28945156931877136
    },
    "landmark_11": {
        "x": 0.6712083220481873,
        "y": 0.43552452325820923,
        "z": 0.032209452241659164
    },
    "landmark_12": {
        "x": 0.49548056721687317,
        "y": 0.4299977719783783,
        "z": -0.03289148956537247
    },
    "landmark_13": {
        "x": 0.7234316468238831,
        "y": 0.4980224668979645,
        "z": -0.1643710881471634
    },
    "landmark_14": {
        "x": 0.42485013604164124,
        "y": 0.4914308190345764,
        "z": -0.23537766933441162
    },
    "landmark_15": {
        "x": 0.7223336696624756,
        "y": 0.4223479628562927,
        "z": -0.49961763620376587
    },
    "landmark_16": {
        "x": 0.5539062023162842,
        "y": 0.4997481405735016,
        "z": -0.5383388996124268
    },
    "landmark_17": {
        "x": 0.7233545184135437,
        "y": 0.40149766206741333,
        "z": -0.5763495564460754
    },
    "landmark_18": {
        "x": 0.5957770943641663,
        "y": 0.5114714503288269,
        "z": -0.6065340042114258
    },
    "landmark_19": {
        "x": 0.721042811870575,
        "y": 0.3967418968677521,
        "z": -0.5626673698425293
    },
    "landmark_20": {
        "x": 0.6074870824813843,
        "y": 0.5047796964645386,
        "z": -0.5951434969902039
    },
    "landmark_21": {
        "x": 0.7164427042007446,
        "y": 0.40231794118881226,
        "z": -0.5040314197540283
    },
    "landmark_22": {
        "x": 0.5984598398208618,
        "y": 0.5003870129585266,
        "z": -0.5367951989173889
    },
    "landmark_23": {
        "x": 0.6165070533752441,
        "y": 0.6071242690086365,
        "z": -0.0063141267746686935
    },
    "landmark_24": {
        "x": 0.49951645731925964,
        "y": 0.6037595272064209,
        "z": 0.0066067250445485115
    },
    "landmark_25": {
        "x": 0.6293471455574036,
        "y": 0.7184960246086121,
        "z": -0.04436243325471878
    },
    "landmark_26": {
        "x": 0.460445374250412,
        "y": 0.7192437648773193,
        "z": 0.02999931201338768
    },
    "landmark_27": {
        "x": 0.5938000082969666,
        "y": 0.8356162905693054,
        "z": 0.16805680096149445
    },
    "landmark_28": {
        "x": 0.44309478998184204,
        "y": 0.8297382593154907,
        "z": 0.30036643147468567
    },
    "landmark_29": {
        "x": 0.5702053308486938,
        "y": 0.8460427522659302,
        "z": 0.17376776039600372
    },
    "landmark_30": {
        "x": 0.4640474021434784,
        "y": 0.8468837738037109,
        "z": 0.31319573521614075
    },
    "landmark_31": {
        "x": 0.6245862245559692,
        "y": 0.8783089518547058,
        "z": -0.05644167214632034
    },
    "landmark_32": {
        "x": 0.3589422106742859,
        "y": 0.8521540760993958,
        "z": 0.0948106124997139
    }
}