{
    "landmark_0": {
        "x": 0.6212360262870789,
        "y": 0.37591755390167236,
        "z": -0.28078967332839966
    },
    "landmark_1": {
        "x": 0.6348280310630798,
        "y": 0.3653322756290436,
        "z": -0.2428680807352066
    },
    "landmark_2": {
        "x": 0.6419603228569031,
        "y": 0.36617985367774963,
        "z": -0.2428600937128067
    },
    "landmark_3": {
        "x": 0.646796464920044,
        "y": 0.3667614161968231,
        "z": -0.24292445182800293
    },
    "landmark_4": {
        "x": 0.6119071245193481,
        "y": 0.3640597462654114,
        "z": -0.24769891798496246
    },
    "landmark_5": {
        "x": 0.6041261553764343,
        "y": 0.36400651931762695,
        "z": -0.24763713777065277
    },
    "landmark_6": {
        "x": 0.5964730978012085,
        "y": 0.3638249337673187,
        "z": -0.24765083193778992
    },
    "landmark_7": {
        "x": 0.6566535234451294,
        "y": 0.3728669583797455,
        "z": -0.014609119854867458
    },
    "landmark_8": {
        "x": 0.586248517036438,
        "y": 0.3701738119125366,
        "z": -0.04113129526376724
    },
    "landmark_9": {
        "x": 0.6330155730247498,
        "y": 0.3897469639778137,
        "z": -0.19286157190799713
    },
    "landmark_10": {
        "x": 0.6048768162727356,
        "y": 0.387846976518631,
        "z": -0.20105372369289398
    },
    "landmark_11": {
        "x": 0.6956981420516968,
        "y": 0.43916693329811096,
        "z": 0.11062958091497421
    },
    "landmark_12": {
        "x": 0.5239319205284119,
        "y": 0.4242941439151764,
        "z": 0.023003773763775826
    },
    "landmark_13": {
        "x": 0.7546332478523254,
        "y": 0.498741090297699,
        "z": -0.1031663715839386
    },
    "landmark_14": {
        "x": 0.4607292711734772,
        "y": 0.4740664064884186,
        "z": -0.16521133482456207
    },
    "landmark_15": {
        "x": 0.7672774195671082,
        "y": 0.42133188247680664,
        "z": -0.40901297330856323
    },
    "landmark_16": {
        "x": 0.5959815979003906,
        "y": 0.497139036655426,
        "z": -0.40450990200042725
    },
    "landmark_17": {
        "x": 0.7702751755714417,
        "y": 0.40110722184181213,
        "z": -0.47983554005622864
    },
    "landmark_18": {
        "x": 0.628994345664978,
        "y": 0.5110499262809753,
        "z": -0.4653494656085968
    },
    "landmark_19": {
        "x": 0.7678866982460022,
        "y": 0.3962199091911316,
        "z": -0.46683570742607117
    },
    "landmark_20": {
        "x": 0.6450206637382507,
        "y": 0.5060237050056458,
        "z": -0.45174145698547363
    },
    "landmark_21": {
        "x": 0.7634807825088501,
        "y": 0.40171581506729126,
        "z": -0.4139277935028076
    },
    "landmark_22": {
        "x": 0.6368386149406433,
        "y": 0.5016655325889587,
        "z": -0.40194451808929443
    },
    "landmark_23": {
        "x": 0.6405968070030212,
        "y": 0.6063703298568726,
        "z": 0.006480956915766001
    },
    "landmark_24": {
        "x": 0.5254800915718079,
        "y": 0.5990592241287231,
        "z": -0.0061599272303283215
    },
    "landmark_25": {
        "x": 0.6633034348487854,
        "y": 0.7192303538322449,
        "z": -0.14434976875782013
    },
    "landmark_26": {
        "x": 0.4683176577091217,
        "y": 0.7127277255058289,
        "z": -0.2296597957611084
    },
    "landmark_27": {
        "x": 0.6319471001625061,
        "y": 0.8365054130554199,
        "z": -0.013973133638501167
    },
    "landmark_28": {
        "x": 0.4503094255924225,
        "y": 0.8358267545700073,
        "z": -0.07731080800294876
    },
    "landmark_29": {
        "x": 0.6050398945808411,
        "y": 0.8497931361198425,
        "z": -0.016620313748717308
    },
    "landmark_30": {
        "x": 0.47008463740348816,
        "y": 0.8562222719192505,
        "z": -0.07773543894290924
    },
    "landmark_31": {
        "x": 0.6819679737091064,
        "y": 0.8843797445297241,
        "z": -0.25020450353622437
    },
    "landmark_32": {
        "x": 0.37027981877326965,
        "y": 0.8641952276229858,
        "z": -0.30970463156700134
    }
}