{
    "landmark_0": {
        "x": 0.5100162625312805,
        "y": 0.40865597128868103,
        "z": -0.37432923913002014
    },
    "landmark_1": {
        "x": 0.5225234031677246,
        "y": 0.4001491963863373,
        "z": -0.3390178084373474
    },
    "landmark_2": {
        "x": 0.5292272567749023,
        "y": 0.40062302350997925,
        "z": -0.3391559422016144
    },
    "landmark_3": {
        "x": 0.5350180268287659,
        "y": 0.4009447991847992,
        "z": -0.339179664850235
    },
    "landmark_4": {
        "x": 0.500954270362854,
        "y": 0.4001843333244324,
        "z": -0.33242207765579224
    },
    "landmark_5": {
        "x": 0.4937821328639984,
        "y": 0.40074118971824646,
        "z": -0.332421213388443
    },
    "landmark_6": {
        "x": 0.48595505952835083,
        "y": 0.40127310156822205,
        "z": -0.33242377638816833
    },
    "landmark_7": {
        "x": 0.5468025207519531,
        "y": 0.4069066643714905,
        "z": -0.13603666424751282
    },
    "landmark_8": {
        "x": 0.4785011410713196,
        "y": 0.40797895193099976,
        "z": -0.10557488352060318
    },
    "landmark_9": {
        "x": 0.5250146985054016,
        "y": 0.42175132036209106,
        "z": -0.29947030544281006
    },
    "landmark_10": {
        "x": 0.5003536343574524,
        "y": 0.4218754172325134,
        "z": -0.2910463809967041
    },
    "landmark_11": {
        "x": 0.6073261499404907,
        "y": 0.460763156414032,
        "z": -0.10412728041410446
    },
    "landmark_12": {
        "x": 0.4417124390602112,
        "y": 0.4729706645011902,
        "z": -0.005823488812893629
    },
    "landmark_13": {
        "x": 0.6607093214988708,
        "y": 0.520341694355011,
        "z": -0.3284107744693756
    },
    "landmark_14": {
        "x": 0.39120572805404663,
        "y": 0.5168004631996155,
        "z": -0.2862829267978668
    },
    "landmark_15": {
        "x": 0.5061629414558411,
        "y": 0.5162670016288757,
        "z": -0.5505193471908569
    },
    "landmark_16": {
        "x": 0.41343599557876587,
        "y": 0.4323548376560211,
        "z": -0.6296741962432861
    },
    "landmark_17": {
        "x": 0.46751436591148376,
        "y": 0.5177110433578491,
        "z": -0.6152405738830566
    },
    "landmark_18": {
        "x": 0.40930506587028503,
        "y": 0.40984901785850525,
        "z": -0.7114917039871216
    },
    "landmark_19": {
        "x": 0.46301358938217163,
        "y": 0.5120779275894165,
        "z": -0.5955718159675598
    },
    "landmark_20": {
        "x": 0.4147924780845642,
        "y": 0.4068959653377533,
        "z": -0.6889939308166504
    },
    "landmark_21": {
        "x": 0.47107723355293274,
        "y": 0.5121504664421082,
        "z": -0.5433335900306702
    },
    "landmark_22": {
        "x": 0.42005178332328796,
        "y": 0.41326576471328735,
        "z": -0.6325226426124573
    },
    "landmark_23": {
        "x": 0.5905212163925171,
        "y": 0.6349619030952454,
        "z": -0.02012011595070362
    },
    "landmark_24": {
        "x": 0.480503112077713,
        "y": 0.6365838050842285,
        "z": 0.020058663561940193
    },
    "landmark_25": {
        "x": 0.6486150026321411,
        "y": 0.7515847682952881,
        "z": -0.10389028489589691
    },
    "landmark_26": {
        "x": 0.4650511145591736,
        "y": 0.7418277263641357,
        "z": 0.08378718793392181
    },
    "landmark_27": {
        "x": 0.6870816349983215,
        "y": 0.8719413876533508,
        "z": 0.01451397780328989
    },
    "landmark_28": {
        "x": 0.5224334001541138,
        "y": 0.8333999514579773,
        "z": 0.4610975384712219
    },
    "landmark_29": {
        "x": 0.6764417886734009,
        "y": 0.9000908136367798,
        "z": 0.011885011568665504
    },
    "landmark_30": {
        "x": 0.5477540493011475,
        "y": 0.8462138175964355,
        "z": 0.48635831475257874
    },
    "landmark_31": {
        "x": 0.780235230922699,
        "y": 0.8767536282539368,
        "z": -0.2221057265996933
    },
    "landmark_32": {
        "x": 0.48161062598228455,
        "y": 0.8668657541275024,
        "z": 0.3129189908504486
    }
}