{
    "landmark_0": {
        "x": 0.5455954670906067,
        "y": 0.3841148614883423,
        "z": -0.2939888536930084
    },
    "landmark_1": {
        "x": 0.5578528046607971,
        "y": 0.3717741072177887,
        "z": -0.259152352809906
    },
    "landmark_2": {
        "x": 0.5656529664993286,
        "y": 0.3720667064189911,
        "z": -0.2591744363307953
    },
    "landmark_3": {
        "x": 0.5704478621482849,
        "y": 0.3725775182247162,
        "z": -0.2592737376689911
    },
    "landmark_4": {
        "x": 0.5333951711654663,
        "y": 0.37198153138160706,
        "z": -0.25307488441467285
    },
    "landmark_5": {
        "x": 0.5264987349510193,
        "y": 0.37210389971733093,
        "z": -0.25298359990119934
    },
    "landmark_6": {
        "x": 0.5187923908233643,
        "y": 0.3726171851158142,
        "z": -0.25297829508781433
    },
    "landmark_7": {
        "x": 0.5831154584884644,
        "y": 0.3791494369506836,
        "z": -0.07558779418468475
    },
    "landmark_8": {
        "x": 0.5133941769599915,
        "y": 0.3800979554653168,
        "z": -0.04649079218506813
    },
    "landmark_9": {
        "x": 0.5602656602859497,
        "y": 0.39838147163391113,
        "z": -0.2272212952375412
    },
    "landmark_10": {
        "x": 0.5345260500907898,
        "y": 0.3984220325946808,
        "z": -0.2195160686969757
    },
    "landmark_11": {
        "x": 0.6381381750106812,
        "y": 0.44524869322776794,
        "z": -0.01201691199094057
    },
    "landmark_12": {
        "x": 0.4709506034851074,
        "y": 0.441536009311676,
        "z": -0.014808119274675846
    },
    "landmark_13": {
        "x": 0.7186143398284912,
        "y": 0.49149632453918457,
        "z": -0.2569684088230133
    },
    "landmark_14": {
        "x": 0.3845088481903076,
        "y": 0.4840230345726013,
        "z": -0.2816012501716614
    },
    "landmark_15": {
        "x": 0.6022340059280396,
        "y": 0.444070428609848,
        "z": -0.42730602622032166
    },
    "landmark_16": {
        "x": 0.46344828605651855,
        "y": 0.4260282516479492,
        "z": -0.4802417457103729
    },
    "landmark_17": {
        "x": 0.5726141929626465,
        "y": 0.4279581606388092,
        "z": -0.4729050099849701
    },
    "landmark_18": {
        "x": 0.48683345317840576,
        "y": 0.40884432196617126,
        "z": -0.537189781665802
    },
    "landmark_19": {
        "x": 0.5668984651565552,
        "y": 0.4260399341583252,
        "z": -0.4197787344455719
    },
    "landmark_20": {
        "x": 0.4913637936115265,
        "y": 0.4066475033760071,
        "z": -0.4914014935493469
    },
    "landmark_21": {
        "x": 0.5739187002182007,
        "y": 0.43324941396713257,
        "z": -0.4087755084037781
    },
    "landmark_22": {
        "x": 0.4884103238582611,
        "y": 0.4129564166069031,
        "z": -0.46908777952194214
    },
    "landmark_23": {
        "x": 0.6029853820800781,
        "y": 0.6115140318870544,
        "z": -0.0038608377799391747
    },
    "landmark_24": {
        "x": 0.4927670657634735,
        "y": 0.6145716309547424,
        "z": 0.0038434264715760946
    },
    "landmark_25": {
        "x": 0.6539642810821533,
        "y": 0.7326910495758057,
        "z": -0.061054572463035583
    },
    "landmark_26": {
        "x": 0.488450288772583,
        "y": 0.7313976883888245,
        "z": 0.03900429233908653
    },
    "landmark_27": {
        "x": 0.6649774312973022,
        "y": 0.8544789552688599,
        "z": 0.07798062264919281
    },
    "landmark_28": {
        "x": 0.5265344381332397,
        "y": 0.8331559896469116,
        "z": 0.3264978229999542
    },
    "landmark_29": {
        "x": 0.6453295350074768,
        "y": 0.8770593404769897,
        "z": 0.07948026061058044
    },
    "landmark_30": {
        "x": 0.553019106388092,
        "y": 0.8477816581726074,
        "z": 0.3451904356479645
    },
    "landmark_31": {
        "x": 0.7563455104827881,
        "y": 0.8730229139328003,
        "z": -0.12462051957845688
    },
    "landmark_32": {
        "x": 0.49683260917663574,
        "y": 0.8690654635429382,
        "z": 0.17588292062282562
    }
}