{
    "landmark_0": {
        "x": 0.5149163007736206,
        "y": 0.3806479275226593,
        "z": -0.44246670603752136
    },
    "landmark_1": {
        "x": 0.526750385761261,
        "y": 0.37040454149246216,
        "z": -0.4070875942707062
    },
    "landmark_2": {
        "x": 0.5342956781387329,
        "y": 0.37046265602111816,
        "z": -0.4072486162185669
    },
    "landmark_3": {
        "x": 0.5410169363021851,
        "y": 0.37054410576820374,
        "z": -0.40735071897506714
    },
    "landmark_4": {
        "x": 0.5054270625114441,
        "y": 0.37118422985076904,
        "z": -0.3948146104812622
    },
    "landmark_5": {
        "x": 0.4979444742202759,
        "y": 0.3719497621059418,
        "z": -0.3947531282901764
    },
    "landmark_6": {
        "x": 0.4913738965988159,
        "y": 0.3725591003894806,
        "z": -0.39469113945961
    },
    "landmark_7": {
        "x": 0.5556167364120483,
        "y": 0.3758895695209503,
        "z": -0.2117621898651123
    },
    "landmark_8": {
        "x": 0.4884597361087799,
        "y": 0.37760525941848755,
        "z": -0.15377667546272278
    },
    "landmark_9": {
        "x": 0.5322039723396301,
        "y": 0.39144861698150635,
        "z": -0.3711705207824707
    },
    "landmark_10": {
        "x": 0.5040767788887024,
        "y": 0.39197129011154175,
        "z": -0.354536235332489
    },
    "landmark_11": {
        "x": 0.6195591688156128,
        "y": 0.42798227071762085,
        "z": -0.21337613463401794
    },
    "landmark_12": {
        "x": 0.4556586742401123,
        "y": 0.43692317605018616,
        "z": -0.0690455436706543
    },
    "landmark_13": {
        "x": 0.6876899600028992,
        "y": 0.4712998867034912,
        "z": -0.5693768858909607
    },
    "landmark_14": {
        "x": 0.380563348531723,
        "y": 0.46217527985572815,
        "z": -0.4352765679359436
    },
    "landmark_15": {
        "x": 0.5502873063087463,
        "y": 0.48427528142929077,
        "z": -0.8410868048667908
    },
    "landmark_16": {
        "x": 0.39075803756713867,
        "y": 0.3837449252605438,
        "z": -0.8739514946937561
    },
    "landmark_17": {
        "x": 0.5073202252388,
        "y": 0.4984780251979828,
        "z": -0.9280242323875427
    },
    "landmark_18": {
        "x": 0.3845708966255188,
        "y": 0.3626421093940735,
        "z": -0.9700652956962585
    },
    "landmark_19": {
        "x": 0.49671727418899536,
        "y": 0.49410486221313477,
        "z": -0.8937946557998657
    },
    "landmark_20": {
        "x": 0.38834652304649353,
        "y": 0.35951223969459534,
        "z": -0.9518647193908691
    },
    "landmark_21": {
        "x": 0.5025288462638855,
        "y": 0.49014005064964294,
        "z": -0.8317638039588928
    },
    "landmark_22": {
        "x": 0.39428818225860596,
        "y": 0.36644279956817627,
        "z": -0.8828811645507812
    },
    "landmark_23": {
        "x": 0.5981614589691162,
        "y": 0.602576494216919,
        "z": -0.023739229887723923
    },
    "landmark_24": {
        "x": 0.48672980070114136,
        "y": 0.605799674987793,
        "z": 0.023686464875936508
    },
    "landmark_25": {
        "x": 0.6224514245986938,
        "y": 0.7170009613037109,
        "z": -0.07051222026348114
    },
    "landmark_26": {
        "x": 0.4807252585887909,
        "y": 0.7185575366020203,
        "z": -0.03907783702015877
    },
    "landmark_27": {
        "x": 0.637805163860321,
        "y": 0.84013432264328,
        "z": 0.12397752702236176
    },
    "landmark_28": {
        "x": 0.5199674367904663,
        "y": 0.8245359659194946,
        "z": 0.21534353494644165
    },
    "landmark_29": {
        "x": 0.6182838678359985,
        "y": 0.8650830388069153,
        "z": 0.12847228348255157
    },
    "landmark_30": {
        "x": 0.5435727834701538,
        "y": 0.8389029502868652,
        "z": 0.22640076279640198
    },
    "landmark_31": {
        "x": 0.7177107334136963,
        "y": 0.860735297203064,
        "z": -0.10137104243040085
    },
    "landmark_32": {
        "x": 0.4881730079650879,
        "y": 0.8640672564506531,
        "z": 0.010389470495283604
    }
}