{
    "landmark_0": {
        "x": 0.4577333629131317,
        "y": 0.39340832829475403,
        "z": -0.4395112693309784
    },
    "landmark_1": {
        "x": 0.472595751285553,
        "y": 0.38221824169158936,
        "z": -0.40263545513153076
    },
    "landmark_2": {
        "x": 0.48005223274230957,
        "y": 0.38239699602127075,
        "z": -0.402727335691452
    },
    "landmark_3": {
        "x": 0.4854852855205536,
        "y": 0.3826952576637268,
        "z": -0.4027957618236542
    },
    "landmark_4": {
        "x": 0.4473201334476471,
        "y": 0.3827102780342102,
        "z": -0.4007374942302704
    },
    "landmark_5": {
        "x": 0.4400743842124939,
        "y": 0.38320937752723694,
        "z": -0.40075820684432983
    },
    "landmark_6": {
        "x": 0.4323716461658478,
        "y": 0.3841427266597748,
        "z": -0.4007350206375122
    },
    "landmark_7": {
        "x": 0.49870428442955017,
        "y": 0.389930784702301,
        "z": -0.19495217502117157
    },
    "landmark_8": {
        "x": 0.42685967683792114,
        "y": 0.39200836420059204,
        "z": -0.18662303686141968
    },
    "landmark_9": {
        "x": 0.4728551506996155,
        "y": 0.40662461519241333,
        "z": -0.362374484539032
    },
    "landmark_10": {
        "x": 0.44496995210647583,
        "y": 0.40709105134010315,
        "z": -0.36011818051338196
    },
    "landmark_11": {
        "x": 0.5567590594291687,
        "y": 0.4535910189151764,
        "z": -0.11970191448926926
    },
    "landmark_12": {
        "x": 0.3716535270214081,
        "y": 0.46158379316329956,
        "z": -0.10730291157960892
    },
    "landmark_13": {
        "x": 0.6383644342422485,
        "y": 0.4937473237514496,
        "z": -0.4111712872982025
    },
    "landmark_14": {
        "x": 0.3091152310371399,
        "y": 0.5285122990608215,
        "z": -0.3703281879425049
    },
    "landmark_15": {
        "x": 0.5075212717056274,
        "y": 0.4774624705314636,
        "z": -0.7620648145675659
    },
    "landmark_16": {
        "x": 0.369402140378952,
        "y": 0.5176246762275696,
        "z": -0.7428203821182251
    },
    "landmark_17": {
        "x": 0.4714721143245697,
        "y": 0.4809415340423584,
        "z": -0.8489327430725098
    },
    "landmark_18": {
        "x": 0.39740100502967834,
        "y": 0.519311249256134,
        "z": -0.8278490900993347
    },
    "landmark_19": {
        "x": 0.45572683215141296,
        "y": 0.4804159998893738,
        "z": -0.8157131671905518
    },
    "landmark_20": {
        "x": 0.4052879214286804,
        "y": 0.5081145763397217,
        "z": -0.8135119676589966
    },
    "landmark_21": {
        "x": 0.4715932309627533,
        "y": 0.47918468713760376,
        "z": -0.7557166814804077
    },
    "landmark_22": {
        "x": 0.40134933590888977,
        "y": 0.5076531171798706,
        "z": -0.745149552822113
    },
    "landmark_23": {
        "x": 0.5329103469848633,
        "y": 0.620315670967102,
        "z": 0.0057258447632193565
    },
    "landmark_24": {
        "x": 0.42298606038093567,
        "y": 0.6255082488059998,
        "z": -0.005825200118124485
    },
    "landmark_25": {
        "x": 0.566474974155426,
        "y": 0.7405467629432678,
        "z": -0.028768038377165794
    },
    "landmark_26": {
        "x": 0.4124701917171478,
        "y": 0.7381556630134583,
        "z": 0.05653524026274681
    },
    "landmark_27": {
        "x": 0.6103824377059937,
        "y": 0.8584431409835815,
        "z": 0.16761139035224915
    },
    "landmark_28": {
        "x": 0.4488147795200348,
        "y": 0.8316102027893066,
        "z": 0.37153035402297974
    },
    "landmark_29": {
        "x": 0.5958998799324036,
        "y": 0.886478066444397,
        "z": 0.17293207347393036
    },
    "landmark_30": {
        "x": 0.47054749727249146,
        "y": 0.8448241949081421,
        "z": 0.38944000005722046
    },
    "landmark_31": {
        "x": 0.6875253319740295,
        "y": 0.8690873980522156,
        "z": -0.04492678493261337
    },
    "landmark_32": {
        "x": 0.4237730801105499,
        "y": 0.8636904954910278,
        "z": 0.18450874090194702
    }
}