{
    "landmark_0": {
        "x": 0.588756263256073,
        "y": 0.4185556471347809,
        "z": -0.34998810291290283
    },
    "landmark_1": {
        "x": 0.6015235185623169,
        "y": 0.4095383584499359,
        "z": -0.3077021539211273
    },
    "landmark_2": {
        "x": 0.608940064907074,
        "y": 0.41042107343673706,
        "z": -0.3076917827129364
    },
    "landmark_3": {
        "x": 0.613777220249176,
        "y": 0.41116398572921753,
        "z": -0.3076850473880768
    },
    "landmark_4": {
        "x": 0.5797260999679565,
        "y": 0.40807032585144043,
        "z": -0.3092964291572571
    },
    "landmark_5": {
        "x": 0.5732848048210144,
        "y": 0.40786391496658325,
        "z": -0.3093103766441345
    },
    "landmark_6": {
        "x": 0.5660427212715149,
        "y": 0.4079025685787201,
        "z": -0.30935949087142944
    },
    "landmark_7": {
        "x": 0.6223101019859314,
        "y": 0.41845980286598206,
        "z": -0.0748705044388771
    },
    "landmark_8": {
        "x": 0.5570311546325684,
        "y": 0.4151609539985657,
        "z": -0.08269169926643372
    },
    "landmark_9": {
        "x": 0.6012487411499023,
        "y": 0.4329683780670166,
        "z": -0.26306623220443726
    },
    "landmark_10": {
        "x": 0.5748389363288879,
        "y": 0.4309772849082947,
        "z": -0.26575011014938354
    },
    "landmark_11": {
        "x": 0.6642309427261353,
        "y": 0.48663264513015747,
        "z": 0.03881005570292473
    },
    "landmark_12": {
        "x": 0.4951556622982025,
        "y": 0.47517386078834534,
        "z": -0.03360023349523544
    },
    "landmark_13": {
        "x": 0.7346286177635193,
        "y": 0.5267961025238037,
        "z": -0.22688838839530945
    },
    "landmark_14": {
        "x": 0.43664491176605225,
        "y": 0.5410019755363464,
        "z": -0.2806669771671295
    },
    "landmark_15": {
        "x": 0.7220293879508972,
        "y": 0.4472891390323639,
        "z": -0.5657644271850586
    },
    "landmark_16": {
        "x": 0.5697939991950989,
        "y": 0.541434645652771,
        "z": -0.5549118518829346
    },
    "landmark_17": {
        "x": 0.7157103419303894,
        "y": 0.4261341094970703,
        "z": -0.6456925272941589
    },
    "landmark_18": {
        "x": 0.6081845760345459,
        "y": 0.5460693836212158,
        "z": -0.6234102249145508
    },
    "landmark_19": {
        "x": 0.7098623514175415,
        "y": 0.42327556014060974,
        "z": -0.6203489303588867
    },
    "landmark_20": {
        "x": 0.620240330696106,
        "y": 0.5408745408058167,
        "z": -0.5972223281860352
    },
    "landmark_21": {
        "x": 0.7071841359138489,
        "y": 0.43096011877059937,
        "z": -0.5665128827095032
    },
    "landmark_22": {
        "x": 0.6097720861434937,
        "y": 0.5398048162460327,
        "z": -0.546827495098114
    },
    "landmark_23": {
        "x": 0.6091309785842896,
        "y": 0.6522053480148315,
        "z": 0.005673463921993971
    },
    "landmark_24": {
        "x": 0.5006849765777588,
        "y": 0.6471185088157654,
        "z": -0.00540148327127099
    },
    "landmark_25": {
        "x": 0.6348925828933716,
        "y": 0.7481265068054199,
        "z": -0.22047455608844757
    },
    "landmark_26": {
        "x": 0.4182853400707245,
        "y": 0.7541011571884155,
        "z": -0.19833621382713318
    },
    "landmark_27": {
        "x": 0.5784707069396973,
        "y": 0.8377450704574585,
        "z": 0.11293883621692657
    },
    "landmark_28": {
        "x": 0.3300434350967407,
        "y": 0.8630149960517883,
        "z": 0.001521577825769782
    },
    "landmark_29": {
        "x": 0.54991215467453,
        "y": 0.8517001271247864,
        "z": 0.13423560559749603
    },
    "landmark_30": {
        "x": 0.328743040561676,
        "y": 0.8902902603149414,
        "z": 0.006678437348455191
    },
    "landmark_31": {
        "x": 0.6199836134910583,
        "y": 0.8741337060928345,
        "z": -0.07483498007059097
    },
    "landmark_32": {
        "x": 0.23949405550956726,
        "y": 0.8540424108505249,
        "z": -0.2368830293416977
    }
}