{
    "landmark_0": {
        "x": 0.45896583795547485,
        "y": 0.40236178040504456,
        "z": -0.45751604437828064
    },
    "landmark_1": {
        "x": 0.4714948534965515,
        "y": 0.39166444540023804,
        "z": -0.41545748710632324
    },
    "landmark_2": {
        "x": 0.4766986072063446,
        "y": 0.3921956717967987,
        "z": -0.41553986072540283
    },
    "landmark_3": {
        "x": 0.4821317493915558,
        "y": 0.3928181231021881,
        "z": -0.4155789613723755
    },
    "landmark_4": {
        "x": 0.4483228325843811,
        "y": 0.39093726873397827,
        "z": -0.41916710138320923
    },
    "landmark_5": {
        "x": 0.43960046768188477,
        "y": 0.3910480737686157,
        "z": -0.4191620349884033
    },
    "landmark_6": {
        "x": 0.4331388771533966,
        "y": 0.3913270831108093,
        "z": -0.41916167736053467
    },
    "landmark_7": {
        "x": 0.49379757046699524,
        "y": 0.40017375349998474,
        "z": -0.19390998780727386
    },
    "landmark_8": {
        "x": 0.4245632588863373,
        "y": 0.40007132291793823,
        "z": -0.20970985293388367
    },
    "landmark_9": {
        "x": 0.4700022339820862,
        "y": 0.41542965173721313,
        "z": -0.3763899803161621
    },
    "landmark_10": {
        "x": 0.4451879858970642,
        "y": 0.4145095944404602,
        "z": -0.38095611333847046
    },
    "landmark_11": {
        "x": 0.5415951609611511,
        "y": 0.4644790291786194,
        "z": -0.12030470371246338
    },
    "landmark_12": {
        "x": 0.36891666054725647,
        "y": 0.47051969170570374,
        "z": -0.157343327999115
    },
    "landmark_13": {
        "x": 0.618369996547699,
        "y": 0.48872843384742737,
        "z": -0.47585877776145935
    },
    "landmark_14": {
        "x": 0.3179979622364044,
        "y": 0.5413787364959717,
        "z": -0.46052086353302
    },
    "landmark_15": {
        "x": 0.5057678818702698,
        "y": 0.4505156874656677,
        "z": -0.8441953659057617
    },
    "landmark_16": {
        "x": 0.3984866142272949,
        "y": 0.5260272026062012,
        "z": -0.7910090684890747
    },
    "landmark_17": {
        "x": 0.47765710949897766,
        "y": 0.4403817653656006,
        "z": -0.9357408881187439
    },
    "landmark_18": {
        "x": 0.4269390106201172,
        "y": 0.5305482149124146,
        "z": -0.8714880347251892
    },
    "landmark_19": {
        "x": 0.47021591663360596,
        "y": 0.44011181592941284,
        "z": -0.887519896030426
    },
    "landmark_20": {
        "x": 0.4379841983318329,
        "y": 0.5189182758331299,
        "z": -0.8497092127799988
    },
    "landmark_21": {
        "x": 0.47864264249801636,
        "y": 0.44482702016830444,
        "z": -0.8346340656280518
    },
    "landmark_22": {
        "x": 0.430043488740921,
        "y": 0.5172117352485657,
        "z": -0.7879965901374817
    },
    "landmark_23": {
        "x": 0.5224441289901733,
        "y": 0.6285470128059387,
        "z": 0.002734155161306262
    },
    "landmark_24": {
        "x": 0.4148992896080017,
        "y": 0.6320810317993164,
        "z": -0.0029120510444045067
    },
    "landmark_25": {
        "x": 0.5670585632324219,
        "y": 0.7466272115707397,
        "z": -0.12102901935577393
    },
    "landmark_26": {
        "x": 0.4055231809616089,
        "y": 0.743959367275238,
        "z": 0.15068872272968292
    },
    "landmark_27": {
        "x": 0.6200148463249207,
        "y": 0.8627154231071472,
        "z": 0.0024660287890583277
    },
    "landmark_28": {
        "x": 0.45157626271247864,
        "y": 0.8330844640731812,
        "z": 0.5473745465278625
    },
    "landmark_29": {
        "x": 0.6087899208068848,
        "y": 0.8928144574165344,
        "z": -5.829604924656451e-05
    },
    "landmark_30": {
        "x": 0.4743465781211853,
        "y": 0.8460930585861206,
        "z": 0.5751651525497437
    },
    "landmark_31": {
        "x": 0.7064313888549805,
        "y": 0.867485523223877,
        "z": -0.2318151742219925
    },
    "landmark_32": {
        "x": 0.4219363033771515,
        "y": 0.8623560070991516,
        "z": 0.3842528760433197
    }
}