{
    "landmark_0": {
        "x": 0.512610137462616,
        "y": 0.3778023421764374,
        "z": -0.41675224900245667
    },
    "landmark_1": {
        "x": 0.5255318880081177,
        "y": 0.3681337833404541,
        "z": -0.3772314190864563
    },
    "landmark_2": {
        "x": 0.5335320830345154,
        "y": 0.3683086633682251,
        "z": -0.37736618518829346
    },
    "landmark_3": {
        "x": 0.5406262278556824,
        "y": 0.3685453534126282,
        "z": -0.37745779752731323
    },
    "landmark_4": {
        "x": 0.5041563510894775,
        "y": 0.3688070476055145,
        "z": -0.3663026690483093
    },
    "landmark_5": {
        "x": 0.49698740243911743,
        "y": 0.36956435441970825,
        "z": -0.36627545952796936
    },
    "landmark_6": {
        "x": 0.4904294013977051,
        "y": 0.3702599108219147,
        "z": -0.3662165701389313
    },
    "landmark_7": {
        "x": 0.5567589998245239,
        "y": 0.3752533793449402,
        "z": -0.17873245477676392
    },
    "landmark_8": {
        "x": 0.48920658230781555,
        "y": 0.376296728849411,
        "z": -0.126751109957695
    },
    "landmark_9": {
        "x": 0.5304765105247498,
        "y": 0.3894432485103607,
        "z": -0.3468964099884033
    },
    "landmark_10": {
        "x": 0.5013198256492615,
        "y": 0.3897738456726074,
        "z": -0.33204731345176697
    },
    "landmark_11": {
        "x": 0.6207882761955261,
        "y": 0.4275355339050293,
        "z": -0.187644362449646
    },
    "landmark_12": {
        "x": 0.45104435086250305,
        "y": 0.43910759687423706,
        "z": -0.05214381590485573
    },
    "landmark_13": {
        "x": 0.6938801407814026,
        "y": 0.46699386835098267,
        "z": -0.5286465287208557
    },
    "landmark_14": {
        "x": 0.3664809763431549,
        "y": 0.4409206509590149,
        "z": -0.4002782106399536
    },
    "landmark_15": {
        "x": 0.5599864721298218,
        "y": 0.4834124445915222,
        "z": -0.7892012596130371
    },
    "landmark_16": {
        "x": 0.366336852312088,
        "y": 0.3607235252857208,
        "z": -0.7764081954956055
    },
    "landmark_17": {
        "x": 0.519688069820404,
        "y": 0.4980078637599945,
        "z": -0.8743109107017517
    },
    "landmark_18": {
        "x": 0.3616391122341156,
        "y": 0.33956584334373474,
        "z": -0.8722301125526428
    },
    "landmark_19": {
        "x": 0.5043042302131653,
        "y": 0.49336308240890503,
        "z": -0.8425963521003723
    },
    "landmark_20": {
        "x": 0.36858299374580383,
        "y": 0.33620649576187134,
        "z": -0.8461594581604004
    },
    "landmark_21": {
        "x": 0.5112808346748352,
        "y": 0.48968225717544556,
        "z": -0.7809319496154785
    },
    "landmark_22": {
        "x": 0.3751157224178314,
        "y": 0.3445119261741638,
        "z": -0.7832691669464111
    },
    "landmark_23": {
        "x": 0.6070411801338196,
        "y": 0.6052534580230713,
        "z": -0.017938759177923203
    },
    "landmark_24": {
        "x": 0.49501410126686096,
        "y": 0.6089271903038025,
        "z": 0.017834946513175964
    },
    "landmark_25": {
        "x": 0.6451135873794556,
        "y": 0.725034773349762,
        "z": -0.05377570912241936
    },
    "landmark_26": {
        "x": 0.4828392565250397,
        "y": 0.7189415693283081,
        "z": -0.10091427713632584
    },
    "landmark_27": {
        "x": 0.6651473641395569,
        "y": 0.8448397517204285,
        "z": 0.15060992538928986
    },
    "landmark_28": {
        "x": 0.5293784737586975,
        "y": 0.8257993459701538,
        "z": 0.18058441579341888
    },
    "landmark_29": {
        "x": 0.648317277431488,
        "y": 0.8699922561645508,
        "z": 0.15610964596271515
    },
    "landmark_30": {
        "x": 0.5562973618507385,
        "y": 0.838027834892273,
        "z": 0.195155531167984
    },
    "landmark_31": {
        "x": 0.7519865036010742,
        "y": 0.8562437891960144,
        "z": -0.07718789577484131
    },
    "landmark_32": {
        "x": 0.49779728055000305,
        "y": 0.8655217885971069,
        "z": -0.018804626539349556
    }
}