{
    "landmark_0": {
        "x": 0.6200895309448242,
        "y": 0.4254198670387268,
        "z": -0.405046284198761
    },
    "landmark_1": {
        "x": 0.6337973475456238,
        "y": 0.4158976972103119,
        "z": -0.36184147000312805
    },
    "landmark_2": {
        "x": 0.640033483505249,
        "y": 0.4166422486305237,
        "z": -0.36185869574546814
    },
    "landmark_3": {
        "x": 0.6448014974594116,
        "y": 0.41743022203445435,
        "z": -0.3618365526199341
    },
    "landmark_4": {
        "x": 0.6108128428459167,
        "y": 0.4142037332057953,
        "z": -0.3670136630535126
    },
    "landmark_5": {
        "x": 0.6035053730010986,
        "y": 0.4140487611293793,
        "z": -0.3670215904712677
    },
    "landmark_6": {
        "x": 0.5965519547462463,
        "y": 0.4141772389411926,
        "z": -0.3670766055583954
    },
    "landmark_7": {
        "x": 0.6526327133178711,
        "y": 0.42489200830459595,
        "z": -0.12030061334371567
    },
    "landmark_8": {
        "x": 0.5856214165687561,
        "y": 0.4225613474845886,
        "z": -0.14692848920822144
    },
    "landmark_9": {
        "x": 0.6312183141708374,
        "y": 0.4396580755710602,
        "z": -0.3152458965778351
    },
    "landmark_10": {
        "x": 0.604830265045166,
        "y": 0.43819427490234375,
        "z": -0.32313215732574463
    },
    "landmark_11": {
        "x": 0.6899918913841248,
        "y": 0.49539828300476074,
        "z": 0.016988594084978104
    },
    "landmark_12": {
        "x": 0.518629789352417,
        "y": 0.48500877618789673,
        "z": -0.08398637175559998
    },
    "landmark_13": {
        "x": 0.7255579829216003,
        "y": 0.5513898730278015,
        "z": -0.2364458441734314
    },
    "landmark_14": {
        "x": 0.4586816430091858,
        "y": 0.5536679625511169,
        "z": -0.3004692494869232
    },
    "landmark_15": {
        "x": 0.7375227808952332,
        "y": 0.47374969720840454,
        "z": -0.6250115036964417
    },
    "landmark_16": {
        "x": 0.6013744473457336,
        "y": 0.5597491264343262,
        "z": -0.5661961436271667
    },
    "landmark_17": {
        "x": 0.7408531904220581,
        "y": 0.4532703757286072,
        "z": -0.7109326124191284
    },
    "landmark_18": {
        "x": 0.6359460353851318,
        "y": 0.5667493343353271,
        "z": -0.6356631517410278
    },
    "landmark_19": {
        "x": 0.7389329075813293,
        "y": 0.4474695324897766,
        "z": -0.69232577085495
    },
    "landmark_20": {
        "x": 0.6491386890411377,
        "y": 0.5588666200637817,
        "z": -0.6134995222091675
    },
    "landmark_21": {
        "x": 0.7332919836044312,
        "y": 0.45462554693222046,
        "z": -0.629727840423584
    },
    "landmark_22": {
        "x": 0.6388934254646301,
        "y": 0.5558723211288452,
        "z": -0.5584080219268799
    },
    "landmark_23": {
        "x": 0.6309980750083923,
        "y": 0.6569240689277649,
        "z": 0.01623028703033924
    },
    "landmark_24": {
        "x": 0.5237630605697632,
        "y": 0.6510505676269531,
        "z": -0.015938062220811844
    },
    "landmark_25": {
        "x": 0.6465084552764893,
        "y": 0.7541502714157104,
        "z": -0.031429894268512726
    },
    "landmark_26": {
        "x": 0.4445883333683014,
        "y": 0.755113959312439,
        "z": -0.26277872920036316
    },
    "landmark_27": {
        "x": 0.5904603600502014,
        "y": 0.8438795804977417,
        "z": 0.3047352433204651
    },
    "landmark_28": {
        "x": 0.35083484649658203,
        "y": 0.8669307827949524,
        "z": -0.09917990118265152
    },
    "landmark_29": {
        "x": 0.5618104338645935,
        "y": 0.8578816652297974,
        "z": 0.3248957395553589
    },
    "landmark_30": {
        "x": 0.35005849599838257,
        "y": 0.8961735963821411,
        "z": -0.09663847833871841
    },
    "landmark_31": {
        "x": 0.6359634399414062,
        "y": 0.881332278251648,
        "z": 0.12140929698944092
    },
    "landmark_32": {
        "x": 0.254973441362381,
        "y": 0.8598745465278625,
        "z": -0.3564019203186035
    }
}