{
    "landmark_0": {
        "x": 0.5691831111907959,
        "y": 0.3953941762447357,
        "z": -0.5507596731185913
    },
    "landmark_1": {
        "x": 0.5865296125411987,
        "y": 0.38436973094940186,
        "z": -0.5243293046951294
    },
    "landmark_2": {
        "x": 0.5954965949058533,
        "y": 0.3849698305130005,
        "z": -0.5243812799453735
    },
    "landmark_3": {
        "x": 0.6026365160942078,
        "y": 0.38574087619781494,
        "z": -0.524385929107666
    },
    "landmark_4": {
        "x": 0.562518835067749,
        "y": 0.382307767868042,
        "z": -0.5208234190940857
    },
    "landmark_5": {
        "x": 0.5553045868873596,
        "y": 0.381491482257843,
        "z": -0.5207952857017517
    },
    "landmark_6": {
        "x": 0.5485629439353943,
        "y": 0.38093963265419006,
        "z": -0.52080237865448
    },
    "landmark_7": {
        "x": 0.6151238083839417,
        "y": 0.3899303376674652,
        "z": -0.3233438730239868
    },
    "landmark_8": {
        "x": 0.5447224974632263,
        "y": 0.3842422664165497,
        "z": -0.3131648302078247
    },
    "landmark_9": {
        "x": 0.582903265953064,
        "y": 0.4096766412258148,
        "z": -0.472506046295166
    },
    "landmark_10": {
        "x": 0.5554021596908569,
        "y": 0.40746575593948364,
        "z": -0.46952545642852783
    },
    "landmark_11": {
        "x": 0.666097104549408,
        "y": 0.46893200278282166,
        "z": -0.18919385969638824
    },
    "landmark_12": {
        "x": 0.4699868857860565,
        "y": 0.4483572840690613,
        "z": -0.1498488187789917
    },
    "landmark_13": {
        "x": 0.7077166438102722,
        "y": 0.5497961044311523,
        "z": -0.08626607060432434
    },
    "landmark_14": {
        "x": 0.42600005865097046,
        "y": 0.5211882591247559,
        "z": -0.05978004261851311
    },
    "landmark_15": {
        "x": 0.7152619361877441,
        "y": 0.6254950165748596,
        "z": -0.2760745882987976
    },
    "landmark_16": {
        "x": 0.41313469409942627,
        "y": 0.5888640284538269,
        "z": -0.2575080990791321
    },
    "landmark_17": {
        "x": 0.7195139527320862,
        "y": 0.6529385447502136,
        "z": -0.33521947264671326
    },
    "landmark_18": {
        "x": 0.41084256768226624,
        "y": 0.6098909378051758,
        "z": -0.3142361640930176
    },
    "landmark_19": {
        "x": 0.7062442898750305,
        "y": 0.6515905261039734,
        "z": -0.40535035729408264
    },
    "landmark_20": {
        "x": 0.4241296947002411,
        "y": 0.6100492477416992,
        "z": -0.38143396377563477
    },
    "landmark_21": {
        "x": 0.6992657780647278,
        "y": 0.6436256766319275,
        "z": -0.305589497089386
    },
    "landmark_22": {
        "x": 0.42716294527053833,
        "y": 0.6039190292358398,
        "z": -0.28977712988853455
    },
    "landmark_23": {
        "x": 0.5918434858322144,
        "y": 0.6303606629371643,
        "z": -0.0006373088690452278
    },
    "landmark_24": {
        "x": 0.4836026430130005,
        "y": 0.6223427057266235,
        "z": 0.0006226361147128046
    },
    "landmark_25": {
        "x": 0.567456841468811,
        "y": 0.7523465752601624,
        "z": 0.03623747453093529
    },
    "landmark_26": {
        "x": 0.4741533398628235,
        "y": 0.7477895617485046,
        "z": 0.02433386631309986
    },
    "landmark_27": {
        "x": 0.5503440499305725,
        "y": 0.8441783785820007,
        "z": 0.4274768829345703
    },
    "landmark_28": {
        "x": 0.45780420303344727,
        "y": 0.8535221219062805,
        "z": 0.36211830377578735
    },
    "landmark_29": {
        "x": 0.5440024137496948,
        "y": 0.8526398539543152,
        "z": 0.4529600739479065
    },
    "landmark_30": {
        "x": 0.4644586443901062,
        "y": 0.8602819442749023,
        "z": 0.3829212188720703
    },
    "landmark_31": {
        "x": 0.5481703877449036,
        "y": 0.8822413682937622,
        "z": 0.2215462625026703
    },
    "landmark_32": {
        "x": 0.45400339365005493,
        "y": 0.8997532725334167,
        "z": 0.13470661640167236
    }
}