{
    "landmark_0": {
        "x": 0.5122448205947876,
        "y": 0.4001350402832031,
        "z": -0.4253770709037781
    },
    "landmark_1": {
        "x": 0.5260173082351685,
        "y": 0.3897262513637543,
        "z": -0.3895953595638275
    },
    "landmark_2": {
        "x": 0.5329326391220093,
        "y": 0.38999488949775696,
        "z": -0.38974106311798096
    },
    "landmark_3": {
        "x": 0.5390473008155823,
        "y": 0.39052245020866394,
        "z": -0.3898361623287201
    },
    "landmark_4": {
        "x": 0.5017179250717163,
        "y": 0.3902117908000946,
        "z": -0.38022640347480774
    },
    "landmark_5": {
        "x": 0.4935573935508728,
        "y": 0.3906998932361603,
        "z": -0.380205363035202
    },
    "landmark_6": {
        "x": 0.4856346547603607,
        "y": 0.3914773464202881,
        "z": -0.3801514804363251
    },
    "landmark_7": {
        "x": 0.552428126335144,
        "y": 0.39756646752357483,
        "z": -0.1959313452243805
    },
    "landmark_8": {
        "x": 0.4806306064128876,
        "y": 0.39856207370758057,
        "z": -0.1514667272567749
    },
    "landmark_9": {
        "x": 0.5278829336166382,
        "y": 0.4127988815307617,
        "z": -0.3546766936779022
    },
    "landmark_10": {
        "x": 0.49787864089012146,
        "y": 0.41305655241012573,
        "z": -0.3420981168746948
    },
    "landmark_11": {
        "x": 0.6124716401100159,
        "y": 0.45035457611083984,
        "z": -0.1956879049539566
    },
    "landmark_12": {
        "x": 0.4451819956302643,
        "y": 0.46426501870155334,
        "z": -0.0530628003180027
    },
    "landmark_13": {
        "x": 0.6778063774108887,
        "y": 0.5033359527587891,
        "z": -0.4929483234882355
    },
    "landmark_14": {
        "x": 0.36756783723831177,
        "y": 0.4727349281311035,
        "z": -0.3826318383216858
    },
    "landmark_15": {
        "x": 0.5369672775268555,
        "y": 0.50991290807724,
        "z": -0.7446826696395874
    },
    "landmark_16": {
        "x": 0.38603419065475464,
        "y": 0.39563825726509094,
        "z": -0.7753840684890747
    },
    "landmark_17": {
        "x": 0.49189168214797974,
        "y": 0.5183760523796082,
        "z": -0.8277244567871094
    },
    "landmark_18": {
        "x": 0.3853451609611511,
        "y": 0.3750479519367218,
        "z": -0.8668200969696045
    },
    "landmark_19": {
        "x": 0.4804023206233978,
        "y": 0.5126218199729919,
        "z": -0.8024263978004456
    },
    "landmark_20": {
        "x": 0.3916139006614685,
        "y": 0.37253859639167786,
        "z": -0.8461103439331055
    },
    "landmark_21": {
        "x": 0.4896947741508484,
        "y": 0.5102424025535583,
        "z": -0.7378206253051758
    },
    "landmark_22": {
        "x": 0.397561252117157,
        "y": 0.38090500235557556,
        "z": -0.7826794385910034
    },
    "landmark_23": {
        "x": 0.6014901995658875,
        "y": 0.6263205409049988,
        "z": -0.02797592803835869
    },
    "landmark_24": {
        "x": 0.4886138141155243,
        "y": 0.6298050880432129,
        "z": 0.02798994444310665
    },
    "landmark_25": {
        "x": 0.6568889021873474,
        "y": 0.7413066625595093,
        "z": -0.10825761407613754
    },
    "landmark_26": {
        "x": 0.4835685193538666,
        "y": 0.7403315305709839,
        "z": -0.01140487752854824
    },
    "landmark_27": {
        "x": 0.6934105753898621,
        "y": 0.8631742596626282,
        "z": 0.03407866507768631
    },
    "landmark_28": {
        "x": 0.5376147627830505,
        "y": 0.8338896036148071,
        "z": 0.2714352309703827
    },
    "landmark_29": {
        "x": 0.6835979223251343,
        "y": 0.8928295969963074,
        "z": 0.032402582466602325
    },
    "landmark_30": {
        "x": 0.5660781860351562,
        "y": 0.8485733270645142,
        "z": 0.2850586771965027
    },
    "landmark_31": {
        "x": 0.7787356972694397,
        "y": 0.8641023635864258,
        "z": -0.1914978176355362
    },
    "landmark_32": {
        "x": 0.49544352293014526,
        "y": 0.8663420677185059,
        "z": 0.09720401465892792
    }
}