{
    "landmark_0": {
        "x": 0.5337955951690674,
        "y": 0.3930880129337311,
        "z": -0.5044015645980835
    },
    "landmark_1": {
        "x": 0.5483044385910034,
        "y": 0.3804793655872345,
        "z": -0.47489801049232483
    },
    "landmark_2": {
        "x": 0.5568258762359619,
        "y": 0.38044658303260803,
        "z": -0.47494950890541077
    },
    "landmark_3": {
        "x": 0.5624664425849915,
        "y": 0.3807065188884735,
        "z": -0.47494375705718994
    },
    "landmark_4": {
        "x": 0.5241234302520752,
        "y": 0.38083335757255554,
        "z": -0.46898791193962097
    },
    "landmark_5": {
        "x": 0.5166997909545898,
        "y": 0.38076692819595337,
        "z": -0.46898654103279114
    },
    "landmark_6": {
        "x": 0.5099413990974426,
        "y": 0.381082147359848,
        "z": -0.46892496943473816
    },
    "landmark_7": {
        "x": 0.5734996199607849,
        "y": 0.38515394926071167,
        "z": -0.26792678236961365
    },
    "landmark_8": {
        "x": 0.5051426887512207,
        "y": 0.3858749568462372,
        "z": -0.24362000823020935
    },
    "landmark_9": {
        "x": 0.5506555438041687,
        "y": 0.40511393547058105,
        "z": -0.4244239926338196
    },
    "landmark_10": {
        "x": 0.5204499363899231,
        "y": 0.40596193075180054,
        "z": -0.4177098274230957
    },
    "landmark_11": {
        "x": 0.6411522030830383,
        "y": 0.4565485119819641,
        "z": -0.14478164911270142
    },
    "landmark_12": {
        "x": 0.4431527554988861,
        "y": 0.4538227915763855,
        "z": -0.07551705837249756
    },
    "landmark_13": {
        "x": 0.7034705281257629,
        "y": 0.5280674695968628,
        "z": -0.07369320094585419
    },
    "landmark_14": {
        "x": 0.3846360445022583,
        "y": 0.5228534936904907,
        "z": -0.21897651255130768
    },
    "landmark_15": {
        "x": 0.6803176403045654,
        "y": 0.5916429758071899,
        "z": -0.2559221684932709
    },
    "landmark_16": {
        "x": 0.39744988083839417,
        "y": 0.5215725898742676,
        "z": -0.7054845690727234
    },
    "landmark_17": {
        "x": 0.6814753413200378,
        "y": 0.617824912071228,
        "z": -0.3137790560722351
    },
    "landmark_18": {
        "x": 0.3972347378730774,
        "y": 0.5302926898002625,
        "z": -0.8005197048187256
    },
    "landmark_19": {
        "x": 0.6606759428977966,
        "y": 0.6145037412643433,
        "z": -0.3693564236164093
    },
    "landmark_20": {
        "x": 0.411480575799942,
        "y": 0.5208362936973572,
        "z": -0.8263517022132874
    },
    "landmark_21": {
        "x": 0.6546285152435303,
        "y": 0.6064315438270569,
        "z": -0.2761843502521515
    },
    "landmark_22": {
        "x": 0.4162529706954956,
        "y": 0.5179509520530701,
        "z": -0.726478636264801
    },
    "landmark_23": {
        "x": 0.591921865940094,
        "y": 0.6228306293487549,
        "z": -0.018351800739765167
    },
    "landmark_24": {
        "x": 0.4789262115955353,
        "y": 0.6196920275688171,
        "z": 0.018235312774777412
    },
    "landmark_25": {
        "x": 0.5729482173919678,
        "y": 0.74373859167099,
        "z": -0.019666580483317375
    },
    "landmark_26": {
        "x": 0.46356844902038574,
        "y": 0.7384951710700989,
        "z": 0.04512982442975044
    },
    "landmark_27": {
        "x": 0.5490431785583496,
        "y": 0.836746871471405,
        "z": 0.4296182096004486
    },
    "landmark_28": {
        "x": 0.44871848821640015,
        "y": 0.8335182070732117,
        "z": 0.43251508474349976
    },
    "landmark_29": {
        "x": 0.5372782349586487,
        "y": 0.8471851348876953,
        "z": 0.45779892802238464
    },
    "landmark_30": {
        "x": 0.46089592576026917,
        "y": 0.8456352353096008,
        "z": 0.45811524987220764
    },
    "landmark_31": {
        "x": 0.5521712303161621,
        "y": 0.8753665089607239,
        "z": 0.21848709881305695
    },
    "landmark_32": {
        "x": 0.4276304543018341,
        "y": 0.865979015827179,
        "z": 0.22542911767959595
    }
}