{
    "landmark_0": {
        "x": 0.46573591232299805,
        "y": 0.37765178084373474,
        "z": -0.6353758573532104
    },
    "landmark_1": {
        "x": 0.4847332537174225,
        "y": 0.36040911078453064,
        "z": -0.6177507638931274
    },
    "landmark_2": {
        "x": 0.49700528383255005,
        "y": 0.35979244112968445,
        "z": -0.6178985238075256
    },
    "landmark_3": {
        "x": 0.5084168910980225,
        "y": 0.3596540093421936,
        "z": -0.6180685758590698
    },
    "landmark_4": {
        "x": 0.4612933397293091,
        "y": 0.3619031310081482,
        "z": -0.5978333353996277
    },
    "landmark_5": {
        "x": 0.45495742559432983,
        "y": 0.362069696187973,
        "z": -0.5978206396102905
    },
    "landmark_6": {
        "x": 0.4480007290840149,
        "y": 0.3622375428676605,
        "z": -0.597933828830719
    },
    "landmark_7": {
        "x": 0.5337972640991211,
        "y": 0.36595603823661804,
        "z": -0.438433974981308
    },
    "landmark_8": {
        "x": 0.45622965693473816,
        "y": 0.36669471859931946,
        "z": -0.3420906662940979
    },
    "landmark_9": {
        "x": 0.491874098777771,
        "y": 0.3937602937221527,
        "z": -0.5613468885421753
    },
    "landmark_10": {
        "x": 0.4601037800312042,
        "y": 0.3931700885295868,
        "z": -0.5341348648071289
    },
    "landmark_11": {
        "x": 0.6288775205612183,
        "y": 0.4605906009674072,
        "z": -0.33319076895713806
    },
    "landmark_12": {
        "x": 0.37581944465637207,
        "y": 0.4496479034423828,
        "z": -0.15051452815532684
    },
    "landmark_13": {
        "x": 0.669317364692688,
        "y": 0.5618076324462891,
        "z": -0.24605536460876465
    },
    "landmark_14": {
        "x": 0.3155103325843811,
        "y": 0.5473724007606506,
        "z": -0.018490105867385864
    },
    "landmark_15": {
        "x": 0.6763190627098083,
        "y": 0.6594944000244141,
        "z": -0.40462079644203186
    },
    "landmark_16": {
        "x": 0.28991180658340454,
        "y": 0.6423450112342834,
        "z": -0.19994941353797913
    },
    "landmark_17": {
        "x": 0.6827828884124756,
        "y": 0.6898391842842102,
        "z": -0.46841543912887573
    },
    "landmark_18": {
        "x": 0.2768701910972595,
        "y": 0.6760529279708862,
        "z": -0.2539062798023224
    },
    "landmark_19": {
        "x": 0.6692524552345276,
        "y": 0.6877350211143494,
        "z": -0.5349469184875488
    },
    "landmark_20": {
        "x": 0.2911180853843689,
        "y": 0.6750215291976929,
        "z": -0.3347610533237457
    },
    "landmark_21": {
        "x": 0.6621516942977905,
        "y": 0.6801630854606628,
        "z": -0.4305163025856018
    },
    "landmark_22": {
        "x": 0.3005506992340088,
        "y": 0.6651248335838318,
        "z": -0.2387414127588272
    },
    "landmark_23": {
        "x": 0.54779052734375,
        "y": 0.6610541343688965,
        "z": -0.06356900930404663
    },
    "landmark_24": {
        "x": 0.4149603545665741,
        "y": 0.6606588959693909,
        "z": 0.06329945474863052
    },
    "landmark_25": {
        "x": 0.5486801862716675,
        "y": 0.8032246828079224,
        "z": -0.02701718546450138
    },
    "landmark_26": {
        "x": 0.44509804248809814,
        "y": 0.8051139712333679,
        "z": 0.18343868851661682
    },
    "landmark_27": {
        "x": 0.5975463390350342,
        "y": 0.8966711759567261,
        "z": 0.6080981492996216
    },
    "landmark_28": {
        "x": 0.4950648546218872,
        "y": 0.9154301881790161,
        "z": 0.7050597667694092
    },
    "landmark_29": {
        "x": 0.6123480200767517,
        "y": 0.9059934616088867,
        "z": 0.6588828563690186
    },
    "landmark_30": {
        "x": 0.521986186504364,
        "y": 0.9250277280807495,
        "z": 0.7482535243034363
    },
    "landmark_31": {
        "x": 0.565207302570343,
        "y": 0.946890652179718,
        "z": 0.4346924126148224
    },
    "landmark_32": {
        "x": 0.4725397825241089,
        "y": 0.966793417930603,
        "z": 0.5316184759140015
    }
}