{
    "landmark_0": {
        "x": 0.5226882696151733,
        "y": 0.39044126868247986,
        "z": -0.39585456252098083
    },
    "landmark_1": {
        "x": 0.5360055565834045,
        "y": 0.3817843496799469,
        "z": -0.35434526205062866
    },
    "landmark_2": {
        "x": 0.5434700846672058,
        "y": 0.38274797797203064,
        "z": -0.3543885350227356
    },
    "landmark_3": {
        "x": 0.5485889911651611,
        "y": 0.3836267292499542,
        "z": -0.3544100522994995
    },
    "landmark_4": {
        "x": 0.5147161483764648,
        "y": 0.38033199310302734,
        "z": -0.3580072522163391
    },
    "landmark_5": {
        "x": 0.5073866844177246,
        "y": 0.38009947538375854,
        "z": -0.35803601145744324
    },
    "landmark_6": {
        "x": 0.5003068447113037,
        "y": 0.3799884617328644,
        "z": -0.3581080436706543
    },
    "landmark_7": {
        "x": 0.5581479668617249,
        "y": 0.3901955783367157,
        "z": -0.10874004662036896
    },
    "landmark_8": {
        "x": 0.4918917417526245,
        "y": 0.3864387273788452,
        "z": -0.12914995849132538
    },
    "landmark_9": {
        "x": 0.5349565148353577,
        "y": 0.4043087363243103,
        "z": -0.3027009963989258
    },
    "landmark_10": {
        "x": 0.5083657503128052,
        "y": 0.40284863114356995,
        "z": -0.3089914917945862
    },
    "landmark_11": {
        "x": 0.5967351794242859,
        "y": 0.4528694748878479,
        "z": 0.033720310777425766
    },
    "landmark_12": {
        "x": 0.4333016574382782,
        "y": 0.4427008628845215,
        "z": -0.046852074563503265
    },
    "landmark_13": {
        "x": 0.6690904498100281,
        "y": 0.49358779191970825,
        "z": -0.22241154313087463
    },
    "landmark_14": {
        "x": 0.3617938458919525,
        "y": 0.49748316407203674,
        "z": -0.26299604773521423
    },
    "landmark_15": {
        "x": 0.6633069515228271,
        "y": 0.43023592233657837,
        "z": -0.6036396026611328
    },
    "landmark_16": {
        "x": 0.49352744221687317,
        "y": 0.5123835802078247,
        "z": -0.55668705701828
    },
    "landmark_17": {
        "x": 0.6614145636558533,
        "y": 0.4107480049133301,
        "z": -0.6908008456230164
    },
    "landmark_18": {
        "x": 0.5331422090530396,
        "y": 0.5212683081626892,
        "z": -0.6276023387908936
    },
    "landmark_19": {
        "x": 0.6573389768600464,
        "y": 0.4059627652168274,
        "z": -0.6744475364685059
    },
    "landmark_20": {
        "x": 0.5441332459449768,
        "y": 0.5149104595184326,
        "z": -0.6127562522888184
    },
    "landmark_21": {
        "x": 0.653554379940033,
        "y": 0.41286545991897583,
        "z": -0.6092051863670349
    },
    "landmark_22": {
        "x": 0.5340985059738159,
        "y": 0.512089729309082,
        "z": -0.5532705783843994
    },
    "landmark_23": {
        "x": 0.5442185997962952,
        "y": 0.6168952584266663,
        "z": 0.0005253799026831985
    },
    "landmark_24": {
        "x": 0.43662309646606445,
        "y": 0.60988849401474,
        "z": -0.000205578442546539
    },
    "landmark_25": {
        "x": 0.5357080698013306,
        "y": 0.7206059098243713,
        "z": -0.17447742819786072
    },
    "landmark_26": {
        "x": 0.3791414797306061,
        "y": 0.7179861068725586,
        "z": -0.23162175714969635
    },
    "landmark_27": {
        "x": 0.4762929379940033,
        "y": 0.8312080502510071,
        "z": -0.028742829337716103
    },
    "landmark_28": {
        "x": 0.3157675564289093,
        "y": 0.8361243009567261,
        "z": -0.13118498027324677
    },
    "landmark_29": {
        "x": 0.4538116455078125,
        "y": 0.8497155904769897,
        "z": -0.029536157846450806
    },
    "landmark_30": {
        "x": 0.3137059211730957,
        "y": 0.8708065152168274,
        "z": -0.13654401898384094
    },
    "landmark_31": {
        "x": 0.5087793469429016,
        "y": 0.8658274412155151,
        "z": -0.2707946002483368
    },
    "landmark_32": {
        "x": 0.2163075953722,
        "y": 0.8333636522293091,
        "z": -0.39868879318237305
    }
}