{
    "landmark_0": {
        "x": 0.5661913752555847,
        "y": 0.40644821524620056,
        "z": -0.4575260877609253
    },
    "landmark_1": {
        "x": 0.5768530964851379,
        "y": 0.3963969051837921,
        "z": -0.4130585193634033
    },
    "landmark_2": {
        "x": 0.5817021727561951,
        "y": 0.39683255553245544,
        "z": -0.4131161570549011
    },
    "landmark_3": {
        "x": 0.5874525904655457,
        "y": 0.3971176743507385,
        "z": -0.413152813911438
    },
    "landmark_4": {
        "x": 0.5566586852073669,
        "y": 0.39549651741981506,
        "z": -0.414734423160553
    },
    "landmark_5": {
        "x": 0.5485879778862,
        "y": 0.395317018032074,
        "z": -0.41472327709198
    },
    "landmark_6": {
        "x": 0.5401755571365356,
        "y": 0.3953876197338104,
        "z": -0.41474419832229614
    },
    "landmark_7": {
        "x": 0.5975082516670227,
        "y": 0.40325862169265747,
        "z": -0.1793525218963623
    },
    "landmark_8": {
        "x": 0.5284387469291687,
        "y": 0.4011252522468567,
        "z": -0.18576183915138245
    },
    "landmark_9": {
        "x": 0.5756293535232544,
        "y": 0.42049556970596313,
        "z": -0.3727877736091614
    },
    "landmark_10": {
        "x": 0.551141083240509,
        "y": 0.42038464546203613,
        "z": -0.374952107667923
    },
    "landmark_11": {
        "x": 0.6521761417388916,
        "y": 0.46594104170799255,
        "z": -0.09854898601770401
    },
    "landmark_12": {
        "x": 0.47946056723594666,
        "y": 0.4641510844230652,
        "z": -0.1386212557554245
    },
    "landmark_13": {
        "x": 0.7389025092124939,
        "y": 0.5130270719528198,
        "z": -0.38648635149002075
    },
    "landmark_14": {
        "x": 0.41632890701293945,
        "y": 0.4972774386405945,
        "z": -0.42775291204452515
    },
    "landmark_15": {
        "x": 0.6103399991989136,
        "y": 0.4851089417934418,
        "z": -0.6673316359519958
    },
    "landmark_16": {
        "x": 0.4904349744319916,
        "y": 0.418803870677948,
        "z": -0.667198896408081
    },
    "landmark_17": {
        "x": 0.5745901465415955,
        "y": 0.4809291362762451,
        "z": -0.7373239398002625
    },
    "landmark_18": {
        "x": 0.5066918730735779,
        "y": 0.3995357155799866,
        "z": -0.7417594790458679
    },
    "landmark_19": {
        "x": 0.5656053423881531,
        "y": 0.4770358204841614,
        "z": -0.6981217861175537
    },
    "landmark_20": {
        "x": 0.510265588760376,
        "y": 0.39771315455436707,
        "z": -0.7113398909568787
    },
    "landmark_21": {
        "x": 0.5762704610824585,
        "y": 0.4777758717536926,
        "z": -0.6567468047142029
    },
    "landmark_22": {
        "x": 0.5090219378471375,
        "y": 0.4047594666481018,
        "z": -0.6634746789932251
    },
    "landmark_23": {
        "x": 0.6219959855079651,
        "y": 0.642651379108429,
        "z": 0.01075996644794941
    },
    "landmark_24": {
        "x": 0.5034279823303223,
        "y": 0.6416351199150085,
        "z": -0.010778205469250679
    },
    "landmark_25": {
        "x": 0.67622309923172,
        "y": 0.7524865865707397,
        "z": -0.06355630606412888
    },
    "landmark_26": {
        "x": 0.4799254238605499,
        "y": 0.7378739714622498,
        "z": 0.02018323354423046
    },
    "landmark_27": {
        "x": 0.7136422991752625,
        "y": 0.8649385571479797,
        "z": 0.0851094052195549
    },
    "landmark_28": {
        "x": 0.5212689638137817,
        "y": 0.8358064889907837,
        "z": 0.4265936017036438
    },
    "landmark_29": {
        "x": 0.6912301182746887,
        "y": 0.8954745531082153,
        "z": 0.08690670877695084
    },
    "landmark_30": {
        "x": 0.5471451282501221,
        "y": 0.8508979678153992,
        "z": 0.4557111859321594
    },
    "landmark_31": {
        "x": 0.8099592328071594,
        "y": 0.8752237558364868,
        "z": -0.1407598853111267
    },
    "landmark_32": {
        "x": 0.48003530502319336,
        "y": 0.8683025240898132,
        "z": 0.27410048246383667
    }
}