{
    "landmark_0": {
        "x": 0.5473412275314331,
        "y": 0.3585158586502075,
        "z": -0.3469579815864563
    },
    "landmark_1": {
        "x": 0.5617736577987671,
        "y": 0.34772002696990967,
        "z": -0.30776533484458923
    },
    "landmark_2": {
        "x": 0.5678775310516357,
        "y": 0.34853824973106384,
        "z": -0.3077356517314911
    },
    "landmark_3": {
        "x": 0.5752349495887756,
        "y": 0.34945207834243774,
        "z": -0.30782824754714966
    },
    "landmark_4": {
        "x": 0.5375949740409851,
        "y": 0.34730255603790283,
        "z": -0.3077380061149597
    },
    "landmark_5": {
        "x": 0.5299246311187744,
        "y": 0.34780487418174744,
        "z": -0.30758965015411377
    },
    "landmark_6": {
        "x": 0.5230937600135803,
        "y": 0.34846413135528564,
        "z": -0.307594358921051
    },
    "landmark_7": {
        "x": 0.58843594789505,
        "y": 0.3560934364795685,
        "z": -0.07556097209453583
    },
    "landmark_8": {
        "x": 0.5157092213630676,
        "y": 0.3556440770626068,
        "z": -0.07837183773517609
    },
    "landmark_9": {
        "x": 0.5618218779563904,
        "y": 0.3730688691139221,
        "z": -0.2586551010608673
    },
    "landmark_10": {
        "x": 0.5328869223594666,
        "y": 0.37266772985458374,
        "z": -0.2604007124900818
    },
    "landmark_11": {
        "x": 0.6420424580574036,
        "y": 0.421598345041275,
        "z": 0.04800381511449814
    },
    "landmark_12": {
        "x": 0.46452027559280396,
        "y": 0.41381406784057617,
        "z": -0.031859129667282104
    },
    "landmark_13": {
        "x": 0.7243668437004089,
        "y": 0.47244152426719666,
        "z": -0.22221194207668304
    },
    "landmark_14": {
        "x": 0.39456304907798767,
        "y": 0.4539228081703186,
        "z": -0.3270838260650635
    },
    "landmark_15": {
        "x": 0.6813398003578186,
        "y": 0.3967805802822113,
        "z": -0.5430377721786499
    },
    "landmark_16": {
        "x": 0.5329070687294006,
        "y": 0.45622357726097107,
        "z": -0.6349307894706726
    },
    "landmark_17": {
        "x": 0.6701801419258118,
        "y": 0.37544867396354675,
        "z": -0.6130176782608032
    },
    "landmark_18": {
        "x": 0.5771738290786743,
        "y": 0.4624658226966858,
        "z": -0.7106048464775085
    },
    "landmark_19": {
        "x": 0.6657153367996216,
        "y": 0.3710501790046692,
        "z": -0.5795217752456665
    },
    "landmark_20": {
        "x": 0.5865010619163513,
        "y": 0.4603869318962097,
        "z": -0.6810771226882935
    },
    "landmark_21": {
        "x": 0.6638107895851135,
        "y": 0.3785042464733124,
        "z": -0.5383440852165222
    },
    "landmark_22": {
        "x": 0.5806958675384521,
        "y": 0.45780664682388306,
        "z": -0.629580020904541
    },
    "landmark_23": {
        "x": 0.5963551998138428,
        "y": 0.5881914496421814,
        "z": 0.007116400636732578
    },
    "landmark_24": {
        "x": 0.48202115297317505,
        "y": 0.5878357291221619,
        "z": -0.007034759968519211
    },
    "landmark_25": {
        "x": 0.614798903465271,
        "y": 0.7095686793327332,
        "z": -0.025720037519931793
    },
    "landmark_26": {
        "x": 0.47182753682136536,
        "y": 0.7142218947410583,
        "z": 0.00449380511417985
    },
    "landmark_27": {
        "x": 0.6077052354812622,
        "y": 0.8238881826400757,
        "z": 0.3281298577785492
    },
    "landmark_28": {
        "x": 0.49954497814178467,
        "y": 0.8188363313674927,
        "z": 0.36082616448402405
    },
    "landmark_29": {
        "x": 0.5909931063652039,
        "y": 0.8369404077529907,
        "z": 0.3485329747200012
    },
    "landmark_30": {
        "x": 0.5201283097267151,
        "y": 0.8293293118476868,
        "z": 0.3836292624473572
    },
    "landmark_31": {
        "x": 0.6339021921157837,
        "y": 0.8674780130386353,
        "z": 0.09812089800834656
    },
    "landmark_32": {
        "x": 0.4675312936306,
        "y": 0.8641077280044556,
        "z": 0.15109586715698242
    }
}