{
    "landmark_0": {
        "x": 0.5076168775558472,
        "y": 0.3900797665119171,
        "z": -0.3939304053783417
    },
    "landmark_1": {
        "x": 0.5206271409988403,
        "y": 0.3804045021533966,
        "z": -0.35796648263931274
    },
    "landmark_2": {
        "x": 0.528915524482727,
        "y": 0.3804774582386017,
        "z": -0.35812219977378845
    },
    "landmark_3": {
        "x": 0.5355827808380127,
        "y": 0.3809126913547516,
        "z": -0.3582325279712677
    },
    "landmark_4": {
        "x": 0.4985477328300476,
        "y": 0.38083577156066895,
        "z": -0.3456662893295288
    },
    "landmark_5": {
        "x": 0.4909341633319855,
        "y": 0.3810427486896515,
        "z": -0.34563761949539185
    },
    "landmark_6": {
        "x": 0.48468437790870667,
        "y": 0.3814147114753723,
        "z": -0.3455882966518402
    },
    "landmark_7": {
        "x": 0.550437867641449,
        "y": 0.3875406086444855,
        "z": -0.1669873595237732
    },
    "landmark_8": {
        "x": 0.483368456363678,
        "y": 0.3876897394657135,
        "z": -0.1087455078959465
    },
    "landmark_9": {
        "x": 0.5246590971946716,
        "y": 0.40211382508277893,
        "z": -0.32491230964660645
    },
    "landmark_10": {
        "x": 0.49475911259651184,
        "y": 0.4023670256137848,
        "z": -0.308501273393631
    },
    "landmark_11": {
        "x": 0.6140386462211609,
        "y": 0.4397176206111908,
        "z": -0.17784065008163452
    },
    "landmark_12": {
        "x": 0.44924843311309814,
        "y": 0.45166438817977905,
        "z": -0.007933160290122032
    },
    "landmark_13": {
        "x": 0.6866748929023743,
        "y": 0.48537683486938477,
        "z": -0.4845939576625824
    },
    "landmark_14": {
        "x": 0.3667546510696411,
        "y": 0.4574461579322815,
        "z": -0.3261887729167938
    },
    "landmark_15": {
        "x": 0.5478863716125488,
        "y": 0.496272474527359,
        "z": -0.7393268346786499
    },
    "landmark_16": {
        "x": 0.37647658586502075,
        "y": 0.37819772958755493,
        "z": -0.7022544741630554
    },
    "landmark_17": {
        "x": 0.5029475688934326,
        "y": 0.5079659223556519,
        "z": -0.8253459334373474
    },
    "landmark_18": {
        "x": 0.37470543384552,
        "y": 0.35724979639053345,
        "z": -0.7897284030914307
    },
    "landmark_19": {
        "x": 0.49104854464530945,
        "y": 0.5022896528244019,
        "z": -0.7988468408584595
    },
    "landmark_20": {
        "x": 0.38105881214141846,
        "y": 0.35422414541244507,
        "z": -0.7710984349250793
    },
    "landmark_21": {
        "x": 0.49961885809898376,
        "y": 0.49918192625045776,
        "z": -0.7318581342697144
    },
    "landmark_22": {
        "x": 0.38683217763900757,
        "y": 0.36275652050971985,
        "z": -0.7104775309562683
    },
    "landmark_23": {
        "x": 0.6044062376022339,
        "y": 0.6132969856262207,
        "z": -0.04621519520878792
    },
    "landmark_24": {
        "x": 0.49528855085372925,
        "y": 0.6179667711257935,
        "z": 0.04619156941771507
    },
    "landmark_25": {
        "x": 0.6502782702445984,
        "y": 0.7309321165084839,
        "z": -0.10440971702337265
    },
    "landmark_26": {
        "x": 0.4898562431335449,
        "y": 0.7302966713905334,
        "z": 0.08002237230539322
    },
    "landmark_27": {
        "x": 0.6796011328697205,
        "y": 0.8496042490005493,
        "z": 0.04691236838698387
    },
    "landmark_28": {
        "x": 0.5379432439804077,
        "y": 0.8316885828971863,
        "z": 0.35365766286849976
    },
    "landmark_29": {
        "x": 0.6676636338233948,
        "y": 0.8795861005783081,
        "z": 0.04644087329506874
    },
    "landmark_30": {
        "x": 0.5669333934783936,
        "y": 0.8453148007392883,
        "z": 0.3663402497768402
    },
    "landmark_31": {
        "x": 0.7705214023590088,
        "y": 0.854783833026886,
        "z": -0.17974641919136047
    },
    "landmark_32": {
        "x": 0.4922359585762024,
        "y": 0.8647116422653198,
        "z": 0.17867182195186615
    }
}