{
    "landmark_0": {
        "x": 0.5202776193618774,
        "y": 0.3891962468624115,
        "z": -0.48575520515441895
    },
    "landmark_1": {
        "x": 0.5340877175331116,
        "y": 0.3764899969100952,
        "z": -0.45662039518356323
    },
    "landmark_2": {
        "x": 0.5424498915672302,
        "y": 0.3762863576412201,
        "z": -0.45664167404174805
    },
    "landmark_3": {
        "x": 0.5475820899009705,
        "y": 0.3763958811759949,
        "z": -0.4565652310848236
    },
    "landmark_4": {
        "x": 0.5091795325279236,
        "y": 0.3772764205932617,
        "z": -0.44739124178886414
    },
    "landmark_5": {
        "x": 0.5016546845436096,
        "y": 0.3776698112487793,
        "z": -0.4474138617515564
    },
    "landmark_6": {
        "x": 0.4938095211982727,
        "y": 0.3785136044025421,
        "z": -0.4473423361778259
    },
    "landmark_7": {
        "x": 0.5612660646438599,
        "y": 0.3813849091529846,
        "z": -0.2598177194595337
    },
    "landmark_8": {
        "x": 0.48907995223999023,
        "y": 0.383909672498703,
        "z": -0.2221112996339798
    },
    "landmark_9": {
        "x": 0.5382415056228638,
        "y": 0.4016912877559662,
        "z": -0.411751389503479
    },
    "landmark_10": {
        "x": 0.5093563795089722,
        "y": 0.40297478437423706,
        "z": -0.40098392963409424
    },
    "landmark_11": {
        "x": 0.6317331194877625,
        "y": 0.45368918776512146,
        "z": -0.1489330381155014
    },
    "landmark_12": {
        "x": 0.43780434131622314,
        "y": 0.45362386107444763,
        "z": -0.056379497051239014
    },
    "landmark_13": {
        "x": 0.6888297200202942,
        "y": 0.5259461998939514,
        "z": -0.06576311588287354
    },
    "landmark_14": {
        "x": 0.36674046516418457,
        "y": 0.5231624245643616,
        "z": -0.23477774858474731
    },
    "landmark_15": {
        "x": 0.6671273708343506,
        "y": 0.5931710004806519,
        "z": -0.19115853309631348
    },
    "landmark_16": {
        "x": 0.36278074979782104,
        "y": 0.4869495928287506,
        "z": -0.7398688197135925
    },
    "landmark_17": {
        "x": 0.6609379649162292,
        "y": 0.6203659176826477,
        "z": -0.2275053858757019
    },
    "landmark_18": {
        "x": 0.3601326048374176,
        "y": 0.47389450669288635,
        "z": -0.8315905928611755
    },
    "landmark_19": {
        "x": 0.6454046368598938,
        "y": 0.6155454516410828,
        "z": -0.27623510360717773
    },
    "landmark_20": {
        "x": 0.3693093955516815,
        "y": 0.46762484312057495,
        "z": -0.8406968116760254
    },
    "landmark_21": {
        "x": 0.6409317255020142,
        "y": 0.6067323684692383,
        "z": -0.20632928609848022
    },
    "landmark_22": {
        "x": 0.37465253472328186,
        "y": 0.47149553894996643,
        "z": -0.7551383972167969
    },
    "landmark_23": {
        "x": 0.5834847688674927,
        "y": 0.6214926838874817,
        "z": -0.01704462431371212
    },
    "landmark_24": {
        "x": 0.4707220196723938,
        "y": 0.61798095703125,
        "z": 0.01662827469408512
    },
    "landmark_25": {
        "x": 0.5708893537521362,
        "y": 0.7385038733482361,
        "z": -0.015031426213681698
    },
    "landmark_26": {
        "x": 0.45896226167678833,
        "y": 0.7317990064620972,
        "z": 0.06350773572921753
    },
    "landmark_27": {
        "x": 0.5491766929626465,
        "y": 0.8341582417488098,
        "z": 0.4543042480945587
    },
    "landmark_28": {
        "x": 0.4474447965621948,
        "y": 0.8319036364555359,
        "z": 0.48166003823280334
    },
    "landmark_29": {
        "x": 0.538741409778595,
        "y": 0.8443804979324341,
        "z": 0.48649343848228455
    },
    "landmark_30": {
        "x": 0.45275765657424927,
        "y": 0.8424475789070129,
        "z": 0.5128241181373596
    },
    "landmark_31": {
        "x": 0.5542934536933899,
        "y": 0.8757638931274414,
        "z": 0.25552961230278015
    },
    "landmark_32": {
        "x": 0.4357675313949585,
        "y": 0.865300178527832,
        "z": 0.28831255435943604
    }
}