{
    "landmark_0": {
        "x": 0.53741455078125,
        "y": 0.36188802123069763,
        "z": -0.4786736071109772
    },
    "landmark_1": {
        "x": 0.5516736507415771,
        "y": 0.35035842657089233,
        "z": -0.4403441250324249
    },
    "landmark_2": {
        "x": 0.5594337582588196,
        "y": 0.35045963525772095,
        "z": -0.4404473602771759
    },
    "landmark_3": {
        "x": 0.567513108253479,
        "y": 0.35077103972435,
        "z": -0.4405311048030853
    },
    "landmark_4": {
        "x": 0.5266788601875305,
        "y": 0.3515453338623047,
        "z": -0.42842763662338257
    },
    "landmark_5": {
        "x": 0.5186151266098022,
        "y": 0.35233739018440247,
        "z": -0.4283958971500397
    },
    "landmark_6": {
        "x": 0.510917603969574,
        "y": 0.35310548543930054,
        "z": -0.42834579944610596
    },
    "landmark_7": {
        "x": 0.5828918218612671,
        "y": 0.35788246989250183,
        "z": -0.23833082616329193
    },
    "landmark_8": {
        "x": 0.5078122019767761,
        "y": 0.36031967401504517,
        "z": -0.1805131435394287
    },
    "landmark_9": {
        "x": 0.5550163984298706,
        "y": 0.374268501996994,
        "z": -0.4057329297065735
    },
    "landmark_10": {
        "x": 0.5250445604324341,
        "y": 0.37528786063194275,
        "z": -0.3892359137535095
    },
    "landmark_11": {
        "x": 0.6511064767837524,
        "y": 0.418191134929657,
        "z": -0.2220320850610733
    },
    "landmark_12": {
        "x": 0.4687275290489197,
        "y": 0.4260886311531067,
        "z": -0.07441876083612442
    },
    "landmark_13": {
        "x": 0.7268863916397095,
        "y": 0.4661787152290344,
        "z": -0.5297000408172607
    },
    "landmark_14": {
        "x": 0.37125641107559204,
        "y": 0.4440000057220459,
        "z": -0.39810508489608765
    },
    "landmark_15": {
        "x": 0.5797300934791565,
        "y": 0.4786086082458496,
        "z": -0.8051649332046509
    },
    "landmark_16": {
        "x": 0.38079535961151123,
        "y": 0.3628906309604645,
        "z": -0.8316217064857483
    },
    "landmark_17": {
        "x": 0.5363873839378357,
        "y": 0.49133729934692383,
        "z": -0.8900439739227295
    },
    "landmark_18": {
        "x": 0.37368854880332947,
        "y": 0.34034138917922974,
        "z": -0.9308284521102905
    },
    "landmark_19": {
        "x": 0.5216084122657776,
        "y": 0.485806405544281,
        "z": -0.8580355048179626
    },
    "landmark_20": {
        "x": 0.38128769397735596,
        "y": 0.33662283420562744,
        "z": -0.9097926616668701
    },
    "landmark_21": {
        "x": 0.5299234986305237,
        "y": 0.4823358654975891,
        "z": -0.795818567276001
    },
    "landmark_22": {
        "x": 0.3890649676322937,
        "y": 0.34517186880111694,
        "z": -0.839113175868988
    },
    "landmark_23": {
        "x": 0.6232894062995911,
        "y": 0.5952960252761841,
        "z": -0.02187511883676052
    },
    "landmark_24": {
        "x": 0.5056120753288269,
        "y": 0.5952226519584656,
        "z": 0.02177024446427822
    },
    "landmark_25": {
        "x": 0.6434165835380554,
        "y": 0.7122998833656311,
        "z": -0.07421139627695084
    },
    "landmark_26": {
        "x": 0.487998366355896,
        "y": 0.7123128175735474,
        "z": -0.06412679702043533
    },
    "landmark_27": {
        "x": 0.6343825459480286,
        "y": 0.8315059542655945,
        "z": 0.26040276885032654
    },
    "landmark_28": {
        "x": 0.5222887992858887,
        "y": 0.8245612978935242,
        "z": 0.2809930145740509
    },
    "landmark_29": {
        "x": 0.6171308755874634,
        "y": 0.8483567237854004,
        "z": 0.27876517176628113
    },
    "landmark_30": {
        "x": 0.5477112531661987,
        "y": 0.8372012376785278,
        "z": 0.30085089802742004
    },
    "landmark_31": {
        "x": 0.6812537908554077,
        "y": 0.8658887147903442,
        "z": 0.029780834913253784
    },
    "landmark_32": {
        "x": 0.494419127702713,
        "y": 0.8662864565849304,
        "z": 0.0646304115653038
    }
}