{
    "landmark_0": {
        "x": 0.6498111486434937,
        "y": 0.4061437249183655,
        "z": -0.3999325931072235
    },
    "landmark_1": {
        "x": 0.6629905104637146,
        "y": 0.39582669734954834,
        "z": -0.3559705913066864
    },
    "landmark_2": {
        "x": 0.6700805425643921,
        "y": 0.39650824666023254,
        "z": -0.3559913635253906
    },
    "landmark_3": {
        "x": 0.6754109263420105,
        "y": 0.39707520604133606,
        "z": -0.35599052906036377
    },
    "landmark_4": {
        "x": 0.6393759250640869,
        "y": 0.3944539427757263,
        "z": -0.3615780174732208
    },
    "landmark_5": {
        "x": 0.6318385601043701,
        "y": 0.3943214416503906,
        "z": -0.36161038279533386
    },
    "landmark_6": {
        "x": 0.6243856549263,
        "y": 0.3948317766189575,
        "z": -0.36168938875198364
    },
    "landmark_7": {
        "x": 0.6855630874633789,
        "y": 0.4038817286491394,
        "z": -0.10461892932653427
    },
    "landmark_8": {
        "x": 0.6141139268875122,
        "y": 0.40134352445602417,
        "z": -0.13287939131259918
    },
    "landmark_9": {
        "x": 0.6621448397636414,
        "y": 0.4204619526863098,
        "z": -0.3057725429534912
    },
    "landmark_10": {
        "x": 0.6350940465927124,
        "y": 0.41936102509498596,
        "z": -0.3142143487930298
    },
    "landmark_11": {
        "x": 0.7211751341819763,
        "y": 0.4771413207054138,
        "z": 0.052012987434864044
    },
    "landmark_12": {
        "x": 0.5519055128097534,
        "y": 0.46274852752685547,
        "z": -0.07376372069120407
    },
    "landmark_13": {
        "x": 0.7678762674331665,
        "y": 0.531667947769165,
        "z": -0.2031504362821579
    },
    "landmark_14": {
        "x": 0.48658910393714905,
        "y": 0.5242376327514648,
        "z": -0.29823896288871765
    },
    "landmark_15": {
        "x": 0.790950357913971,
        "y": 0.4584271311759949,
        "z": -0.6029256582260132
    },
    "landmark_16": {
        "x": 0.6299378275871277,
        "y": 0.5407167077064514,
        "z": -0.5688643455505371
    },
    "landmark_17": {
        "x": 0.7947115302085876,
        "y": 0.4387122690677643,
        "z": -0.6869652271270752
    },
    "landmark_18": {
        "x": 0.6655519604682922,
        "y": 0.5492826104164124,
        "z": -0.6408892869949341
    },
    "landmark_19": {
        "x": 0.7916892766952515,
        "y": 0.4333449900150299,
        "z": -0.6787598729133606
    },
    "landmark_20": {
        "x": 0.6782782673835754,
        "y": 0.5425664782524109,
        "z": -0.6184106469154358
    },
    "landmark_21": {
        "x": 0.786754846572876,
        "y": 0.4396549165248871,
        "z": -0.6125315427780151
    },
    "landmark_22": {
        "x": 0.6654418110847473,
        "y": 0.539024293422699,
        "z": -0.5618470907211304
    },
    "landmark_23": {
        "x": 0.6556850075721741,
        "y": 0.6431887745857239,
        "z": 0.025726009160280228
    },
    "landmark_24": {
        "x": 0.5430383682250977,
        "y": 0.6349800229072571,
        "z": -0.02535279653966427
    },
    "landmark_25": {
        "x": 0.6797118782997131,
        "y": 0.7416043281555176,
        "z": -0.15343411266803741
    },
    "landmark_26": {
        "x": 0.4645647704601288,
        "y": 0.7418941259384155,
        "z": -0.3404456675052643
    },
    "landmark_27": {
        "x": 0.6318449378013611,
        "y": 0.8465429544448853,
        "z": 0.05638673156499863
    },
    "landmark_28": {
        "x": 0.3842269778251648,
        "y": 0.8645305633544922,
        "z": -0.2243424504995346
    },
    "landmark_29": {
        "x": 0.597618818283081,
        "y": 0.8638866543769836,
        "z": 0.06141297146677971
    },
    "landmark_30": {
        "x": 0.37957963347435,
        "y": 0.896847128868103,
        "z": -0.22841371595859528
    },
    "landmark_31": {
        "x": 0.6889122128486633,
        "y": 0.8863910436630249,
        "z": -0.17575247585773468
    },
    "landmark_32": {
        "x": 0.2911588251590729,
        "y": 0.8576074838638306,
        "z": -0.5011188387870789
    }
}