{
    "landmark_0": {
        "x": 0.5254673361778259,
        "y": 0.3850311040878296,
        "z": -0.35882630944252014
    },
    "landmark_1": {
        "x": 0.5382342338562012,
        "y": 0.3748492896556854,
        "z": -0.3166101574897766
    },
    "landmark_2": {
        "x": 0.5451083779335022,
        "y": 0.3748607635498047,
        "z": -0.3166826665401459
    },
    "landmark_3": {
        "x": 0.5501994490623474,
        "y": 0.3753541111946106,
        "z": -0.31674811244010925
    },
    "landmark_4": {
        "x": 0.5169978737831116,
        "y": 0.3758600950241089,
        "z": -0.31350618600845337
    },
    "landmark_5": {
        "x": 0.5098426342010498,
        "y": 0.3764277398586273,
        "z": -0.31344565749168396
    },
    "landmark_6": {
        "x": 0.5028610229492188,
        "y": 0.37740910053253174,
        "z": -0.3134547770023346
    },
    "landmark_7": {
        "x": 0.5608017444610596,
        "y": 0.3825092613697052,
        "z": -0.09822278469800949
    },
    "landmark_8": {
        "x": 0.4945518970489502,
        "y": 0.3841560184955597,
        "z": -0.08271320164203644
    },
    "landmark_9": {
        "x": 0.5392879247665405,
        "y": 0.39839673042297363,
        "z": -0.2799760401248932
    },
    "landmark_10": {
        "x": 0.5151166915893555,
        "y": 0.3988758325576782,
        "z": -0.2761547565460205
    },
    "landmark_11": {
        "x": 0.6171639561653137,
        "y": 0.4476431906223297,
        "z": -0.032382670789957047
    },
    "landmark_12": {
        "x": 0.4524180591106415,
        "y": 0.4502168297767639,
        "z": -0.03390434384346008
    },
    "landmark_13": {
        "x": 0.7006621360778809,
        "y": 0.49130779504776,
        "z": -0.312198281288147
    },
    "landmark_14": {
        "x": 0.38816431164741516,
        "y": 0.494154691696167,
        "z": -0.33757561445236206
    },
    "landmark_15": {
        "x": 0.5665359497070312,
        "y": 0.4596700072288513,
        "z": -0.5590060353279114
    },
    "landmark_16": {
        "x": 0.45784008502960205,
        "y": 0.41900286078453064,
        "z": -0.6192306876182556
    },
    "landmark_17": {
        "x": 0.5326332449913025,
        "y": 0.4495113790035248,
        "z": -0.622774064540863
    },
    "landmark_18": {
        "x": 0.47525542974472046,
        "y": 0.39982643723487854,
        "z": -0.6940593719482422
    },
    "landmark_19": {
        "x": 0.5284886956214905,
        "y": 0.4453602433204651,
        "z": -0.5814337730407715
    },
    "landmark_20": {
        "x": 0.4792262315750122,
        "y": 0.3976304829120636,
        "z": -0.6571670770645142
    },
    "landmark_21": {
        "x": 0.5340836048126221,
        "y": 0.4478093683719635,
        "z": -0.5464584231376648
    },
    "landmark_22": {
        "x": 0.4781232476234436,
        "y": 0.40490278601646423,
        "z": -0.6137441992759705
    },
    "landmark_23": {
        "x": 0.5955091714859009,
        "y": 0.6182600855827332,
        "z": -0.0002914333890657872
    },
    "landmark_24": {
        "x": 0.48654067516326904,
        "y": 0.6211162805557251,
        "z": 0.00035522866528481245
    },
    "landmark_25": {
        "x": 0.6492071151733398,
        "y": 0.7349587082862854,
        "z": -0.0726790726184845
    },
    "landmark_26": {
        "x": 0.4811767041683197,
        "y": 0.7372204661369324,
        "z": 0.11907923966646194
    },
    "landmark_27": {
        "x": 0.6679558753967285,
        "y": 0.8600248098373413,
        "z": 0.0575040802359581
    },
    "landmark_28": {
        "x": 0.5220440030097961,
        "y": 0.8326331377029419,
        "z": 0.5054033994674683
    },
    "landmark_29": {
        "x": 0.650721549987793,
        "y": 0.882044792175293,
        "z": 0.05610502138733864
    },
    "landmark_30": {
        "x": 0.5480096936225891,
        "y": 0.8470619320869446,
        "z": 0.5320156216621399
    },
    "landmark_31": {
        "x": 0.7577482461929321,
        "y": 0.8812212944030762,
        "z": -0.1863621175289154
    },
    "landmark_32": {
        "x": 0.4895908832550049,
        "y": 0.8675209283828735,
        "z": 0.3429605960845947
    }
}