{
    "landmark_0": {
        "x": 0.5446319580078125,
        "y": 0.4190979599952698,
        "z": -0.42979949712753296
    },
    "landmark_1": {
        "x": 0.5558631420135498,
        "y": 0.4078337252140045,
        "z": -0.3964001536369324
    },
    "landmark_2": {
        "x": 0.561826765537262,
        "y": 0.40787720680236816,
        "z": -0.39654940366744995
    },
    "landmark_3": {
        "x": 0.5683168768882751,
        "y": 0.4081560969352722,
        "z": -0.39661911129951477
    },
    "landmark_4": {
        "x": 0.5326944589614868,
        "y": 0.4083850383758545,
        "z": -0.39023593068122864
    },
    "landmark_5": {
        "x": 0.5244895219802856,
        "y": 0.4087804853916168,
        "z": -0.3902280926704407
    },
    "landmark_6": {
        "x": 0.5162144303321838,
        "y": 0.40952450037002563,
        "z": -0.39021188020706177
    },
    "landmark_7": {
        "x": 0.5791478753089905,
        "y": 0.4142471253871918,
        "z": -0.19089767336845398
    },
    "landmark_8": {
        "x": 0.5061471462249756,
        "y": 0.41525739431381226,
        "z": -0.1617899239063263
    },
    "landmark_9": {
        "x": 0.5574918985366821,
        "y": 0.4307379126548767,
        "z": -0.35222822427749634
    },
    "landmark_10": {
        "x": 0.531902551651001,
        "y": 0.4310515522956848,
        "z": -0.34430691599845886
    },
    "landmark_11": {
        "x": 0.6321826577186584,
        "y": 0.4700658917427063,
        "z": -0.14767563343048096
    },
    "landmark_12": {
        "x": 0.4721464514732361,
        "y": 0.4754874110221863,
        "z": -0.05446045845746994
    },
    "landmark_13": {
        "x": 0.7002464532852173,
        "y": 0.5273066759109497,
        "z": -0.37204307317733765
    },
    "landmark_14": {
        "x": 0.4317493438720703,
        "y": 0.5142937302589417,
        "z": -0.3380517065525055
    },
    "landmark_15": {
        "x": 0.5661348700523376,
        "y": 0.5311307311058044,
        "z": -0.5939574241638184
    },
    "landmark_16": {
        "x": 0.4580287039279938,
        "y": 0.4358299672603607,
        "z": -0.6989145278930664
    },
    "landmark_17": {
        "x": 0.5213567614555359,
        "y": 0.5386253595352173,
        "z": -0.6609134078025818
    },
    "landmark_18": {
        "x": 0.4544174075126648,
        "y": 0.41526156663894653,
        "z": -0.7820199131965637
    },
    "landmark_19": {
        "x": 0.5124539732933044,
        "y": 0.5328718423843384,
        "z": -0.6399849653244019
    },
    "landmark_20": {
        "x": 0.4593138098716736,
        "y": 0.4123004972934723,
        "z": -0.7680554986000061
    },
    "landmark_21": {
        "x": 0.5201831459999084,
        "y": 0.530312716960907,
        "z": -0.5856378674507141
    },
    "landmark_22": {
        "x": 0.46547195315361023,
        "y": 0.4195360541343689,
        "z": -0.7047428488731384
    },
    "landmark_23": {
        "x": 0.607616662979126,
        "y": 0.642328679561615,
        "z": -0.02838275209069252
    },
    "landmark_24": {
        "x": 0.4968220889568329,
        "y": 0.641527533531189,
        "z": 0.028371158987283707
    },
    "landmark_25": {
        "x": 0.6583337783813477,
        "y": 0.7544651031494141,
        "z": -0.10728631913661957
    },
    "landmark_26": {
        "x": 0.4758736193180084,
        "y": 0.7454341650009155,
        "z": 0.05463078245520592
    },
    "landmark_27": {
        "x": 0.7144602537155151,
        "y": 0.8705313801765442,
        "z": 0.029531054198741913
    },
    "landmark_28": {
        "x": 0.5201504230499268,
        "y": 0.8426734209060669,
        "z": 0.41415703296661377
    },
    "landmark_29": {
        "x": 0.6899781227111816,
        "y": 0.8866404294967651,
        "z": 0.02942519262433052
    },
    "landmark_30": {
        "x": 0.5428053140640259,
        "y": 0.8598955869674683,
        "z": 0.4376126527786255
    },
    "landmark_31": {
        "x": 0.8042691349983215,
        "y": 0.8796175122261047,
        "z": -0.19590188562870026
    },
    "landmark_32": {
        "x": 0.46856045722961426,
        "y": 0.8686664700508118,
        "z": 0.26198500394821167
    }
}