{
    "landmark_0": {
        "x": 0.5632574558258057,
        "y": 0.35612374544143677,
        "z": -0.3124147355556488
    },
    "landmark_1": {
        "x": 0.5764935612678528,
        "y": 0.34645217657089233,
        "z": -0.2738080620765686
    },
    "landmark_2": {
        "x": 0.5844070911407471,
        "y": 0.3473644256591797,
        "z": -0.27379369735717773
    },
    "landmark_3": {
        "x": 0.5897791981697083,
        "y": 0.348377525806427,
        "z": -0.27390462160110474
    },
    "landmark_4": {
        "x": 0.555321991443634,
        "y": 0.34549546241760254,
        "z": -0.27342963218688965
    },
    "landmark_5": {
        "x": 0.5475078821182251,
        "y": 0.345589816570282,
        "z": -0.2733345329761505
    },
    "landmark_6": {
        "x": 0.5405275225639343,
        "y": 0.3456519544124603,
        "z": -0.27333131432533264
    },
    "landmark_7": {
        "x": 0.5998054146766663,
        "y": 0.3551376760005951,
        "z": -0.05504436418414116
    },
    "landmark_8": {
        "x": 0.5326012372970581,
        "y": 0.35306093096733093,
        "z": -0.055256299674510956
    },
    "landmark_9": {
        "x": 0.5774238705635071,
        "y": 0.3703637421131134,
        "z": -0.23003792762756348
    },
    "landmark_10": {
        "x": 0.5498949289321899,
        "y": 0.3695327639579773,
        "z": -0.23111946880817413
    },
    "landmark_11": {
        "x": 0.6504265069961548,
        "y": 0.4214215874671936,
        "z": 0.042962007224559784
    },
    "landmark_12": {
        "x": 0.47495710849761963,
        "y": 0.4084745943546295,
        "z": -0.013407151214778423
    },
    "landmark_13": {
        "x": 0.735843300819397,
        "y": 0.4666626453399658,
        "z": -0.23295576870441437
    },
    "landmark_14": {
        "x": 0.38863661885261536,
        "y": 0.4410358965396881,
        "z": -0.3280736804008484
    },
    "landmark_15": {
        "x": 0.7055230736732483,
        "y": 0.3942626118659973,
        "z": -0.5350525379180908
    },
    "landmark_16": {
        "x": 0.5196803212165833,
        "y": 0.43579453229904175,
        "z": -0.6423255801200867
    },
    "landmark_17": {
        "x": 0.6966849565505981,
        "y": 0.3727043867111206,
        "z": -0.6019967198371887
    },
    "landmark_18": {
        "x": 0.5617435574531555,
        "y": 0.44282740354537964,
        "z": -0.7175213098526001
    },
    "landmark_19": {
        "x": 0.6922832727432251,
        "y": 0.3675389587879181,
        "z": -0.5715213418006897
    },
    "landmark_20": {
        "x": 0.5755908489227295,
        "y": 0.44241467118263245,
        "z": -0.6794849038124084
    },
    "landmark_21": {
        "x": 0.6884565353393555,
        "y": 0.3753509521484375,
        "z": -0.5308618545532227
    },
    "landmark_22": {
        "x": 0.569368302822113,
        "y": 0.4397769570350647,
        "z": -0.6348685622215271
    },
    "landmark_23": {
        "x": 0.5987306237220764,
        "y": 0.5867177844047546,
        "z": -0.0014973917277529836
    },
    "landmark_24": {
        "x": 0.4847998321056366,
        "y": 0.5872592926025391,
        "z": 0.0015362302074208856
    },
    "landmark_25": {
        "x": 0.6297985911369324,
        "y": 0.7155553698539734,
        "z": -0.07095153629779816
    },
    "landmark_26": {
        "x": 0.4802551567554474,
        "y": 0.7139007449150085,
        "z": 0.04044792428612709
    },
    "landmark_27": {
        "x": 0.6190503835678101,
        "y": 0.83067387342453,
        "z": 0.21299637854099274
    },
    "landmark_28": {
        "x": 0.5066698789596558,
        "y": 0.8268526792526245,
        "z": 0.3467821478843689
    },
    "landmark_29": {
        "x": 0.605251133441925,
        "y": 0.8438565135002136,
        "z": 0.22661423683166504
    },
    "landmark_30": {
        "x": 0.5305168628692627,
        "y": 0.8411874771118164,
        "z": 0.36429518461227417
    },
    "landmark_31": {
        "x": 0.6497657299041748,
        "y": 0.8706124424934387,
        "z": -0.019792187958955765
    },
    "landmark_32": {
        "x": 0.4633485674858093,
        "y": 0.867740273475647,
        "z": 0.14437253773212433
    }
}